10 0
11 0
12 0
13 0
14 0
15 0
16 0
17 0
18 0
19 0
20 0
21 0
22 0
23 0
24 0
25 0
26 0
27 0
28 0
29 0
30 0
31 0
32 0
33 0
34 0
35 0
36 0
37 0
38 0
39 0
40 0
41 0
42 0
43 0
44 0
45 0
46 0
47 0
48 0
49 0
50 0
51 0
52 0
53 0
54 0
55 0
56 0
57 0
58 0
59 0
60 0
61 0
62 0
63 0
64 0
65 0
66 0
67 0
68 0
69 0
70 0
71 0
72 0
73 0
74 0
75 0
76 0
77 0
78 0
79 0
80 0
81 0
82 0
83 0
84 0
85 0
86 0
87 0
88 0
89 0
90 0
91 0
92 0
93 0
94 0
95 0
96 0
97 0
98 0
99 0
100 0
101 0
102 0
103 0
104 0
105 0
106 0
107 0
108 0
109 0
110 0
111 0
112 0
113 0
114 0
115 0
116 0
117 0
118 0
119 0
120 0
121 0
122 0
123 0
124 0
125 0
126 0
127 0
128 0
129 0
130 0
131 0
132 0
133 0
134 0
135 0
136 0
137 0
138 0
139 0
140 0
141 0
142 0
143 0
144 0
145 0
146 0
147 0
148 0
149 0
150 0
151 0
152 0
153 0
154 0
155 0
156 0
157 0
158 0
159 0
160 0
161 0
162 0
163 0
164 0
165 0
166 0
167 0
168 0
169 0
170 0
171 0
172 0
173 0
174 0
175 0
176 0
177 0
178 0
179 0
180 0
181 0
182 0
183 0
184 0
185 0
186 0
187 0
188 0
189 0
190 0
191 0
192 0
193 0
194 0
195 0
196 0
197 0
198 0
199 0
200 0
201 0
202 0
203 0
204 0
205 0
206 0
207 0
208 0
209 0
210 0
211 0
212 0
213 0
214 0
215 0
216 0
217 0
218 0
219 0
220 0
221 0
222 0
223 0
224 0
225 0
226 0
227 0
228 0
229 0
230 0
231 0
232 0
233 0
234 0
235 0
236 0
237 0
238 0
239 0
240 0
241 0
242 0
243 0
244 0
245 0
246 0
247 0
248 0
249 0
250 0
251 0
252 0
253 0
254 0
255 0
256 0
257 0
258 0
259 0
260 0
261 0
262 0
263 0
264 0
265 0
266 0
267 0
268 0
269 0
270 0
271 0
272 0
273 0
274 0
275 0
276 0
277 0
278 0
279 0
280 0
281 0
282 0
283 0
284 0
285 0
286 0
287 0
288 0
289 0
290 0
291 0
292 0
293 0
294 0
295 0
296 0
297 0
298 0
299 0
300 0
301 0
302 0
303 0
304 0
305 0
306 0
307 0
308 0
309 0
310 0
311 0
312 0
313 0
314 0
315 0
316 0
317 0
318 0
319 0
320 0
321 0
322 0
323 0
324 0
325 0
326 0
327 0
328 0
329 0
330 0
331 0
332 0
333 0
334 0
335 0
336 0
337 0
338 0
339 0
340 0
341 0
342 0
343 0
344 0
345 0
346 0
347 0
348 0
349 0
350 0
351 0
352 0
353 0
354 0
355 0
356 0
357 0
358 0
359 0
360 0
361 0
362 0
363 0
364 0
365 0
366 0
367 0
368 0
369 0
370 0
371 0
372 0
373 0
374 0
375 0
376 0
377 0
378 0
379 0
380 0
381 0
382 0
383 0
384 0
385 0
386 0
387 0
388 0
389 0
390 0
391 0
392 0
393 0
394 0
395 0
396 0
397 0
398 0
399 0
400 0
401 0
402 0
403 0
404 0
405 0
406 0
407 0
408 0
409 0
410 0
411 0
412 0
413 0
414 0
415 0
416 0
417 0
418 0
419 0
420 0
421 0
422 0
423 0
424 0
425 0
426 0
427 0
428 0
429 0
430 0
431 0
432 0
433 0
434 0
435 0
436 0
437 0
438 0
439 0
440 0
441 0
442 0
443 0
444 0
445 0
446 0
447 0
448 0
449 0
450 0
451 0
452 0
453 0
454 0
455 0
456 0
457 0
458 0
459 0
460 0
461 0
462 0
463 0
464 0
465 0
466 0
467 0
468 0
469 0
470 0
471 0
472 0
473 0
474 0
475 0
476 0
477 0
478 0
479 0
480 0
481 0
482 0
483 0
484 0
485 0
486 0
487 0
488 0
489 0
490 0
491 0
492 0
493 0
494 0
495 0
496 0
497 0
498 0
499 0
500 0
501 0
502 0
503 0
504 0
505 0
506 0
507 0
508 0
509 0
510 0
511 0
512 0
513 0
514 0
515 0
516 0
517 0
518 0
519 0
520 0
521 0
522 0
523 0
524 0
525 0
526 0
527 0
528 0
529 0
530 0
531 0
532 0
533 0
534 0
535 0
536 0
537 0
538 0
539 0
540 0
541 0
542 0
543 0
544 0
545 0
546 0
547 0
548 0
549 0
550 0
551 0
552 0
553 0
554 0
555 0
556 0
557 0
558 0
559 0
560 0
561 0
562 0
563 0
564 0
565 0
566 0
567 1
568 1
569 1
570 1
571 1
572 1
573 1
574 1
575 1
576 1
577 1
578 1
579 1
580 1
581 1
582 1
583 1
584 1
585 1
586 1
587 1
588 1
589 1
590 1
591 1
592 1
593 1
594 1
595 1
596 1
597 1
598 1
599 1
600 1
601 1
602 1
603 1
604 1
605 1
606 1
607 1
608 1
609 1
610 1
611 1
612 1
613 1
614 1
615 1
616 1
617 1
618 1
619 1
620 1
621 1
622 1
623 1
624 1
625 1
626 1
627 1
628 1
629 1
630 1
631 1
632 1
633 1
634 1
635 1
636 1
637 1
638 1
639 1
640 1
641 1
642 1
643 1
644 1
645 1
646 1
647 1
648 1
649 1
650 1
651 1
652 1
653 1
654 1
655 1
656 1
657 1
658 1
659 1
660 1
661 1
662 1
663 1
664 1
665 1
666 1
667 1
668 1
669 1
670 1
671 1
672 1
673 1
674 1
675 1
676 1
677 1
678 1
679 1
680 1
681 1
682 1
683 1
684 1
685 1
686 1
687 1
688 1
689 1
690 1
691 1
692 1
693 1
694 2
695 2
696 2
697 2
698 2
699 2
700 2
701 2
702 2
703 2
704 2
705 2
706 2
707 2
708 2
709 2
710 2
711 2
712 2
713 2
714 2
715 2
716 2
717 2
718 2
719 2
720 2
721 2
722 2
723 2
724 2
725 2
726 2
727 2
728 2
729 2
730 2
731 2
732 2
733 2
734 2
735 2
736 2
737 2
738 2
739 2
740 2
741 2
742 2
743 2
744 2
745 2
746 2
747 2
748 2
749 2
750 2
751 2
752 2
753 2
754 2
755 2
756 2
757 2
758 2
759 2
760 2
761 2
762 2
763 2
764 2
765 2
766 2
767 2
768 2
769 2
770 2
771 2
772 2
773 2
774 2
775 2
776 2
777 2
778 2
779 2
780 2
781 2
782 2
783 2
784 2
785 2
786 2
787 2
788 2
789 2
790 2
791 2
792 2
793 2
794 2
795 2
796 2
797 2
798 2
799 2
800 2
801 2
802 2
803 2
804 2
805 2
806 2
807 2
808 2
809 2
810 2
811 2
812 2
813 2
814 2
815 2
816 2
817 2
818 2
819 2
820 2
821 2
822 2
823 2
824 2
825 2
826 2
827 2
828 2
829 2
830 2
831 2
832 2
833 2
834 2
835 2
836 2
837 2
838 2
839 2
840 2
841 2
842 2
843 2
844 2
845 2
846 2
847 2
848 3
849 3
850 3
851 3
852 3
853 3
854 3
855 3
856 3
857 3
858 3
859 3
860 3
861 3
862 3
863 3
864 3
865 3
866 3
867 3
868 3
869 3
870 3
871 3
872 3
873 3
874 3
875 3
876 3
877 3
878 3
879 3
880 3
881 3
882 3
883 3
884 3
885 3
886 3
887 3
888 3
889 3
890 3
891 3
892 3
893 4
894 4
895 4
896 4
897 4
898 4
899 4
900 4
901 4
902 4
903 4
904 4
905 4
906 4
907 4
908 4
909 4
910 4
911 4
912 4
913 4
914 4
915 4
916 4
917 4
918 4
919 4
920 4
921 4
922 4
923 4
924 4
925 4
926 4
927 4
928 4
929 4
930 4
931 4
932 4
933 4
934 4
935 4
936 4
937 4
938 4
939 4
940 4
941 4
942 4
943 4
944 4
945 4
946 4
947 4
948 4
949 4
950 4
951 4
952 4
953 4
954 4
955 4
956 4
957 4
958 4
959 4
960 4
961 4
962 4
963 4
964 4
965 4
966 4
967 4
968 4
969 4
970 4
971 4
972 4
973 4
974 4
975 4
976 4
977 4
978 4
979 4
980 4
981 4
982 4
983 4
984 4
985 4
986 4
987 4
988 4
989 4
990 4
991 4
992 4
993 4
994 4
995 4
996 4
997 4
998 4
999 4
1000 4
1001 4
1002 4
1003 4
1004 4
1005 4
1006 4
1007 4
1008 4
1009 4
1010 4
1011 4
1012 4
1013 4
1014 4
1015 4
1016 4
1017 4
1018 4
1019 4
1020 4
1021 4
1022 4
1023 4
1024 4
1025 4
1026 5
1027 5
1028 5
1029 5
1030 5
1031 5
1032 5
1033 5
1034 5
1035 5
1036 5
1037 5
1038 5
1039 5
1040 5
1041 5
1042 5
1043 5
1044 5
1045 5
1046 5
1047 5
1048 5
1049 5
1050 5
1051 5
1052 5
1053 5
1054 5
1055 5
1056 5
1057 5
1058 5
1059 5
1060 5
1061 5
1062 5
1063 5
1064 5
1065 5
1066 5
1067 5
1068 5
1069 5
1070 5
1071 5
1072 5
1073 5
1074 5
1075 5
1076 5
1077 5
1078 5
1079 5
1080 5
1081 5
1082 5
1083 5
1084 5
1085 5
1086 5
1087 5
1088 5
1089 5
1090 5
1091 5
1092 5
1093 5
1094 5
1095 5
1096 5
1097 5
1098 5
1099 5
1100 5
1101 5
1102 5
1103 5
1104 5
1105 5
1106 5
1107 5
1108 5
1109 5
1110 5
1111 5
1112 5
1113 5
1114 5
1115 5
1116 5
1117 5
1118 5
1119 5
1120 5
1121 5
1122 5
1123 5
1124 5
1125 5
1126 5
1127 5
1128 5
1129 5
1130 5
1131 5
1132 5
1133 5
1134 5
1135 5
1136 5
1137 5
1138 5
1139 5
1140 5
1141 5
1142 5
1143 5
1144 5
1145 5
1146 5
1147 5
1148 5
1149 5
1150 5
1151 5
1152 5
1153 5
1154 5
1155 5
1156 5
1157 5
1158 5
1159 5
1160 5
1161 5
1162 5
1163 5
1164 5
1165 5
1166 6
1167 6
1168 6
1169 6
1170 6
1171 6
1172 6
1173 6
1174 6
1175 6
1176 6
1177 6
1178 6
1179 6
1180 6
1181 6
1182 6
1183 6
1184 6
1185 6
1186 6
1187 6
1188 6
1189 6
1190 6
1191 6
1192 6
1193 6
1194 6
1195 6
1196 6
1197 6
1198 6
1199 6
1200 6
1201 6
1202 6
1203 6
1204 6
1205 6
1206 6
1207 6
1208 6
1209 6
1210 6
1211 6
1212 6
1213 6
1214 6
1215 6
1216 6
1217 6
1218 6
1219 6
1220 6
1221 6
1222 6
1223 6
1224 6
1225 6
1226 6
1227 6
1228 6
1229 6
1230 6
1231 6
1232 6
1233 6
1234 6
1235 6
1236 6
1237 6
1238 6
1239 6
1240 6
1241 6
1242 6
1243 6
1244 6
1245 6
1246 6
1247 6
1248 6
1249 6
1250 6
1251 6
1252 6
1253 6
1254 6
1255 6
1256 6
1257 6
1258 6
1259 6
1260 6
1261 6
1262 6
1263 6
1264 6
1265 6
1266 6
1267 6
1268 6
1269 6
1270 6
1271 6
1272 6
1273 6
1274 6
1275 6
1276 6
1277 6
1278 6
1279 6
1280 6
1281 6
1282 6
1283 7
1284 7
1285 7
1286 7
1287 7
1288 7
1289 7
1290 7
1291 7
1292 7
1293 7
1294 7
1295 7
1296 7
1297 7
1298 7
1299 7
1300 7
1301 7
1302 7
1303 7
1304 7
1305 7
1306 7
1307 7
1308 7
1309 7
1310 7
1311 7
1312 7
1313 7
1314 7
1315 7
1316 7
1317 7
1318 7
1319 7
1320 7
1321 7
1322 7
1323 7
1324 7
1325 7
1326 7
1327 7
1328 7
1329 7
1330 7
1331 7
1332 7
1333 7
1334 7
1335 7
1336 7
1337 7
1338 7
1339 7
1340 7
1341 7
1342 7
1343 7
1344 7
1345 7
1346 7
1347 7
1348 7
1349 7
1350 7
1351 7
1352 7
1353 7
1354 7
1355 7
1356 7
1357 7
1358 7
1359 7
1360 7
1361 7
1362 7
1363 7
1364 7
1365 7
1366 7
1367 7
1368 7
1369 7
1370 7
1371 7
1372 7
1373 7
1374 7
1375 7
1376 7
1377 7
1378 7
1379 7
1380 7
1381 7
1382 8
1383 8
1384 8
1385 8
1386 8
1387 8
1388 8
1389 8
1390 8
1391 8
1392 8
1393 8
1394 8
1395 8
1396 8
1397 8
1398 8
1399 8
1400 8
1401 8
1402 8
1403 8
1404 8
1405 8
1406 8
1407 8
1408 8
1409 8
1410 8
1411 8
1412 8
1413 8
1414 8
1415 8
1416 8
1417 8
1418 8
1419 8
1420 8
1421 8
1422 8
1423 8
1424 8
1425 8
1426 8
1427 8
1428 8
1429 8
1430 8
1431 8
1432 8
1433 8
1434 8
1435 8
1436 8
1437 8
1438 8
1439 8
1440 8
1441 8
1442 8
1443 8
1444 8
1445 8
1446 8
1447 8
1448 8
1449 8
1450 8
1451 8
1452 8
1453 8
1454 8
1455 8
1456 8
1457 8
1458 8
1459 8
1460 8
1461 8
1462 8
1463 8
1464 8
1465 8
1466 8
1467 8
1468 8
1469 8
1470 8
1471 8
1472 8
1473 8
1474 8
1475 8
1476 8
1477 8
1478 8
1479 8
1480 8
1481 8
1482 8
1483 8
1484 8
1485 8
1486 8
1487 8
1488 8
1489 8
1490 8
1491 8
1492 8
1493 8
1494 8
1495 8
1496 8
1497 8
1498 8
1499 8
1500 8
1501 9
1502 9
1503 9
1504 9
1505 9
1506 9
1507 9
1508 9
1509 9
1510 9
1511 9
1512 9
1513 9
1514 9
1515 9
1516 9
1517 9
1518 9
1519 9
1520 9
1521 9
1522 9
1523 9
1524 9
1525 9
1526 9
1527 9
1528 9
1529 9
1530 9
1531 9
1532 9
1533 9
1534 9
1535 9
1536 9
1537 9
1538 9
1539 9
1540 9
1541 9
1542 9
1543 9
1544 9
1545 9
1546 9
1547 9
1548 9
1549 9
1550 9
1551 9
1552 9
1553 9
1554 9
1555 9
1556 9
1557 9
1558 9
1559 9
1560 9
1561 9
1562 9
1563 9
1564 9
1565 9
1566 9
1567 9
1568 9
1569 9
1570 9
1571 9
1572 9
1573 9
1574 9
1575 9
1576 9
1577 9
1578 9
1579 9
1580 9
1581 9
1582 9
1583 9
1584 9
1585 9
1586 9
1587 9
1588 9
1589 9
1590 9
1591 9
1592 9
1593 9
1594 9
1595 9
1596 9
1597 9
1598 9
1599 9
1600 9
1601 9
1602 9
1603 9
1604 9
1605 9
1606 9
1607 9
1608 9
1609 9
1610 9
1611 9
1612 9
1613 9
1614 9
1615 9
1616 9
1617 9
1618 9
1619 9
1620 9
1621 9
1622 9
1623 9
1624 9
1625 9
1626 9
1627 9
1628 9
1629 9
1630 9
1631 9
1632 9
1633 9
1634 9
1635 9
1636 9
1637 9
1638 9
1639 9
1640 9
1641 9
1642 9
1643 9
1644 9
1645 9
1646 9
1647 9
1648 9
1649 9
1650 9
1651 9
1652 9
1653 9
1654 9
1655 9
1656 9
1657 9
1658 9
1659 9
1660 9
1661 9
1662 9
1663 9
1664 9
1665 9
1666 9
1667 9
1668 9
1669 9
1670 9
1671 9
1672 9
1673 9
1674 9
1675 9
1676 9
1677 9
1678 9
1679 9
1680 9
1681 9
1682 9
1683 9
1684 9
1685 9
1686 9
1687 9
1688 9
1689 9
1690 9
1691 9
1692 9
1693 9
1694 9
1695 9
1696 9
1697 9
1698 9
1699 9
1700 9
1701 9
1702 9
1703 9
1704 9
1705 9
1706 9
1707 9
1708 9
1709 9
1710 9
1711 9
1712 9
1713 9
1714 9
1715 9
1716 9
1717 9
1718 9
1719 9
1720 9
1721 9
1722 9
1723 9
1724 9
1725 9
1726 9
1727 9
1728 9
1729 9
1730 9
1731 9
1732 9
1733 9
1734 9
1735 9
1736 9
1737 9
1738 9
1739 9
1740 9
1741 9
1742 9
1743 9
1744 9
1745 9
1746 9
1747 9
1748 9
1749 9
1750 9
1751 9
1752 9
1753 9
1754 9
1755 9
1756 9
1757 9
1758 9
1759 9
1760 9
1761 9
1762 9
1763 9
1764 9
1765 9
1766 9
1767 9
1768 9
1769 9
1770 9
1771 9
1772 9
1773 9
1774 9
1775 9
1776 9
1777 9
1778 9
1779 9
1780 9
1781 9
1782 9
1783 9
1784 9
1785 9
1786 9
1787 9
1788 9
1789 9
1790 9
1791 9
1792 9
1793 9
1794 9
1795 9
1796 9
1797 9
1798 9
1799 9
1800 9
1801 9
1802 9
1803 9
1804 9
1805 9
1806 9
1807 9
1808 10
1809 10
1810 10
1811 10
1812 10
1813 10
1814 10
1815 10
1816 10
1817 10
1818 10
1819 10
1820 10
1821 10
1822 10
1823 10
1824 10
1825 10
1826 10
1827 10
1828 10
1829 10
1830 10
1831 10
1832 10
1833 10
1834 10
1835 10
1836 10
1837 10
1838 10
1839 10
1840 10
1841 10
1842 10
1843 10
1844 10
1845 10
1846 10
1847 10
1848 10
1849 10
1850 10
1851 10
1852 10
1853 10
1854 10
1855 10
1856 10
1857 10
1858 10
1859 10
1860 10
1861 10
1862 10
1863 10
1864 10
1865 10
1866 10
1867 10
1868 10
1869 10
1870 10
1871 10
1872 10
1873 10
1874 10
1875 10
1876 10
1877 10
1878 10
1879 10
1880 10
1881 10
1882 10
1883 10
1884 10
1885 10
1886 10
1887 10
1888 10
1889 10
1890 10
1891 10
1892 10
1893 10
1894 10
1895 10
1896 10
1897 10
1898 10
1899 10
1900 10
1901 10
1902 10
1903 10
1904 10
1905 10
1906 10
1907 10
1908 10
1909 10
1910 10
1911 10
1912 10
1913 10
1914 10
1915 10
1916 10
1917 10
1918 10
1919 10
1920 10
1921 10
1922 10
1923 10
1924 10
1925 10
1926 10
1927 10
1928 10
1929 10
1930 10
1931 10
1932 10
1933 10
1934 10
1935 10
1936 10
1937 10
1938 10
1939 10
1940 10
1941 10
1942 10
1943 10
1944 10
1945 10
1946 10
1947 10
1948 10
1949 10
1950 10
1951 10
1952 11
1953 11
1954 11
1955 11
1956 11
1957 11
1958 11
1959 11
1960 11
1961 11
1962 11
1963 11
1964 11
1965 11
1966 11
1967 11
1968 11
1969 11
1970 11
1971 11
1972 11
1973 11
1974 11
1975 11
1976 11
1977 11
1978 11
1979 11
1980 11
1981 11
1982 11
1983 11
1984 11
1985 11
1986 11
1987 11
1988 11
1989 11
1990 11
1991 11
1992 11
1993 11
1994 11
1995 11
1996 11
1997 11
1998 11
1999 11
2000 11
2001 11
2002 11
2003 11
2004 11
2005 11
2006 11
2007 11
2008 11
2009 11
2010 11
2011 11
2012 11
2013 11
2014 11
2015 11
2016 11
2017 11
2018 11
2019 11
2020 11
2021 11
2022 11
2023 11
2024 11
2025 11
2026 11
2027 11
2028 11
2029 11
2030 11
2031 11
2032 11
2033 11
2034 11
2035 11
2036 11
2037 11
2038 11
2039 11
2040 11
2041 11
2042 11
2043 11
2044 11
2045 11
2046 11
2047 11
2048 11
2049 11
2050 11
2051 11
2052 11
2053 11
2054 11
2055 11
2056 11
2057 11
2058 11
2059 11
2060 11
2061 11
2062 11
2063 15
2064 15
2065 15
2066 15
2067 15
2068 15
2069 15
2070 15
2071 15
2072 15
2073 15
2074 15
2075 15
2076 15
2077 15
2078 15
2079 15
2080 15
2081 15
2082 15
2083 15
2084 15
2085 15
2086 15
2087 15
2088 15
2089 15
2090 15
2091 15
2092 15
2093 15
2094 15
2095 15
2096 15
2097 15
2098 15
2099 15
2100 15
2101 15
2102 15
2103 15
2104 15
2105 15
2106 15
2107 15
2108 15
2109 15
2110 15
2111 15
2112 15
2113 15
2114 15
2115 15
2116 15
2117 15
2118 15
2119 15
2120 15
2121 15
2122 15
2123 15
2124 15
2125 15
2126 15
2127 15
2128 15
2129 15
2130 15
2131 15
2132 15
2133 15
2134 15
2135 15
2136 15
2137 15
2138 15
2139 15
2140 15
2141 15
2142 15
2143 15
2144 15
2145 15
2146 15
2147 15
2148 15
2149 15
2150 15
2151 15
2152 15
2153 15
2154 15
2155 15
2156 15
2157 15
2158 15
2159 15
2160 15
2161 15
2162 15
2163 15
2164 15
2165 15
2166 15
2167 15
2168 15
2169 15
2170 15
2171 15
2172 15
2173 15
2174 15
2175 15
2176 15
2177 15
2178 15
2179 15
2180 15
2181 15
2182 15
2183 15
2184 15
2185 15
2186 15
2187 15
2188 15
2189 15
2190 15
2191 15
2192 15
2193 15
2194 15
2195 15
2196 15
2197 15
2198 15
2199 15
2200 15
2201 15
2202 15
2203 15
2204 15
2205 15
2206 15
2207 15
2208 15
2209 15
2210 15
2211 15
2212 15
2213 15
2214 15
2215 15
2216 15
2217 15
2218 16
2219 16
2220 16
2221 16
2222 16
2223 16
2224 16
2225 16
2226 16
2227 16
2228 16
2229 16
2230 16
2231 16
2232 16
2233 16
2234 16
2235 16
2236 16
2237 16
2238 16
2239 16
2240 16
2241 16
2242 16
2243 16
2244 16
2245 16
2246 16
2247 16
2248 16
2249 16
2250 16
2251 16
2252 16
2253 16
2254 16
2255 16
2256 16
2257 16
2258 16
2259 16
2260 16
2261 16
2262 16
2263 16
2264 16
2265 16
2266 16
2267 16
2268 16
2269 16
2270 16
2271 16
2272 16
2273 16
2274 16
2275 16
2276 16
2277 16
2278 16
2279 16
2280 16
2281 16
2282 16
2283 16
2284 16
2285 16
2286 16
2287 16
2288 16
2289 16
2290 16
2291 16
2292 16
2293 16
2294 16
2295 16
2296 16
2297 16
2298 16
2299 16
2300 16
2301 16
2302 16
2303 16
2304 16
2305 16
2306 16
2307 16
2308 16
2309 16
2310 16
2311 16
2312 16
2313 16
2314 16
2315 16
2316 16
2317 16
2318 16
2319 16
2320 16
2321 16
2322 16
2323 16
2324 16
2325 16
2326 16
2327 16
2328 16
2329 16
2330 16
2331 16
2332 16
2333 16
2334 16
2335 16
2336 16
2337 16
2338 16
2339 16
2340 16
2341 16
2342 16
2343 16
2344 17
2345 17
2346 17
2347 17
2348 17
2349 17
2350 17
2351 17
2352 17
2353 17
2354 17
2355 17
2356 17
2357 17
2358 17
2359 17
2360 17
2361 17
2362 17
2363 17
2364 17
2365 17
2366 17
2367 17
2368 17
2369 17
2370 17
2371 17
2372 17
2373 17
2374 17
2375 17
2376 17
2377 17
2378 17
2379 17
2380 17
2381 17
2382 17
2383 17
2384 17
2385 17
2386 17
2387 17
2388 17
2389 17
2390 17
2391 17
2392 17
2393 17
2394 17
2395 17
2396 17
2397 17
2398 17
2399 17
2400 17
2401 17
2402 17
2403 17
2404 17
2405 17
2406 17
2407 17
2408 17
2409 17
2410 17
2411 17
2412 17
2413 17
2414 17
2415 17
2416 17
2417 17
2418 17
2419 17
2420 17
2421 17
2422 17
2423 17
2424 17
2425 17
2426 17
2427 17
2428 17
2429 17
2430 17
2431 17
2432 17
2433 17
2434 17
2435 17
2436 17
2437 17
2438 17
2439 17
2440 17
2441 17
2442 17
2443 17
2444 17
2445 17
2446 17
2447 17
2448 17
2449 17
2450 17
2451 17
2452 17
2453 17
2454 17
2455 17
2456 17
2457 17
2458 17
2459 17
2460 17
2461 17
2462 17
2463 17
2464 17
2465 17
2466 17
2467 17
2468 17
2469 17
2470 17
2471 17
2472 17
2473 17
2474 17
2475 17
2476 17
2477 17
2478 17
2479 17
2480 17
2481 17
2482 17
2483 17
2484 17
2485 17
2486 17
2487 17
2488 17
2489 17
2490 17
2491 17
2492 17
2493 17
2494 17
2495 17
2496 17
2497 17
2498 17
2499 17
2500 17
2501 17
2502 17
2503 17
2504 17
2505 17
2506 17
2507 17
2508 17
2509 17
2510 17
2511 17
2512 17
2513 17
2514 17
2515 17
2516 17
2517 17
2518 17
2519 17
2520 17
2521 17
2522 17
2523 17
2524 17
2525 17
2526 17
2527 17
2528 17
2529 17
2530 17
2531 17
2532 17
2533 17
2534 17
2535 17
2536 17
2537 17
2538 17
2539 17
2540 17
2541 17
2542 17
2543 17
2544 17
2545 17
2546 17
2547 17
2548 17
2549 17
2550 17
2551 17
2552 17
2553 17
2554 17
2555 17
2556 17
2557 17
2558 17
2559 17
2560 17
2561 17
2562 17
2563 17
2564 17
2565 17
2566 17
2567 17
2568 17
2569 17
2570 17
2571 17
2572 17
2573 17
2574 17
2575 17
2576 17
2577 17
2578 17
2579 17
2580 17
2581 17
2582 17
2583 17
2584 17
2585 17
2586 17
2587 17
2588 17
2589 17
2590 17
2591 17
2592 17
2593 17
2594 17
2595 17
2596 17
2597 17
2598 17
2599 17
2600 17
2601 17
2602 17
2603 18
2604 18
2605 18
2606 18
2607 18
2608 18
2609 18
2610 18
2611 18
2612 18
2613 18
2614 18
2615 18
2616 18
2617 18
2618 18
2619 18
2620 18
2621 18
2622 18
2623 18
2624 18
2625 18
2626 18
2627 18
2628 18
2629 18
2630 18
2631 18
2632 18
2633 18
2634 18
2635 18
2636 18
2637 18
2638 18
2639 18
2640 18
2641 18
2642 18
2643 18
2644 18
2645 18
2646 18
2647 18
2648 18
2649 18
2650 18
2651 18
2652 18
2653 18
2654 18
2655 18
2656 18
2657 18
2658 18
2659 18
2660 18
2661 18
2662 18
2663 18
2664 18
2665 18
2666 18
2667 18
2668 18
2669 18
2670 18
2671 18
2672 18
2673 18
2674 18
2675 18
2676 18
2677 18
2678 18
2679 18
2680 18
2681 18
2682 18
2683 18
2684 18
2685 18
2686 18
2687 18
2688 18
2689 18
2690 18
2691 18
2692 18
2693 18
2694 18
2695 18
2696 18
2697 18
2698 18
2699 18
2700 18
2701 18
2702 18
2703 18
2704 18
2705 18
2706 18
2707 18
2708 18
2709 18
2710 18
2711 18
2712 18
2713 18
2714 18
2715 18
2716 18
2717 18
2718 18
2719 18
2720 18
2721 18
2722 18
2723 18
2724 18
2725 18
2726 18
2727 18
2728 18
2729 18
2730 18
2731 18
2732 18
2733 18
2734 18
2735 18
2736 18
2737 18
2738 18
2739 18
2740 18
2741 18
2742 18
2743 18
2744 18
2745 18
2746 18
2747 18
2748 18
2749 18
2750 18
2751 18
2752 19
2753 19
2754 19
2755 19
2756 19
2757 19
2758 19
2759 19
2760 19
2761 19
2762 19
2763 19
2764 19
2765 19
2766 19
2767 19
2768 19
2769 19
2770 19
2771 19
2772 19
2773 19
2774 19
2775 19
2776 19
2777 19
2778 19
2779 19
2780 19
2781 19
2782 19
2783 19
2784 19
2785 19
2786 19
2787 19
2788 19
2789 19
2790 19
2791 19
2792 19
2793 19
2794 19
2795 19
2796 19
2797 19
2798 19
2799 19
2800 19
2801 19
2802 19
2803 19
2804 19
2805 19
2806 19
2807 19
2808 19
2809 19
2810 19
2811 19
2812 19
2813 19
2814 19
2815 19
2816 19
2817 19
2818 19
2819 19
2820 19
2821 19
2822 19
2823 19
2824 19
2825 19
2826 19
2827 19
2828 19
2829 19
2830 19
2831 19
2832 19
2833 19
2834 19
2835 19
2836 19
2837 19
2838 19
2839 19
2840 19
2841 19
2842 19
2843 19
2844 19
2845 19
2846 19
2847 19
2848 19
2849 19
2850 19
2851 19
2852 19
2853 19
2854 19
2855 19
2856 19
2857 19
2858 19
2859 19
2860 19
2861 19
2862 19
2863 19
2864 19
2865 19
2866 19
2867 19
2868 19
2869 19
2870 19
2871 19
2872 19
2873 19
2874 19
2875 19
2876 19
2877 19
2878 19
2879 19
2880 19
2881 20
2882 20
2883 20
2884 20
2885 20
2886 20
2887 20
2888 20
2889 20
2890 20
2891 20
2892 20
2893 20
2894 20
2895 20
2896 20
2897 20
2898 20
2899 20
2900 20
2901 20
2902 20
2903 20
2904 20
2905 20
2906 20
2907 20
2908 20
2909 20
2910 20
2911 20
2912 20
2913 20
2914 20
2915 20
2916 20
2917 20
2918 20
2919 20
2920 20
2921 20
2922 20
2923 20
2924 20
2925 20
2926 20
2927 20
2928 20
2929 20
2930 20
2931 20
2932 20
2933 20
2934 20
2935 20
2936 20
2937 20
2938 20
2939 20
2940 20
2941 20
2942 20
2943 20
2944 20
2945 20
2946 20
2947 20
2948 20
2949 20
2950 20
2951 20
2952 20
2953 20
2954 20
2955 20
2956 20
2957 20
2958 20
2959 20
2960 20
2961 20
2962 20
2963 20
2964 20
2965 20
2966 20
2967 20
2968 20
2969 20
2970 20
2971 20
2972 20
2973 20
2974 20
2975 20
2976 20
2977 20
2978 20
2979 20
2980 20
2981 20
2982 20
2983 20
2984 20
2985 20
2986 20
2987 20
2988 20
2989 20
2990 20
2991 20
2992 20
2993 20
2994 20
2995 20
2996 20
2997 20
2998 20
2999 20
3000 20
3001 20
3002 20
3003 20
3004 20
3005 20
3006 20
3007 20
3008 20
3009 20
3010 20
3011 20
3012 20
3013 20
3014 20
3015 20
3016 20
3017 21
3018 21
3019 21
3020 21
3021 21
3022 21
3023 21
3024 21
3025 21
3026 21
3027 21
3028 21
3029 21
3030 21
3031 21
3032 21
3033 21
3034 21
3035 21
3036 21
3037 21
3038 21
3039 21
3040 21
3041 21
3042 21
3043 21
3044 21
3045 21
3046 21
3047 21
3048 21
3049 21
3050 21
3051 21
3052 21
3053 21
3054 21
3055 21
3056 21
3057 21
3058 21
3059 21
3060 21
3061 21
3062 21
3063 21
3064 21
3065 21
3066 21
3067 21
3068 21
3069 21
3070 21
3071 21
3072 21
3073 21
3074 21
3075 21
3076 21
3077 21
3078 21
3079 21
3080 21
3081 21
3082 21
3083 21
3084 21
3085 21
3086 21
3087 21
3088 21
3089 21
3090 21
3091 21
3092 21
3093 21
3094 21
3095 21
3096 21
3097 21
3098 21
3099 21
3100 21
3101 21
3102 21
3103 21
3104 21
3105 21
3106 21
3107 21
3108 21
3109 21
3110 21
3111 21
3112 21
3113 21
3114 21
3115 21
3116 21
3117 21
3118 21
3119 21
3120 21
3121 21
3122 21
3123 21
3124 21
3125 21
3126 21
3127 21
3128 21
3129 21
3130 21
3131 21
3132 21
3133 21
3134 21
3135 21
3136 21
3137 21
3138 21
3139 21
3140 21
3141 21
3142 21
3143 21
3144 21
3145 21
3146 21
3147 21
3148 21
3149 21
3150 21
3151 21
3152 21
3153 21
3154 21
3155 21
3156 21
3157 21
3158 21
3159 21
3160 21
3161 21
3162 21
3163 21
3164 21
3165 21
3166 21
3167 21
3168 21
3169 21
3170 21
3171 21
3172 21
3173 21
3174 21
3175 21
3176 21
3177 21
3178 21
3179 21
3180 21
3181 21
3182 21
3183 21
3184 21
3185 21
3186 21
3187 21
3188 21
3189 21
3190 21
3191 21
3192 21
3193 21
3194 21
3195 21
3196 21
3197 21
3198 21
3199 21
3200 21
3201 21
3202 21
3203 21
3204 21
3205 21
3206 21
3207 21
3208 21
3209 21
3210 21
3211 21
3212 21
3213 21
3214 21
3215 21
3216 21
3217 21
3218 21
3219 21
3220 21
3221 21
3222 21
3223 21
3224 21
3225 21
3226 21
3227 21
3228 21
3229 21
3230 21
3231 21
3232 21
3233 21
3234 21
3235 21
3236 21
3237 21
3238 21
3239 21
3240 21
3241 21
3242 21
3243 21
3244 21
3245 21
3246 21
3247 21
3248 21
3249 21
3250 21
3251 21
3252 21
3253 21
3254 21
3255 21
3256 21
3257 21
3258 21
3259 22
3260 22
3261 22
3262 22
3263 22
3264 22
3265 22
3266 22
3267 22
3268 22
3269 22
3270 22
3271 22
3272 22
3273 22
3274 22
3275 22
3276 22
3277 22
3278 22
3279 22
3280 22
3281 22
3282 22
3283 22
3284 22
3285 22
3286 22
3287 22
3288 22
3289 22
3290 22
3291 22
3292 22
3293 22
3294 22
3295 22
3296 22
3297 22
3298 22
3299 22
3300 22
3301 22
3302 22
3303 22
3304 22
3305 22
3306 22
3307 22
3308 22
3309 22
3310 22
3311 22
3312 22
3313 22
3314 22
3315 22
3316 22
3317 22
3318 22
3319 22
3320 22
3321 22
3322 22
3323 22
3324 22
3325 22
3326 22
3327 22
3328 22
3329 22
3330 22
3331 22
3332 22
3333 22
3334 22
3335 22
3336 22
3337 22
3338 22
3339 22
3340 22
3341 22
3342 22
3343 22
3344 22
3345 22
3346 22
3347 22
3348 22
3349 22
3350 22
3351 22
3352 22
3353 22
3354 22
3355 22
3356 22
3357 22
3358 22
3359 22
3360 22
3361 22
3362 22
3363 22
3364 22
3365 22
3366 22
3367 23
3368 23
3369 23
3370 23
3371 23
3372 23
3373 23
3374 23
3375 23
3376 23
3377 23
3378 23
3379 23
3380 23
3381 23
3382 23
3383 23
3384 23
3385 23
3386 23
3387 23
3388 23
3389 23
3390 23
3391 23
3392 23
3393 23
3394 23
3395 23
3396 23
3397 23
3398 23
3399 23
3400 23
3401 23
3402 23
3403 23
3404 23
3405 23
3406 23
3407 23
3408 23
3409 23
3410 23
3411 23
3412 23
3413 23
3414 23
3415 23
3416 23
3417 23
3418 23
3419 23
3420 23
3421 23
3422 23
3423 23
3424 23
3425 23
3426 23
3427 23
3428 23
3429 23
3430 23
3431 23
3432 23
3433 23
3434 23
3435 23
3436 23
3437 23
3438 23
3439 23
3440 23
3441 23
3442 23
3443 23
3444 23
3445 23
3446 23
3447 23
3448 23
3449 23
3450 23
3451 23
3452 23
3453 23
3454 23
3455 23
3456 23
3457 23
3458 23
3459 23
3460 23
3461 23
3462 23
3463 23
3464 23
3465 23
3466 23
3467 23
3468 23
3469 23
3470 23
3471 23
3472 23
3473 23
3474 23
3475 23
3476 23
3477 23
3478 23
3479 23
3480 23
3481 23
3482 24
3483 24
3484 24
3485 24
3486 24
3487 24
3488 24
3489 24
3490 24
3491 24
3492 24
3493 24
3494 24
3495 24
3496 24
3497 24
3498 24
3499 24
3500 24
3501 24
3502 24
3503 24
3504 24
3505 24
3506 24
3507 24
3508 24
3509 24
3510 24
3511 24
3512 24
3513 24
3514 24
3515 24
3516 24
3517 24
3518 24
3519 24
3520 24
3521 24
3522 24
3523 24
3524 24
3525 24
3526 24
3527 24
3528 24
3529 24
3530 24
3531 24
3532 24
3533 24
3534 24
3535 24
3536 24
3537 24
3538 24
3539 24
3540 24
3541 24
3542 24
3543 24
3544 24
3545 24
3546 24
3547 24
3548 24
3549 24
3550 24
3551 24
3552 24
3553 24
3554 24
3555 24
3556 24
3557 24
3558 24
3559 24
3560 24
3561 24
3562 24
3563 24
3564 24
3565 24
3566 24
3567 24
3568 24
3569 24
3570 24
3571 24
3572 24
3573 24
3574 24
3575 24
3576 24
3577 24
3578 24
3579 24
3580 25
3581 25
3582 25
3583 25
3584 25
3585 25
3586 25
3587 25
3588 25
3589 25
3590 25
3591 25
3592 25
3593 25
3594 25
3595 25
3596 25
3597 25
3598 25
3599 25
3600 25
3601 25
3602 25
3603 25
3604 25
3605 25
3606 25
3607 25
3608 25
3609 25
3610 25
3611 25
3612 25
3613 25
3614 25
3615 25
3616 25
3617 25
3618 25
3619 25
3620 25
3621 25
3622 25
3623 25
3624 25
3625 25
3626 25
3627 25
3628 25
3629 25
3630 25
3631 25
3632 25
3633 25
3634 25
3635 25
3636 25
3637 25
3638 25
3639 25
3640 25
3641 25
3642 25
3643 25
3644 25
3645 25
3646 25
3647 25
3648 25
3649 25
3650 25
3651 25
3652 25
3653 25
3654 25
3655 25
3656 25
3657 25
3658 25
3659 25
3660 25
3661 25
3662 25
3663 25
3664 25
3665 25
3666 25
3667 25
3668 25
3669 25
3670 25
3671 25
3672 25
3673 25
3674 25
3675 25
3676 25
3677 25
3678 25
3679 25
3680 25
3681 25
3682 25
3683 25
3684 25
3685 25
3686 25
3687 25
3688 25
3689 25
3690 25
3691 25
3692 25
3693 25
3694 25
3695 25
3696 25
3697 25
3698 25
3699 25
3700 25
3701 25
3702 25
3703 25
3704 25
3705 25
3706 25
3707 25
3708 25
3709 25
3710 25
3711 25
3712 25
3713 25
3714 25
3715 25
3716 26
3717 26
3718 26
3719 26
3720 26
3721 26
3722 26
3723 26
3724 26
3725 26
3726 26
3727 26
3728 26
3729 26
3730 26
3731 26
3732 26
3733 26
3734 26
3735 26
3736 26
3737 26
3738 26
3739 26
3740 26
3741 26
3742 26
3743 26
3744 26
3745 26
3746 26
3747 26
3748 26
3749 26
3750 26
3751 26
3752 26
3753 26
3754 26
3755 26
3756 26
3757 26
3758 26
3759 26
3760 26
3761 26
3762 26
3763 26
3764 26
3765 26
3766 26
3767 26
3768 26
3769 26
3770 26
3771 26
3772 26
3773 26
3774 26
3775 26
3776 26
3777 26
3778 26
3779 26
3780 26
3781 26
3782 26
3783 26
3784 26
3785 26
3786 26
3787 26
3788 26
3789 26
3790 26
3791 26
3792 26
3793 26
3794 26
3795 26
3796 26
3797 26
3798 26
3799 26
3800 26
3801 26
3802 26
3803 26
3804 26
3805 26
3806 26
3807 26
3808 26
3809 26
3810 26
3811 26
3812 26
3813 26
3814 26
3815 26
3816 26
3817 26
3818 26
3819 26
3820 26
3821 26
3822 26
3823 26
3824 26
3825 26
3826 26
3827 26
3828 26
3829 26
3830 26
3831 26
3832 26
3833 26
3834 26
3835 26
3836 26
3837 26
3838 26
3839 26
3840 26
3841 26
3842 26
3843 26
3844 26
3845 26
3846 26
3847 26
3848 26
3849 26
3850 26
3851 26
3852 26
3853 26
3854 26
3855 26
3856 26
3857 26
3858 26
3859 26
3860 26
3861 26
3862 26
3863 26
3864 26
3865 26
3866 26
3867 26
3868 26
3869 26
3870 26
3871 26
3872 26
3873 26
3874 26
3875 26
3876 26
3877 26
3878 26
3879 26
3880 26
3881 26
3882 26
3883 26
3884 26
3885 26
3886 26
3887 26
3888 26
3889 26
3890 26
3891 26
3892 26
3893 26
3894 26
3895 26
3896 26
3897 26
3898 26
3899 26
3900 26
3901 26
3902 26
3903 26
3904 26
3905 26
3906 26
3907 26
3908 26
3909 26
3910 26
3911 26
3912 26
3913 26
3914 26
3915 26
3916 26
3917 26
3918 26
3919 26
3920 26
3921 26
3922 26
3923 26
3924 26
3925 26
3926 26
3927 26
3928 26
3929 26
3930 26
3931 26
3932 26
3933 26
3934 26
3935 26
3936 26
3937 26
3938 26
3939 26
3940 26
3941 26
3942 26
3943 26
3944 26
3945 26
3946 26
3947 26
3948 26
3949 26
3950 26
3951 26
3952 26
3953 26
3954 26
3955 26
3956 26
3957 26
3958 26
3959 26
3960 26
3961 26
3962 26
3963 26
3964 26
3965 26
3966 26
3967 26
3968 26
3969 26
3970 26
3971 26
3972 26
3973 26
3974 26
3975 26
3976 26
3977 26
3978 26
3979 26
3980 26
3981 26
3982 26
3983 26
3984 26
3985 26
3986 26
3987 26
3988 26
3989 26
3990 26
3991 26
3992 26
3993 26
3994 26
3995 26
3996 26
3997 26
3998 26
3999 26
4000 26
4001 26
4002 26
4003 26
4004 26
4005 26
4006 26
4007 26
4008 26
4009 26
4010 26
4011 26
4012 26
4013 26
4014 26
4015 26
4016 26
4017 26
4018 26
4019 26
4020 26
4021 26
4022 27
4023 27
4024 27
4025 27
4026 27
4027 27
4028 27
4029 27
4030 27
4031 27
4032 27
4033 27
4034 27
4035 27
4036 27
4037 27
4038 27
4039 27
4040 27
4041 27
4042 27
4043 27
4044 27
4045 27
4046 27
4047 27
4048 27
4049 27
4050 27
4051 27
4052 27
4053 27
4054 27
4055 27
4056 27
4057 27
4058 27
4059 27
4060 27
4061 27
4062 27
4063 27
4064 27
4065 27
4066 27
4067 27
4068 27
4069 27
4070 27
4071 27
4072 27
4073 27
4074 27
4075 27
4076 27
4077 27
4078 27
4079 27
4080 27
4081 27
4082 27
4083 27
4084 27
4085 27
4086 27
4087 27
4088 27
4089 27
4090 27
4091 27
4092 27
4093 27
4094 27
4095 27
4096 27
4097 27
4098 27
4099 27
4100 27
4101 27
4102 27
4103 27
4104 27
4105 27
4106 27
4107 27
4108 27
4109 27
4110 27
4111 27
4112 27
4113 27
4114 27
4115 27
4116 27
4117 27
4118 27
4119 27
4120 27
4121 27
4122 27
4123 27
4124 27
4125 27
4126 27
4127 27
4128 27
4129 27
4130 27
4131 27
4132 27
4133 27
4134 27
4135 27
4136 27
4137 27
4138 27
4139 27
4140 27
4141 27
4142 27
4143 27
4144 27
4145 27
4146 27
4147 27
4148 27
4149 27
4150 27
4151 27
4152 27
4153 27
4154 27
4155 27
4156 27
4157 27
4158 27
4159 27
4160 27
4161 27
4162 27
4163 27
4164 27
4165 27
4166 27
4167 27
4168 27
4169 27
4170 27
4171 27
4172 27
4173 27
4174 27
4175 27
4176 27
4177 27
4178 27
4179 27
4180 27
4181 27
4182 27
4183 27
4184 27
4185 28
4186 28
4187 28
4188 28
4189 28
4190 28
4191 28
4192 28
4193 28
4194 28
4195 28
4196 28
4197 28
4198 28
4199 28
4200 28
4201 28
4202 28
4203 28
4204 28
4205 28
4206 28
4207 28
4208 28
4209 28
4210 28
4211 28
4212 28
4213 28
4214 28
4215 28
4216 28
4217 28
4218 28
4219 28
4220 28
4221 28
4222 28
4223 28
4224 28
4225 28
4226 28
4227 28
4228 28
4229 28
4230 28
4231 28
4232 28
4233 28
4234 28
4235 28
4236 28
4237 28
4238 28
4239 28
4240 28
4241 28
4242 28
4243 28
4244 28
4245 28
4246 28
4247 28
4248 28
4249 28
4250 28
4251 28
4252 28
4253 28
4254 28
4255 28
4256 28
4257 28
4258 28
4259 28
4260 28
4261 28
4262 28
4263 28
4264 28
4265 28
4266 28
4267 28
4268 28
4269 28
4270 28
4271 28
4272 28
4273 28
4274 28
4275 28
4276 28
4277 28
4278 28
4279 28
4280 28
4281 28
4282 28
4283 28
4284 28
4285 28
4286 28
4287 28
4288 28
4289 28
4290 28
4291 28
4292 28
4293 28
4294 28
4295 28
4296 28
4297 28
4298 28
4299 28
4300 28
4301 28
4302 28
4303 28
4304 28
4305 28
4306 28
4307 28
4308 28
4309 28
4310 28
4311 28
4312 28
4313 28
4314 28
4315 28
4316 28
4317 28
4318 28
4319 28
4320 28
4321 28
4322 28
4323 28
4324 28
4325 28
4326 28
4327 28
4328 28
4329 28
4330 28
4331 28
4332 28
4333 28
4334 28
4335 28
4336 28
4337 28
4338 28
4339 28
4340 28
4341 28
4342 28
4343 28
4344 28
4345 28
4346 28
4347 28
4348 28
4349 28
4350 29
4351 29
4352 29
4353 29
4354 29
4355 29
4356 29
4357 29
4358 29
4359 29
4360 29
4361 29
4362 29
4363 29
4364 29
4365 29
4366 29
4367 29
4368 29
4369 29
4370 29
4371 29
4372 29
4373 29
4374 29
4375 29
4376 29
4377 29
4378 29
4379 29
4380 29
4381 29
4382 29
4383 29
4384 29
4385 29
4386 29
4387 29
4388 29
4389 29
4390 29
4391 29
4392 29
4393 29
4394 29
4395 29
4396 29
4397 29
4398 29
4399 29
4400 29
4401 29
4402 29
4403 29
4404 29
4405 29
4406 29
4407 29
4408 29
4409 29
4410 29
4411 29
4412 29
4413 29
4414 29
4415 29
4416 29
4417 29
4418 29
4419 29
4420 29
4421 29
4422 29
4423 29
4424 29
4425 29
4426 29
4427 29
4428 29
4429 29
4430 29
4431 29
4432 29
4433 29
4434 29
4435 29
4436 29
4437 29
4438 29
4439 29
4440 29
4441 29
4442 29
4443 29
4444 29
4445 29
4446 29
4447 29
4448 29
4449 29
4450 29
4451 29
4452 29
4453 29
4454 29
4455 29
4456 29
4457 29
4458 29
4459 29
4460 29
4461 29
4462 29
4463 29
4464 29
4465 29
4466 29
4467 29
4468 29
4469 29
4470 29
4471 29
4472 29
4473 29
4474 29
4475 29
4476 29
4477 29
4478 29
4479 29
4480 29
4481 29
4482 29
4483 29
4484 30
4485 30
4486 30
4487 30
4488 30
4489 30
4490 30
4491 30
4492 30
4493 30
4494 30
4495 30
4496 30
4497 30
4498 30
4499 30
4500 30
4501 30
4502 30
4503 30
4504 30
4505 30
4506 30
4507 30
4508 30
4509 30
4510 30
4511 30
4512 30
4513 30
4514 30
4515 30
4516 30
4517 30
4518 30
4519 30
4520 30
4521 30
4522 30
4523 30
4524 30
4525 30
4526 30
4527 30
4528 30
4529 30
4530 30
4531 30
4532 30
4533 30
4534 30
4535 30
4536 30
4537 30
4538 30
4539 30
4540 30
4541 30
4542 30
4543 30
4544 30
4545 30
4546 30
4547 30
4548 30
4549 30
4550 30
4551 30
4552 30
4553 30
4554 30
4555 30
4556 30
4557 30
4558 30
4559 30
4560 30
4561 30
4562 30
4563 30
4564 30
4565 30
4566 30
4567 30
4568 30
4569 30
4570 30
4571 30
4572 30
4573 30
4574 30
4575 30
4576 30
4577 30
4578 30
4579 30
4580 30
4581 30
4582 30
4583 30
4584 30
4585 30
4586 30
4587 30
4588 30
4589 30
4590 30
4591 30
4592 30
4593 30
4594 30
4595 30
4596 30
4597 30
4598 30
4599 30
4600 30
4601 30
4602 30
4603 30
4604 30
4605 30
4606 30
4607 30
4608 30
4609 30
4610 30
4611 30
4612 30
4613 30
4614 30
4615 30
4616 30
4617 30
4618 30
4619 30
4620 30
4621 30
4622 30
4623 30
4624 30
4625 30
4626 30
4627 30
4628 30
4629 30
4630 30
4631 30
4632 30
4633 30
4634 30
4635 30
4636 30
4637 30
4638 30
4639 30
4640 30
4641 30
4642 30
4643 30
4644 30
4645 30
4646 30
4647 30
4648 30
4649 30
4650 30
4651 30
4652 30
4653 30
4654 30
4655 30
4656 30
4657 30
4658 30
4659 30
4660 30
4661 30
4662 30
4663 30
4664 30
4665 30
4666 30
4667 30
4668 30
4669 30
4670 30
4671 30
4672 31
4673 31
4674 31
4675 31
4676 31
4677 31
4678 31
4679 31
4680 31
4681 31
4682 31
4683 31
4684 31
4685 31
4686 31
4687 31
4688 31
4689 31
4690 31
4691 31
4692 31
4693 31
4694 31
4695 31
4696 31
4697 31
4698 31
4699 31
4700 31
4701 31
4702 31
4703 31
4704 31
4705 31
4706 31
4707 31
4708 31
4709 31
4710 31
4711 31
4712 31
4713 31
4714 31
4715 31
4716 31
4717 31
4718 31
4719 31
4720 31
4721 31
4722 31
4723 31
4724 31
4725 31
4726 31
4727 31
4728 31
4729 31
4730 31
4731 31
4732 31
4733 31
4734 31
4735 31
4736 31
4737 31
4738 31
4739 31
4740 31
4741 31
4742 31
4743 31
4744 31
4745 31
4746 31
4747 31
4748 31
4749 31
4750 31
4751 31
4752 31
4753 31
4754 31
4755 31
4756 31
4757 31
4758 31
4759 31
4760 31
4761 31
4762 31
4763 31
4764 31
4765 31
4766 31
4767 31
4768 31
4769 31
4770 31
4771 31
4772 31
4773 31
4774 31
4775 31
4776 31
4777 31
4778 31
4779 31
4780 31
4781 31
4782 31
4783 31
4784 31
4785 31
4786 31
4787 31
4788 31
4789 31
4790 32
4791 32
4792 32
4793 32
4794 32
4795 32
4796 32
4797 32
4798 32
4799 32
4800 32
4801 32
4802 32
4803 32
4804 32
4805 32
4806 32
4807 32
4808 32
4809 32
4810 32
4811 32
4812 32
4813 32
4814 32
4815 32
4816 32
4817 32
4818 32
4819 32
4820 32
4821 32
4822 32
4823 32
4824 32
4825 32
4826 32
4827 32
4828 32
4829 32
4830 32
4831 32
4832 32
4833 32
4834 32
4835 32
4836 32
4837 32
4838 32
4839 32
4840 32
4841 32
4842 32
4843 32
4844 32
4845 32
4846 32
4847 32
4848 32
4849 32
4850 32
4851 32
4852 32
4853 32
4854 32
4855 32
4856 32
4857 32
4858 32
4859 32
4860 32
4861 32
4862 32
4863 32
4864 32
4865 32
4866 32
4867 32
4868 32
4869 32
4870 32
4871 32
4872 32
4873 32
4874 32
4875 32
4876 32
4877 32
4878 32
4879 32
4880 32
4881 32
4882 32
4883 32
4884 32
4885 32
4886 32
4887 32
4888 32
4889 32
4890 32
4891 32
4892 32
4893 32
4894 32
4895 32
4896 32
4897 32
4898 32
4899 32
4900 32
4901 32
4902 32
4903 32
4904 32
4905 32
4906 32
4907 32
4908 32
4909 32
4910 32
4911 32
4912 32
4913 32
4914 32
4915 32
4916 32
4917 32
4918 32
4919 32
4920 32
4921 32
4922 32
4923 32
4924 32
4925 32
4926 32
4927 32
4928 32
4929 32
4930 32
4931 32
4932 32
4933 32
4934 32
4935 32
4936 32
4937 32
4938 32
4939 32
4940 32
4941 32
4942 32
4943 32
4944 32
4945 32
4946 32
4947 32
4948 32
4949 32
4950 32
4951 32
4952 32
4953 32
4954 32
4955 32
4956 32
4957 32
4958 32
4959 32
4960 32
4961 32
4962 32
4963 32
4964 32
4965 32
4966 32
4967 32
4968 32
4969 32
4970 32
4971 32
4972 32
4973 32
4974 32
4975 32
4976 32
4977 32
4978 32
4979 32
4980 32
4981 32
4982 32
4983 32
4984 32
4985 32
4986 32
4987 32
4988 32
4989 32
4990 32
4991 32
4992 32
4993 32
4994 32
4995 32
4996 32
4997 32
4998 33
4999 33
5000 33
5001 33
5002 33
5003 33
5004 33
5005 33
5006 33
5007 33
5008 33
5009 33
5010 33
5011 33
5012 33
5013 33
5014 33
5015 33
5016 33
5017 33
5018 33
5019 33
5020 33
5021 33
5022 33
5023 33
5024 33
5025 33
5026 33
5027 33
5028 33
5029 33
5030 33
5031 33
5032 33
5033 33
5034 33
5035 33
5036 33
5037 33
5038 33
5039 33
5040 33
5041 33
5042 33
5043 33
5044 33
5045 33
5046 33
5047 33
5048 33
5049 33
5050 33
5051 33
5052 33
5053 33
5054 33
5055 33
5056 33
5057 33
5058 33
5059 33
5060 33
5061 33
5062 33
5063 33
5064 33
5065 33
5066 33
5067 33
5068 33
5069 33
5070 33
5071 33
5072 33
5073 33
5074 33
5075 33
5076 33
5077 33
5078 33
5079 33
5080 33
5081 33
5082 33
5083 33
5084 33
5085 33
5086 33
5087 33
5088 33
5089 33
5090 33
5091 33
5092 33
5093 33
5094 33
5095 33
5096 33
5097 33
5098 33
5099 33
5100 33
5101 33
5102 33
5103 33
5104 33
5105 33
5106 33
5107 33
5108 33
5109 33
5110 33
5111 33
5112 33
5113 33
5114 33
5115 33
5116 33
5117 33
5118 33
5119 33
5120 33
5121 33
5122 33
5123 33
5124 33
5125 33
5126 33
5127 33
5128 33
5129 33
5130 33
5131 33
5132 33
5133 33
5134 33
5135 33
5136 33
5137 33
5138 33
5139 33
5140 33
5141 33
5142 33
5143 33
5144 33
5145 33
5146 33
5147 33
5148 33
5149 33
5150 33
5151 33
5152 33
5153 33
5154 33
5155 33
5156 33
5157 33
5158 33
5159 33
5160 33
5161 33
5162 33
5163 33
5164 33
5165 33
5166 33
5167 33
5168 33
5169 33
5170 33
5171 33
5172 33
5173 33
5174 33
5175 33
5176 33
5177 33
5178 33
5179 33
5180 33
5181 33
5182 33
5183 33
5184 33
5185 33
5186 33
5187 33
5188 33
5189 33
5190 33
5191 33
5192 33
5193 33
5194 33
5195 33
5196 33
5197 33
5198 33
5199 33
5200 33
5201 33
5202 33
5203 33
5204 33
5205 33
5206 33
5207 33
5208 33
5209 33
5210 33
5211 33
5212 33
5213 33
5214 33
5215 33
5216 33
5217 33
5218 33
5219 33
5220 33
5221 33
5222 33
5223 33
5224 33
5225 33
5226 33
5227 33
5228 33
5229 33
5230 33
5231 33
5232 33
5233 33
5234 33
5235 33
5236 33
5237 33
5238 33
5239 33
5240 33
5241 33
5242 33
5243 33
5244 33
5245 33
5246 33
5247 33
5248 33
5249 33
5250 33
5251 33
5252 33
5253 33
5254 33
5255 33
5256 33
5257 34
5258 34
5259 34
5260 34
5261 34
5262 34
5263 34
5264 34
5265 34
5266 34
5267 34
5268 34
5269 34
5270 34
5271 34
5272 34
5273 34
5274 34
5275 34
5276 34
5277 34
5278 34
5279 34
5280 34
5281 34
5282 34
5283 34
5284 34
5285 34
5286 34
5287 34
5288 34
5289 34
5290 34
5291 34
5292 34
5293 34
5294 34
5295 34
5296 34
5297 34
5298 34
5299 34
5300 34
5301 34
5302 34
5303 34
5304 34
5305 34
5306 34
5307 34
5308 34
5309 34
5310 34
5311 34
5312 34
5313 34
5314 34
5315 34
5316 34
5317 34
5318 34
5319 34
5320 34
5321 34
5322 34
5323 34
5324 34
5325 34
5326 34
5327 34
5328 34
5329 34
5330 34
5331 34
5332 34
5333 34
5334 34
5335 34
5336 34
5337 34
5338 34
5339 34
5340 34
5341 34
5342 34
5343 34
5344 34
5345 34
5346 34
5347 34
5348 34
5349 34
5350 34
5351 34
5352 34
5353 34
5354 34
5355 34
5356 34
5357 34
5358 34
5359 34
5360 34
5361 34
5362 34
5363 34
5364 34
5365 34
5366 34
5367 34
5368 34
5369 34
5370 34
5371 34
5372 34
5373 34
5374 34
5375 34
5376 34
5377 34
5378 34
5379 34
5380 34
5381 34
5382 34
5383 34
5384 34
5385 34
5386 34
5387 34
5388 34
5389 34
5390 34
5391 34
5392 34
5393 34
5394 34
5395 34
5396 34
5397 34
5398 34
5399 34
5400 35
5401 35
5402 35
5403 35
5404 35
5405 35
5406 35
5407 35
5408 35
5409 35
5410 35
5411 35
5412 35
5413 35
5414 35
5415 35
5416 35
5417 35
5418 35
5419 35
5420 35
5421 35
5422 35
5423 35
5424 35
5425 35
5426 35
5427 35
5428 35
5429 35
5430 35
5431 35
5432 35
5433 35
5434 35
5435 35
5436 35
5437 35
5438 35
5439 35
5440 35
5441 35
5442 35
5443 35
5444 35
5445 35
5446 35
5447 35
5448 35
5449 35
5450 35
5451 35
5452 35
5453 35
5454 35
5455 35
5456 35
5457 35
5458 35
5459 35
5460 35
5461 35
5462 35
5463 35
5464 35
5465 35
5466 35
5467 35
5468 35
5469 35
5470 35
5471 35
5472 35
5473 35
5474 35
5475 35
5476 35
5477 35
5478 35
5479 35
5480 35
5481 35
5482 35
5483 35
5484 35
5485 35
5486 35
5487 35
5488 35
5489 35
5490 35
5491 35
5492 35
5493 35
5494 35
5495 35
5496 35
5497 35
5498 35
5499 35
5500 35
5501 35
5502 35
5503 35
5504 35
5505 35
5506 35
5507 35
5508 35
5509 35
5510 35
5511 35
5512 35
5513 35
5514 35
5515 35
5516 35
5517 35
5518 35
5519 35
5520 35
5521 35
5522 35
5523 35
5524 35
5525 35
5526 35
5527 35
5528 35
5529 35
5530 35
5531 35
5532 35
5533 35
5534 35
5535 35
5536 35
5537 35
5538 35
5539 35
5540 35
5541 35
5542 35
5543 35
5544 35
5545 35
5546 35
5547 35
5548 35
5549 35
5550 35
5551 35
5552 35
5553 35
5554 35
5555 35
5556 35
5557 35
5558 35
5559 35
5560 35
5561 35
5562 35
5563 35
5564 35
5565 35
5566 35
5567 35
5568 35
5569 35
5570 35
5571 35
5572 35
5573 35
5574 35
5575 35
5576 35
5577 35
5578 35
5579 35
5580 35
5581 35
5582 35
5583 35
5584 35
5585 35
5586 35
5587 35
5588 35
5589 35
5590 35
5591 35
5592 35
5593 35
5594 35
5595 35
5596 35
5597 35
5598 35
5599 35
5600 35
5601 35
5602 35
5603 35
5604 35
5605 35
5606 35
5607 35
5608 35
5609 35
5610 35
5611 35
5612 35
5613 35
5614 35
5615 35
5616 35
5617 35
5618 35
5619 35
5620 35
5621 35
5622 35
5623 35
5624 35
5625 35
5626 35
5627 35
5628 35
5629 35
5630 35
5631 35
5632 35
5633 35
5634 35
5635 35
5636 35
5637 35
5638 35
5639 35
5640 35
5641 35
5642 35
5643 35
5644 35
5645 35
5646 35
5647 35
5648 35
5649 35
5650 35
5651 35
5652 35
5653 35
5654 35
5655 35
5656 35
5657 35
5658 35
5659 35
5660 35
5661 35
5662 35
5663 35
5664 35
5665 35
5666 35
5667 35
5668 35
5669 35
5670 35
5671 35
5672 35
5673 35
5674 35
5675 35
5676 35
5677 35
5678 35
5679 35
5680 35
5681 35
5682 35
5683 35
5684 35
5685 35
5686 35
5687 35
5688 35
5689 35
5690 35
5691 35
5692 35
5693 35
5694 35
5695 35
5696 35
5697 35
5698 35
5699 35
5700 35
5701 35
5702 35
5703 35
5704 36
5705 36
5706 36
5707 36
5708 36
5709 36
5710 36
5711 36
5712 36
5713 36
5714 36
5715 36
5716 36
5717 36
5718 36
5719 36
5720 36
5721 36
5722 36
5723 36
5724 36
5725 36
5726 36
5727 36
5728 36
5729 36
5730 36
5731 36
5732 36
5733 36
5734 36
5735 36
5736 36
5737 36
5738 36
5739 36
5740 36
5741 36
5742 36
5743 36
5744 36
5745 36
5746 36
5747 36
5748 36
5749 36
5750 36
5751 36
5752 36
5753 36
5754 36
5755 36
5756 36
5757 36
5758 36
5759 36
5760 36
5761 36
5762 36
5763 36
5764 36
5765 36
5766 36
5767 36
5768 36
5769 36
5770 36
5771 36
5772 36
5773 36
5774 36
5775 36
5776 36
5777 36
5778 36
5779 36
5780 36
5781 36
5782 36
5783 36
5784 36
5785 36
5786 36
5787 36
5788 36
5789 36
5790 36
5791 36
5792 36
5793 36
5794 36
5795 36
5796 36
5797 36
5798 36
5799 36
5800 36
5801 36
5802 36
5803 36
5804 36
5805 36
5806 36
5807 36
5808 36
5809 36
5810 36
5811 36
5812 36
5813 36
5814 36
5815 36
5816 36
5817 36
5818 36
5819 36
5820 36
5821 36
5822 36
5823 36
5824 36
5825 36
5826 36
5827 36
5828 36
5829 36
5830 36
5831 36
5832 36
5833 36
5834 36
5835 36
5836 36
5837 36
5838 36
5839 36
5840 36
5841 36
5842 36
5843 36
5844 36
5845 36
5846 36
5847 36
5848 36
5849 36
5850 36
5851 36
5852 36
5853 36
5854 36
5855 36
5856 36
5857 36
5858 36
5859 36
5860 36
5861 36
5862 36
5863 36
5864 36
5865 36
5866 36
5867 36
5868 36
5869 36
5870 36
5871 36
5872 36
5873 36
5874 36
5875 36
5876 36
5877 36
5878 36
5879 36
5880 36
5881 36
5882 36
5883 36
5884 36
5885 36
5886 36
5887 36
5888 36
5889 36
5890 36
5891 36
5892 36
5893 36
5894 36
5895 36
5896 36
5897 37
5898 37
5899 37
5900 37
5901 37
5902 37
5903 37
5904 37
5905 37
5906 37
5907 37
5908 37
5909 37
5910 37
5911 37
5912 37
5913 37
5914 37
5915 37
5916 37
5917 37
5918 37
5919 37
5920 37
5921 37
5922 37
5923 37
5924 37
5925 37
5926 37
5927 37
5928 37
5929 37
5930 37
5931 37
5932 37
5933 37
5934 37
5935 37
5936 37
5937 37
5938 37
5939 37
5940 37
5941 37
5942 37
5943 37
5944 37
5945 37
5946 37
5947 37
5948 37
5949 37
5950 37
5951 37
5952 37
5953 37
5954 37
5955 37
5956 37
5957 37
5958 37
5959 37
5960 37
5961 37
5962 37
5963 37
5964 37
5965 37
5966 37
5967 37
5968 37
5969 37
5970 37
5971 37
5972 37
5973 37
5974 37
5975 37
5976 37
5977 37
5978 37
5979 37
5980 37
5981 37
5982 37
5983 37
5984 37
5985 37
5986 37
5987 37
5988 37
5989 37
5990 37
5991 37
5992 37
5993 37
5994 37
5995 37
5996 37
5997 37
5998 37
5999 37
6000 37
6001 37
6002 37
6003 37
6004 37
6005 37
6006 37
6007 37
6008 37
6009 37
6010 37
6011 37
6012 37
6013 37
6014 37
6015 37
6016 37
6017 37
6018 37
6019 37
6020 37
6021 37
6022 37
6023 37
6024 37
6025 37
6026 38
6027 38
6028 38
6029 38
6030 38
6031 38
6032 38
6033 38
6034 38
6035 38
6036 38
6037 38
6038 38
6039 38
6040 38
6041 38
6042 38
6043 38
6044 38
6045 38
6046 38
6047 38
6048 38
6049 38
6050 38
6051 38
6052 38
6053 38
6054 38
6055 38
6056 38
6057 38
6058 38
6059 38
6060 38
6061 38
6062 38
6063 38
6064 38
6065 38
6066 38
6067 38
6068 38
6069 38
6070 38
6071 38
6072 38
6073 38
6074 38
6075 38
6076 38
6077 38
6078 38
6079 38
6080 38
6081 38
6082 38
6083 38
6084 38
6085 38
6086 38
6087 38
6088 38
6089 38
6090 38
6091 38
6092 38
6093 38
6094 38
6095 38
6096 38
6097 38
6098 38
6099 38
6100 38
6101 38
6102 38
6103 38
6104 38
6105 38
6106 38
6107 38
6108 38
6109 38
6110 38
6111 38
6112 38
6113 38
6114 38
6115 38
6116 38
6117 38
6118 38
6119 38
6120 38
6121 38
6122 38
6123 38
6124 38
6125 38
6126 38
6127 38
6128 38
6129 38
6130 38
6131 38
6132 38
6133 38
6134 38
6135 38
6136 39
6137 39
6138 39
6139 39
6140 39
6141 39
6142 39
6143 39
6144 39
6145 39
6146 39
6147 39
6148 39
6149 39
6150 39
6151 39
6152 39
6153 39
6154 39
6155 39
6156 39
6157 39
6158 39
6159 39
6160 39
6161 39
6162 39
6163 39
6164 39
6165 39
6166 39
6167 39
6168 39
6169 39
6170 39
6171 39
6172 39
6173 39
6174 39
6175 39
6176 39
6177 39
6178 39
6179 39
6180 39
6181 39
6182 39
6183 39
6184 39
6185 39
6186 39
6187 39
6188 39
6189 39
6190 39
6191 39
6192 39
6193 39
6194 39
6195 39
6196 39
6197 39
6198 39
6199 39
6200 39
6201 39
6202 39
6203 39
6204 39
6205 39
6206 39
6207 39
6208 39
6209 39
6210 39
6211 39
6212 39
6213 39
6214 39
6215 39
6216 39
6217 39
6218 39
6219 39
6220 39
6221 39
6222 39
6223 39
6224 39
6225 39
6226 39
6227 39
6228 39
6229 39
6230 39
6231 39
6232 39
6233 39
6234 39
6235 39
6236 39
6237 39
6238 39
6239 39
6240 39
6241 39
6242 39
6243 39
6244 39
6245 39
6246 39
6247 39
6248 39
6249 39
6250 39
6251 39
6252 39
6253 39
6254 39
6255 39
6256 39
6257 39
6258 39
6259 39
6260 39
6261 39
6262 39
6263 39
6264 39
6265 39
6266 39
6267 39
6268 39
6269 39
6270 39
6271 39
6272 39
6273 39
6274 39
6275 39
6276 39
6277 39
6278 39
6279 39
6280 39
6281 39
6282 39
6283 39
6284 39
6285 39
6286 39
6287 39
6288 39
6289 39
6290 39
6291 39
6292 39
6293 39
6294 39
6295 39
6296 39
6297 39
6298 39
6299 39
6300 39
6301 39
6302 39
6303 39
6304 39
6305 39
6306 39
6307 39
6308 39
6309 39
6310 39
6311 39
6312 40
6313 40
6314 40
6315 40
6316 40
6317 40
6318 40
6319 40
6320 40
6321 40
6322 40
6323 40
6324 40
6325 40
6326 40
6327 40
6328 40
6329 40
6330 40
6331 40
6332 40
6333 40
6334 40
6335 40
6336 40
6337 40
6338 40
6339 40
6340 40
6341 40
6342 40
6343 40
6344 40
6345 40
6346 40
6347 40
6348 40
6349 40
6350 40
6351 40
6352 40
6353 40
6354 40
6355 40
6356 40
6357 40
6358 40
6359 40
6360 40
6361 40
6362 40
6363 40
6364 40
6365 40
6366 40
6367 40
6368 40
6369 40
6370 40
6371 40
6372 40
6373 40
6374 40
6375 40
6376 40
6377 40
6378 40
6379 40
6380 40
6381 40
6382 40
6383 40
6384 40
6385 40
6386 40
6387 40
6388 40
6389 40
6390 40
6391 40
6392 40
6393 40
6394 40
6395 40
6396 40
6397 40
6398 40
6399 40
6400 40
6401 40
6402 40
6403 40
6404 40
6405 40
6406 40
6407 40
6408 40
6409 40
6410 40
6411 40
6412 40
6413 40
6414 40
6415 40
6416 40
6417 40
6418 40
6419 40
6420 40
6421 40
6422 40
6423 40
6424 40
6425 40
6426 40
6427 40
6428 40
6429 40
6430 40
6431 40
6432 40
6433 40
6434 40
6435 40
6436 40
6437 40
6438 40
6439 40
6440 40
6441 40
6442 40
6443 40
6444 40
6445 40
6446 40
6447 40
6448 40
6449 40
6450 40
6451 40
6452 40
6453 40
6454 40
6455 40
6456 40
6457 40
6458 40
6459 40
6460 40
6461 40
6462 40
6463 40
6464 40
6465 40
6466 40
6467 40
6468 40
6469 40
6470 40
6471 40
6472 40
6473 40
6474 40
6475 40
6476 40
6477 40
6478 40
6479 40
6480 40
6481 40
6482 40
6483 40
6484 40
6485 40
6486 40
6487 40
6488 40
6489 40
6490 40
6491 40
6492 40
6493 40
6494 40
6495 40
6496 40
6497 40
6498 40
6499 40
6500 40
6501 40
6502 40
6503 40
6504 40
6505 40
6506 40
6507 40
6508 40
6509 40
6510 40
6511 40
6512 40
6513 40
6514 40
6515 40
6516 40
6517 40
6518 40
6519 40
6520 40
6521 40
6522 40
6523 40
6524 40
6525 40
6526 40
6527 40
6528 40
6529 40
6530 40
6531 40
6532 40
6533 40
6534 40
6535 41
6536 41
6537 41
6538 41
6539 41
6540 41
6541 41
6542 41
6543 41
6544 41
6545 41
6546 41
6547 41
6548 41
6549 41
6550 41
6551 41
6552 41
6553 41
6554 41
6555 41
6556 41
6557 41
6558 41
6559 41
6560 41
6561 41
6562 41
6563 41
6564 41
6565 41
6566 41
6567 41
6568 41
6569 41
6570 41
6571 41
6572 41
6573 41
6574 41
6575 41
6576 41
6577 41
6578 41
6579 41
6580 41
6581 41
6582 41
6583 41
6584 41
6585 41
6586 41
6587 41
6588 41
6589 41
6590 41
6591 41
6592 41
6593 41
6594 41
6595 41
6596 41
6597 41
6598 41
6599 41
6600 41
6601 41
6602 41
6603 41
6604 41
6605 41
6606 41
6607 41
6608 41
6609 41
6610 41
6611 41
6612 41
6613 41
6614 41
6615 41
6616 41
6617 41
6618 41
6619 41
6620 41
6621 41
6622 41
6623 41
6624 41
6625 41
6626 41
6627 41
6628 41
6629 41
6630 41
6631 41
6632 41
6633 41
6634 41
6635 41
6636 41
6637 41
6638 41
6639 41
6640 41
6641 41
6642 41
6643 41
6644 41
6645 41
6646 41
6647 41
6648 41
6649 41
6650 41
6651 41
6652 41
6653 41
6654 41
6655 41
6656 41
6657 41
6658 41
6659 41
6660 41
6661 41
6662 41
6663 41
6664 41
6665 41
6666 41
6667 41
6668 41
6669 41
6670 41
6671 41
6672 41
6673 41
6674 41
6675 41
6676 41
6677 41
6678 41
6679 41
6680 41
6681 41
6682 41
6683 41
6684 41
6685 41
6686 41
6687 41
6688 41
6689 41
6690 41
6691 41
6692 41
6693 41
6694 41
6695 41
6696 41
6697 41
6698 41
6699 41
6700 41
6701 41
6702 41
6703 41
6704 41
6705 41
6706 41
6707 41
6708 41
6709 41
6710 41
6711 41
6712 41
6713 41
6714 41
6715 41
6716 41
6717 41
6718 41
6719 41
6720 41
6721 41
6722 41
6723 41
6724 41
6725 41
6726 41
6727 41
6728 41
6729 41
6730 41
6731 41
6732 41
6733 41
6734 41
6735 41
6736 41
6737 41
6738 41
6739 41
6740 41
6741 41
6742 41
6743 41
6744 41
6745 41
6746 41
6747 41
6748 41
6749 41
6750 41
6751 41
6752 41
6753 41
6754 41
6755 41
6756 41
6757 41
6758 41
6759 41
6760 41
6761 41
6762 41
6763 41
6764 41
6765 41
6766 41
6767 41
6768 41
6769 41
6770 41
6771 41
6772 41
6773 41
6774 41
6775 41
6776 41
6777 41
6778 41
6779 41
6780 41
6781 41
6782 41
6783 41
6784 41
6785 41
6786 41
6787 41
6788 41
6789 41
6790 41
6791 41
6792 41
6793 41
6794 41
6795 41
6796 41
6797 41
6798 41
6799 41
6800 41
6801 41
6802 41
6803 41
6804 41
6805 41
6806 41
6807 41
6808 41
6809 41
6810 41
6811 41
6812 41
6813 41
6814 41
6815 41
6816 41
6817 41
6818 41
6819 41
6820 41
6821 41
6822 41
6823 41
6824 41
6825 41
6826 41
6827 41
6828 41
6829 41
6830 41
6831 41
6832 41
6833 41
6834 41
6835 41
6836 41
6837 41
6838 41
6839 41
6840 41
6841 41
6842 41
6843 41
6844 41
6845 41
6846 41
6847 41
6848 41
6849 41
6850 41
6851 41
6852 41
6853 41
6854 41
6855 41
6856 41
6857 41
6858 41
6859 41
6860 41
6861 41
6862 41
6863 41
6864 41
6865 41
6866 41
6867 41
6868 41
6869 41
6870 41
6871 41
6872 41
6873 41
6874 41
6875 41
6876 41
6877 41
6878 41
6879 41
6880 41
6881 41
6882 41
6883 41
6884 42
6885 42
6886 42
6887 42
6888 42
6889 42
6890 42
6891 42
6892 42
6893 42
6894 42
6895 42
6896 42
6897 42
6898 42
6899 42
6900 42
6901 42
6902 42
6903 42
6904 42
6905 42
6906 42
6907 42
6908 42
6909 42
6910 42
6911 42
6912 42
6913 42
6914 42
6915 42
6916 42
6917 42
6918 42
6919 42
6920 42
6921 42
6922 42
6923 42
6924 42
6925 42
6926 42
6927 42
6928 42
6929 42
6930 42
6931 42
6932 42
6933 42
6934 42
6935 42
6936 42
6937 42
6938 42
6939 42
6940 42
6941 42
6942 42
6943 42
6944 42
6945 42
6946 42
6947 42
6948 42
6949 42
6950 42
6951 42
6952 42
6953 42
6954 42
6955 42
6956 42
6957 42
6958 42
6959 42
6960 42
6961 42
6962 42
6963 42
6964 42
6965 42
6966 42
6967 42
6968 42
6969 42
6970 42
6971 42
6972 42
6973 42
6974 42
6975 42
6976 42
6977 42
6978 42
6979 42
6980 42
6981 42
6982 42
6983 42
6984 42
6985 42
6986 42
6987 42
6988 42
6989 42
6990 42
6991 42
6992 42
6993 42
6994 42
6995 42
6996 42
6997 42
6998 42
6999 42
7000 42
7001 42
7002 42
7003 42
7004 42
7005 42
7006 42
7007 42
7008 42
7009 42
7010 42
7011 42
7012 42
7013 42
7014 42
7015 42
7016 42
7017 42
7018 42
7019 42
7020 42
7021 42
7022 42
7023 42
7024 42
7025 42
7026 42
7027 42
7028 42
7029 42
7030 42
7031 42
7032 42
7033 42
7034 42
7035 42
7036 42
7037 42
7038 42
7039 42
7040 42
7041 42
7042 42
7043 42
7044 42
7045 42
7046 42
7047 42
7048 42
7049 42
7050 42
7051 42
7052 42
7053 42
7054 42
7055 42
7056 42
7057 42
7058 42
7059 42
7060 42
7061 42
7062 42
7063 42
7064 42
7065 42
7066 42
7067 42
7068 42
7069 42
7070 42
7071 42
7072 42
7073 42
7074 42
7075 42
7076 42
7077 42
7078 42
7079 42
7080 42
7081 42
7082 42
7083 42
7084 42
7085 42
7086 42
7087 42
7088 42
7089 42
7090 42
7091 42
7092 42
7093 42
7094 42
7095 42
7096 43
7097 43
7098 43
7099 43
7100 43
7101 43
7102 43
7103 43
7104 43
7105 43
7106 43
7107 43
7108 43
7109 43
7110 43
7111 43
7112 43
7113 43
7114 43
7115 43
7116 43
7117 43
7118 43
7119 43
7120 43
7121 43
7122 43
7123 43
7124 43
7125 43
7126 43
7127 43
7128 43
7129 43
7130 43
7131 43
7132 43
7133 43
7134 43
7135 43
7136 43
7137 43
7138 43
7139 43
7140 43
7141 43
7142 43
7143 43
7144 43
7145 43
7146 43
7147 43
7148 43
7149 43
7150 43
7151 43
7152 43
7153 43
7154 43
7155 43
7156 43
7157 43
7158 43
7159 43
7160 43
7161 43
7162 43
7163 43
7164 43
7165 43
7166 43
7167 43
7168 43
7169 43
7170 43
7171 43
7172 43
7173 43
7174 43
7175 43
7176 43
7177 43
7178 43
7179 43
7180 43
7181 43
7182 43
7183 43
7184 43
7185 43
7186 43
7187 43
7188 43
7189 43
7190 43
7191 43
7192 43
7193 43
7194 43
7195 43
7196 43
7197 43
7198 43
7199 43
7200 43
7201 43
7202 43
7203 43
7204 43
7205 43
7206 43
7207 43
7208 43
7209 43
7210 43
7211 43
7212 43
7213 43
7214 43
7215 43
7216 43
7217 43
7218 43
7219 43
7220 43
7221 43
7222 43
7223 43
7224 43
7225 44
7226 44
7227 44
7228 44
7229 44
7230 44
7231 44
7232 44
7233 44
7234 44
7235 44
7236 44
7237 44
7238 44
7239 44
7240 44
7241 44
7242 44
7243 44
7244 44
7245 44
7246 44
7247 44
7248 44
7249 44
7250 44
7251 44
7252 44
7253 44
7254 44
7255 44
7256 44
7257 44
7258 44
7259 44
7260 44
7261 44
7262 44
7263 44
7264 44
7265 44
7266 44
7267 44
7268 44
7269 44
7270 44
7271 44
7272 44
7273 44
7274 44
7275 44
7276 44
7277 44
7278 44
7279 44
7280 44
7281 44
7282 44
7283 44
7284 44
7285 44
7286 44
7287 44
7288 44
7289 44
7290 44
7291 44
7292 44
7293 44
7294 44
7295 44
7296 44
7297 44
7298 44
7299 44
7300 44
7301 44
7302 44
7303 44
7304 44
7305 44
7306 44
7307 44
7308 44
7309 44
7310 44
7311 44
7312 44
7313 44
7314 44
7315 44
7316 44
7317 44
7318 44
7319 44
7320 44
7321 44
7322 44
7323 44
7324 44
7325 44
7326 44
7327 44
7328 44
7329 44
7330 44
7331 44
7332 44
7333 44
7334 44
7335 44
7336 44
7337 44
7338 44
7339 44
7340 44
7341 45
7342 45
7343 45
7344 45
7345 45
7346 45
7347 45
7348 45
7349 45
7350 45
7351 45
7352 45
7353 45
7354 45
7355 45
7356 45
7357 45
7358 45
7359 45
7360 45
7361 45
7362 45
7363 45
7364 45
7365 45
7366 45
7367 45
7368 45
7369 45
7370 45
7371 45
7372 45
7373 45
7374 45
7375 45
7376 45
7377 45
7378 45
7379 45
7380 45
7381 45
7382 45
7383 45
7384 45
7385 45
7386 45
7387 45
7388 45
7389 45
7390 45
7391 45
7392 45
7393 45
7394 45
7395 45
7396 45
7397 45
7398 45
7399 45
7400 45
7401 45
7402 45
7403 45
7404 45
7405 45
7406 45
7407 45
7408 45
7409 45
7410 45
7411 45
7412 45
7413 45
7414 45
7415 45
7416 45
7417 45
7418 45
7419 45
7420 45
7421 45
7422 45
7423 45
7424 45
7425 45
7426 45
7427 45
7428 45
7429 45
7430 45
7431 45
7432 45
7433 45
7434 45
7435 45
7436 45
7437 45
7438 45
7439 45
7440 45
7441 45
7442 45
7443 45
7444 45
7445 45
7446 45
7447 45
7448 45
7449 45
7450 45
7451 45
7452 45
7453 45
7454 45
7455 45
7456 45
7457 45
7458 45
7459 45
7460 45
7461 45
7462 45
7463 45
7464 45
7465 45
7466 45
7467 45
7468 45
7469 45
7470 45
7471 45
7472 45
7473 45
7474 45
7475 45
7476 45
7477 45
7478 45
7479 45
7480 45
7481 45
7482 45
7483 45
7484 45
7485 45
7486 45
7487 45
7488 45
7489 45
7490 45
7491 45
7492 45
7493 45
7494 45
7495 45
7496 45
7497 45
7498 45
7499 45
7500 45
7501 45
7502 45
7503 45
7504 45
7505 45
7506 45
7507 45
7508 45
7509 45
7510 45
7511 45
7512 45
7513 45
7514 45
7515 45
7516 45
7517 45
7518 45
7519 45
7520 45
7521 45
7522 45
7523 45
7524 45
7525 45
7526 45
7527 45
7528 45
7529 45
7530 45
7531 45
7532 45
7533 45
7534 45
7535 45
7536 45
7537 45
7538 45
7539 45
7540 45
7541 45
7542 45
7543 45
7544 45
7545 45
7546 45
7547 45
7548 45
7549 45
7550 45
7551 45
7552 45
7553 45
7554 45
7555 45
7556 45
7557 45
7558 45
7559 45
7560 45
7561 45
7562 45
7563 45
7564 45
7565 45
7566 45
7567 45
7568 45
7569 45
7570 45
7571 45
7572 45
7573 45
7574 45
7575 45
7576 45
7577 45
7578 45
7579 45
7580 45
7581 45
7582 45
7583 45
7584 45
7585 45
7586 45
7587 45
7588 45
7589 45
7590 45
7591 45
7592 45
7593 45
7594 45
7595 45
7596 45
7597 45
7598 45
7599 45
7600 45
7601 45
7602 45
7603 45
7604 45
7605 45
7606 45
7607 45
7608 45
7609 45
7610 45
7611 46
7612 46
7613 46
7614 46
7615 46
7616 46
7617 46
7618 46
7619 46
7620 46
7621 46
7622 46
7623 46
7624 46
7625 46
7626 46
7627 46
7628 46
7629 46
7630 46
7631 46
7632 46
7633 46
7634 46
7635 46
7636 46
7637 46
7638 46
7639 46
7640 46
7641 46
7642 46
7643 46
7644 46
7645 46
7646 46
7647 46
7648 46
7649 46
7650 46
7651 46
7652 46
7653 46
7654 46
7655 46
7656 46
7657 46
7658 46
7659 46
7660 46
7661 46
7662 46
7663 46
7664 46
7665 46
7666 46
7667 46
7668 46
7669 46
7670 46
7671 46
7672 46
7673 46
7674 46
7675 46
7676 46
7677 46
7678 46
7679 46
7680 46
7681 46
7682 46
7683 46
7684 46
7685 46
7686 46
7687 46
7688 46
7689 46
7690 46
7691 46
7692 46
7693 46
7694 46
7695 46
7696 46
7697 46
7698 46
7699 46
7700 46
7701 46
7702 46
7703 46
7704 46
7705 46
7706 46
7707 46
7708 46
7709 46
7710 46
7711 46
7712 46
7713 46
7714 46
7715 46
7716 46
7717 46
7718 46
7719 46
7720 46
7721 46
7722 46
7723 46
7724 46
7725 46
7726 46
7727 46
7728 46
7729 46
7730 46
7731 46
7732 46
7733 46
7734 46
7735 46
7736 46
7737 46
7738 46
7739 46
7740 46
7741 46
7742 46
7743 46
7744 46
7745 46
7746 46
7747 46
7748 46
7749 46
7750 46
7751 46
7752 46
7753 47
7754 47
7755 47
7756 47
7757 47
7758 47
7759 47
7760 47
7761 47
7762 47
7763 47
7764 47
7765 47
7766 47
7767 47
7768 47
7769 47
7770 47
7771 47
7772 47
7773 47
7774 47
7775 47
7776 47
7777 47
7778 47
7779 47
7780 47
7781 47
7782 47
7783 47
7784 47
7785 47
7786 47
7787 47
7788 47
7789 47
7790 47
7791 47
7792 47
7793 47
7794 47
7795 47
7796 47
7797 47
7798 47
7799 47
7800 47
7801 47
7802 47
7803 47
7804 47
7805 47
7806 47
7807 47
7808 47
7809 47
7810 47
7811 47
7812 47
7813 47
7814 47
7815 47
7816 47
7817 47
7818 47
7819 47
7820 47
7821 47
7822 47
7823 47
7824 47
7825 47
7826 47
7827 47
7828 47
7829 47
7830 47
7831 47
7832 47
7833 47
7834 47
7835 47
7836 47
7837 47
7838 47
7839 47
7840 47
7841 47
7842 47
7843 47
7844 47
7845 47
7846 47
7847 47
7848 47
7849 47
7850 47
7851 47
7852 47
7853 47
7854 47
7855 47
7856 47
7857 47
7858 47
7859 47
7860 47
7861 47
7862 47
7863 47
7864 47
7865 47
7866 47
7867 47
7868 47
7869 47
7870 47
7871 47
7872 47
7873 47
7874 47
7875 47
7876 47
7877 47
7878 47
7879 47
7880 47
7881 47
7882 47
7883 47
7884 47
7885 47
7886 47
7887 47
7888 47
7889 47
7890 47
7891 47
7892 47
7893 47
7894 47
7895 47
7896 47
7897 47
7898 47
7899 47
7900 47
7901 47
7902 47
7903 47
7904 47
7905 47
7906 47
7907 47
7908 47
7909 47
7910 47
7911 47
7912 47
7913 47
7914 47
7915 47
7916 47
7917 47
7918 47
7919 47
7920 47
7921 47
7922 47
7923 47
7924 47
7925 47
7926 47
7927 47
7928 47
7929 47
7930 47
7931 47
7932 47
7933 47
7934 47
7935 47
7936 47
7937 47
7938 47
7939 47
7940 47
7941 47
7942 47
7943 47
7944 47
7945 47
7946 47
7947 47
7948 47
7949 47
7950 47
7951 47
7952 47
7953 47
7954 47
7955 47
7956 47
7957 47
7958 47
7959 47
7960 47
7961 47
7962 47
7963 47
7964 47
7965 47
7966 47
7967 47
7968 47
7969 47
7970 47
7971 48
7972 48
7973 48
7974 48
7975 48
7976 48
7977 48
7978 48
7979 48
7980 48
7981 48
7982 48
7983 48
7984 48
7985 48
7986 48
7987 48
7988 48
7989 48
7990 48
7991 48
7992 48
7993 48
7994 48
7995 48
7996 48
7997 48
7998 48
7999 48
8000 48
8001 48
8002 48
8003 48
8004 48
8005 48
8006 48
8007 48
8008 48
8009 48
8010 48
8011 48
8012 48
8013 48
8014 48
8015 48
8016 48
8017 48
8018 48
8019 48
8020 48
8021 48
8022 48
8023 48
8024 48
8025 48
8026 48
8027 48
8028 48
8029 48
8030 48
8031 48
8032 48
8033 48
8034 48
8035 48
8036 48
8037 48
8038 48
8039 48
8040 48
8041 48
8042 48
8043 48
8044 48
8045 48
8046 48
8047 48
8048 48
8049 48
8050 48
8051 48
8052 48
8053 48
8054 48
8055 48
8056 48
8057 48
8058 48
8059 48
8060 48
8061 48
8062 48
8063 48
8064 48
8065 48
8066 48
8067 48
8068 48
8069 48
8070 48
8071 48
8072 48
8073 48
8074 48
8075 48
8076 48
8077 48
8078 48
8079 48
8080 48
8081 48
8082 48
8083 48
8084 48
8085 48
8086 48
8087 48
8088 48
8089 48
8090 48
8091 48
8092 48
8093 48
8094 48
8095 48
8096 48
8097 48
8098 48
8099 48
8100 48
8101 48
8102 48
8103 48
8104 48
8105 48
8106 48
8107 48
8108 48
8109 48
8110 48
8111 48
8112 48
8113 48
8114 48
8115 48
8116 48
8117 48
8118 48
8119 48
8120 48
8121 48
8122 48
8123 48
8124 48
8125 48
8126 48
8127 48
8128 48
8129 48
8130 48
8131 48
8132 48
8133 48
8134 48
8135 48
8136 48
8137 48
8138 48
8139 48
8140 48
8141 48
8142 48
8143 48
8144 48
8145 48
8146 48
8147 48
8148 48
8149 48
8150 48
8151 48
8152 48
8153 48
8154 48
8155 48
8156 48
8157 48
8158 48
8159 48
8160 48
8161 48
8162 48
8163 48
8164 48
8165 48
8166 48
8167 48
8168 48
8169 48
8170 48
8171 48
8172 48
8173 48
8174 48
8175 48
8176 48
8177 48
8178 48
8179 48
8180 48
8181 48
8182 48
8183 48
8184 49
8185 49
8186 49
8187 49
8188 49
8189 49
8190 49
8191 49
8192 49
8193 49
8194 49
8195 49
8196 49
8197 49
8198 49
8199 49
8200 49
8201 49
8202 49
8203 49
8204 49
8205 49
8206 49
8207 49
8208 49
8209 49
8210 49
8211 49
8212 49
8213 49
8214 49
8215 49
8216 49
8217 49
8218 49
8219 49
8220 49
8221 49
8222 49
8223 49
8224 49
8225 49
8226 49
8227 49
8228 49
8229 49
8230 49
8231 49
8232 49
8233 49
8234 49
8235 49
8236 49
8237 49
8238 49
8239 49
8240 49
8241 49
8242 49
8243 49
8244 49
8245 49
8246 49
8247 49
8248 49
8249 49
8250 49
8251 49
8252 49
8253 49
8254 49
8255 49
8256 49
8257 49
8258 49
8259 49
8260 49
8261 49
8262 49
8263 49
8264 49
8265 49
8266 49
8267 49
8268 49
8269 49
8270 49
8271 49
8272 49
8273 49
8274 49
8275 49
8276 49
8277 49
8278 49
8279 49
8280 49
8281 49
8282 49
8283 49
8284 49
8285 49
8286 49
8287 49
8288 49
8289 49
8290 49
8291 49
8292 49
8293 49
8294 49
8295 49
8296 49
8297 49
8298 49
8299 49
8300 49
8301 49
8302 49
8303 49
8304 49
8305 49
8306 49
8307 49
8308 49
8309 49
8310 49
8311 49
8312 49
8313 49
8314 49
8315 49
8316 49
8317 49
8318 49
8319 53
8320 53
8321 53
8322 53
8323 53
8324 53
8325 53
8326 53
8327 53
8328 53
8329 53
8330 53
8331 53
8332 53
8333 53
8334 53
8335 53
8336 53
8337 53
8338 53
8339 53
8340 53
8341 53
8342 53
8343 53
8344 53
8345 53
8346 53
8347 53
8348 53
8349 53
8350 53
8351 53
8352 53
8353 53
8354 53
8355 53
8356 53
8357 53
8358 53
8359 53
8360 53
8361 53
8362 53
8363 53
8364 53
8365 53
8366 53
8367 53
8368 53
8369 53
8370 53
8371 53
8372 53
8373 53
8374 53
8375 53
8376 53
8377 53
8378 53
8379 53
8380 53
8381 53
8382 53
8383 53
8384 53
8385 53
8386 53
8387 53
8388 53
8389 53
8390 53
8391 53
8392 53
8393 53
8394 53
8395 53
8396 53
8397 53
8398 53
8399 53
8400 53
8401 53
8402 53
8403 53
8404 53
8405 53
8406 53
8407 53
8408 53
8409 53
8410 53
8411 53
8412 53
8413 53
8414 53
8415 53
8416 53
8417 53
8418 53
8419 53
8420 53
8421 53
8422 53
8423 53
8424 53
8425 53
8426 53
8427 53
8428 53
8429 53
8430 53
8431 53
8432 53
8433 53
8434 53
8435 53
8436 53
8437 53
8438 53
8439 53
8440 53
8441 53
8442 53
8443 53
8444 53
8445 53
8446 53
8447 53
8448 53
8449 53
8450 53
8451 53
8452 53
8453 53
8454 53
8455 53
8456 53
8457 54
8458 54
8459 54
8460 54
8461 54
8462 54
8463 54
8464 54
8465 54
8466 54
8467 54
8468 54
8469 54
8470 54
8471 54
8472 54
8473 54
8474 54
8475 54
8476 54
8477 54
8478 54
8479 54
8480 54
8481 54
8482 54
8483 54
8484 54
8485 54
8486 54
8487 54
8488 54
8489 54
8490 54
8491 54
8492 54
8493 54
8494 54
8495 54
8496 54
8497 54
8498 54
8499 54
8500 54
8501 54
8502 54
8503 54
8504 54
8505 54
8506 54
8507 54
8508 54
8509 54
8510 54
8511 54
8512 54
8513 54
8514 54
8515 54
8516 54
8517 54
8518 54
8519 54
8520 54
8521 54
8522 54
8523 54
8524 54
8525 54
8526 54
8527 54
8528 54
8529 54
8530 54
8531 54
8532 54
8533 54
8534 54
8535 54
8536 54
8537 54
8538 54
8539 54
8540 54
8541 54
8542 54
8543 54
8544 54
8545 54
8546 54
8547 54
8548 54
8549 54
8550 54
8551 54
8552 54
8553 54
8554 54
8555 54
8556 54
8557 54
8558 54
8559 54
8560 54
8561 54
8562 54
8563 54
8564 54
8565 54
8566 54
8567 54
8568 54
8569 54
8570 54
8571 54
8572 54
8573 54
8574 54
8575 54
8576 54
8577 54
8578 54
8579 54
8580 54
8581 54
8582 54
8583 54
8584 54
8585 54
8586 54
8587 54
8588 54
8589 54
8590 54
8591 54
8592 54
8593 54
8594 54
8595 54
8596 54
8597 54
8598 54
8599 54
8600 54
8601 54
8602 54
8603 55
8604 55
8605 55
8606 55
8607 55
8608 55
8609 55
8610 55
8611 55
8612 55
8613 55
8614 55
8615 55
8616 55
8617 55
8618 55
8619 55
8620 55
8621 55
8622 55
8623 55
8624 55
8625 55
8626 55
8627 55
8628 55
8629 55
8630 55
8631 55
8632 55
8633 55
8634 55
8635 55
8636 55
8637 55
8638 55
8639 55
8640 55
8641 55
8642 55
8643 55
8644 55
8645 55
8646 55
8647 55
8648 55
8649 55
8650 55
8651 55
8652 55
8653 55
8654 55
8655 55
8656 55
8657 55
8658 55
8659 55
8660 55
8661 55
8662 55
8663 55
8664 55
8665 55
8666 55
8667 55
8668 55
8669 55
8670 55
8671 55
8672 55
8673 55
8674 55
8675 55
8676 55
8677 55
8678 55
8679 55
8680 55
8681 55
8682 55
8683 55
8684 55
8685 55
8686 55
8687 55
8688 55
8689 55
8690 55
8691 55
8692 55
8693 55
8694 55
8695 55
8696 55
8697 55
8698 55
8699 55
8700 55
8701 55
8702 55
8703 55
8704 55
8705 55
8706 55
8707 55
8708 55
8709 55
8710 55
8711 55
8712 55
8713 55
8714 55
8715 55
8716 55
8717 55
8718 55
8719 55
8720 55
8721 55
8722 55
8723 55
8724 55
8725 55
8726 55
8727 55
8728 55
8729 55
8730 55
8731 55
8732 55
8733 55
8734 55
8735 55
8736 55
8737 55
8738 55
8739 55
8740 55
8741 55
8742 55
8743 55
8744 55
8745 55
8746 55
8747 55
8748 55
8749 55
8750 55
8751 55
8752 55
8753 55
8754 55
8755 55
8756 55
8757 55
8758 55
8759 55
8760 55
8761 55
8762 56
8763 56
8764 56
8765 56
8766 56
8767 56
8768 56
8769 56
8770 56
8771 56
8772 56
8773 56
8774 56
8775 56
8776 56
8777 56
8778 56
8779 56
8780 56
8781 56
8782 56
8783 56
8784 56
8785 56
8786 56
8787 56
8788 56
8789 56
8790 56
8791 56
8792 56
8793 56
8794 56
8795 56
8796 56
8797 56
8798 56
8799 56
8800 56
8801 56
8802 56
8803 56
8804 56
8805 56
8806 56
8807 56
8808 56
8809 56
8810 56
8811 56
8812 56
8813 56
8814 56
8815 56
8816 56
8817 56
8818 56
8819 56
8820 56
8821 56
8822 56
8823 56
8824 56
8825 56
8826 56
8827 56
8828 56
8829 56
8830 56
8831 56
8832 56
8833 56
8834 56
8835 56
8836 56
8837 56
8838 56
8839 56
8840 56
8841 56
8842 56
8843 56
8844 56
8845 56
8846 56
8847 56
8848 56
8849 56
8850 56
8851 56
8852 56
8853 56
8854 56
8855 56
8856 56
8857 56
8858 56
8859 56
8860 56
8861 56
8862 56
8863 56
8864 56
8865 56
8866 56
8867 56
8868 56
8869 56
8870 56
8871 56
8872 56
8873 56
8874 56
8875 56
8876 56
8877 56
8878 56
8879 56
8880 56
8881 56
8882 56
8883 56
8884 56
8885 56
8886 56
8887 56
8888 56
8889 56
8890 56
8891 56
8892 56
8893 56
8894 56
8895 56
8896 56
8897 56
8898 57
8899 57
8900 57
8901 57
8902 57
8903 57
8904 57
8905 57
8906 57
8907 57
8908 57
8909 57
8910 57
8911 57
8912 57
8913 57
8914 57
8915 57
8916 57
8917 57
8918 57
8919 57
8920 57
8921 57
8922 57
8923 57
8924 57
8925 57
8926 57
8927 57
8928 57
8929 57
8930 57
8931 57
8932 57
8933 57
8934 57
8935 57
8936 57
8937 57
8938 57
8939 57
8940 57
8941 57
8942 57
8943 57
8944 57
8945 57
8946 57
8947 57
8948 57
8949 57
8950 57
8951 57
8952 57
8953 57
8954 57
8955 57
8956 57
8957 57
8958 57
8959 57
8960 57
8961 57
8962 57
8963 57
8964 57
8965 57
8966 57
8967 57
8968 57
8969 57
8970 57
8971 57
8972 57
8973 57
8974 57
8975 57
8976 57
8977 57
8978 57
8979 57
8980 57
8981 57
8982 57
8983 57
8984 57
8985 57
8986 57
8987 57
8988 57
8989 57
8990 57
8991 57
8992 57
8993 57
8994 57
8995 57
8996 57
8997 57
8998 57
8999 57
9000 57
9001 57
9002 57
9003 57
9004 57
9005 57
9006 57
9007 57
9008 57
9009 57
9010 57
9011 57
9012 57
9013 57
9014 57
9015 57
9016 57
9017 57
9018 57
9019 57
9020 57
9021 57
9022 57
9023 57
9024 57
9025 57
9026 57
9027 57
9028 57
9029 57
9030 57
9031 57
9032 57
9033 57
9034 57
9035 57
9036 57
9037 57
9038 57
9039 57
9040 57
9041 57
9042 57
9043 57
9044 57
9045 57
9046 57
9047 58
9048 58
9049 58
9050 58
9051 58
9052 58
9053 58
9054 58
9055 58
9056 58
9057 58
9058 58
9059 58
9060 58
9061 58
9062 58
9063 58
9064 58
9065 58
9066 58
9067 58
9068 58
9069 58
9070 58
9071 58
9072 58
9073 58
9074 58
9075 58
9076 58
9077 58
9078 58
9079 58
9080 58
9081 58
9082 58
9083 58
9084 58
9085 58
9086 58
9087 58
9088 58
9089 58
9090 58
9091 58
9092 58
9093 58
9094 58
9095 58
9096 58
9097 58
9098 58
9099 58
9100 58
9101 58
9102 58
9103 58
9104 58
9105 58
9106 58
9107 58
9108 58
9109 58
9110 58
9111 58
9112 58
9113 58
9114 58
9115 58
9116 58
9117 58
9118 58
9119 58
9120 58
9121 58
9122 58
9123 58
9124 58
9125 58
9126 58
9127 58
9128 58
9129 58
9130 58
9131 58
9132 58
9133 58
9134 58
9135 58
9136 58
9137 58
9138 58
9139 58
9140 58
9141 58
9142 58
9143 58
9144 58
9145 58
9146 58
9147 58
9148 58
9149 58
9150 58
9151 58
9152 58
9153 58
9154 58
9155 58
9156 58
9157 58
9158 58
9159 58
9160 58
9161 58
9162 58
9163 58
9164 58
9165 58
9166 58
9167 58
9168 58
9169 59
9170 59
9171 59
9172 59
9173 59
9174 59
9175 59
9176 59
9177 59
9178 59
9179 59
9180 59
9181 59
9182 59
9183 59
9184 59
9185 59
9186 59
9187 59
9188 59
9189 59
9190 59
9191 59
9192 59
9193 59
9194 59
9195 59
9196 59
9197 59
9198 59
9199 59
9200 59
9201 59
9202 59
9203 59
9204 59
9205 59
9206 59
9207 59
9208 59
9209 59
9210 59
9211 59
9212 59
9213 59
9214 59
9215 59
9216 59
9217 59
9218 59
9219 59
9220 59
9221 59
9222 59
9223 59
9224 59
9225 59
9226 59
9227 59
9228 59
9229 59
9230 59
9231 59
9232 59
9233 59
9234 59
9235 59
9236 59
9237 59
9238 59
9239 59
9240 59
9241 59
9242 59
9243 59
9244 59
9245 59
9246 59
9247 59
9248 59
9249 59
9250 59
9251 59
9252 59
9253 59
9254 59
9255 59
9256 59
9257 59
9258 59
9259 59
9260 59
9261 59
9262 59
9263 59
9264 59
9265 59
9266 59
9267 59
9268 59
9269 59
9270 59
9271 59
9272 59
9273 59
9274 59
9275 59
9276 59
9277 59
9278 59
9279 59
9280 59
9281 59
9282 59
9283 59
9284 59
9285 59
9286 59
9287 59
9288 59
9289 59
9290 59
9291 59
9292 59
9293 59
9294 59
9295 59
9296 59
9297 59
9298 59
9299 59
9300 59
9301 59
9302 59
9303 59
9304 60
9305 60
9306 60
9307 60
9308 60
9309 60
9310 60
9311 60
9312 60
9313 60
9314 60
9315 60
9316 60
9317 60
9318 60
9319 60
9320 60
9321 60
9322 60
9323 60
9324 60
9325 60
9326 60
9327 60
9328 60
9329 60
9330 60
9331 60
9332 60
9333 60
9334 60
9335 60
9336 60
9337 60
9338 60
9339 60
9340 60
9341 60
9342 60
9343 60
9344 60
9345 60
9346 60
9347 60
9348 60
9349 60
9350 60
9351 60
9352 60
9353 60
9354 60
9355 60
9356 60
9357 60
9358 60
9359 60
9360 60
9361 60
9362 60
9363 60
9364 60
9365 60
9366 60
9367 60
9368 60
9369 60
9370 60
9371 60
9372 60
9373 60
9374 60
9375 60
9376 60
9377 60
9378 60
9379 60
9380 60
9381 60
9382 60
9383 60
9384 60
9385 60
9386 60
9387 60
9388 60
9389 60
9390 60
9391 60
9392 60
9393 60
9394 60
9395 60
9396 60
9397 60
9398 60
9399 60
9400 60
9401 60
9402 60
9403 60
9404 60
9405 60
9406 60
9407 60
9408 60
9409 60
9410 60
9411 60
9412 60
9413 60
9414 60
9415 60
9416 60
9417 60
9418 60
9419 60
9420 60
9421 60
9422 60
9423 60
9424 60
9425 60
9426 60
9427 60
9428 60
9429 60
9430 60
9431 60
9432 60
9433 60
9434 60
9435 60
9436 60
9437 60
9438 60
9439 60
9440 60
9441 60
9442 60
9443 60
9444 60
9445 60
9446 60
9447 60
9448 60
9449 60
9450 60
9451 60
9452 60
9453 60
9454 60
9455 60
9456 60
9457 61
9458 61
9459 61
9460 61
9461 61
9462 61
9463 61
9464 61
9465 61
9466 61
9467 61
9468 61
9469 61
9470 61
9471 61
9472 61
9473 61
9474 61
9475 61
9476 61
9477 61
9478 61
9479 61
9480 61
9481 61
9482 61
9483 61
9484 61
9485 61
9486 61
9487 61
9488 61
9489 61
9490 61
9491 61
9492 61
9493 61
9494 61
9495 61
9496 61
9497 61
9498 61
9499 61
9500 61
9501 61
9502 61
9503 61
9504 61
9505 61
9506 61
9507 61
9508 61
9509 61
9510 61
9511 61
9512 61
9513 61
9514 61
9515 61
9516 61
9517 61
9518 61
9519 61
9520 61
9521 61
9522 61
9523 61
9524 61
9525 61
9526 61
9527 61
9528 61
9529 61
9530 61
9531 61
9532 61
9533 61
9534 61
9535 61
9536 61
9537 61
9538 61
9539 61
9540 61
9541 61
9542 61
9543 61
9544 61
9545 61
9546 61
9547 61
9548 61
9549 61
9550 61
9551 61
9552 61
9553 61
9554 61
9555 61
9556 61
9557 61
9558 61
9559 61
9560 61
9561 61
9562 61
9563 61
9564 61
9565 61
9566 61
9567 61
9568 61
9569 61
9570 61
9571 61
9572 61
9573 61
9574 61
9575 61
9576 61
9577 61
9578 61
9579 61
9580 61
9581 61
9582 61
9583 61
9584 61
9585 61
9586 61
9587 61
9588 61
9589 61
9590 61
9591 61
9592 61
9593 61
9594 61
9595 61
9596 61
9597 61
9598 61
9599 61
9600 61
9601 61
9602 61
9603 61
9604 61
9605 61
9606 61
9607 61
9608 61
9609 62
9610 62
9611 62
9612 62
9613 62
9614 62
9615 62
9616 62
9617 62
9618 62
9619 62
9620 62
9621 62
9622 62
9623 62
9624 62
9625 62
9626 62
9627 62
9628 62
9629 62
9630 62
9631 62
9632 62
9633 62
9634 62
9635 62
9636 62
9637 62
9638 62
9639 62
9640 62
9641 62
9642 62
9643 62
9644 62
9645 62
9646 62
9647 62
9648 62
9649 62
9650 62
9651 62
9652 62
9653 62
9654 62
9655 62
9656 62
9657 62
9658 62
9659 62
9660 62
9661 62
9662 62
9663 62
9664 62
9665 62
9666 62
9667 62
9668 62
9669 62
9670 62
9671 62
9672 62
9673 62
9674 62
9675 62
9676 62
9677 62
9678 62
9679 62
9680 62
9681 62
9682 62
9683 62
9684 62
9685 62
9686 62
9687 62
9688 62
9689 62
9690 62
9691 62
9692 62
9693 62
9694 62
9695 62
9696 62
9697 62
9698 62
9699 62
9700 62
9701 62
9702 62
9703 62
9704 62
9705 62
9706 62
9707 62
9708 62
9709 62
9710 62
9711 62
9712 62
9713 62
9714 62
9715 62
9716 62
9717 62
9718 62
9719 62
9720 62
9721 62
9722 62
9723 62
9724 62
9725 62
9726 62
9727 62
9728 62
9729 62
9730 62
9731 62
9732 62
9733 62
9734 62
9735 63
9736 63
9737 63
9738 63
9739 63
9740 63
9741 63
9742 63
9743 63
9744 63
9745 63
9746 63
9747 63
9748 63
9749 63
9750 63
9751 63
9752 63
9753 63
9754 63
9755 63
9756 63
9757 63
9758 63
9759 63
9760 63
9761 63
9762 63
9763 63
9764 63
9765 63
9766 63
9767 63
9768 63
9769 63
9770 63
9771 63
9772 63
9773 63
9774 63
9775 63
9776 63
9777 63
9778 63
9779 63
9780 63
9781 63
9782 63
9783 63
9784 63
9785 63
9786 63
9787 63
9788 63
9789 63
9790 63
9791 63
9792 63
9793 63
9794 63
9795 63
9796 63
9797 63
9798 63
9799 63
9800 63
9801 63
9802 63
9803 63
9804 63
9805 63
9806 63
9807 63
9808 63
9809 63
9810 63
9811 63
9812 63
9813 63
9814 63
9815 63
9816 63
9817 63
9818 63
9819 63
9820 63
9821 63
9822 63
9823 63
9824 63
9825 63
9826 63
9827 63
9828 63
9829 63
9830 63
9831 63
9832 63
9833 63
9834 63
9835 63
9836 63
9837 63
9838 63
9839 63
9840 63
9841 63
9842 63
9843 63
9844 63
9845 63
9846 63
9847 63
9848 63
9849 63
9850 63
9851 63
9852 63
9853 63
9854 63
9855 63
9856 63
9857 63
9858 63
9859 63
9860 63
9861 63
9862 63
9863 63
9864 63
9865 63
9866 63
9867 63
9868 63
9869 63
9870 63
9871 63
9872 63
9873 63
9874 63
9875 63
9876 63
9877 63
9878 63
9879 63
9880 63
9881 63
9882 63
9883 63
9884 63
9885 63
9886 63
9887 63
9888 64
9889 64
9890 64
9891 64
9892 64
9893 64
9894 64
9895 64
9896 64
9897 64
9898 64
9899 64
9900 64
9901 64
9902 64
9903 64
9904 64
9905 64
9906 64
9907 64
9908 64
9909 64
9910 64
9911 64
9912 64
9913 64
9914 64
9915 64
9916 64
9917 64
9918 64
9919 64
9920 64
9921 64
9922 64
9923 64
9924 64
9925 64
9926 64
9927 64
9928 64
9929 64
9930 64
9931 64
9932 64
9933 64
9934 64
9935 64
9936 64
9937 64
9938 64
9939 64
9940 64
9941 64
9942 64
9943 64
9944 64
9945 64
9946 64
9947 64
9948 64
9949 64
9950 64
9951 64
9952 64
9953 64
9954 64
9955 64
9956 64
9957 64
9958 64
9959 64
9960 64
9961 64
9962 64
9963 64
9964 64
9965 64
9966 64
9967 64
9968 64
9969 64
9970 64
9971 64
9972 64
9973 64
9974 64
9975 64
9976 64
9977 64
9978 64
9979 64
9980 64
9981 64
9982 64
9983 64
9984 64
9985 64
9986 64
9987 64
9988 64
9989 64
9990 64
9991 64
9992 64
9993 64
9994 64
9995 64
9996 64
9997 64
9998 64
9999 64
10000 64
10001 64
10002 64
10003 64
10004 64
10005 64
10006 64
10007 64
10008 64
10009 64
10010 64
10011 64
10012 64
10013 64
10014 65
10015 65
10016 65
10017 65
10018 65
10019 65
10020 65
10021 65
10022 65
10023 65
10024 65
10025 65
10026 65
10027 65
10028 65
10029 65
10030 65
10031 65
10032 65
10033 65
10034 65
10035 65
10036 65
10037 65
10038 65
10039 65
10040 65
10041 65
10042 65
10043 65
10044 65
10045 65
10046 65
10047 65
10048 65
10049 65
10050 65
10051 65
10052 65
10053 65
10054 65
10055 65
10056 65
10057 65
10058 65
10059 65
10060 65
10061 65
10062 65
10063 65
10064 65
10065 65
10066 65
10067 65
10068 65
10069 65
10070 65
10071 65
10072 65
10073 65
10074 65
10075 65
10076 65
10077 65
10078 65
10079 65
10080 65
10081 65
10082 65
10083 65
10084 65
10085 65
10086 65
10087 65
10088 65
10089 65
10090 65
10091 65
10092 65
10093 65
10094 65
10095 65
10096 65
10097 65
10098 65
10099 65
10100 65
10101 65
10102 65
10103 65
10104 65
10105 65
10106 65
10107 65
10108 65
10109 65
10110 65
10111 65
10112 65
10113 65
10114 65
10115 65
10116 65
10117 65
10118 65
10119 65
10120 65
10121 65
10122 65
10123 65
10124 65
10125 65
10126 65
10127 65
10128 65
10129 65
10130 65
10131 65
10132 65
10133 65
10134 65
10135 65
10136 65
10137 65
10138 65
10139 65
10140 65
10141 65
10142 65
10143 65
10144 65
10145 65
10146 65
10147 65
10148 65
10149 65
10150 65
10151 65
10152 65
10153 65
10154 65
10155 65
10156 65
10157 65
10158 65
10159 65
10160 65
10161 65
10162 65
10163 65
10164 65
10165 65
10166 65
10167 65
10168 65
10169 66
10170 66
10171 66
10172 66
10173 66
10174 66
10175 66
10176 66
10177 66
10178 66
10179 66
10180 66
10181 66
10182 66
10183 66
10184 66
10185 66
10186 66
10187 66
10188 66
10189 66
10190 66
10191 66
10192 66
10193 66
10194 66
10195 66
10196 66
10197 66
10198 66
10199 66
10200 66
10201 66
10202 66
10203 66
10204 66
10205 66
10206 66
10207 66
10208 66
10209 66
10210 66
10211 66
10212 66
10213 66
10214 66
10215 66
10216 66
10217 66
10218 66
10219 66
10220 66
10221 66
10222 66
10223 66
10224 66
10225 66
10226 66
10227 66
10228 66
10229 66
10230 66
10231 66
10232 66
10233 66
10234 66
10235 66
10236 66
10237 66
10238 66
10239 66
10240 66
10241 66
10242 66
10243 66
10244 66
10245 66
10246 66
10247 66
10248 66
10249 66
10250 66
10251 66
10252 66
10253 66
10254 66
10255 66
10256 66
10257 66
10258 66
10259 66
10260 66
10261 66
10262 66
10263 66
10264 66
10265 66
10266 66
10267 66
10268 66
10269 66
10270 66
10271 66
10272 66
10273 66
10274 66
10275 66
10276 66
10277 66
10278 66
10279 66
10280 66
10281 66
10282 66
10283 66
10284 66
10285 66
10286 66
10287 66
10288 66
10289 66
10290 66
10291 66
10292 66
10293 66
10294 66
10295 66
10296 66
10297 66
10298 66
10299 66
10300 66
10301 66
10302 66
10303 66
10304 66
10305 66
10306 66
10307 66
10308 66
10309 66
10310 66
10311 66
10312 66
10313 66
10314 66
10315 67
10316 67
10317 67
10318 67
10319 67
10320 67
10321 67
10322 67
10323 67
10324 67
10325 67
10326 67
10327 67
10328 67
10329 67
10330 67
10331 67
10332 67
10333 67
10334 67
10335 67
10336 67
10337 67
10338 67
10339 67
10340 67
10341 67
10342 67
10343 67
10344 67
10345 67
10346 67
10347 67
10348 67
10349 67
10350 67
10351 67
10352 67
10353 67
10354 67
10355 67
10356 67
10357 67
10358 67
10359 67
10360 67
10361 67
10362 67
10363 67
10364 67
10365 67
10366 67
10367 67
10368 67
10369 67
10370 67
10371 67
10372 67
10373 67
10374 67
10375 67
10376 67
10377 67
10378 67
10379 67
10380 67
10381 67
10382 67
10383 67
10384 67
10385 67
10386 67
10387 67
10388 67
10389 67
10390 67
10391 67
10392 67
10393 67
10394 67
10395 67
10396 67
10397 67
10398 67
10399 67
10400 67
10401 67
10402 67
10403 67
10404 67
10405 67
10406 67
10407 67
10408 67
10409 67
10410 67
10411 67
10412 67
10413 67
10414 67
10415 67
10416 67
10417 67
10418 67
10419 67
10420 67
10421 67
10422 67
10423 67
10424 67
10425 67
10426 67
10427 67
10428 67
10429 67
10430 67
10431 67
10432 67
10433 67
10434 67
10435 67
10436 67
10437 67
10438 67
10439 67
10440 67
10441 67
10442 67
10443 67
10444 67
10445 67
10446 67
10447 67
10448 67
10449 67
10450 67
10451 67
10452 67
10453 67
10454 67
10455 67
10456 67
10457 67
10458 67
10459 67
10460 67
10461 67
10462 67
10463 67
10464 67
10465 67
10466 67
10467 67
10468 67
10469 67
10470 67
10471 67
10472 67
10473 67
10474 67
10475 67
10476 67
10477 68
10478 68
10479 68
10480 68
10481 68
10482 68
10483 68
10484 68
10485 68
10486 68
10487 68
10488 68
10489 68
10490 68
10491 68
10492 68
10493 68
10494 68
10495 68
10496 68
10497 68
10498 68
10499 68
10500 68
10501 68
10502 68
10503 68
10504 68
10505 68
10506 68
10507 68
10508 68
10509 68
10510 68
10511 68
10512 68
10513 68
10514 68
10515 68
10516 68
10517 68
10518 68
10519 68
10520 68
10521 68
10522 68
10523 68
10524 68
10525 68
10526 68
10527 68
10528 68
10529 68
10530 68
10531 68
10532 68
10533 68
10534 68
10535 68
10536 68
10537 68
10538 68
10539 68
10540 68
10541 68
10542 68
10543 68
10544 68
10545 68
10546 68
10547 68
10548 68
10549 68
10550 68
10551 68
10552 68
10553 68
10554 68
10555 68
10556 68
10557 68
10558 68
10559 68
10560 68
10561 68
10562 68
10563 68
10564 68
10565 68
10566 68
10567 68
10568 68
10569 68
10570 68
10571 68
10572 68
10573 68
10574 68
10575 68
10576 68
10577 68
10578 68
10579 68
10580 68
10581 68
10582 68
10583 68
10584 68
10585 68
10586 68
10587 68
10588 68
10589 68
10590 68
10591 68
10592 68
10593 68
10594 68
10595 68
10596 68
10597 68
10598 68
10599 68
10600 68
10601 68
10602 68
10603 68
10604 68
10605 68
10606 68
10607 68
10608 68
10609 68
10610 68
10611 68
10612 68
10613 68
10614 68
10615 68
10616 68
10617 68
10618 69
10619 69
10620 69
10621 69
10622 69
10623 69
10624 69
10625 69
10626 69
10627 69
10628 69
10629 69
10630 69
10631 69
10632 69
10633 69
10634 69
10635 69
10636 69
10637 69
10638 69
10639 69
10640 69
10641 69
10642 69
10643 69
10644 69
10645 69
10646 69
10647 69
10648 69
10649 69
10650 69
10651 69
10652 69
10653 69
10654 69
10655 69
10656 69
10657 69
10658 69
10659 69
10660 69
10661 69
10662 69
10663 69
10664 69
10665 69
10666 69
10667 69
10668 69
10669 69
10670 69
10671 69
10672 69
10673 69
10674 69
10675 69
10676 69
10677 69
10678 69
10679 69
10680 69
10681 69
10682 69
10683 69
10684 69
10685 69
10686 69
10687 69
10688 69
10689 69
10690 69
10691 69
10692 69
10693 69
10694 69
10695 69
10696 69
10697 69
10698 69
10699 69
10700 69
10701 69
10702 69
10703 69
10704 69
10705 69
10706 69
10707 69
10708 69
10709 69
10710 69
10711 69
10712 69
10713 69
10714 69
10715 69
10716 69
10717 69
10718 69
10719 69
10720 69
10721 69
10722 69
10723 69
10724 69
10725 69
10726 69
10727 69
10728 69
10729 69
10730 69
10731 69
10732 69
10733 69
10734 69
10735 69
10736 69
10737 69
10738 69
10739 69
10740 69
10741 69
10742 69
10743 69
10744 69
10745 70
10746 70
10747 70
10748 70
10749 70
10750 70
10751 70
10752 70
10753 70
10754 70
10755 70
10756 70
10757 70
10758 70
10759 70
10760 70
10761 70
10762 70
10763 70
10764 70
10765 70
10766 70
10767 70
10768 70
10769 70
10770 70
10771 70
10772 70
10773 70
10774 70
10775 70
10776 70
10777 70
10778 70
10779 70
10780 70
10781 70
10782 70
10783 70
10784 70
10785 70
10786 70
10787 70
10788 70
10789 70
10790 70
10791 70
10792 70
10793 70
10794 70
10795 70
10796 70
10797 70
10798 70
10799 70
10800 70
10801 70
10802 70
10803 70
10804 70
10805 70
10806 70
10807 70
10808 70
10809 70
10810 70
10811 70
10812 70
10813 70
10814 70
10815 70
10816 70
10817 70
10818 70
10819 70
10820 70
10821 70
10822 70
10823 70
10824 70
10825 70
10826 70
10827 70
10828 70
10829 70
10830 70
10831 70
10832 70
10833 70
10834 70
10835 70
10836 70
10837 70
10838 70
10839 70
10840 70
10841 70
10842 70
10843 70
10844 70
10845 70
10846 70
10847 70
10848 70
10849 70
10850 70
10851 70
10852 70
10853 70
10854 70
10855 70
10856 70
10857 70
10858 70
10859 70
10860 70
10861 70
10862 70
10863 71
10864 71
10865 71
10866 71
10867 71
10868 71
10869 71
10870 71
10871 71
10872 71
10873 71
10874 71
10875 71
10876 71
10877 71
10878 71
10879 71
10880 71
10881 71
10882 71
10883 71
10884 71
10885 71
10886 71
10887 71
10888 71
10889 71
10890 71
10891 71
10892 71
10893 71
10894 71
10895 71
10896 71
10897 71
10898 71
10899 71
10900 71
10901 71
10902 71
10903 71
10904 71
10905 71
10906 71
10907 71
10908 71
10909 71
10910 71
10911 71
10912 71
10913 71
10914 71
10915 71
10916 71
10917 71
10918 71
10919 71
10920 71
10921 71
10922 71
10923 71
10924 71
10925 71
10926 71
10927 71
10928 71
10929 71
10930 71
10931 71
10932 71
10933 71
10934 71
10935 71
10936 71
10937 71
10938 71
10939 71
10940 71
10941 71
10942 71
10943 71
10944 71
10945 71
10946 71
10947 71
10948 71
10949 71
10950 71
10951 71
10952 71
10953 71
10954 71
10955 71
10956 71
10957 71
10958 71
10959 71
10960 71
10961 71
10962 71
10963 71
10964 71
10965 71
10966 71
10967 71
10968 71
10969 71
10970 71
10971 71
10972 71
10973 71
10974 71
10975 71
10976 71
10977 71
10978 71
10979 71
10980 71
10981 71
10982 71
10983 71
10984 71
10985 71
10986 71
10987 71
10988 71
10989 71
10990 71
10991 71
10992 71
10993 71
10994 71
10995 71
10996 71
10997 71
10998 71
10999 71
11000 71
11001 71
11002 71
11003 72
11004 72
11005 72
11006 72
11007 72
11008 72
11009 72
11010 72
11011 72
11012 72
11013 72
11014 72
11015 72
11016 72
11017 72
11018 72
11019 72
11020 72
11021 72
11022 72
11023 72
11024 72
11025 72
11026 72
11027 72
11028 72
11029 72
11030 72
11031 72
11032 72
11033 72
11034 72
11035 72
11036 72
11037 72
11038 72
11039 72
11040 72
11041 72
11042 72
11043 72
11044 72
11045 72
11046 72
11047 72
11048 72
11049 72
11050 72
11051 72
11052 72
11053 72
11054 72
11055 72
11056 72
11057 72
11058 72
11059 72
11060 72
11061 72
11062 72
11063 72
11064 72
11065 72
11066 72
11067 72
11068 72
11069 72
11070 72
11071 72
11072 72
11073 72
11074 72
11075 72
11076 72
11077 72
11078 72
11079 72
11080 72
11081 72
11082 72
11083 72
11084 72
11085 72
11086 72
11087 72
11088 72
11089 72
11090 72
11091 72
11092 72
11093 72
11094 72
11095 72
11096 72
11097 72
11098 72
11099 72
11100 72
11101 72
11102 72
11103 72
11104 72
11105 72
11106 72
11107 72
11108 72
11109 72
11110 72
11111 72
11112 72
11113 72
11114 72
11115 72
11116 72
11117 72
11118 72
11119 72
11120 72
11121 72
11122 72
11123 72
11124 72
11125 72
11126 72
11127 72
11128 72
11129 72
11130 72
11131 72
11132 72
11133 72
11134 72
11135 72
11136 72
11137 72
11138 73
11139 73
11140 73
11141 73
11142 73
11143 73
11144 73
11145 73
11146 73
11147 73
11148 73
11149 73
11150 73
11151 73
11152 73
11153 73
11154 73
11155 73
11156 73
11157 73
11158 73
11159 73
11160 73
11161 73
11162 73
11163 73
11164 73
11165 73
11166 73
11167 73
11168 73
11169 73
11170 73
11171 73
11172 73
11173 73
11174 73
11175 73
11176 73
11177 73
11178 73
11179 73
11180 73
11181 73
11182 73
11183 73
11184 73
11185 73
11186 73
11187 73
11188 73
11189 73
11190 73
11191 73
11192 73
11193 73
11194 73
11195 73
11196 73
11197 73
11198 73
11199 73
11200 73
11201 73
11202 73
11203 73
11204 73
11205 73
11206 73
11207 73
11208 73
11209 73
11210 73
11211 73
11212 73
11213 73
11214 73
11215 73
11216 73
11217 73
11218 73
11219 73
11220 73
11221 73
11222 73
11223 73
11224 73
11225 73
11226 73
11227 73
11228 73
11229 73
11230 73
11231 73
11232 73
11233 73
11234 73
11235 73
11236 73
11237 73
11238 73
11239 73
11240 73
11241 73
11242 73
11243 73
11244 74
11245 74
11246 74
11247 74
11248 74
11249 74
11250 74
11251 74
11252 74
11253 74
11254 74
11255 74
11256 74
11257 74
11258 74
11259 74
11260 74
11261 74
11262 74
11263 74
11264 74
11265 74
11266 74
11267 74
11268 74
11269 74
11270 74
11271 74
11272 74
11273 74
11274 74
11275 74
11276 74
11277 74
11278 74
11279 74
11280 74
11281 74
11282 74
11283 74
11284 74
11285 74
11286 74
11287 74
11288 74
11289 74
11290 74
11291 74
11292 74
11293 74
11294 74
11295 74
11296 74
11297 74
11298 74
11299 74
11300 74
11301 74
11302 74
11303 74
11304 74
11305 74
11306 74
11307 74
11308 74
11309 74
11310 74
11311 74
11312 74
11313 74
11314 74
11315 74
11316 74
11317 74
11318 74
11319 74
11320 74
11321 74
11322 74
11323 74
11324 74
11325 74
11326 74
11327 74
11328 74
11329 74
11330 74
11331 74
11332 74
11333 74
11334 74
11335 74
11336 74
11337 74
11338 74
11339 74
11340 74
11341 74
11342 74
11343 74
11344 74
11345 74
11346 74
11347 75
11348 75
11349 75
11350 75
11351 75
11352 75
11353 75
11354 75
11355 75
11356 75
11357 75
11358 75
11359 75
11360 75
11361 75
11362 75
11363 75
11364 75
11365 75
11366 75
11367 75
11368 75
11369 75
11370 75
11371 75
11372 75
11373 75
11374 75
11375 75
11376 75
11377 75
11378 75
11379 75
11380 75
11381 75
11382 75
11383 75
11384 75
11385 75
11386 75
11387 75
11388 75
11389 75
11390 75
11391 75
11392 75
11393 75
11394 75
11395 75
11396 75
11397 75
11398 75
11399 75
11400 75
11401 75
11402 75
11403 75
11404 75
11405 75
11406 75
11407 75
11408 75
11409 75
11410 75
11411 75
11412 75
11413 75
11414 75
11415 75
11416 75
11417 75
11418 75
11419 75
11420 75
11421 75
11422 75
11423 75
11424 75
11425 75
11426 75
11427 75
11428 75
11429 75
11430 75
11431 75
11432 75
11433 75
11434 75
11435 75
11436 75
11437 75
11438 75
11439 75
11440 75
11441 75
11442 75
11443 75
11444 75
11445 75
11446 75
11447 75
11448 75
11449 75
11450 75
11451 75
11452 75
11453 75
11454 75
11455 75
11456 75
11457 75
11458 75
11459 75
11460 75
11461 75
11462 75
11463 75
11464 75
11465 75
11466 75
11467 75
11468 75
11469 75
11470 75
11471 75
11472 75
11473 75
11474 75
11475 75
11476 75
11477 75
11478 75
11479 75
11480 75
11481 75
11482 75
11483 75
11484 75
11485 75
11486 75
11487 75
11488 75
11489 75
11490 76
11491 76
11492 76
11493 76
11494 76
11495 76
11496 76
11497 76
11498 76
11499 76
11500 76
11501 76
11502 76
11503 76
11504 76
11505 76
11506 76
11507 76
11508 76
11509 76
11510 76
11511 76
11512 76
11513 76
11514 76
11515 76
11516 76
11517 76
11518 76
11519 76
11520 76
11521 76
11522 76
11523 76
11524 76
11525 76
11526 76
11527 76
11528 76
11529 76
11530 76
11531 76
11532 76
11533 76
11534 76
11535 76
11536 76
11537 76
11538 76
11539 76
11540 76
11541 76
11542 76
11543 76
11544 76
11545 76
11546 76
11547 76
11548 76
11549 76
11550 76
11551 76
11552 76
11553 76
11554 76
11555 76
11556 76
11557 76
11558 76
11559 76
11560 76
11561 76
11562 76
11563 76
11564 76
11565 76
11566 76
11567 76
11568 76
11569 76
11570 76
11571 76
11572 76
11573 76
11574 76
11575 76
11576 76
11577 76
11578 76
11579 76
11580 76
11581 76
11582 76
11583 76
11584 76
11585 76
11586 76
11587 76
11588 76
11589 76
11590 76
11591 76
11592 76
11593 76
11594 76
11595 76
11596 76
11597 76
11598 76
11599 76
11600 76
11601 76
11602 76
11603 76
11604 76
11605 76
11606 76
11607 76
11608 76
11609 76
11610 76
11611 76
11612 76
11613 76
11614 76
11615 76
11616 76
11617 76
11618 76
11619 76
11620 76
11621 76
11622 76
11623 76
11624 77
11625 77
11626 77
11627 77
11628 77
11629 77
11630 77
11631 77
11632 77
11633 77
11634 77
11635 78
11636 78
11637 78
11638 78
11639 78
11640 78
11641 78
11642 78
11643 78
11644 78
11645 78
11646 78
11647 78
11648 78
11649 78
11650 78
11651 78
11652 78
11653 78
11654 78
11655 78
11656 78
11657 78
11658 78
11659 78
11660 78
11661 78
11662 78
11663 78
11664 78
11665 78
11666 78
11667 78
11668 78
11669 78
11670 78
11671 78
11672 78
11673 78
11674 78
11675 78
11676 78
11677 78
11678 78
11679 78
11680 78
11681 78
11682 78
11683 78
11684 78
11685 78
11686 78
11687 78
11688 78
11689 78
11690 78
11691 78
11692 78
11693 78
11694 78
11695 78
11696 78
11697 78
11698 78
11699 78
11700 78
11701 78
11702 78
11703 78
11704 78
11705 78
11706 78
11707 78
11708 78
11709 78
11710 78
11711 78
11712 78
11713 78
11714 78
11715 78
11716 78
11717 78
11718 78
11719 78
11720 78
11721 78
11722 78
11723 78
11724 78
11725 78
11726 78
11727 79
11728 79
11729 79
11730 79
11731 79
11732 79
11733 79
11734 79
11735 79
11736 79
11737 79
11738 79
11739 79
11740 79
11741 79
11742 79
11743 79
11744 79
11745 79
11746 79
11747 79
11748 79
11749 79
11750 79
11751 79
11752 79
11753 79
11754 79
11755 79
11756 79
11757 79
11758 79
11759 79
11760 79
11761 79
11762 79
11763 79
11764 79
11765 79
11766 79
11767 79
11768 79
11769 79
11770 79
11771 79
11772 79
11773 79
11774 79
11775 79
11776 79
11777 79
11778 79
11779 79
11780 79
11781 79
11782 79
11783 79
11784 79
11785 79
11786 79
11787 79
11788 79
11789 79
11790 79
11791 79
11792 79
11793 79
11794 79
11795 79
11796 79
11797 79
11798 79
11799 79
11800 79
11801 79
11802 79
11803 79
11804 79
11805 79
11806 79
11807 79
11808 79
11809 79
11810 79
11811 79
11812 79
11813 79
11814 79
11815 79
11816 79
11817 79
11818 79
11819 79
11820 79
11821 79
11822 79
11823 79
11824 79
11825 79
11826 79
11827 79
11828 79
11829 79
11830 79
11831 79
11832 79
11833 79
11834 79
11835 79
11836 79
11837 79
11838 79
11839 79
11840 79
11841 79
11842 79
11843 79
11844 79
11845 79
11846 79
11847 79
11848 79
11849 79
11850 79
11851 79
11852 79
11853 79
11854 79
11855 79
11856 79
11857 79
11858 79
11859 79
11860 79
11861 79
11862 79
11863 79
11864 79
11865 79
11866 79
11867 79
11868 79
11869 79
11870 79
11871 79
11872 79
11873 79
11874 79
11875 79
11876 79
11877 79
11878 79
11879 79
11880 79
11881 79
11882 79
11883 79
11884 79
11885 79
11886 79
11887 79
11888 79
11889 79
11890 79
11891 79
11892 79
11893 79
11894 79
11895 79
11896 79
11897 79
11898 79
11899 80
11900 80
11901 80
11902 80
11903 80
11904 80
11905 80
11906 80
11907 80
11908 80
11909 80
11910 80
11911 80
11912 80
11913 80
11914 80
11915 80
11916 80
11917 80
11918 80
11919 80
11920 80
11921 80
11922 80
11923 80
11924 80
11925 80
11926 80
11927 80
11928 80
11929 80
11930 80
11931 80
11932 80
11933 80
11934 80
11935 80
11936 80
11937 80
11938 80
11939 80
11940 80
11941 80
11942 80
11943 80
11944 80
11945 80
11946 80
11947 80
11948 80
11949 80
11950 80
11951 80
11952 80
11953 80
11954 80
11955 80
11956 80
11957 80
11958 80
11959 80
11960 80
11961 80
11962 80
11963 80
11964 80
11965 80
11966 80
11967 80
11968 80
11969 80
11970 80
11971 80
11972 80
11973 80
11974 80
11975 80
11976 80
11977 80
11978 80
11979 80
11980 80
11981 80
11982 80
11983 80
11984 80
11985 80
11986 80
11987 80
11988 80
11989 80
11990 80
11991 80
11992 80
11993 80
11994 80
11995 80
11996 80
11997 80
11998 80
11999 80
12000 80
12001 80
12002 80
12003 80
12004 80
12005 80
12006 80
12007 80
12008 80
12009 80
12010 80
12011 80
12012 80
12013 80
12014 80
12015 80
12016 80
12017 80
12018 80
12019 80
12020 81
12021 81
12022 81
12023 81
12024 81
12025 81
12026 81
12027 81
12028 81
12029 81
12030 81
12031 81
12032 81
12033 81
12034 81
12035 81
12036 81
12037 81
12038 81
12039 81
12040 81
12041 81
12042 81
12043 81
12044 81
12045 81
12046 81
12047 81
12048 81
12049 81
12050 81
12051 81
12052 81
12053 81
12054 81
12055 81
12056 81
12057 81
12058 81
12059 81
12060 81
12061 81
12062 81
12063 81
12064 81
12065 81
12066 81
12067 81
12068 81
12069 81
12070 81
12071 81
12072 81
12073 81
12074 81
12075 81
12076 81
12077 81
12078 81
12079 81
12080 81
12081 81
12082 81
12083 81
12084 81
12085 81
12086 81
12087 81
12088 81
12089 81
12090 81
12091 81
12092 81
12093 81
12094 81
12095 81
12096 81
12097 81
12098 81
12099 81
12100 81
12101 81
12102 81
12103 81
12104 81
12105 81
12106 81
12107 81
12108 81
12109 81
12110 81
12111 81
12112 81
12113 81
12114 81
12115 81
12116 81
12117 81
12118 81
12119 81
12120 81
12121 81
12122 81
12123 81
12124 81
12125 81
12126 81
12127 81
12128 81
12129 81
12130 81
12131 81
12132 81
12133 81
12134 81
12135 81
12136 81
12137 81
12138 81
12139 81
12140 81
12141 81
12142 81
12143 81
12144 81
12145 81
12146 81
12147 81
12148 81
12149 81
12150 81
12151 81
12152 81
12153 81
12154 81
12155 81
12156 81
12157 81
12158 81
12159 81
12160 81
12161 81
12162 82
12163 82
12164 82
12165 82
12166 82
12167 82
12168 82
12169 82
12170 82
12171 82
12172 82
12173 82
12174 82
12175 82
12176 82
12177 82
12178 82
12179 82
12180 82
12181 82
12182 82
12183 82
12184 82
12185 82
12186 82
12187 82
12188 82
12189 82
12190 82
12191 82
12192 82
12193 82
12194 82
12195 82
12196 82
12197 82
12198 82
12199 82
12200 82
12201 82
12202 82
12203 82
12204 82
12205 82
12206 82
12207 82
12208 82
12209 82
12210 82
12211 82
12212 82
12213 82
12214 82
12215 82
12216 82
12217 82
12218 82
12219 82
12220 82
12221 82
12222 82
12223 82
12224 82
12225 82
12226 82
12227 82
12228 82
12229 82
12230 82
12231 82
12232 82
12233 82
12234 82
12235 82
12236 82
12237 82
12238 82
12239 82
12240 82
12241 82
12242 82
12243 82
12244 82
12245 82
12246 82
12247 82
12248 82
12249 82
12250 82
12251 82
12252 82
12253 82
12254 82
12255 83
12256 83
12257 83
12258 83
12259 83
12260 83
12261 83
12262 83
12263 83
12264 83
12265 83
12266 83
12267 83
12268 83
12269 83
12270 83
12271 83
12272 83
12273 83
12274 83
12275 83
12276 83
12277 83
12278 83
12279 83
12280 83
12281 83
12282 83
12283 83
12284 83
12285 83
12286 83
12287 83
12288 83
12289 83
12290 83
12291 83
12292 83
12293 83
12294 83
12295 83
12296 83
12297 83
12298 83
12299 83
12300 83
12301 84
12302 84
12303 84
12304 84
12305 84
12306 84
12307 84
12308 84
12309 84
12310 84
12311 84
12312 84
12313 84
12314 84
12315 84
12316 84
12317 84
12318 84
12319 84
12320 84
12321 84
12322 84
12323 84
12324 84
12325 84
12326 84
12327 84
12328 84
12329 84
12330 84
12331 84
12332 84
12333 84
12334 84
12335 84
12336 84
12337 84
12338 84
12339 84
12340 84
12341 84
12342 84
12343 84
12344 84
12345 84
12346 84
12347 84
12348 84
12349 84
12350 84
12351 84
12352 84
12353 84
12354 84
12355 84
12356 84
12357 84
12358 84
12359 84
12360 84
12361 84
12362 84
12363 84
12364 84
12365 84
12366 84
12367 84
12368 84
12369 84
12370 84
12371 84
12372 84
12373 84
12374 84
12375 84
12376 84
12377 84
12378 84
12379 84
12380 84
12381 84
12382 84
12383 84
12384 84
12385 84
12386 84
12387 84
12388 84
12389 84
12390 84
12391 84
12392 84
12393 84
12394 84
12395 84
12396 84
12397 84
12398 84
12399 84
12400 84
12401 84
12402 84
12403 84
12404 85
12405 85
12406 85
12407 85
12408 85
12409 85
12410 85
12411 85
12412 85
12413 85
12414 85
12415 85
12416 85
12417 85
12418 85
12419 85
12420 85
12421 85
12422 85
12423 85
12424 85
12425 85
12426 85
12427 85
12428 85
12429 85
12430 85
12431 85
12432 85
12433 85
12434 85
12435 85
12436 85
12437 85
12438 85
12439 85
12440 85
12441 85
12442 85
12443 85
12444 85
12445 85
12446 85
12447 85
12448 85
12449 85
12450 85
12451 85
12452 85
12453 85
12454 85
12455 85
12456 85
12457 85
12458 85
12459 85
12460 85
12461 85
12462 85
12463 85
12464 85
12465 85
12466 85
12467 85
12468 85
12469 85
12470 85
12471 85
12472 85
12473 85
12474 85
12475 85
12476 85
12477 85
12478 85
12479 85
12480 85
12481 85
12482 85
12483 85
12484 85
12485 85
12486 85
12487 85
12488 85
12489 85
12490 85
12491 85
12492 85
12493 85
12494 85
12495 85
12496 85
12497 85
12498 85
12499 85
12500 85
12501 85
12502 85
12503 85
12504 85
12505 85
12506 85
12507 85
12508 85
12509 85
12510 85
12511 85
12512 85
12513 85
12514 85
12515 85
12516 85
12517 85
12518 85
12519 85
12520 85
12521 85
12522 85
12523 85
12524 85
12525 85
12526 85
12527 85
12528 85
12529 85
12530 85
12531 85
12532 85
12533 85
12534 85
12535 85
12536 85
12537 85
12538 85
12539 85
12540 85
12541 85
12542 85
12543 85
12544 85
12545 85
12546 85
12547 85
12548 85
12549 85
12550 85
12551 85
12552 85
12553 85
12554 85
12555 85
12556 85
12557 85
12558 85
12559 85
12560 85
12561 85
12562 85
12563 85
12564 85
12565 85
12566 85
12567 85
12568 85
12569 85
12570 85
12571 85
12572 85
12573 85
12574 85
12575 85
12576 85
12577 85
12578 85
12579 85
12580 85
12581 85
12582 85
12583 85
12584 85
12585 85
12586 85
12587 85
12588 85
12589 85
12590 85
12591 85
12592 85
12593 85
12594 85
12595 85
12596 85
12597 85
12598 85
12599 85
12600 85
12601 85
12602 85
12603 85
12604 85
12605 85
12606 85
12607 85
12608 85
12609 85
12610 85
12611 85
12612 85
12613 85
12614 85
12615 85
12616 85
12617 85
12618 85
12619 85
12620 85
12621 85
12622 85
12623 85
12624 85
12625 85
12626 85
12627 85
12628 85
12629 85
12630 85
12631 85
12632 85
12633 85
12634 85
12635 85
12636 85
12637 85
12638 85
12639 85
12640 85
12641 85
12642 85
12643 85
12644 85
12645 85
12646 85
12647 85
12648 85
12649 85
12650 85
12651 85
12652 85
12653 85
12654 85
12655 85
12656 85
12657 85
12658 85
12659 85
12660 85
12661 85
12662 85
12663 85
12664 85
12665 85
12666 85
12667 85
12668 85
12669 85
12670 85
12671 85
12672 85
12673 85
12674 85
12675 85
12676 85
12677 85
12678 85
12679 85
12680 85
12681 85
12682 85
12683 85
12684 85
12685 85
12686 85
12687 85
12688 85
12689 85
12690 85
12691 85
12692 85
12693 85
12694 85
12695 85
12696 85
12697 85
12698 85
12699 86
12700 86
12701 86
12702 86
12703 86
12704 86
12705 86
12706 86
12707 86
12708 86
12709 86
12710 86
12711 86
12712 86
12713 86
12714 86
12715 86
12716 86
12717 86
12718 86
12719 86
12720 86
12721 86
12722 86
12723 86
12724 86
12725 86
12726 86
12727 86
12728 86
12729 86
12730 86
12731 86
12732 86
12733 86
12734 86
12735 86
12736 86
12737 86
12738 86
12739 86
12740 86
12741 86
12742 86
12743 86
12744 86
12745 86
12746 86
12747 86
12748 86
12749 86
12750 86
12751 86
12752 86
12753 86
12754 86
12755 86
12756 86
12757 86
12758 86
12759 86
12760 86
12761 86
12762 86
12763 86
12764 86
12765 86
12766 86
12767 86
12768 86
12769 86
12770 86
12771 86
12772 86
12773 86
12774 86
12775 86
12776 86
12777 86
12778 86
12779 86
12780 86
12781 86
12782 86
12783 86
12784 86
12785 86
12786 86
12787 86
12788 86
12789 86
12790 86
12791 86
12792 86
12793 86
12794 86
12795 86
12796 86
12797 86
12798 86
12799 86
12800 86
12801 86
12802 86
12803 86
12804 86
12805 86
12806 86
12807 86
12808 86
12809 86
12810 86
12811 86
12812 86
12813 86
12814 86
12815 86
12816 86
12817 86
12818 86
12819 86
12820 86
12821 86
12822 86
12823 86
12824 86
12825 86
12826 86
12827 86
12828 87
12829 87
12830 87
12831 87
12832 87
12833 87
12834 87
12835 87
12836 87
12837 87
12838 87
12839 87
12840 87
12841 87
12842 87
12843 87
12844 87
12845 87
12846 87
12847 87
12848 87
12849 87
12850 87
12851 87
12852 87
12853 87
12854 87
12855 87
12856 87
12857 87
12858 87
12859 87
12860 87
12861 87
12862 87
12863 87
12864 87
12865 87
12866 87
12867 87
12868 87
12869 87
12870 87
12871 87
12872 87
12873 87
12874 87
12875 87
12876 87
12877 87
12878 87
12879 87
12880 87
12881 87
12882 87
12883 87
12884 87
12885 87
12886 87
12887 87
12888 87
12889 87
12890 87
12891 87
12892 87
12893 87
12894 87
12895 87
12896 87
12897 87
12898 87
12899 87
12900 87
12901 87
12902 87
12903 87
12904 87
12905 87
12906 87
12907 87
12908 87
12909 87
12910 87
12911 87
12912 87
12913 87
12914 87
12915 87
12916 87
12917 87
12918 87
12919 87
12920 87
12921 87
12922 87
12923 87
12924 87
12925 87
12926 87
12927 87
12928 87
12929 87
12930 87
12931 87
12932 87
12933 87
12934 87
12935 87
12936 87
12937 87
12938 87
12939 87
12940 87
12941 87
12942 87
12943 87
12944 87
12945 87
12946 87
12947 87
12948 87
12949 87
12950 87
12951 87
12952 87
12953 87
12954 87
12955 87
12956 87
12957 87
12958 87
12959 87
12960 87
12961 87
12962 87
12963 87
12964 87
12965 87
12966 87
12967 87
12968 87
12969 87
12970 87
12971 87
12972 87
12973 87
12974 87
12975 87
12976 87
12977 87
12978 87
12979 87
12980 87
12981 87
12982 87
12983 87
12984 87
12985 87
12986 87
12987 87
12988 87
12989 87
12990 87
12991 87
12992 87
12993 87
12994 87
12995 87
12996 87
12997 87
12998 87
12999 87
13000 87
13001 87
13002 87
13003 87
13004 87
13005 87
13006 87
13007 87
13008 87
13009 87
13010 87
13011 87
13012 87
13013 87
13014 87
13015 87
13016 87
13017 87
13018 87
13019 87
13020 87
13021 87
13022 87
13023 87
13024 87
13025 87
13026 87
13027 87
13028 87
13029 87
13030 87
13031 87
13032 87
13033 87
13034 87
13035 87
13036 87
13037 87
13038 87
13039 88
13040 88
13041 88
13042 88
13043 88
13044 88
13045 88
13046 88
13047 88
13048 88
13049 88
13050 88
13051 88
13052 88
13053 88
13054 88
13055 88
13056 88
13057 88
13058 88
13059 88
13060 88
13061 88
13062 88
13063 88
13064 88
13065 88
13066 88
13067 88
13068 88
13069 88
13070 88
13071 88
13072 88
13073 88
13074 88
13075 88
13076 88
13077 88
13078 88
13079 88
13080 88
13081 88
13082 88
13083 88
13084 88
13085 88
13086 88
13087 88
13088 88
13089 88
13090 88
13091 88
13092 88
13093 88
13094 88
13095 88
13096 88
13097 88
13098 88
13099 88
13100 88
13101 88
13102 88
13103 88
13104 88
13105 88
13106 88
13107 88
13108 88
13109 88
13110 88
13111 88
13112 88
13113 88
13114 88
13115 88
13116 88
13117 88
13118 88
13119 88
13120 88
13121 88
13122 88
13123 88
13124 88
13125 88
13126 88
13127 88
13128 88
13129 88
13130 88
13131 88
13132 88
13133 88
13134 88
13135 88
13136 88
13137 88
13138 88
13139 88
13140 88
13141 88
13142 88
13143 88
13144 88
13145 88
13146 88
13147 88
13148 88
13149 88
13150 88
13151 88
13152 88
13153 88
13154 88
13155 88
13156 88
13157 88
13158 88
13159 88
13160 88
13161 88
13162 88
13163 88
13164 88
13165 88
13166 88
13167 88
13168 88
13169 88
13170 88
13171 88
13172 88
13173 88
13174 88
13175 88
13176 88
13177 88
13178 88
13179 88
13180 88
13181 88
13182 88
13183 88
13184 88
13185 88
13186 88
13187 88
13188 88
13189 88
13190 88
13191 88
13192 88
13193 88
13194 88
13195 88
13196 88
13197 88
13198 88
13199 88
13200 88
13201 88
13202 88
13203 88
13204 88
13205 88
13206 88
13207 88
13208 88
13209 88
13210 88
13211 88
13212 88
13213 88
13214 88
13215 88
13216 88
13217 88
13218 88
13219 88
13220 88
13221 88
13222 88
13223 88
13224 88
13225 88
13226 88
13227 88
13228 88
13229 88
13230 88
13231 88
13232 88
13233 88
13234 88
13235 88
13236 88
13237 88
13238 88
13239 88
13240 88
13241 88
13242 88
13243 88
13244 88
13245 88
13246 88
13247 88
13248 88
13249 88
13250 88
13251 88
13252 88
13253 88
13254 88
13255 88
13256 88
13257 88
13258 88
13259 88
13260 88
13261 88
13262 88
13263 88
13264 88
13265 88
13266 88
13267 88
13268 88
13269 88
13270 88
13271 89
13272 89
13273 89
13274 89
13275 89
13276 89
13277 89
13278 89
13279 89
13280 89
13281 89
13282 89
13283 89
13284 89
13285 89
13286 89
13287 89
13288 89
13289 89
13290 89
13291 89
13292 89
13293 89
13294 89
13295 89
13296 89
13297 89
13298 89
13299 89
13300 89
13301 89
13302 89
13303 89
13304 89
13305 89
13306 89
13307 89
13308 89
13309 89
13310 89
13311 89
13312 89
13313 89
13314 89
13315 89
13316 89
13317 89
13318 89
13319 89
13320 89
13321 89
13322 89
13323 89
13324 89
13325 89
13326 89
13327 89
13328 89
13329 89
13330 89
13331 89
13332 89
13333 89
13334 89
13335 89
13336 89
13337 89
13338 89
13339 89
13340 89
13341 89
13342 89
13343 89
13344 89
13345 89
13346 89
13347 89
13348 89
13349 89
13350 89
13351 89
13352 89
13353 89
13354 89
13355 89
13356 89
13357 89
13358 89
13359 89
13360 89
13361 89
13362 89
13363 89
13364 89
13365 89
13366 89
13367 89
13368 89
13369 89
13370 89
13371 89
13372 89
13373 89
13374 89
13375 89
13376 89
13377 89
13378 89
13379 89
13380 89
13381 89
13382 89
13383 89
13384 89
13385 89
13386 89
13387 89
13388 89
13389 89
13390 89
13391 89
13392 89
13393 89
13394 89
13395 89
13396 89
13397 90
13398 90
13399 90
13400 90
13401 90
13402 90
13403 90
13404 90
13405 90
13406 90
13407 90
13408 90
13409 90
13410 90
13411 90
13412 90
13413 90
13414 90
13415 90
13416 90
13417 90
13418 90
13419 90
13420 90
13421 90
13422 90
13423 90
13424 90
13425 90
13426 90
13427 90
13428 90
13429 90
13430 90
13431 90
13432 90
13433 90
13434 90
13435 90
13436 90
13437 90
13438 90
13439 90
13440 90
13441 90
13442 90
13443 90
13444 90
13445 90
13446 90
13447 90
13448 90
13449 90
13450 90
13451 90
13452 90
13453 90
13454 90
13455 90
13456 90
13457 90
13458 90
13459 90
13460 90
13461 90
13462 90
13463 90
13464 90
13465 90
13466 90
13467 90
13468 90
13469 90
13470 90
13471 90
13472 90
13473 90
13474 90
13475 90
13476 90
13477 90
13478 90
13479 90
13480 90
13481 90
13482 90
13483 90
13484 90
13485 90
13486 90
13487 90
13488 90
13489 90
13490 90
13491 90
13492 90
13493 90
13494 90
13495 90
13496 90
13497 90
13498 90
13499 90
13500 90
13501 90
13502 90
13503 90
13504 90
13505 90
13506 90
13507 90
13508 90
13509 90
13510 90
13511 90
13512 90
13513 90
13514 90
13515 90
13516 90
13517 90
13518 90
13519 90
13520 90
13521 90
13522 90
13523 90
13524 90
13525 90
13526 90
13527 90
13528 90
13529 90
13530 90
13531 90
13532 90
13533 90
13534 90
13535 90
13536 90
13537 90
13538 90
13539 90
13540 90
13541 90
13542 90
13543 90
13544 90
13545 90
13546 90
13547 90
13548 90
13549 90
13550 90
13551 90
13552 90
13553 90
13554 90
13555 90
13556 90
13557 90
13558 90
13559 90
13560 90
13561 90
13562 90
13563 90
13564 90
13565 90
13566 90
13567 90
13568 90
13569 90
13570 90
13571 90
13572 90
13573 90
13574 90
13575 90
13576 90
13577 90
13578 91
13579 91
13580 91
13581 91
13582 91
13583 91
13584 91
13585 91
13586 91
13587 91
13588 91
13589 91
13590 91
13591 91
13592 91
13593 91
13594 91
13595 91
13596 91
13597 91
13598 91
13599 91
13600 91
13601 91
13602 91
13603 91
13604 91
13605 91
13606 91
13607 91
13608 91
13609 91
13610 91
13611 91
13612 91
13613 91
13614 91
13615 91
13616 91
13617 91
13618 91
13619 91
13620 91
13621 91
13622 91
13623 91
13624 91
13625 91
13626 91
13627 91
13628 91
13629 91
13630 91
13631 91
13632 91
13633 91
13634 91
13635 91
13636 91
13637 91
13638 91
13639 91
13640 91
13641 91
13642 91
13643 91
13644 91
13645 91
13646 91
13647 91
13648 91
13649 91
13650 91
13651 91
13652 91
13653 91
13654 91
13655 91
13656 91
13657 91
13658 91
13659 91
13660 91
13661 91
13662 91
13663 91
13664 91
13665 91
13666 91
13667 91
13668 91
13669 91
13670 91
13671 91
13672 91
13673 91
13674 91
13675 91
13676 91
13677 91
13678 91
13679 91
13680 91
13681 91
13682 91
13683 91
13684 91
13685 91
13686 91
13687 91
13688 91
13689 91
13690 91
13691 91
13692 91
13693 91
13694 91
13695 91
13696 91
13697 91
13698 91
13699 91
13700 91
13701 91
13702 91
13703 91
13704 91
13705 91
13706 91
13707 91
13708 91
13709 91
13710 92
13711 92
13712 92
13713 92
13714 92
13715 92
13716 92
13717 92
13718 92
13719 92
13720 92
13721 92
13722 92
13723 92
13724 92
13725 92
13726 92
13727 92
13728 92
13729 92
13730 92
13731 92
13732 92
13733 92
13734 92
13735 92
13736 92
13737 92
13738 92
13739 92
13740 92
13741 92
13742 92
13743 92
13744 92
13745 92
13746 92
13747 92
13748 92
13749 92
13750 92
13751 92
13752 92
13753 92
13754 92
13755 92
13756 92
13757 92
13758 92
13759 92
13760 92
13761 92
13762 92
13763 92
13764 92
13765 92
13766 92
13767 92
13768 92
13769 92
13770 92
13771 92
13772 92
13773 92
13774 92
13775 92
13776 92
13777 92
13778 92
13779 92
13780 92
13781 92
13782 92
13783 92
13784 92
13785 92
13786 92
13787 92
13788 92
13789 92
13790 92
13791 92
13792 92
13793 92
13794 92
13795 92
13796 92
13797 92
13798 92
13799 92
13800 92
13801 92
13802 92
13803 92
13804 92
13805 92
13806 92
13807 92
13808 92
13809 92
13810 92
13811 92
13812 92
13813 92
13814 92
13815 92
13816 92
13817 92
13818 92
13819 92
13820 92
13821 92
13822 92
13823 92
13824 92
13825 92
13826 92
13827 92
13828 92
13829 92
13830 92
13831 92
13832 92
13833 92
13834 92
13835 92
13836 92
13837 92
13838 92
13839 92
13840 92
13841 92
13842 92
13843 92
13844 92
13845 92
13846 92
13847 92
13848 92
13849 92
13850 92
13851 92
13852 92
13853 92
13854 92
13855 92
13856 92
13857 92
13858 92
13859 92
13860 92
13861 92
13862 92
13863 92
13864 92
13865 92
13866 92
13867 92
13868 92
13869 92
13870 92
13871 92
13872 92
13873 92
13874 92
13875 92
13876 92
13877 92
13878 92
13879 92
13880 92
13881 92
13882 92
13883 92
13884 92
13885 92
13886 92
13887 92
13888 92
13889 92
13890 92
13891 92
13892 92
13893 92
13894 92
13895 92
13896 92
13897 92
13898 92
13899 92
13900 92
13901 92
13902 92
13903 92
13904 92
13905 92
13906 92
13907 92
13908 92
13909 92
13910 92
13911 92
13912 92
13913 92
13914 92
13915 92
13916 92
13917 92
13918 92
13919 92
13920 92
13921 92
13922 92
13923 92
13924 92
13925 92
13926 92
13927 92
13928 92
13929 92
13930 92
13931 92
13932 92
13933 92
13934 92
13935 92
13936 92
13937 92
13938 92
13939 92
13940 92
13941 92
13942 92
13943 92
13944 92
13945 92
13946 92
13947 92
13948 92
13949 92
13950 92
13951 92
13952 92
13953 92
13954 92
13955 92
13956 92
13957 92
13958 92
13959 92
13960 92
13961 92
13962 92
13963 92
13964 92
13965 92
13966 92
13967 92
13968 92
13969 92
13970 92
13971 92
13972 92
13973 92
13974 92
13975 92
13976 92
13977 92
13978 92
13979 92
13980 92
13981 92
13982 92
13983 92
13984 92
13985 92
13986 92
13987 92
13988 92
13989 92
13990 92
13991 92
13992 92
13993 92
13994 92
13995 92
13996 92
13997 92
13998 92
13999 92
14000 92
14001 92
14002 92
14003 92
14004 92
14005 92
14006 92
14007 92
14008 92
14009 92
14010 92
14011 92
14012 92
14013 92
14014 92
14015 92
14016 92
14017 92
14018 92
14019 92
14020 92
14021 92
14022 92
14023 92
14024 92
14025 92
14026 92
14027 92
14028 92
14029 92
14030 92
14031 92
14032 92
14033 92
14034 92
14035 92
14036 92
14037 92
14038 92
14039 92
14040 92
14041 92
14042 92
14043 92
14044 92
14045 92
14046 92
14047 92
14048 92
14049 92
14050 92
14051 92
14052 92
14053 92
14054 92
14055 92
14056 92
14057 92
14058 92
14059 92
14060 92
14061 92
14062 92
14063 93
14064 93
14065 93
14066 93
14067 93
14068 93
14069 93
14070 93
14071 93
14072 93
14073 93
14074 93
14075 93
14076 93
14077 93
14078 93
14079 93
14080 93
14081 93
14082 93
14083 93
14084 93
14085 93
14086 93
14087 93
14088 93
14089 93
14090 93
14091 93
14092 93
14093 93
14094 93
14095 93
14096 93
14097 93
14098 93
14099 93
14100 93
14101 93
14102 93
14103 93
14104 93
14105 93
14106 93
14107 93
14108 93
14109 93
14110 93
14111 93
14112 93
14113 93
14114 93
14115 93
14116 93
14117 93
14118 93
14119 93
14120 93
14121 93
14122 93
14123 93
14124 93
14125 93
14126 93
14127 93
14128 93
14129 93
14130 93
14131 93
14132 93
14133 93
14134 93
14135 93
14136 93
14137 93
14138 93
14139 93
14140 93
14141 93
14142 93
14143 93
14144 93
14145 93
14146 93
14147 93
14148 93
14149 93
14150 93
14151 93
14152 93
14153 93
14154 93
14155 93
14156 93
14157 93
14158 93
14159 93
14160 93
14161 93
14162 93
14163 93
14164 93
14165 93
14166 93
14167 93
14168 93
14169 93
14170 93
14171 93
14172 93
14173 93
14174 93
14175 93
14176 93
14177 93
14178 93
14179 93
14180 93
14181 93
14182 93
14183 93
14184 93
14185 93
14186 93
14187 93
14188 93
14189 93
14190 93
14191 93
14192 93
14193 93
14194 93
14195 93
14196 93
14197 93
14198 93
14199 93
14200 93
14201 93
14202 93
14203 93
14204 93
14205 93
14206 93
14207 93
14208 93
14209 93
14210 93
14211 93
14212 93
14213 93
14214 93
14215 93
14216 93
14217 93
14218 93
14219 93
14220 93
14221 93
14222 93
14223 93
14224 93
14225 93
14226 93
14227 93
14228 93
14229 93
14230 93
14231 93
14232 93
14233 93
14234 93
14235 93
14236 93
14237 93
14238 93
14239 93
14240 93
14241 93
14242 93
14243 93
14244 93
14245 93
14246 93
14247 93
14248 93
14249 93
14250 93
14251 93
14252 93
14253 93
14254 93
14255 93
14256 93
14257 93
14258 93
14259 93
14260 93
14261 93
14262 93
14263 93
14264 93
14265 93
14266 93
14267 93
14268 93
14269 93
14270 93
14271 93
14272 93
14273 93
14274 93
14275 93
14276 93
14277 93
14278 93
14279 93
14280 93
14281 93
14282 93
14283 93
14284 93
14285 93
14286 93
14287 93
14288 93
14289 93
14290 93
14291 93
14292 93
14293 93
14294 93
14295 93
14296 93
14297 93
14298 93
14299 93
14300 93
14301 93
14302 93
14303 93
14304 93
14305 93
14306 93
14307 93
14308 93
14309 93
14310 93
14311 93
14312 93
14313 93
14314 93
14315 93
14316 93
14317 93
14318 93
14319 93
14320 93
14321 93
14322 93
14323 93
14324 93
14325 93
14326 93
14327 93
14328 93
14329 93
14330 93
14331 93
14332 93
14333 93
14334 93
14335 93
14336 93
14337 93
14338 93
14339 93
14340 93
14341 93
14342 93
14343 93
14344 93
14345 93
14346 93
14347 93
14348 93
14349 93
14350 93
14351 93
14352 93
14353 93
14354 93
14355 93
14356 93
14357 93
14358 93
14359 93
14360 93
14361 93
14362 93
14363 93
14364 93
14365 93
14366 93
14367 93
14368 93
14369 93
14370 93
14371 93
14372 93
14373 93
14374 93
14375 93
14376 93
14377 93
14378 93
14379 93
14380 93
14381 93
14382 93
14383 93
14384 93
14385 93
14386 93
14387 93
14388 93
14389 93
14390 93
14391 93
14392 93
14393 93
14394 93
14395 93
14396 93
14397 93
14398 93
14399 93
14400 93
14401 93
14402 93
14403 93
14404 93
14405 93
14406 93
14407 93
14408 93
14409 93
14410 93
14411 93
14412 93
14413 93
14414 93
14415 93
14416 93
14417 93
14418 93
14419 93
14420 93
14421 93
14422 93
14423 93
14424 93
14425 93
14426 93
14427 93
14428 93
14429 93
14430 93
14431 93
14432 93
14433 93
14434 94
14435 94
14436 94
14437 94
14438 94
14439 94
14440 94
14441 94
14442 94
14443 94
14444 94
14445 94
14446 94
14447 94
14448 94
14449 94
14450 94
14451 94
14452 94
14453 94
14454 94
14455 94
14456 94
14457 94
14458 94
14459 94
14460 94
14461 94
14462 94
14463 94
14464 94
14465 94
14466 94
14467 94
14468 94
14469 94
14470 94
14471 94
14472 94
14473 94
14474 94
14475 94
14476 94
14477 94
14478 94
14479 94
14480 94
14481 94
14482 94
14483 94
14484 94
14485 94
14486 94
14487 94
14488 94
14489 94
14490 94
14491 94
14492 94
14493 94
14494 94
14495 94
14496 94
14497 94
14498 94
14499 94
14500 94
14501 94
14502 94
14503 94
14504 94
14505 94
14506 94
14507 94
14508 94
14509 94
14510 94
14511 94
14512 94
14513 94
14514 94
14515 94
14516 94
14517 94
14518 94
14519 94
14520 94
14521 94
14522 94
14523 94
14524 94
14525 94
14526 94
14527 94
14528 94
14529 94
14530 94
14531 94
14532 94
14533 94
14534 94
14535 94
14536 94
14537 94
14538 94
14539 94
14540 94
14541 94
14542 94
14543 94
14544 94
14545 94
14546 94
14547 94
14548 94
14549 94
14550 94
14551 94
14552 94
14553 94
14554 94
14555 94
14556 94
14557 94
14558 94
14559 94
14560 94
14561 94
14562 94
14563 94
14564 94
14565 94
14566 94
14567 94
14568 94
14569 94
14570 94
14571 94
14572 94
14573 94
14574 94
14575 94
14576 94
14577 94
14578 94
14579 94
14580 94
14581 94
14582 94
14583 94
14584 94
14585 94
14586 94
14587 94
14588 94
14589 94
14590 94
14591 94
14592 94
14593 94
14594 94
14595 94
14596 94
14597 94
14598 94
14599 94
14600 94
14601 94
14602 94
14603 94
14604 94
14605 94
14606 94
14607 94
14608 94
14609 94
14610 94
14611 94
14612 94
14613 94
14614 94
14615 94
14616 94
14617 94
14618 94
14619 94
14620 94
14621 94
14622 94
14623 94
14624 94
14625 94
14626 94
14627 94
14628 94
14629 94
14630 94
14631 94
14632 94
14633 94
14634 94
14635 94
14636 94
14637 94
14638 94
14639 94
14640 94
14641 94
14642 94
14643 94
14644 94
14645 94
14646 94
14647 94
14648 94
14649 94
14650 94
14651 94
14652 94
14653 94
14654 94
14655 94
14656 94
14657 94
14658 94
14659 94
14660 94
14661 94
14662 94
14663 94
14664 94
14665 94
14666 94
14667 94
14668 94
14669 94
14670 94
14671 94
14672 94
14673 94
14674 94
14675 94
14676 94
14677 94
14678 94
14679 94
14680 94
14681 94
14682 94
14683 94
14684 94
14685 94
14686 94
14687 94
14688 94
14689 94
14690 94
14691 94
14692 94
14693 94
14694 94
14695 94
14696 94
14697 94
14698 94
14699 94
14700 94
14701 94
14702 94
14703 94
14704 94
14705 94
14706 94
14707 94
14708 94
14709 94
14710 94
14711 94
14712 94
14713 94
14714 94
14715 94
14716 94
14717 94
14718 94
14719 94
14720 94
14721 94
14722 94
14723 94
14724 94
14725 94
14726 95
14727 95
14728 95
14729 95
14730 95
14731 95
14732 95
14733 95
14734 95
14735 95
14736 95
14737 95
14738 95
14739 95
14740 95
14741 95
14742 95
14743 95
14744 95
14745 95
14746 95
14747 95
14748 95
14749 95
14750 95
14751 95
14752 95
14753 95
14754 95
14755 95
14756 95
14757 95
14758 95
14759 95
14760 95
14761 95
14762 95
14763 95
14764 95
14765 95
14766 95
14767 95
14768 95
14769 95
14770 95
14771 95
14772 95
14773 95
14774 95
14775 95
14776 95
14777 95
14778 95
14779 95
14780 95
14781 95
14782 95
14783 95
14784 95
14785 95
14786 95
14787 95
14788 95
14789 95
14790 95
14791 95
14792 95
14793 95
14794 95
14795 95
14796 95
14797 95
14798 95
14799 95
14800 95
14801 95
14802 95
14803 95
14804 95
14805 95
14806 95
14807 95
14808 95
14809 95
14810 95
14811 95
14812 95
14813 95
14814 95
14815 95
14816 95
14817 95
14818 95
14819 99
14820 99
14821 99
14822 99
14823 99
14824 99
14825 99
14826 99
14827 99
14828 99
14829 99
14830 99
14831 99
14832 99
14833 99
14834 99
14835 99
14836 99
14837 99
14838 99
14839 99
14840 99
14841 99
14842 99
14843 99
14844 99
14845 99
14846 99
14847 99
14848 99
14849 99
14850 99
14851 99
14852 99
14853 99
14854 99
14855 99
14856 99
14857 99
14858 99
14859 99
14860 99
14861 99
14862 99
14863 99
14864 99
14865 99
14866 99
14867 99
14868 99
14869 99
14870 99
14871 99
14872 99
14873 99
14874 99
14875 99
14876 99
14877 99
14878 99
14879 99
14880 99
14881 99
14882 99
14883 99
14884 99
14885 99
14886 99
14887 99
14888 99
14889 99
14890 99
14891 99
14892 99
14893 99
14894 99
14895 99
14896 99
14897 99
14898 99
14899 99
14900 99
14901 99
14902 99
14903 99
14904 99
14905 99
14906 99
14907 99
14908 99
14909 99
14910 99
14911 99
14912 99
14913 99
14914 99
14915 99
14916 99
14917 99
14918 99
14919 99
14920 99
14921 99
14922 99
14923 99
14924 99
14925 99
14926 99
14927 99
14928 99
14929 99
14930 99
14931 99
14932 99
14933 99
14934 99
14935 99
14936 99
14937 99
14938 99
14939 99
14940 99
14941 99
14942 99
14943 99
14944 99
14945 99
14946 99
14947 99
14948 99
14949 99
14950 99
14951 99
14952 99
14953 99
14954 99
14955 99
14956 99
14957 99
14958 99
14959 99
14960 99
14961 99
14962 99
14963 99
14964 99
14965 99
14966 99
14967 99
14968 99
14969 99
14970 99
14971 99
14972 99
14973 99
14974 99
14975 99
14976 99
14977 99
14978 99
14979 99
14980 99
14981 99
14982 99
14983 99
14984 99
14985 99
14986 99
14987 99
14988 99
14989 99
14990 99
14991 99
14992 99
14993 99
14994 99
14995 99
14996 99
14997 99
14998 99
14999 99
15000 99
15001 99
15002 99
15003 99
15004 99
15005 99
15006 99
15007 99
15008 99
15009 99
15010 99
15011 99
15012 99
15013 99
15014 99
15015 99
15016 99
15017 99
15018 99
15019 99
15020 99
15021 99
15022 99
15023 99
15024 99
15025 99
15026 99
15027 99
15028 99
15029 99
15030 99
15031 99
15032 99
15033 99
15034 99
15035 99
15036 99
15037 99
15038 99
15039 99
15040 99
15041 99
15042 99
15043 99
15044 99
15045 99
15046 99
15047 99
15048 99
15049 99
15050 99
15051 99
15052 99
15053 99
15054 99
15055 99
15056 99
15057 99
15058 99
15059 99
15060 99
15061 99
15062 99
15063 99
15064 99
15065 99
15066 99
15067 99
15068 99
15069 99
15070 99
15071 99
15072 99
15073 99
15074 99
15075 99
15076 99
15077 99
15078 99
15079 99
15080 99
15081 99
15082 99
15083 99
15084 99
15085 99
15086 99
15087 99
15088 99
15089 99
15090 99
15091 99
15092 99
15093 99
15094 99
15095 99
15096 99
15097 99
15098 99
15099 99
15100 99
15101 99
15102 99
15103 99
15104 99
15105 99
15106 99
15107 99
15108 99
15109 99
15110 99
15111 99
15112 99
15113 99
15114 99
15115 99
15116 99
15117 99
15118 99
15119 99
15120 99
15121 99
15122 99
15123 99
15124 99
15125 99
15126 99
15127 99
15128 100
15129 100
15130 100
15131 100
15132 100
15133 100
15134 100
15135 100
15136 100
15137 100
15138 100
15139 100
15140 100
15141 100
15142 100
15143 100
15144 100
15145 100
15146 100
15147 100
15148 100
15149 100
15150 100
15151 100
15152 100
15153 100
15154 100
15155 100
15156 100
15157 100
15158 100
15159 100
15160 100
15161 100
15162 100
15163 100
15164 100
15165 100
15166 100
15167 100
15168 100
15169 100
15170 100
15171 100
15172 100
15173 100
15174 100
15175 100
15176 100
15177 100
15178 100
15179 100
15180 100
15181 100
15182 100
15183 100
15184 100
15185 100
15186 100
15187 100
15188 100
15189 100
15190 100
15191 100
15192 100
15193 100
15194 100
15195 100
15196 100
15197 100
15198 100
15199 100
15200 100
15201 100
15202 100
15203 100
15204 100
15205 100
15206 100
15207 100
15208 100
15209 100
15210 100
15211 100
15212 100
15213 100
15214 100
15215 100
15216 100
15217 100
15218 100
15219 100
15220 100
15221 100
15222 100
15223 100
15224 100
15225 100
15226 100
15227 100
15228 100
15229 100
15230 100
15231 100
15232 100
15233 100
15234 100
15235 100
15236 100
15237 100
15238 100
15239 100
15240 100
15241 100
15242 100
15243 100
15244 100
15245 100
15246 100
15247 100
15248 100
15249 100
15250 100
15251 100
15252 100
15253 100
15254 100
15255 100
15256 100
15257 100
15258 101
15259 101
15260 101
15261 101
15262 101
15263 101
15264 101
15265 101
15266 101
15267 101
15268 101
15269 101
15270 101
15271 101
15272 101
15273 101
15274 101
15275 101
15276 101
15277 101
15278 101
15279 101
15280 101
15281 101
15282 101
15283 101
15284 101
15285 101
15286 101
15287 101
15288 101
15289 101
15290 101
15291 101
15292 101
15293 101
15294 101
15295 101
15296 101
15297 101
15298 101
15299 101
15300 101
15301 101
15302 101
15303 101
15304 101
15305 101
15306 101
15307 101
15308 101
15309 101
15310 101
15311 101
15312 101
15313 101
15314 101
15315 101
15316 101
15317 101
15318 101
15319 101
15320 101
15321 101
15322 101
15323 101
15324 101
15325 101
15326 101
15327 101
15328 101
15329 101
15330 101
15331 101
15332 101
15333 101
15334 101
15335 101
15336 101
15337 101
15338 101
15339 101
15340 101
15341 101
15342 101
15343 101
15344 101
15345 101
15346 101
15347 101
15348 101
15349 101
15350 101
15351 101
15352 101
15353 101
15354 101
15355 101
15356 101
15357 101
15358 101
15359 101
15360 101
15361 101
15362 101
15363 101
15364 101
15365 101
15366 101
15367 101
15368 101
15369 101
15370 101
15371 101
15372 101
15373 101
15374 101
15375 101
15376 101
15377 101
15378 101
15379 102
15380 102
15381 102
15382 102
15383 102
15384 102
15385 102
15386 102
15387 102
15388 102
15389 102
15390 102
15391 102
15392 102
15393 102
15394 102
15395 102
15396 102
15397 102
15398 102
15399 102
15400 102
15401 102
15402 102
15403 102
15404 102
15405 102
15406 102
15407 102
15408 102
15409 102
15410 102
15411 102
15412 102
15413 102
15414 102
15415 102
15416 102
15417 102
15418 102
15419 102
15420 102
15421 102
15422 102
15423 102
15424 102
15425 102
15426 102
15427 102
15428 102
15429 102
15430 102
15431 102
15432 102
15433 102
15434 102
15435 102
15436 102
15437 102
15438 102
15439 102
15440 102
15441 102
15442 102
15443 102
15444 102
15445 102
15446 102
15447 102
15448 102
15449 102
15450 102
15451 102
15452 102
15453 102
15454 102
15455 102
15456 102
15457 102
15458 102
15459 102
15460 102
15461 102
15462 102
15463 102
15464 102
15465 102
15466 102
15467 102
15468 102
15469 102
15470 102
15471 102
15472 102
15473 102
15474 102
15475 102
15476 102
15477 102
15478 102
15479 102
15480 102
15481 102
15482 102
15483 102
15484 102
15485 102
15486 102
15487 102
15488 102
15489 102
15490 102
15491 102
15492 102
15493 102
15494 102
15495 102
15496 102
15497 102
15498 102
15499 102
15500 102
15501 102
15502 102
15503 102
15504 102
15505 102
15506 102
15507 102
15508 102
15509 102
15510 102
15511 102
15512 102
15513 102
15514 102
15515 102
15516 102
15517 102
15518 102
15519 102
15520 102
15521 102
15522 102
15523 102
15524 102
15525 102
15526 102
15527 102
15528 102
15529 102
15530 102
15531 102
15532 103
15533 103
15534 103
15535 103
15536 103
15537 103
15538 103
15539 103
15540 103
15541 103
15542 103
15543 103
15544 103
15545 103
15546 103
15547 103
15548 103
15549 103
15550 103
15551 103
15552 103
15553 103
15554 103
15555 103
15556 103
15557 103
15558 103
15559 103
15560 103
15561 103
15562 103
15563 103
15564 103
15565 103
15566 103
15567 103
15568 103
15569 103
15570 103
15571 103
15572 103
15573 103
15574 103
15575 103
15576 103
15577 103
15578 103
15579 103
15580 103
15581 103
15582 103
15583 103
15584 103
15585 103
15586 103
15587 103
15588 103
15589 103
15590 103
15591 103
15592 103
15593 103
15594 103
15595 103
15596 103
15597 103
15598 103
15599 103
15600 103
15601 103
15602 103
15603 103
15604 103
15605 103
15606 103
15607 103
15608 103
15609 103
15610 103
15611 103
15612 103
15613 103
15614 103
15615 103
15616 103
15617 103
15618 103
15619 103
15620 103
15621 103
15622 103
15623 103
15624 103
15625 103
15626 103
15627 103
15628 103
15629 103
15630 103
15631 103
15632 103
15633 103
15634 103
15635 103
15636 103
15637 103
15638 103
15639 103
15640 103
15641 103
15642 103
15643 103
15644 103
15645 103
15646 103
15647 103
15648 103
15649 103
15650 103
15651 103
15652 103
15653 103
15654 103
15655 103
15656 103
15657 103
15658 103
15659 103
15660 104
15661 104
15662 104
15663 104
15664 104
15665 104
15666 104
15667 104
15668 104
15669 104
15670 104
15671 104
15672 104
15673 104
15674 104
15675 104
15676 104
15677 104
15678 104
15679 104
15680 104
15681 104
15682 104
15683 104
15684 104
15685 104
15686 104
15687 104
15688 104
15689 104
15690 104
15691 104
15692 104
15693 104
15694 104
15695 104
15696 104
15697 104
15698 104
15699 104
15700 104
15701 104
15702 104
15703 104
15704 104
15705 104
15706 104
15707 104
15708 104
15709 104
15710 104
15711 104
15712 104
15713 104
15714 104
15715 104
15716 104
15717 104
15718 104
15719 104
15720 104
15721 104
15722 104
15723 104
15724 104
15725 104
15726 104
15727 104
15728 104
15729 104
15730 104
15731 104
15732 104
15733 104
15734 104
15735 104
15736 104
15737 104
15738 104
15739 104
15740 104
15741 104
15742 104
15743 104
15744 104
15745 104
15746 104
15747 104
15748 104
15749 104
15750 104
15751 104
15752 104
15753 104
15754 104
15755 104
15756 104
15757 104
15758 104
15759 104
15760 104
15761 104
15762 104
15763 104
15764 104
15765 104
15766 104
15767 104
15768 104
15769 104
15770 104
15771 104
15772 104
15773 104
15774 104
15775 104
15776 104
15777 104
15778 104
15779 104
15780 104
15781 104
15782 104
15783 104
15784 104
15785 104
15786 104
15787 104
15788 104
15789 104
15790 104
15791 104
15792 104
15793 104
15794 104
15795 104
15796 104
15797 104
15798 104
15799 104
15800 104
15801 104
15802 104
15803 104
15804 104
15805 104
15806 104
15807 104
15808 104
15809 104
15810 104
15811 104
15812 104
15813 104
15814 104
15815 104
15816 104
15817 104
15818 104
15819 104
15820 104
15821 104
15822 104
15823 104
15824 104
15825 104
15826 104
15827 104
15828 104
15829 105
15830 105
15831 105
15832 105
15833 105
15834 105
15835 105
15836 105
15837 105
15838 105
15839 105
15840 105
15841 105
15842 105
15843 105
15844 105
15845 105
15846 105
15847 105
15848 105
15849 105
15850 105
15851 105
15852 105
15853 105
15854 105
15855 105
15856 105
15857 105
15858 105
15859 105
15860 105
15861 105
15862 105
15863 105
15864 105
15865 105
15866 105
15867 105
15868 105
15869 105
15870 105
15871 105
15872 105
15873 105
15874 105
15875 105
15876 105
15877 105
15878 105
15879 105
15880 105
15881 105
15882 105
15883 105
15884 105
15885 105
15886 105
15887 105
15888 105
15889 105
15890 105
15891 105
15892 105
15893 105
15894 105
15895 105
15896 105
15897 105
15898 105
15899 105
15900 105
15901 105
15902 105
15903 105
15904 105
15905 105
15906 105
15907 105
15908 105
15909 105
15910 105
15911 105
15912 105
15913 105
15914 105
15915 105
15916 105
15917 105
15918 105
15919 105
15920 105
15921 105
15922 105
15923 105
15924 105
15925 105
15926 105
15927 105
15928 105
15929 105
15930 105
15931 105
15932 105
15933 105
15934 105
15935 105
15936 105
15937 105
15938 105
15939 105
15940 105
15941 105
15942 105
15943 105
15944 105
15945 105
15946 105
15947 105
15948 105
15949 105
15950 105
15951 105
15952 105
15953 105
15954 105
15955 105
15956 105
15957 105
15958 105
15959 105
15960 105
15961 105
15962 105
15963 105
15964 105
15965 105
15966 105
15967 105
15968 105
15969 105
15970 105
15971 105
15972 105
15973 105
15974 105
15975 105
15976 105
15977 105
15978 105
15979 105
15980 105
15981 105
15982 105
15983 105
15984 105
15985 105
15986 105
15987 105
15988 105
15989 105
15990 106
15991 106
15992 106
15993 106
15994 106
15995 106
15996 106
15997 106
15998 106
15999 106
16000 106
16001 106
16002 106
16003 106
16004 106
16005 106
16006 106
16007 106
16008 106
16009 106
16010 106
16011 106
16012 106
16013 106
16014 106
16015 106
16016 106
16017 106
16018 106
16019 106
16020 106
16021 106
16022 106
16023 106
16024 106
16025 106
16026 106
16027 106
16028 106
16029 106
16030 106
16031 106
16032 106
16033 106
16034 106
16035 106
16036 106
16037 106
16038 106
16039 106
16040 106
16041 106
16042 106
16043 106
16044 106
16045 106
16046 106
16047 106
16048 106
16049 106
16050 106
16051 106
16052 106
16053 106
16054 106
16055 106
16056 106
16057 106
16058 106
16059 106
16060 106
16061 106
16062 106
16063 106
16064 106
16065 106
16066 106
16067 106
16068 106
16069 106
16070 106
16071 106
16072 106
16073 106
16074 106
16075 106
16076 106
16077 106
16078 106
16079 106
16080 106
16081 106
16082 106
16083 106
16084 106
16085 106
16086 106
16087 106
16088 106
16089 106
16090 106
16091 106
16092 106
16093 106
16094 106
16095 106
16096 106
16097 106
16098 106
16099 106
16100 106
16101 106
16102 106
16103 106
16104 106
16105 106
16106 106
16107 106
16108 106
16109 106
16110 106
16111 106
16112 106
16113 106
16114 106
16115 106
16116 106
16117 106
16118 106
16119 106
16120 106
16121 106
16122 106
16123 106
16124 106
16125 106
16126 106
16127 106
16128 106
16129 106
16130 106
16131 106
16132 106
16133 106
16134 106
16135 106
16136 106
16137 106
16138 106
16139 106
16140 106
16141 106
16142 106
16143 106
16144 106
16145 106
16146 106
16147 106
16148 106
16149 106
16150 106
16151 106
16152 106
16153 106
16154 106
16155 106
16156 107
16157 107
16158 107
16159 107
16160 107
16161 107
16162 107
16163 107
16164 107
16165 107
16166 107
16167 107
16168 107
16169 107
16170 107
16171 107
16172 107
16173 107
16174 107
16175 107
16176 107
16177 107
16178 107
16179 107
16180 107
16181 107
16182 107
16183 107
16184 107
16185 107
16186 107
16187 107
16188 107
16189 107
16190 107
16191 107
16192 107
16193 107
16194 107
16195 107
16196 107
16197 107
16198 107
16199 107
16200 107
16201 107
16202 107
16203 107
16204 107
16205 107
16206 107
16207 107
16208 107
16209 107
16210 107
16211 107
16212 107
16213 107
16214 107
16215 107
16216 107
16217 107
16218 107
16219 107
16220 107
16221 107
16222 107
16223 107
16224 107
16225 107
16226 107
16227 107
16228 107
16229 107
16230 107
16231 107
16232 107
16233 107
16234 107
16235 107
16236 107
16237 107
16238 107
16239 107
16240 107
16241 107
16242 107
16243 107
16244 107
16245 107
16246 107
16247 107
16248 107
16249 107
16250 107
16251 107
16252 107
16253 107
16254 107
16255 107
16256 107
16257 107
16258 107
16259 107
16260 107
16261 107
16262 107
16263 107
16264 107
16265 107
16266 107
16267 107
16268 107
16269 107
16270 107
16271 108
16272 108
16273 108
16274 108
16275 108
16276 108
16277 108
16278 108
16279 108
16280 108
16281 108
16282 108
16283 108
16284 108
16285 108
16286 108
16287 108
16288 108
16289 108
16290 108
16291 108
16292 108
16293 108
16294 108
16295 108
16296 108
16297 108
16298 108
16299 108
16300 108
16301 108
16302 108
16303 108
16304 108
16305 108
16306 108
16307 108
16308 108
16309 108
16310 108
16311 108
16312 108
16313 108
16314 108
16315 108
16316 108
16317 108
16318 108
16319 108
16320 108
16321 108
16322 108
16323 108
16324 108
16325 108
16326 108
16327 108
16328 108
16329 108
16330 108
16331 108
16332 108
16333 108
16334 108
16335 108
16336 108
16337 108
16338 108
16339 108
16340 108
16341 108
16342 108
16343 108
16344 108
16345 108
16346 108
16347 108
16348 108
16349 108
16350 108
16351 108
16352 108
16353 108
16354 108
16355 108
16356 108
16357 108
16358 108
16359 108
16360 108
16361 108
16362 108
16363 108
16364 108
16365 108
16366 108
16367 108
16368 108
16369 108
16370 108
16371 108
16372 108
16373 108
16374 108
16375 108
16376 108
16377 108
16378 108
16379 108
16380 108
16381 108
16382 108
16383 108
16384 108
16385 108
16386 108
16387 108
16388 108
16389 108
16390 108
16391 108
16392 108
16393 108
16394 108
16395 108
16396 108
16397 108
16398 108
16399 108
16400 108
16401 108
16402 108
16403 108
16404 108
16405 108
16406 108
16407 108
16408 108
16409 108
16410 108
16411 108
16412 108
16413 108
16414 108
16415 108
16416 108
16417 108
16418 108
16419 108
16420 108
16421 108
16422 108
16423 108
16424 108
16425 108
16426 108
16427 108
16428 108
16429 108
16430 108
16431 108
16432 108
16433 108
16434 108
16435 108
16436 108
16437 108
16438 108
16439 108
16440 108
16441 108
16442 108
16443 108
16444 108
16445 108
16446 108
16447 108
16448 108
16449 108
16450 108
16451 108
16452 108
16453 108
16454 108
16455 108
16456 108
16457 108
16458 108
16459 108
16460 108
16461 108
16462 108
16463 108
16464 108
16465 108
16466 108
16467 108
16468 108
16469 108
16470 108
16471 108
16472 108
16473 108
16474 108
16475 108
16476 108
16477 108
16478 108
16479 108
16480 108
16481 108
16482 108
16483 108
16484 108
16485 108
16486 108
16487 108
16488 108
16489 108
16490 108
16491 108
16492 108
16493 108
16494 108
16495 108
16496 108
16497 108
16498 108
16499 108
16500 108
16501 108
16502 108
16503 108
16504 108
16505 108
16506 108
16507 108
16508 108
16509 108
16510 108
16511 108
16512 108
16513 108
16514 108
16515 108
16516 108
16517 108
16518 108
16519 108
16520 108
16521 108
16522 108
16523 108
16524 108
16525 108
16526 108
16527 109
16528 109
16529 109
16530 109
16531 109
16532 109
16533 109
16534 109
16535 109
16536 109
16537 109
16538 109
16539 109
16540 109
16541 109
16542 109
16543 109
16544 109
16545 109
16546 109
16547 109
16548 109
16549 109
16550 109
16551 109
16552 109
16553 109
16554 109
16555 109
16556 109
16557 109
16558 109
16559 109
16560 109
16561 109
16562 109
16563 109
16564 109
16565 109
16566 109
16567 109
16568 109
16569 109
16570 109
16571 109
16572 109
16573 109
16574 109
16575 109
16576 109
16577 109
16578 109
16579 109
16580 109
16581 109
16582 109
16583 109
16584 109
16585 109
16586 109
16587 109
16588 109
16589 109
16590 109
16591 109
16592 109
16593 109
16594 109
16595 109
16596 109
16597 109
16598 109
16599 109
16600 109
16601 109
16602 109
16603 109
16604 109
16605 109
16606 109
16607 109
16608 109
16609 109
16610 109
16611 109
16612 109
16613 109
16614 109
16615 109
16616 109
16617 109
16618 109
16619 109
16620 109
16621 109
16622 109
16623 109
16624 109
16625 109
16626 109
16627 109
16628 109
16629 109
16630 109
16631 109
16632 109
16633 109
16634 109
16635 109
16636 109
16637 109
16638 109
16639 109
16640 109
16641 109
16642 109
16643 109
16644 109
16645 109
16646 109
16647 109
16648 109
16649 109
16650 109
16651 109
16652 109
16653 109
16654 109
16655 109
16656 109
16657 109
16658 109
16659 109
16660 109
16661 109
16662 109
16663 109
16664 109
16665 109
16666 109
16667 109
16668 109
16669 109
16670 109
16671 109
16672 109
16673 109
16674 109
16675 109
16676 109
16677 109
16678 109
16679 109
16680 109
16681 109
16682 109
16683 109
16684 109
16685 109
16686 109
16687 109
16688 109
16689 109
16690 109
16691 109
16692 109
16693 109
16694 109
16695 109
16696 109
16697 109
16698 109
16699 109
16700 109
16701 109
16702 109
16703 109
16704 109
16705 109
16706 109
16707 109
16708 109
16709 109
16710 109
16711 109
16712 109
16713 109
16714 109
16715 109
16716 109
16717 109
16718 109
16719 109
16720 109
16721 109
16722 109
16723 109
16724 109
16725 109
16726 109
16727 109
16728 109
16729 109
16730 109
16731 109
16732 109
16733 109
16734 109
16735 109
16736 109
16737 109
16738 109
16739 109
16740 109
16741 109
16742 109
16743 109
16744 109
16745 109
16746 109
16747 109
16748 109
16749 109
16750 109
16751 109
16752 109
16753 109
16754 109
16755 109
16756 109
16757 109
16758 109
16759 109
16760 109
16761 109
16762 109
16763 109
16764 109
16765 109
16766 109
16767 109
16768 109
16769 109
16770 109
16771 109
16772 109
16773 109
16774 109
16775 109
16776 109
16777 109
16778 109
16779 109
16780 109
16781 109
16782 109
16783 109
16784 109
16785 109
16786 109
16787 109
16788 109
16789 109
16790 109
16791 109
16792 109
16793 109
16794 109
16795 109
16796 109
16797 109
16798 109
16799 109
16800 109
16801 109
16802 109
16803 109
16804 109
16805 109
16806 109
16807 109
16808 109
16809 109
16810 109
16811 109
16812 109
16813 109
16814 109
16815 109
16816 109
16817 109
16818 109
16819 109
16820 109
16821 109
16822 109
16823 109
16824 109
16825 109
16826 109
16827 109
16828 109
16829 109
16830 109
16831 109
16832 109
16833 109
16834 109
16835 109
16836 109
16837 109
16838 109
16839 109
16840 110
16841 110
16842 110
16843 110
16844 110
16845 110
16846 110
16847 110
16848 110
16849 110
16850 110
16851 110
16852 110
16853 110
16854 110
16855 110
16856 110
16857 110
16858 110
16859 110
16860 110
16861 110
16862 110
16863 110
16864 110
16865 110
16866 110
16867 110
16868 110
16869 110
16870 110
16871 110
16872 110
16873 110
16874 110
16875 110
16876 110
16877 110
16878 110
16879 110
16880 110
16881 110
16882 110
16883 110
16884 110
16885 110
16886 110
16887 110
16888 110
16889 110
16890 110
16891 110
16892 110
16893 110
16894 110
16895 110
16896 110
16897 110
16898 110
16899 110
16900 110
16901 110
16902 110
16903 110
16904 110
16905 110
16906 110
16907 110
16908 110
16909 110
16910 110
16911 110
16912 110
16913 110
16914 110
16915 110
16916 110
16917 110
16918 110
16919 110
16920 110
16921 110
16922 110
16923 110
16924 110
16925 110
16926 110
16927 110
16928 110
16929 110
16930 110
16931 110
16932 110
16933 110
16934 110
16935 110
16936 110
16937 110
16938 110
16939 110
16940 110
16941 110
16942 110
16943 110
16944 110
16945 110
16946 110
16947 110
16948 110
16949 110
16950 110
16951 110
16952 110
16953 110
16954 110
16955 110
16956 110
16957 110
16958 110
16959 110
16960 110
16961 110
16962 110
16963 110
16964 110
16965 110
16966 110
16967 110
16968 110
16969 110
16970 110
16971 110
16972 110
16973 110
16974 110
16975 110
16976 110
16977 110
16978 110
16979 110
16980 110
16981 110
16982 110
16983 110
16984 110
16985 110
16986 110
16987 110
16988 110
16989 110
16990 110
16991 110
16992 110
16993 110
16994 110
16995 110
16996 110
16997 110
16998 110
16999 110
17000 110
17001 110
17002 110
17003 110
17004 110
17005 110
17006 110
17007 110
17008 110
17009 110
17010 110
17011 110
17012 110
17013 110
17014 110
17015 110
17016 110
17017 110
17018 110
17019 110
17020 110
17021 110
17022 110
17023 110
17024 110
17025 110
17026 110
17027 110
17028 110
17029 110
17030 110
17031 110
17032 110
17033 110
17034 110
17035 110
17036 110
17037 110
17038 110
17039 110
17040 110
17041 110
17042 110
17043 110
17044 110
17045 110
17046 110
17047 110
17048 110
17049 110
17050 110
17051 110
17052 110
17053 110
17054 110
17055 110
17056 110
17057 110
17058 110
17059 110
17060 110
17061 110
17062 110
17063 110
17064 110
17065 110
17066 110
17067 110
17068 110
17069 110
17070 110
17071 110
17072 110
17073 110
17074 110
17075 110
17076 110
17077 110
17078 110
17079 110
17080 110
17081 110
17082 110
17083 110
17084 110
17085 110
17086 110
17087 110
17088 110
17089 110
17090 110
17091 110
17092 110
17093 110
17094 110
17095 110
17096 110
17097 110
17098 110
17099 110
17100 110
17101 110
17102 110
17103 110
17104 110
17105 110
17106 110
17107 110
17108 110
17109 110
17110 110
17111 110
17112 110
17113 110
17114 110
17115 110
17116 110
17117 110
17118 110
17119 110
17120 110
17121 110
17122 110
17123 110
17124 110
17125 110
17126 110
17127 110
17128 110
17129 111
17130 111
17131 111
17132 111
17133 111
17134 111
17135 111
17136 111
17137 111
17138 111
17139 111
17140 111
17141 111
17142 111
17143 111
17144 111
17145 111
17146 111
17147 111
17148 111
17149 111
17150 111
17151 111
17152 111
17153 111
17154 111
17155 111
17156 111
17157 111
17158 111
17159 111
17160 111
17161 111
17162 111
17163 111
17164 111
17165 111
17166 111
17167 111
17168 111
17169 111
17170 111
17171 111
17172 111
17173 111
17174 111
17175 111
17176 111
17177 111
17178 111
17179 111
17180 111
17181 111
17182 111
17183 111
17184 111
17185 111
17186 111
17187 111
17188 111
17189 111
17190 111
17191 111
17192 111
17193 111
17194 111
17195 111
17196 111
17197 111
17198 111
17199 111
17200 111
17201 111
17202 111
17203 111
17204 111
17205 111
17206 111
17207 111
17208 111
17209 111
17210 111
17211 111
17212 111
17213 111
17214 111
17215 111
17216 111
17217 111
17218 111
17219 111
17220 111
17221 111
17222 111
17223 111
17224 111
17225 111
17226 111
17227 111
17228 111
17229 111
17230 111
17231 111
17232 111
17233 111
17234 111
17235 111
17236 111
17237 111
17238 111
17239 111
17240 111
17241 111
17242 111
17243 111
17244 111
17245 111
17246 111
17247 111
17248 111
17249 111
17250 111
17251 111
17252 111
17253 111
17254 111
17255 111
17256 111
17257 111
17258 111
17259 111
17260 111
17261 111
17262 111
17263 111
17264 112
17265 112
17266 112
17267 112
17268 112
17269 112
17270 112
17271 112
17272 112
17273 112
17274 112
17275 112
17276 112
17277 112
17278 112
17279 112
17280 112
17281 112
17282 112
17283 112
17284 112
17285 112
17286 112
17287 112
17288 112
17289 112
17290 112
17291 112
17292 112
17293 112
17294 112
17295 112
17296 112
17297 112
17298 112
17299 112
17300 112
17301 112
17302 112
17303 112
17304 112
17305 112
17306 112
17307 112
17308 112
17309 112
17310 112
17311 112
17312 112
17313 112
17314 112
17315 112
17316 112
17317 112
17318 112
17319 112
17320 112
17321 112
17322 112
17323 112
17324 112
17325 112
17326 112
17327 112
17328 112
17329 112
17330 112
17331 112
17332 112
17333 112
17334 112
17335 112
17336 112
17337 112
17338 112
17339 112
17340 112
17341 112
17342 112
17343 112
17344 112
17345 112
17346 112
17347 112
17348 112
17349 112
17350 112
17351 112
17352 112
17353 112
17354 112
17355 112
17356 112
17357 112
17358 112
17359 112
17360 112
17361 112
17362 112
17363 112
17364 112
17365 112
17366 112
17367 112
17368 112
17369 112
17370 112
17371 112
17372 112
17373 112
17374 112
17375 112
17376 112
17377 112
17378 112
17379 112
17380 112
17381 112
17382 112
17383 112
17384 112
17385 112
17386 112
17387 112
17388 112
17389 112
17390 112
17391 112
17392 112
17393 112
17394 112
17395 112
17396 112
17397 112
17398 112
17399 112
17400 112
17401 112
17402 112
17403 112
17404 112
17405 112
17406 112
17407 112
17408 112
17409 113
17410 113
17411 113
17412 113
17413 113
17414 113
17415 113
17416 113
17417 113
17418 113
17419 113
17420 113
17421 113
17422 113
17423 113
17424 113
17425 113
17426 113
17427 113
17428 113
17429 113
17430 113
17431 113
17432 113
17433 113
17434 113
17435 113
17436 113
17437 113
17438 113
17439 113
17440 113
17441 113
17442 113
17443 113
17444 113
17445 113
17446 113
17447 113
17448 113
17449 113
17450 113
17451 113
17452 113
17453 113
17454 113
17455 113
17456 113
17457 113
17458 113
17459 113
17460 113
17461 113
17462 113
17463 113
17464 113
17465 113
17466 113
17467 113
17468 113
17469 113
17470 113
17471 113
17472 113
17473 113
17474 113
17475 113
17476 113
17477 113
17478 113
17479 113
17480 113
17481 113
17482 113
17483 113
17484 113
17485 113
17486 113
17487 113
17488 113
17489 113
17490 113
17491 113
17492 113
17493 113
17494 113
17495 113
17496 113
17497 113
17498 113
17499 113
17500 113
17501 113
17502 113
17503 113
17504 113
17505 113
17506 113
17507 113
17508 113
17509 113
17510 113
17511 113
17512 113
17513 113
17514 113
17515 113
17516 113
17517 113
17518 113
17519 113
17520 113
17521 113
17522 113
17523 113
17524 113
17525 113
17526 113
17527 113
17528 113
17529 113
17530 113
17531 113
17532 113
17533 113
17534 113
17535 113
17536 113
17537 113
17538 113
17539 113
17540 113
17541 113
17542 113
17543 113
17544 113
17545 113
17546 113
17547 113
17548 113
17549 113
17550 113
17551 113
17552 113
17553 113
17554 113
17555 113
17556 113
17557 113
17558 113
17559 113
17560 113
17561 113
17562 113
17563 113
17564 113
17565 113
17566 113
17567 113
17568 113
17569 113
17570 113
17571 113
17572 113
17573 113
17574 113
17575 113
17576 113
17577 113
17578 113
17579 113
17580 113
17581 113
17582 113
17583 113
17584 113
17585 113
17586 113
17587 113
17588 113
17589 113
17590 113
17591 113
17592 113
17593 113
17594 113
17595 113
17596 113
17597 113
17598 113
17599 113
17600 113
17601 113
17602 113
17603 113
17604 113
17605 113
17606 113
17607 113
17608 113
17609 113
17610 113
17611 113
17612 113
17613 113
17614 113
17615 113
17616 113
17617 113
17618 113
17619 113
17620 113
17621 113
17622 113
17623 113
17624 113
17625 113
17626 113
17627 113
17628 113
17629 113
17630 113
17631 113
17632 113
17633 113
17634 113
17635 113
17636 113
17637 113
17638 113
17639 113
17640 113
17641 113
17642 113
17643 113
17644 113
17645 113
17646 113
17647 113
17648 113
17649 113
17650 113
17651 113
17652 113
17653 113
17654 113
17655 113
17656 113
17657 113
17658 113
17659 113
17660 113
17661 113
17662 113
17663 113
17664 113
17665 113
17666 113
17667 113
17668 113
17669 113
17670 113
17671 113
17672 113
17673 113
17674 113
17675 113
17676 113
17677 113
17678 113
17679 113
17680 113
17681 113
17682 113
17683 113
17684 113
17685 113
17686 113
17687 113
17688 113
17689 113
17690 113
17691 113
17692 113
17693 113
17694 113
17695 113
17696 114
17697 114
17698 114
17699 114
17700 114
17701 114
17702 114
17703 114
17704 114
17705 114
17706 114
17707 114
17708 114
17709 114
17710 114
17711 114
17712 114
17713 114
17714 114
17715 114
17716 114
17717 114
17718 114
17719 114
17720 114
17721 114
17722 114
17723 114
17724 114
17725 114
17726 114
17727 114
17728 114
17729 114
17730 114
17731 114
17732 114
17733 114
17734 114
17735 114
17736 114
17737 114
17738 114
17739 114
17740 114
17741 114
17742 114
17743 114
17744 114
17745 114
17746 114
17747 114
17748 114
17749 114
17750 114
17751 114
17752 114
17753 114
17754 114
17755 114
17756 114
17757 114
17758 114
17759 114
17760 114
17761 114
17762 114
17763 114
17764 114
17765 114
17766 114
17767 114
17768 114
17769 114
17770 114
17771 114
17772 114
17773 114
17774 114
17775 114
17776 114
17777 114
17778 114
17779 114
17780 114
17781 114
17782 114
17783 114
17784 114
17785 114
17786 114
17787 114
17788 114
17789 114
17790 114
17791 114
17792 114
17793 114
17794 114
17795 114
17796 114
17797 114
17798 114
17799 114
17800 114
17801 114
17802 114
17803 114
17804 114
17805 114
17806 114
17807 114
17808 114
17809 114
17810 114
17811 114
17812 114
17813 114
17814 114
17815 114
17816 114
17817 114
17818 114
17819 114
17820 114
17821 114
17822 114
17823 114
17824 114
17825 115
17826 115
17827 115
17828 115
17829 115
17830 115
17831 115
17832 115
17833 115
17834 115
17835 115
17836 115
17837 115
17838 115
17839 115
17840 115
17841 115
17842 115
17843 115
17844 115
17845 115
17846 115
17847 115
17848 115
17849 115
17850 115
17851 115
17852 115
17853 115
17854 115
17855 115
17856 115
17857 115
17858 115
17859 115
17860 115
17861 115
17862 115
17863 115
17864 115
17865 115
17866 115
17867 115
17868 115
17869 115
17870 115
17871 115
17872 115
17873 115
17874 115
17875 115
17876 115
17877 115
17878 115
17879 115
17880 115
17881 115
17882 115
17883 115
17884 115
17885 115
17886 115
17887 115
17888 115
17889 115
17890 115
17891 115
17892 115
17893 115
17894 115
17895 115
17896 115
17897 115
17898 115
17899 115
17900 115
17901 115
17902 115
17903 115
17904 115
17905 115
17906 115
17907 115
17908 115
17909 115
17910 115
17911 115
17912 115
17913 115
17914 115
17915 115
17916 115
17917 115
17918 115
17919 115
17920 115
17921 115
17922 115
17923 115
17924 115
17925 115
17926 115
17927 115
17928 115
17929 115
17930 115
17931 115
17932 115
17933 115
17934 115
17935 115
17936 115
17937 115
17938 115
17939 115
17940 115
17941 115
17942 115
17943 115
17944 115
17945 115
17946 115
17947 115
17948 115
17949 115
17950 115
17951 115
17952 115
17953 115
17954 115
17955 115
17956 115
17957 115
17958 115
17959 115
17960 115
17961 115
17962 115
17963 115
17964 115
17965 115
17966 115
17967 115
17968 115
17969 115
17970 115
17971 115
17972 115
17973 115
17974 115
17975 115
17976 115
17977 115
17978 115
17979 115
17980 115
17981 115
17982 115
17983 115
17984 115
17985 115
17986 115
17987 115
17988 115
17989 115
17990 115
17991 115
17992 115
17993 115
17994 115
17995 115
17996 115
17997 115
17998 115
17999 115
18000 115
18001 115
18002 115
18003 115
18004 115
18005 115
18006 115
18007 115
18008 115
18009 115
18010 115
18011 115
18012 115
18013 115
18014 115
18015 115
18016 115
18017 115
18018 115
18019 115
18020 115
18021 115
18022 115
18023 115
18024 115
18025 115
18026 115
18027 115
18028 115
18029 115
18030 115
18031 115
18032 115
18033 115
18034 115
18035 115
18036 115
18037 115
18038 115
18039 115
18040 115
18041 115
18042 115
18043 115
18044 115
18045 115
18046 115
18047 115
18048 115
18049 115
18050 115
18051 115
18052 115
18053 115
18054 115
18055 115
18056 115
18057 115
18058 115
18059 115
18060 115
18061 115
18062 116
18063 116
18064 116
18065 116
18066 116
18067 116
18068 116
18069 116
18070 116
18071 116
18072 116
18073 116
18074 116
18075 116
18076 116
18077 116
18078 116
18079 116
18080 116
18081 116
18082 116
18083 116
18084 116
18085 116
18086 116
18087 116
18088 116
18089 116
18090 116
18091 116
18092 116
18093 116
18094 116
18095 116
18096 116
18097 116
18098 116
18099 116
18100 116
18101 116
18102 116
18103 116
18104 116
18105 116
18106 116
18107 116
18108 116
18109 116
18110 116
18111 116
18112 116
18113 116
18114 116
18115 116
18116 116
18117 116
18118 116
18119 116
18120 116
18121 116
18122 116
18123 116
18124 116
18125 116
18126 116
18127 116
18128 116
18129 116
18130 116
18131 116
18132 116
18133 116
18134 116
18135 116
18136 116
18137 116
18138 116
18139 116
18140 116
18141 116
18142 116
18143 116
18144 116
18145 116
18146 116
18147 116
18148 116
18149 116
18150 116
18151 116
18152 116
18153 116
18154 116
18155 116
18156 116
18157 116
18158 116
18159 116
18160 116
18161 116
18162 116
18163 116
18164 116
18165 116
18166 116
18167 116
18168 116
18169 116
18170 116
18171 116
18172 116
18173 116
18174 116
18175 116
18176 116
18177 116
18178 117
18179 117
18180 117
18181 117
18182 117
18183 117
18184 117
18185 117
18186 117
18187 117
18188 117
18189 117
18190 117
18191 117
18192 117
18193 117
18194 117
18195 117
18196 117
18197 117
18198 117
18199 117
18200 117
18201 117
18202 117
18203 117
18204 117
18205 117
18206 117
18207 117
18208 117
18209 117
18210 117
18211 117
18212 117
18213 117
18214 117
18215 117
18216 117
18217 117
18218 117
18219 117
18220 117
18221 117
18222 117
18223 117
18224 117
18225 117
18226 117
18227 117
18228 117
18229 117
18230 117
18231 117
18232 117
18233 117
18234 117
18235 117
18236 117
18237 117
18238 117
18239 117
18240 117
18241 117
18242 117
18243 117
18244 117
18245 117
18246 117
18247 117
18248 117
18249 117
18250 117
18251 117
18252 117
18253 117
18254 117
18255 117
18256 117
18257 117
18258 117
18259 117
18260 117
18261 117
18262 117
18263 117
18264 117
18265 117
18266 117
18267 117
18268 117
18269 117
18270 117
18271 117
18272 117
18273 117
18274 117
18275 117
18276 117
18277 117
18278 117
18279 117
18280 118
18281 118
18282 118
18283 118
18284 118
18285 118
18286 118
18287 118
18288 118
18289 118
18290 118
18291 118
18292 118
18293 118
18294 118
18295 118
18296 118
18297 118
18298 118
18299 118
18300 118
18301 118
18302 118
18303 118
18304 118
18305 118
18306 118
18307 118
18308 118
18309 118
18310 118
18311 118
18312 118
18313 118
18314 118
18315 118
18316 118
18317 118
18318 118
18319 118
18320 118
18321 118
18322 118
18323 118
18324 118
18325 118
18326 118
18327 118
18328 118
18329 118
18330 118
18331 118
18332 118
18333 118
18334 118
18335 118
18336 118
18337 118
18338 118
18339 118
18340 118
18341 118
18342 118
18343 118
18344 118
18345 118
18346 118
18347 118
18348 118
18349 118
18350 118
18351 118
18352 118
18353 118
18354 118
18355 118
18356 118
18357 118
18358 118
18359 118
18360 118
18361 118
18362 118
18363 118
18364 118
18365 118
18366 118
18367 118
18368 118
18369 118
18370 118
18371 118
18372 118
18373 118
18374 118
18375 118
18376 118
18377 118
18378 118
18379 118
18380 118
18381 118
18382 118
18383 118
18384 118
18385 118
18386 118
18387 118
18388 118
18389 118
18390 118
18391 118
18392 118
18393 118
18394 118
18395 118
18396 118
18397 118
18398 118
18399 118
18400 118
18401 118
18402 118
18403 118
18404 118
18405 118
18406 118
18407 118
18408 118
18409 118
18410 118
18411 118
18412 118
18413 118
18414 118
18415 118
18416 119
18417 119
18418 119
18419 119
18420 119
18421 119
18422 119
18423 119
18424 119
18425 119
18426 119
18427 119
18428 119
18429 119
18430 119
18431 119
18432 119
18433 119
18434 119
18435 119
18436 119
18437 119
18438 119
18439 119
18440 119
18441 119
18442 119
18443 119
18444 119
18445 119
18446 119
18447 119
18448 119
18449 119
18450 119
18451 119
18452 119
18453 119
18454 119
18455 119
18456 119
18457 119
18458 119
18459 119
18460 119
18461 119
18462 119
18463 119
18464 119
18465 119
18466 119
18467 119
18468 119
18469 119
18470 119
18471 119
18472 119
18473 119
18474 119
18475 119
18476 119
18477 119
18478 119
18479 119
18480 119
18481 119
18482 119
18483 119
18484 119
18485 119
18486 119
18487 119
18488 119
18489 119
18490 119
18491 119
18492 119
18493 119
18494 119
18495 119
18496 119
18497 119
18498 119
18499 119
18500 119
18501 119
18502 119
18503 119
18504 119
18505 119
18506 119
18507 119
18508 119
18509 119
18510 119
18511 119
18512 119
18513 119
18514 119
18515 119
18516 119
18517 120
18518 120
18519 120
18520 120
18521 120
18522 120
18523 120
18524 120
18525 120
18526 120
18527 120
18528 120
18529 120
18530 120
18531 120
18532 120
18533 120
18534 120
18535 120
18536 120
18537 120
18538 120
18539 120
18540 120
18541 120
18542 120
18543 120
18544 120
18545 120
18546 120
18547 120
18548 120
18549 120
18550 120
18551 120
18552 120
18553 120
18554 120
18555 120
18556 120
18557 120
18558 120
18559 120
18560 120
18561 120
18562 120
18563 120
18564 120
18565 120
18566 120
18567 120
18568 120
18569 120
18570 120
18571 120
18572 120
18573 120
18574 120
18575 120
18576 120
18577 120
18578 120
18579 120
18580 120
18581 120
18582 120
18583 120
18584 120
18585 120
18586 120
18587 120
18588 120
18589 120
18590 120
18591 120
18592 120
18593 120
18594 120
18595 120
18596 120
18597 120
18598 120
18599 120
18600 120
18601 120
18602 120
18603 120
18604 120
18605 120
18606 120
18607 120
18608 120
18609 120
18610 120
18611 120
18612 120
18613 120
18614 120
18615 120
18616 120
18617 120
18618 120
18619 120
18620 120
18621 120
18622 120
18623 120
18624 120
18625 120
18626 120
18627 120
18628 120
18629 120
18630 120
18631 120
18632 120
18633 120
18634 120
18635 120
18636 120
18637 120
18638 120
18639 120
18640 120
18641 120
18642 120
18643 120
18644 120
18645 120
18646 120
18647 120
18648 120
18649 120
18650 120
18651 120
18652 120
18653 120
18654 120
18655 120
18656 120
18657 120
18658 120
18659 120
18660 120
18661 120
18662 120
18663 120
18664 120
18665 120
18666 120
18667 120
18668 120
18669 121
18670 121
18671 121
18672 121
18673 121
18674 121
18675 121
18676 121
18677 121
18678 121
18679 121
18680 121
18681 121
18682 121
18683 121
18684 121
18685 121
18686 121
18687 121
18688 121
18689 121
18690 121
18691 121
18692 121
18693 121
18694 121
18695 121
18696 121
18697 121
18698 121
18699 121
18700 121
18701 121
18702 121
18703 121
18704 121
18705 121
18706 121
18707 121
18708 121
18709 121
18710 121
18711 121
18712 121
18713 121
18714 121
18715 121
18716 121
18717 121
18718 121
18719 121
18720 121
18721 121
18722 121
18723 121
18724 121
18725 121
18726 121
18727 121
18728 121
18729 121
18730 121
18731 121
18732 121
18733 121
18734 121
18735 121
18736 121
18737 121
18738 121
18739 121
18740 121
18741 121
18742 121
18743 121
18744 121
18745 121
18746 121
18747 121
18748 121
18749 121
18750 121
18751 121
18752 121
18753 121
18754 121
18755 121
18756 121
18757 121
18758 121
18759 121
18760 121
18761 121
18762 121
18763 121
18764 121
18765 121
18766 121
18767 121
18768 121
18769 121
18770 121
18771 121
18772 121
18773 121
18774 121
18775 121
18776 121
18777 121
18778 121
18779 121
18780 121
18781 121
18782 121
18783 121
18784 121
18785 121
18786 121
18787 121
18788 121
18789 121
18790 121
18791 121
18792 121
18793 121
18794 121
18795 121
18796 121
18797 121
18798 121
18799 122
18800 122
18801 122
18802 122
18803 122
18804 122
18805 122
18806 122
18807 122
18808 122
18809 122
18810 122
18811 122
18812 122
18813 122
18814 122
18815 122
18816 122
18817 122
18818 122
18819 122
18820 122
18821 122
18822 122
18823 122
18824 122
18825 122
18826 122
18827 122
18828 122
18829 122
18830 122
18831 122
18832 122
18833 122
18834 122
18835 122
18836 122
18837 122
18838 122
18839 122
18840 122
18841 122
18842 122
18843 122
18844 122
18845 122
18846 122
18847 122
18848 122
18849 122
18850 122
18851 122
18852 122
18853 122
18854 122
18855 122
18856 122
18857 122
18858 122
18859 122
18860 122
18861 122
18862 122
18863 122
18864 122
18865 122
18866 122
18867 122
18868 122
18869 122
18870 122
18871 122
18872 122
18873 122
18874 122
18875 122
18876 122
18877 122
18878 122
18879 122
18880 122
18881 122
18882 122
18883 122
18884 122
18885 122
18886 122
18887 122
18888 122
18889 122
18890 122
18891 122
18892 122
18893 122
18894 122
18895 122
18896 122
18897 122
18898 122
18899 122
18900 122
18901 122
18902 122
18903 122
18904 122
18905 122
18906 122
18907 122
18908 122
18909 122
18910 122
18911 122
18912 122
18913 122
18914 122
18915 122
18916 122
18917 122
18918 122
18919 122
18920 122
18921 122
18922 122
18923 122
18924 122
18925 122
18926 122
18927 122
18928 122
18929 122
18930 122
18931 122
18932 122
18933 122
18934 122
18935 122
18936 122
18937 122
18938 122
18939 122
18940 122
18941 122
18942 122
18943 122
18944 122
18945 122
18946 122
18947 122
18948 122
18949 122
18950 122
18951 122
18952 122
18953 122
18954 123
18955 123
18956 123
18957 123
18958 123
18959 123
18960 123
18961 123
18962 123
18963 123
18964 123
18965 123
18966 123
18967 123
18968 123
18969 123
18970 123
18971 123
18972 123
18973 123
18974 123
18975 123
18976 123
18977 123
18978 123
18979 123
18980 123
18981 123
18982 123
18983 123
18984 123
18985 123
18986 123
18987 123
18988 123
18989 123
18990 123
18991 123
18992 123
18993 123
18994 123
18995 123
18996 123
18997 123
18998 123
18999 123
19000 123
19001 123
19002 123
19003 123
19004 123
19005 123
19006 123
19007 123
19008 123
19009 123
19010 123
19011 123
19012 123
19013 123
19014 123
19015 123
19016 123
19017 123
19018 123
19019 123
19020 123
19021 123
19022 123
19023 123
19024 123
19025 123
19026 123
19027 123
19028 123
19029 123
19030 123
19031 123
19032 123
19033 123
19034 123
19035 123
19036 123
19037 123
19038 123
19039 123
19040 123
19041 123
19042 123
19043 123
19044 123
19045 123
19046 123
19047 123
19048 123
19049 123
19050 123
19051 123
19052 123
19053 123
19054 123
19055 123
19056 123
19057 123
19058 123
19059 123
19060 123
19061 123
19062 123
19063 123
19064 123
19065 123
19066 123
19067 123
19068 123
19069 123
19070 123
19071 123
19072 123
19073 123
19074 123
19075 123
19076 123
19077 123
19078 123
19079 123
19080 123
19081 123
19082 123
19083 123
19084 123
19085 123
19086 123
19087 123
19088 123
19089 123
19090 123
19091 123
19092 123
19093 123
19094 123
19095 123
19096 123
19097 123
19098 123
19099 123
19100 123
19101 123
19102 123
19103 123
19104 123
19105 123
19106 123
19107 123
19108 123
19109 123
19110 123
19111 123
19112 123
19113 123
19114 123
19115 123
19116 123
19117 123
19118 123
19119 123
19120 123
19121 123
19122 123
19123 123
19124 123
19125 123
19126 123
19127 123
19128 123
19129 123
19130 124
19131 124
19132 124
19133 124
19134 124
19135 124
19136 124
19137 124
19138 124
19139 124
19140 124
19141 124
19142 124
19143 124
19144 124
19145 124
19146 124
19147 124
19148 124
19149 124
19150 124
19151 124
19152 124
19153 124
19154 124
19155 124
19156 124
19157 124
19158 124
19159 124
19160 124
19161 124
19162 124
19163 124
19164 124
19165 124
19166 124
19167 124
19168 124
19169 124
19170 124
19171 124
19172 124
19173 124
19174 124
19175 124
19176 124
19177 124
19178 124
19179 124
19180 124
19181 124
19182 124
19183 124
19184 124
19185 124
19186 124
19187 124
19188 124
19189 124
19190 124
19191 124
19192 124
19193 124
19194 124
19195 124
19196 124
19197 124
19198 124
19199 124
19200 124
19201 124
19202 124
19203 124
19204 124
19205 124
19206 124
19207 124
19208 124
19209 124
19210 124
19211 124
19212 124
19213 124
19214 124
19215 124
19216 124
19217 124
19218 124
19219 124
19220 124
19221 124
19222 124
19223 124
19224 124
19225 124
19226 124
19227 124
19228 124
19229 124
19230 124
19231 124
19232 124
19233 124
19234 124
19235 124
19236 124
19237 124
19238 124
19239 124
19240 124
19241 124
19242 124
19243 124
19244 124
19245 124
19246 124
19247 124
19248 124
19249 124
19250 124
19251 124
19252 124
19253 124
19254 124
19255 124
19256 124
19257 124
19258 124
19259 124
19260 124
19261 124
19262 124
19263 124
19264 125
19265 125
19266 125
19267 125
19268 125
19269 125
19270 125
19271 125
19272 125
19273 125
19274 125
19275 125
19276 125
19277 125
19278 125
19279 125
19280 125
19281 125
19282 125
19283 125
19284 125
19285 125
19286 125
19287 125
19288 125
19289 125
19290 125
19291 125
19292 125
19293 125
19294 125
19295 125
19296 125
19297 125
19298 125
19299 125
19300 125
19301 125
19302 125
19303 125
19304 125
19305 125
19306 125
19307 125
19308 125
19309 125
19310 125
19311 125
19312 125
19313 125
19314 125
19315 125
19316 125
19317 125
19318 125
19319 125
19320 125
19321 125
19322 125
19323 125
19324 125
19325 125
19326 125
19327 125
19328 125
19329 125
19330 125
19331 125
19332 125
19333 125
19334 125
19335 125
19336 125
19337 125
19338 125
19339 125
19340 125
19341 125
19342 125
19343 125
19344 125
19345 125
19346 125
19347 125
19348 125
19349 125
19350 125
19351 125
19352 125
19353 125
19354 125
19355 125
19356 125
19357 125
19358 125
19359 125
19360 125
19361 125
19362 125
19363 125
19364 125
19365 125
19366 125
19367 125
19368 125
19369 125
19370 125
19371 125
19372 125
19373 125
19374 125
19375 125
19376 125
19377 125
19378 125
19379 125
19380 125
19381 125
19382 125
19383 125
19384 125
19385 125
19386 125
19387 125
19388 125
19389 125
19390 125
19391 125
19392 125
19393 125
19394 125
19395 125
19396 125
19397 125
19398 125
19399 125
19400 125
19401 125
19402 125
19403 125
19404 125
19405 125
19406 125
19407 125
19408 125
19409 125
19410 125
19411 125
19412 125
19413 125
19414 125
19415 125
19416 125
19417 125
19418 125
19419 125
19420 125
19421 125
19422 125
19423 125
19424 125
19425 125
19426 125
19427 125
19428 125
19429 125
19430 125
19431 125
19432 125
19433 125
19434 125
19435 125
19436 125
19437 125
19438 125
19439 125
19440 125
19441 125
19442 125
19443 125
19444 125
19445 125
19446 125
19447 125
19448 125
19449 125
19450 125
19451 125
19452 125
19453 125
19454 125
19455 125
19456 125
19457 125
19458 125
19459 125
19460 125
19461 125
19462 125
19463 125
19464 125
19465 125
19466 125
19467 125
19468 125
19469 125
19470 125
19471 125
19472 125
19473 125
19474 125
19475 126
19476 126
19477 126
19478 126
19479 126
19480 126
19481 126
19482 126
19483 126
19484 126
19485 126
19486 126
19487 126
19488 126
19489 126
19490 126
19491 126
19492 126
19493 126
19494 126
19495 126
19496 126
19497 126
19498 126
19499 126
19500 126
19501 126
19502 126
19503 126
19504 126
19505 126
19506 126
19507 126
19508 126
19509 126
19510 126
19511 126
19512 126
19513 126
19514 126
19515 126
19516 126
19517 126
19518 126
19519 126
19520 126
19521 126
19522 126
19523 126
19524 126
19525 126
19526 126
19527 126
19528 126
19529 126
19530 126
19531 126
19532 126
19533 126
19534 126
19535 126
19536 126
19537 126
19538 126
19539 126
19540 126
19541 126
19542 126
19543 126
19544 126
19545 126
19546 126
19547 126
19548 126
19549 126
19550 126
19551 126
19552 126
19553 126
19554 126
19555 126
19556 126
19557 126
19558 126
19559 126
19560 126
19561 126
19562 126
19563 126
19564 126
19565 126
19566 126
19567 126
19568 126
19569 126
19570 126
19571 126
19572 126
19573 126
19574 126
19575 126
19576 126
19577 126
19578 126
19579 126
19580 126
19581 126
19582 126
19583 126
19584 126
19585 126
19586 126
19587 126
19588 126
19589 126
19590 126
19591 126
19592 126
19593 126
19594 126
19595 126
19596 126
19597 126
19598 126
19599 127
19600 127
19601 127
19602 127
19603 127
19604 127
19605 127
19606 127
19607 127
19608 127
19609 127
19610 127
19611 127
19612 127
19613 127
19614 127
19615 127
19616 127
19617 127
19618 127
19619 127
19620 127
19621 127
19622 127
19623 127
19624 127
19625 127
19626 127
19627 127
19628 127
19629 127
19630 127
19631 127
19632 127
19633 127
19634 127
19635 127
19636 127
19637 127
19638 127
19639 127
19640 127
19641 127
19642 127
19643 127
19644 127
19645 127
19646 127
19647 127
19648 127
19649 127
19650 127
19651 127
19652 127
19653 127
19654 127
19655 127
19656 127
19657 127
19658 127
19659 127
19660 127
19661 127
19662 127
19663 127
19664 127
19665 127
19666 127
19667 127
19668 127
19669 127
19670 127
19671 127
19672 127
19673 127
19674 127
19675 127
19676 127
19677 127
19678 127
19679 127
19680 127
19681 127
19682 127
19683 127
19684 127
19685 127
19686 127
19687 127
19688 127
19689 127
19690 127
19691 127
19692 127
19693 127
19694 127
19695 127
19696 127
19697 127
19698 127
19699 127
19700 127
19701 127
19702 127
19703 127
19704 127
19705 127
19706 127
19707 127
19708 127
19709 127
19710 127
19711 127
19712 127
19713 127
19714 127
19715 127
19716 127
19717 127
19718 127
19719 127
19720 127
19721 127
19722 127
19723 127
19724 127
19725 127
19726 127
19727 127
19728 128
19729 128
19730 128
19731 128
19732 128
19733 128
19734 128
19735 128
19736 128
19737 128
19738 128
19739 128
19740 128
19741 128
19742 128
19743 128
19744 128
19745 128
19746 128
19747 128
19748 128
19749 128
19750 128
19751 128
19752 128
19753 128
19754 128
19755 128
19756 128
19757 128
19758 128
19759 128
19760 128
19761 128
19762 128
19763 128
19764 128
19765 128
19766 128
19767 128
19768 128
19769 128
19770 128
19771 128
19772 128
19773 128
19774 128
19775 128
19776 128
19777 128
19778 128
19779 128
19780 128
19781 128
19782 128
19783 128
19784 128
19785 128
19786 128
19787 128
19788 128
19789 128
19790 128
19791 128
19792 128
19793 128
19794 128
19795 128
19796 128
19797 128
19798 128
19799 128
19800 128
19801 128
19802 128
19803 128
19804 128
19805 128
19806 128
19807 128
19808 128
19809 128
19810 128
19811 128
19812 128
19813 128
19814 128
19815 128
19816 128
19817 128
19818 128
19819 128
19820 128
19821 128
19822 128
19823 128
19824 128
19825 128
19826 128
19827 128
19828 128
19829 128
19830 128
19831 128
19832 128
19833 128
19834 128
19835 128
19836 128
19837 128
19838 128
19839 128
19840 128
19841 128
19842 128
19843 128
19844 128
19845 128
19846 128
19847 128
19848 128
19849 128
19850 128
19851 128
19852 128
19853 128
19854 128
19855 128
19856 128
19857 128
19858 128
19859 128
19860 128
19861 128
19862 128
19863 128
19864 128
19865 128
19866 128
19867 128
19868 128
19869 128
19870 128
19871 128
19872 128
19873 128
19874 128
19875 128
19876 128
19877 128
19878 128
19879 128
19880 128
19881 128
19882 128
19883 128
19884 128
19885 128
19886 128
19887 128
19888 128
19889 128
19890 128
19891 128
19892 128
19893 128
19894 128
19895 128
19896 128
19897 128
19898 128
19899 128
19900 129
19901 129
19902 129
19903 129
19904 129
19905 129
19906 129
19907 129
19908 129
19909 129
19910 129
19911 129
19912 129
19913 129
19914 129
19915 129
19916 129
19917 129
19918 129
19919 129
19920 129
19921 129
19922 129
19923 129
19924 129
19925 129
19926 129
19927 129
19928 129
19929 129
19930 129
19931 129
19932 129
19933 129
19934 129
19935 129
19936 129
19937 129
19938 129
19939 129
19940 129
19941 129
19942 129
19943 129
19944 129
19945 129
19946 129
19947 129
19948 129
19949 129
19950 129
19951 129
19952 129
19953 129
19954 129
19955 129
19956 129
19957 129
19958 129
19959 129
19960 129
19961 129
19962 129
19963 129
19964 129
19965 129
19966 129
19967 129
19968 129
19969 129
19970 129
19971 129
19972 129
19973 129
19974 129
19975 129
19976 129
19977 129
19978 129
19979 129
19980 129
19981 129
19982 129
19983 129
19984 129
19985 129
19986 129
19987 129
19988 129
19989 129
19990 129
19991 129
19992 129
19993 129
19994 129
19995 129
19996 129
19997 129
19998 129
19999 129
20000 129
20001 129
20002 129
20003 129
20004 129
20005 129
20006 129
20007 129
20008 129
20009 129
20010 129
20011 129
20012 129
20013 129
20014 129
20015 129
20016 129
20017 129
20018 129
20019 129
20020 129
20021 129
20022 129
20023 129
20024 129
20025 129
20026 129
20027 129
20028 129
20029 129
20030 129
20031 129
20032 129
20033 129
20034 129
20035 129
20036 129
20037 129
20038 129
20039 129
20040 129
20041 129
20042 129
20043 129
20044 129
20045 130
20046 130
20047 130
20048 130
20049 130
20050 130
20051 130
20052 130
20053 130
20054 130
20055 130
20056 130
20057 130
20058 130
20059 130
20060 130
20061 130
20062 130
20063 130
20064 130
20065 130
20066 130
20067 130
20068 130
20069 130
20070 130
20071 130
20072 130
20073 130
20074 130
20075 130
20076 130
20077 130
20078 130
20079 130
20080 130
20081 130
20082 130
20083 130
20084 130
20085 130
20086 130
20087 130
20088 130
20089 130
20090 130
20091 130
20092 130
20093 130
20094 130
20095 130
20096 130
20097 130
20098 130
20099 130
20100 130
20101 130
20102 130
20103 130
20104 130
20105 130
20106 130
20107 130
20108 130
20109 130
20110 130
20111 130
20112 130
20113 130
20114 130
20115 130
20116 130
20117 130
20118 130
20119 130
20120 130
20121 130
20122 130
20123 130
20124 130
20125 130
20126 130
20127 130
20128 130
20129 130
20130 130
20131 130
20132 130
20133 130
20134 130
20135 130
20136 130
20137 130
20138 130
20139 130
20140 130
20141 130
20142 130
20143 130
20144 130
20145 130
20146 130
20147 130
20148 130
20149 130
20150 130
20151 130
20152 130
20153 130
20154 130
20155 130
20156 130
20157 130
20158 130
20159 130
20160 130
20161 130
20162 130
20163 130
20164 130
20165 130
20166 130
20167 130
20168 130
20169 130
20170 130
20171 130
20172 130
20173 130
20174 130
20175 130
20176 130
20177 130
20178 131
20179 131
20180 131
20181 131
20182 131
20183 131
20184 131
20185 131
20186 131
20187 131
20188 131
20189 131
20190 131
20191 131
20192 131
20193 131
20194 131
20195 131
20196 131
20197 131
20198 131
20199 131
20200 131
20201 131
20202 131
20203 131
20204 131
20205 131
20206 131
20207 131
20208 131
20209 131
20210 131
20211 131
20212 131
20213 131
20214 131
20215 131
20216 131
20217 131
20218 131
20219 131
20220 131
20221 131
20222 131
20223 131
20224 131
20225 131
20226 131
20227 131
20228 131
20229 131
20230 131
20231 131
20232 131
20233 131
20234 131
20235 131
20236 131
20237 131
20238 131
20239 131
20240 131
20241 131
20242 131
20243 131
20244 131
20245 131
20246 131
20247 131
20248 131
20249 131
20250 131
20251 131
20252 131
20253 131
20254 131
20255 131
20256 131
20257 131
20258 131
20259 131
20260 131
20261 131
20262 131
20263 131
20264 131
20265 131
20266 131
20267 131
20268 131
20269 131
20270 131
20271 131
20272 131
20273 131
20274 131
20275 131
20276 131
20277 131
20278 131
20279 131
20280 131
20281 131
20282 131
20283 131
20284 131
20285 131
20286 131
20287 131
20288 131
20289 131
20290 131
20291 131
20292 131
20293 131
20294 131
20295 131
20296 131
20297 131
20298 131
20299 131
20300 131
20301 131
20302 131
20303 131
20304 131
20305 131
20306 132
20307 132
20308 132
20309 132
20310 132
20311 132
20312 132
20313 132
20314 132
20315 132
20316 132
20317 132
20318 132
20319 132
20320 132
20321 132
20322 132
20323 132
20324 132
20325 132
20326 132
20327 132
20328 132
20329 132
20330 132
20331 132
20332 132
20333 132
20334 132
20335 132
20336 132
20337 132
20338 132
20339 132
20340 132
20341 132
20342 132
20343 132
20344 132
20345 132
20346 132
20347 132
20348 132
20349 132
20350 132
20351 132
20352 132
20353 132
20354 132
20355 132
20356 132
20357 132
20358 132
20359 132
20360 132
20361 132
20362 132
20363 132
20364 132
20365 132
20366 132
20367 132
20368 132
20369 132
20370 132
20371 132
20372 132
20373 132
20374 132
20375 132
20376 132
20377 132
20378 132
20379 132
20380 132
20381 132
20382 132
20383 132
20384 132
20385 132
20386 132
20387 132
20388 132
20389 132
20390 132
20391 132
20392 132
20393 132
20394 132
20395 132
20396 132
20397 132
20398 132
20399 132
20400 132
20401 132
20402 132
20403 132
20404 132
20405 132
20406 132
20407 132
20408 132
20409 132
20410 132
20411 132
20412 132
20413 132
20414 132
20415 132
20416 132
20417 132
20418 133
20419 133
20420 133
20421 133
20422 133
20423 133
20424 133
20425 133
20426 133
20427 133
20428 133
20429 133
20430 133
20431 133
20432 133
20433 133
20434 133
20435 133
20436 133
20437 133
20438 133
20439 133
20440 133
20441 133
20442 133
20443 133
20444 133
20445 133
20446 133
20447 133
20448 133
20449 133
20450 133
20451 133
20452 133
20453 133
20454 133
20455 133
20456 133
20457 133
20458 133
20459 133
20460 133
20461 133
20462 133
20463 133
20464 133
20465 133
20466 133
20467 133
20468 133
20469 133
20470 133
20471 133
20472 133
20473 133
20474 133
20475 133
20476 133
20477 133
20478 133
20479 133
20480 133
20481 133
20482 133
20483 133
20484 133
20485 133
20486 133
20487 133
20488 133
20489 133
20490 133
20491 133
20492 133
20493 133
20494 133
20495 133
20496 133
20497 133
20498 133
20499 133
20500 133
20501 133
20502 133
20503 133
20504 133
20505 133
20506 133
20507 133
20508 133
20509 133
20510 133
20511 133
20512 133
20513 133
20514 133
20515 133
20516 133
20517 133
20518 133
20519 133
20520 133
20521 133
20522 133
20523 133
20524 133
20525 133
20526 133
20527 133
20528 133
20529 133
20530 133
20531 133
20532 133
20533 133
20534 133
20535 133
20536 133
20537 133
20538 133
20539 133
20540 133
20541 134
20542 134
20543 134
20544 134
20545 134
20546 134
20547 134
20548 134
20549 134
20550 134
20551 134
20552 134
20553 134
20554 134
20555 134
20556 134
20557 134
20558 134
20559 134
20560 134
20561 134
20562 134
20563 134
20564 134
20565 134
20566 134
20567 134
20568 134
20569 134
20570 134
20571 134
20572 134
20573 134
20574 134
20575 134
20576 134
20577 134
20578 134
20579 134
20580 134
20581 134
20582 134
20583 134
20584 134
20585 134
20586 134
20587 134
20588 134
20589 134
20590 134
20591 134
20592 134
20593 134
20594 134
20595 134
20596 134
20597 134
20598 134
20599 134
20600 134
20601 134
20602 134
20603 134
20604 134
20605 134
20606 134
20607 134
20608 134
20609 134
20610 134
20611 134
20612 134
20613 134
20614 134
20615 134
20616 134
20617 134
20618 134
20619 134
20620 134
20621 134
20622 134
20623 134
20624 134
20625 134
20626 134
20627 134
20628 134
20629 134
20630 134
20631 134
20632 134
20633 134
20634 134
20635 134
20636 134
20637 134
20638 134
20639 134
20640 134
20641 134
20642 134
20643 134
20644 134
20645 134
20646 134
20647 134
20648 134
20649 134
20650 134
20651 134
20652 134
20653 134
20654 134
20655 134
20656 134
20657 134
20658 134
20659 134
20660 134
20661 134
20662 134
20663 134
20664 134
20665 134
20666 134
20667 135
20668 135
20669 135
20670 135
20671 135
20672 135
20673 135
20674 135
20675 135
20676 135
20677 135
20678 135
20679 135
20680 135
20681 135
20682 135
20683 135
20684 135
20685 135
20686 135
20687 135
20688 135
20689 135
20690 135
20691 135
20692 135
20693 135
20694 135
20695 135
20696 135
20697 135
20698 135
20699 135
20700 135
20701 135
20702 135
20703 135
20704 135
20705 135
20706 135
20707 135
20708 135
20709 135
20710 135
20711 135
20712 135
20713 135
20714 135
20715 135
20716 135
20717 135
20718 135
20719 135
20720 135
20721 135
20722 135
20723 135
20724 135
20725 135
20726 135
20727 135
20728 135
20729 135
20730 135
20731 135
20732 135
20733 135
20734 135
20735 135
20736 135
20737 135
20738 135
20739 135
20740 135
20741 135
20742 135
20743 135
20744 135
20745 135
20746 135
20747 135
20748 135
20749 135
20750 135
20751 135
20752 135
20753 135
20754 135
20755 135
20756 135
20757 135
20758 135
20759 135
20760 135
20761 135
20762 135
20763 135
20764 135
20765 135
20766 135
20767 135
20768 135
20769 135
20770 135
20771 135
20772 135
20773 135
20774 135
20775 135
20776 135
20777 135
20778 135
20779 135
20780 135
20781 135
20782 135
20783 135
20784 135
20785 135
20786 135
20787 135
20788 135
20789 135
20790 135
20791 135
20792 135
20793 135
20794 135
20795 135
20796 135
20797 135
20798 135
20799 135
20800 135
20801 135
20802 135
20803 135
20804 135
20805 135
20806 136
20807 136
20808 136
20809 136
20810 136
20811 136
20812 136
20813 136
20814 136
20815 136
20816 136
20817 136
20818 136
20819 136
20820 136
20821 136
20822 136
20823 136
20824 136
20825 136
20826 136
20827 136
20828 136
20829 136
20830 136
20831 136
20832 136
20833 136
20834 136
20835 136
20836 136
20837 136
20838 136
20839 136
20840 136
20841 136
20842 136
20843 136
20844 136
20845 136
20846 136
20847 136
20848 136
20849 136
20850 136
20851 136
20852 136
20853 136
20854 136
20855 136
20856 136
20857 136
20858 136
20859 136
20860 136
20861 136
20862 136
20863 136
20864 136
20865 136
20866 136
20867 136
20868 136
20869 136
20870 136
20871 136
20872 136
20873 136
20874 136
20875 136
20876 136
20877 136
20878 136
20879 136
20880 136
20881 136
20882 136
20883 136
20884 136
20885 136
20886 136
20887 136
20888 136
20889 136
20890 136
20891 136
20892 136
20893 136
20894 136
20895 136
20896 136
20897 136
20898 136
20899 136
20900 136
20901 136
20902 136
20903 136
20904 136
20905 136
20906 136
20907 136
20908 136
20909 136
20910 136
20911 136
20912 136
20913 136
20914 136
20915 136
20916 136
20917 136
20918 136
20919 136
20920 136
20921 136
20922 136
20923 136
20924 136
20925 136
20926 136
20927 136
20928 136
20929 136
20930 136
20931 136
20932 136
20933 136
20934 136
20935 136
20936 136
20937 136
20938 136
20939 136
20940 136
20941 136
20942 136
20943 136
20944 136
20945 136
20946 136
20947 136
20948 136
20949 136
20950 136
20951 136
20952 136
20953 137
20954 137
20955 137
20956 137
20957 137
20958 137
20959 137
20960 137
20961 137
20962 137
20963 137
20964 137
20965 137
20966 137
20967 137
20968 137
20969 137
20970 137
20971 137
20972 137
20973 137
20974 137
20975 137
20976 137
20977 137
20978 137
20979 137
20980 137
20981 137
20982 137
20983 137
20984 137
20985 137
20986 137
20987 137
20988 137
20989 137
20990 137
20991 137
20992 137
20993 137
20994 137
20995 137
20996 137
20997 137
20998 137
20999 137
21000 137
21001 137
21002 137
21003 137
21004 137
21005 137
21006 137
21007 137
21008 137
21009 137
21010 137
21011 137
21012 137
21013 137
21014 137
21015 137
21016 137
21017 137
21018 137
21019 137
21020 137
21021 137
21022 137
21023 137
21024 137
21025 137
21026 137
21027 137
21028 137
21029 137
21030 137
21031 137
21032 137
21033 137
21034 137
21035 137
21036 137
21037 137
21038 137
21039 137
21040 137
21041 137
21042 137
21043 137
21044 137
21045 137
21046 137
21047 137
21048 137
21049 137
21050 137
21051 137
21052 137
21053 137
21054 137
21055 137
21056 137
21057 137
21058 137
21059 137
21060 137
21061 137
21062 137
21063 137
21064 137
21065 137
21066 137
21067 137
21068 137
21069 137
21070 137
21071 137
21072 137
21073 137
21074 137
21075 137
21076 137
21077 137
21078 137
21079 137
21080 137
21081 137
21082 137
21083 137
21084 137
21085 137
21086 137
21087 137
21088 137
21089 137
21090 137
21091 137
21092 137
21093 137
21094 137
21095 137
21096 137
21097 137
21098 137
21099 137
21100 137
21101 137
21102 137
21103 137
21104 137
21105 137
21106 137
21107 137
21108 137
21109 137
21110 137
21111 137
21112 137
21113 137
21114 137
21115 137
21116 138
21117 138
21118 138
21119 138
21120 138
21121 138
21122 138
21123 138
21124 138
21125 138
21126 138
21127 138
21128 138
21129 138
21130 138
21131 138
21132 138
21133 138
21134 138
21135 138
21136 138
21137 138
21138 138
21139 138
21140 138
21141 138
21142 138
21143 138
21144 138
21145 138
21146 138
21147 138
21148 138
21149 138
21150 138
21151 138
21152 138
21153 138
21154 138
21155 138
21156 138
21157 138
21158 138
21159 138
21160 138
21161 138
21162 138
21163 138
21164 138
21165 138
21166 138
21167 138
21168 138
21169 138
21170 138
21171 138
21172 138
21173 138
21174 138
21175 138
21176 138
21177 138
21178 138
21179 138
21180 138
21181 138
21182 138
21183 138
21184 138
21185 138
21186 138
21187 138
21188 138
21189 138
21190 138
21191 138
21192 138
21193 138
21194 138
21195 138
21196 138
21197 138
21198 138
21199 138
21200 138
21201 138
21202 138
21203 138
21204 138
21205 138
21206 138
21207 138
21208 138
21209 138
21210 138
21211 138
21212 138
21213 138
21214 138
21215 138
21216 138
21217 138
21218 138
21219 138
21220 138
21221 138
21222 138
21223 138
21224 138
21225 138
21226 138
21227 138
21228 138
21229 138
21230 138
21231 138
21232 138
21233 138
21234 138
21235 138
21236 138
21237 138
21238 138
21239 138
21240 138
21241 138
21242 138
21243 138
21244 138
21245 138
21246 138
21247 139
21248 139
21249 139
21250 139
21251 139
21252 139
21253 139
21254 139
21255 139
21256 139
21257 139
21258 139
21259 139
21260 139
21261 139
21262 139
21263 139
21264 139
21265 139
21266 139
21267 139
21268 139
21269 139
21270 139
21271 139
21272 139
21273 139
21274 139
21275 139
21276 139
21277 139
21278 139
21279 139
21280 139
21281 139
21282 139
21283 139
21284 139
21285 139
21286 139
21287 139
21288 139
21289 139
21290 139
21291 139
21292 139
21293 139
21294 139
21295 139
21296 139
21297 139
21298 139
21299 139
21300 139
21301 139
21302 139
21303 139
21304 139
21305 139
21306 139
21307 139
21308 139
21309 139
21310 139
21311 139
21312 139
21313 139
21314 139
21315 139
21316 139
21317 139
21318 139
21319 139
21320 139
21321 139
21322 139
21323 139
21324 139
21325 139
21326 139
21327 139
21328 139
21329 139
21330 139
21331 142
21332 142
21333 142
21334 142
21335 142
21336 142
21337 142
21338 142
21339 142
21340 142
21341 142
21342 142
21343 142
21344 142
21345 142
21346 142
21347 142
21348 142
21349 142
21350 142
21351 142
21352 142
21353 142
21354 142
21355 142
21356 142
21357 142
21358 142
21359 142
21360 142
21361 142
21362 142
21363 142
21364 142
21365 142
21366 142
21367 142
21368 142
21369 142
21370 142
21371 142
21372 142
21373 142
21374 142
21375 142
21376 142
21377 142
21378 142
21379 142
21380 142
21381 142
21382 142
21383 142
21384 142
21385 142
21386 142
21387 142
21388 142
21389 142
21390 142
21391 142
21392 142
21393 142
21394 142
21395 142
21396 142
21397 142
21398 142
21399 142
21400 142
21401 142
21402 142
21403 142
21404 142
21405 142
21406 142
21407 142
21408 142
21409 142
21410 142
21411 142
21412 142
21413 142
21414 142
21415 142
21416 142
21417 142
21418 142
21419 142
21420 142
21421 142
21422 142
21423 142
21424 142
21425 142
21426 142
21427 142
21428 142
21429 142
21430 142
21431 142
21432 142
21433 142
21434 142
21435 142
21436 142
21437 142
21438 142
21439 142
21440 142
21441 142
21442 142
21443 142
21444 142
21445 142
21446 142
21447 142
21448 142
21449 142
21450 142
21451 142
21452 142
21453 142
21454 142
21455 142
21456 142
21457 142
21458 142
21459 142
21460 142
21461 142
21462 142
21463 142
21464 142
21465 142
21466 142
21467 142
21468 142
21469 142
21470 142
21471 142
21472 142
21473 142
21474 142
21475 142
21476 142
21477 142
21478 142
21479 142
21480 142
21481 142
21482 142
21483 142
21484 142
21485 142
21486 142
21487 142
21488 142
21489 142
21490 142
21491 142
21492 142
21493 142
21494 142
21495 142
21496 142
21497 142
21498 142
21499 142
21500 142
21501 142
21502 142
21503 142
21504 142
21505 142
21506 142
21507 142
21508 142
21509 142
21510 142
21511 142
21512 142
21513 142
21514 142
21515 142
21516 142
21517 142
21518 142
21519 142
21520 142
21521 142
21522 142
21523 142
21524 142
21525 142
21526 142
21527 142
21528 142
21529 142
21530 142
21531 142
21532 142
21533 142
21534 142
21535 142
21536 142
21537 142
21538 142
21539 142
21540 142
21541 142
21542 142
21543 142
21544 142
21545 142
21546 142
21547 142
21548 142
21549 142
21550 142
21551 142
21552 142
21553 142
21554 142
21555 142
21556 142
21557 142
21558 142
21559 142
21560 142
21561 142
21562 142
21563 142
21564 142
21565 142
21566 142
21567 142
21568 142
21569 142
21570 142
21571 142
21572 142
21573 142
21574 142
21575 142
21576 142
21577 142
21578 142
21579 142
21580 142
21581 142
21582 142
21583 142
21584 142
21585 142
21586 142
21587 142
21588 142
21589 142
21590 142
21591 142
21592 142
21593 142
21594 142
21595 142
21596 142
21597 142
21598 142
21599 142
21600 142
21601 142
21602 142
21603 142
21604 142
21605 142
21606 142
21607 142
21608 142
21609 142
21610 142
21611 142
21612 142
21613 142
21614 142
21615 142
21616 142
21617 142
21618 142
21619 142
21620 142
21621 142
21622 142
21623 142
21624 142
21625 142
21626 142
21627 142
21628 142
21629 142
21630 142
21631 142
21632 142
21633 142
21634 142
21635 142
21636 142
21637 142
21638 142
21639 142
21640 142
21641 142
21642 142
21643 142
21644 142
21645 142
21646 142
21647 142
21648 142
21649 142
21650 142
21651 142
21652 142
21653 142
21654 142
21655 142
21656 142
21657 142
21658 142
21659 142
21660 142
21661 142
21662 142
21663 142
21664 142
21665 142
21666 142
21667 142
21668 142
21669 142
21670 142
21671 142
21672 142
21673 142
21674 142
21675 142
21676 142
21677 142
21678 142
21679 142
21680 142
21681 142
21682 142
21683 142
21684 142
21685 142
21686 142
21687 142
21688 142
21689 142
21690 142
21691 142
21692 142
21693 142
21694 142
21695 142
21696 142
21697 142
21698 142
21699 142
21700 142
21701 142
21702 142
21703 142
21704 142
21705 142
21706 142
21707 142
21708 142
21709 142
21710 142
21711 142
21712 142
21713 142
21714 142
21715 142
21716 142
21717 142
21718 142
21719 142
21720 142
21721 142
21722 142
21723 142
21724 142
21725 142
21726 142
21727 142
21728 142
21729 142
21730 142
21731 142
21732 142
21733 142
21734 142
21735 142
21736 142
21737 142
21738 142
21739 142
21740 142
21741 142
21742 142
21743 142
21744 142
21745 142
21746 142
21747 142
21748 142
21749 142
21750 142
21751 142
21752 142
21753 142
21754 142
21755 142
21756 142
21757 142
21758 142
21759 142
21760 142
21761 142
21762 142
21763 142
21764 142
21765 142
21766 142
21767 142
21768 142
21769 142
21770 142
21771 142
21772 142
21773 142
21774 142
21775 142
21776 142
21777 142
21778 142
21779 142
21780 142
21781 142
21782 142
21783 142
21784 142
21785 142
21786 142
21787 142
21788 142
21789 142
21790 142
21791 142
21792 142
21793 142
21794 142
21795 142
21796 142
21797 142
21798 142
21799 142
21800 142
21801 142
21802 142
21803 142
21804 142
21805 142
21806 142
21807 142
21808 142
21809 142
21810 142
21811 142
21812 142
21813 142
21814 143
21815 143
21816 143
21817 143
21818 143
21819 143
21820 143
21821 143
21822 143
21823 143
21824 143
21825 143
21826 143
21827 143
21828 143
21829 143
21830 143
21831 143
21832 143
21833 143
21834 143
21835 143
21836 143
21837 143
21838 143
21839 143
21840 143
21841 143
21842 143
21843 143
21844 143
21845 143
21846 143
21847 143
21848 143
21849 143
21850 143
21851 143
21852 143
21853 143
21854 143
21855 143
21856 143
21857 143
21858 143
21859 143
21860 143
21861 143
21862 143
21863 143
21864 143
21865 143
21866 143
21867 143
21868 143
21869 143
21870 143
21871 143
21872 143
21873 143
21874 143
21875 143
21876 143
21877 143
21878 143
21879 143
21880 143
21881 143
21882 143
21883 143
21884 143
21885 143
21886 143
21887 143
21888 143
21889 143
21890 143
21891 143
21892 143
21893 143
21894 143
21895 143
21896 143
21897 143
21898 143
21899 143
21900 143
21901 143
21902 143
21903 143
21904 143
21905 143
21906 143
21907 143
21908 143
21909 143
21910 143
21911 143
21912 143
21913 143
21914 143
21915 143
21916 143
21917 143
21918 143
21919 143
21920 143
21921 143
21922 143
21923 143
21924 143
21925 143
21926 143
21927 143
21928 143
21929 143
21930 143
21931 143
21932 143
21933 143
21934 143
21935 143
21936 143
21937 143
21938 143
21939 143
21940 143
21941 143
21942 143
21943 143
21944 143
21945 143
21946 143
21947 143
21948 143
21949 143
21950 143
21951 143
21952 143
21953 143
21954 143
21955 143
21956 143
21957 143
21958 143
21959 143
21960 143
21961 143
21962 144
21963 144
21964 144
21965 144
21966 144
21967 144
21968 144
21969 144
21970 144
21971 144
21972 144
21973 144
21974 144
21975 144
21976 144
21977 144
21978 144
21979 144
21980 144
21981 144
21982 144
21983 144
21984 144
21985 144
21986 144
21987 144
21988 144
21989 144
21990 144
21991 144
21992 144
21993 144
21994 144
21995 144
21996 144
21997 144
21998 144
21999 144
22000 144
22001 144
22002 144
22003 144
22004 144
22005 144
22006 144
22007 144
22008 144
22009 144
22010 144
22011 144
22012 144
22013 144
22014 144
22015 144
22016 144
22017 144
22018 144
22019 144
22020 144
22021 144
22022 144
22023 144
22024 144
22025 144
22026 144
22027 144
22028 144
22029 144
22030 144
22031 144
22032 144
22033 144
22034 144
22035 144
22036 144
22037 144
22038 144
22039 144
22040 144
22041 144
22042 144
22043 144
22044 144
22045 144
22046 144
22047 144
22048 144
22049 144
22050 144
22051 144
22052 144
22053 144
22054 144
22055 144
22056 144
22057 144
22058 144
22059 144
22060 144
22061 144
22062 144
22063 144
22064 144
22065 144
22066 144
22067 144
22068 144
22069 144
22070 144
22071 144
22072 144
22073 144
22074 144
22075 144
22076 144
22077 144
22078 144
22079 144
22080 144
22081 144
22082 144
22083 144
22084 144
22085 144
22086 144
22087 144
22088 144
22089 144
22090 144
22091 144
22092 144
22093 144
22094 144
22095 144
22096 144
22097 144
22098 144
22099 144
22100 144
22101 144
22102 144
22103 144
22104 144
22105 144
22106 144
22107 144
22108 144
22109 144
22110 144
22111 144
22112 144
22113 144
22114 144
22115 144
22116 144
22117 144
22118 144
22119 144
22120 144
22121 144
22122 144
22123 144
22124 144
22125 144
22126 144
22127 144
22128 144
22129 144
22130 144
22131 144
22132 144
22133 144
22134 144
22135 144
22136 144
22137 144
22138 144
22139 144
22140 144
22141 144
22142 144
22143 144
22144 144
22145 144
22146 144
22147 144
22148 144
22149 144
22150 144
22151 144
22152 144
22153 144
22154 144
22155 144
22156 144
22157 144
22158 144
22159 144
22160 144
22161 144
22162 144
22163 144
22164 144
22165 144
22166 144
22167 144
22168 144
22169 144
22170 144
22171 144
22172 144
22173 144
22174 144
22175 144
22176 144
22177 144
22178 144
22179 144
22180 144
22181 144
22182 144
22183 144
22184 144
22185 144
22186 144
22187 144
22188 144
22189 144
22190 144
22191 144
22192 144
22193 144
22194 144
22195 144
22196 144
22197 144
22198 144
22199 144
22200 144
22201 144
22202 144
22203 144
22204 144
22205 144
22206 144
22207 144
22208 144
22209 144
22210 144
22211 144
22212 144
22213 144
22214 144
22215 144
22216 144
22217 144
22218 144
22219 144
22220 144
22221 144
22222 144
22223 144
22224 144
22225 144
22226 144
22227 144
22228 144
22229 144
22230 144
22231 144
22232 144
22233 144
22234 144
22235 144
22236 144
22237 144
22238 144
22239 144
22240 144
22241 144
22242 145
22243 145
22244 145
22245 145
22246 145
22247 145
22248 145
22249 145
22250 145
22251 145
22252 145
22253 145
22254 145
22255 145
22256 145
22257 145
22258 145
22259 145
22260 145
22261 145
22262 145
22263 145
22264 145
22265 145
22266 145
22267 145
22268 145
22269 145
22270 145
22271 145
22272 145
22273 145
22274 145
22275 145
22276 145
22277 145
22278 145
22279 145
22280 145
22281 145
22282 145
22283 145
22284 145
22285 145
22286 145
22287 145
22288 145
22289 145
22290 145
22291 145
22292 145
22293 145
22294 145
22295 145
22296 145
22297 145
22298 145
22299 145
22300 145
22301 145
22302 145
22303 145
22304 145
22305 145
22306 145
22307 145
22308 145
22309 145
22310 145
22311 145
22312 145
22313 145
22314 145
22315 145
22316 145
22317 145
22318 145
22319 145
22320 145
22321 145
22322 145
22323 145
22324 145
22325 145
22326 145
22327 145
22328 145
22329 145
22330 145
22331 145
22332 145
22333 145
22334 145
22335 145
22336 145
22337 145
22338 145
22339 145
22340 145
22341 145
22342 145
22343 145
22344 145
22345 145
22346 145
22347 145
22348 145
22349 145
22350 145
22351 145
22352 145
22353 145
22354 145
22355 145
22356 145
22357 145
22358 145
22359 145
22360 145
22361 145
22362 145
22363 145
22364 145
22365 145
22366 145
22367 145
22368 145
22369 145
22370 145
22371 145
22372 145
22373 145
22374 145
22375 145
22376 145
22377 145
22378 145
22379 145
22380 145
22381 145
22382 145
22383 145
22384 145
22385 145
22386 145
22387 146
22388 146
22389 146
22390 146
22391 146
22392 146
22393 146
22394 146
22395 146
22396 146
22397 146
22398 146
22399 146
22400 146
22401 146
22402 146
22403 146
22404 146
22405 146
22406 146
22407 146
22408 146
22409 146
22410 146
22411 146
22412 146
22413 146
22414 146
22415 146
22416 146
22417 146
22418 146
22419 146
22420 146
22421 146
22422 146
22423 146
22424 146
22425 146
22426 146
22427 146
22428 146
22429 146
22430 146
22431 146
22432 146
22433 146
22434 146
22435 146
22436 146
22437 146
22438 146
22439 146
22440 146
22441 146
22442 146
22443 146
22444 146
22445 146
22446 146
22447 146
22448 146
22449 146
22450 146
22451 146
22452 146
22453 146
22454 146
22455 146
22456 146
22457 146
22458 146
22459 146
22460 146
22461 146
22462 146
22463 146
22464 146
22465 146
22466 146
22467 146
22468 146
22469 146
22470 146
22471 146
22472 146
22473 146
22474 146
22475 146
22476 146
22477 146
22478 146
22479 146
22480 146
22481 146
22482 146
22483 146
22484 146
22485 146
22486 146
22487 146
22488 146
22489 146
22490 146
22491 146
22492 146
22493 146
22494 146
22495 146
22496 146
22497 146
22498 146
22499 146
22500 146
22501 146
22502 146
22503 146
22504 146
22505 146
22506 146
22507 146
22508 146
22509 146
22510 146
22511 146
22512 146
22513 146
22514 146
22515 146
22516 146
22517 146
22518 146
22519 146
22520 146
22521 146
22522 146
22523 146
22524 146
22525 146
22526 146
22527 146
22528 146
22529 146
22530 146
22531 146
22532 146
22533 146
22534 146
22535 146
22536 146
22537 146
22538 146
22539 146
22540 146
22541 146
22542 146
22543 146
22544 146
22545 146
22546 146
22547 146
22548 146
22549 146
22550 146
22551 146
22552 146
22553 146
22554 146
22555 146
22556 146
22557 146
22558 146
22559 146
22560 146
22561 146
22562 146
22563 146
22564 146
22565 146
22566 146
22567 146
22568 146
22569 146
22570 146
22571 146
22572 146
22573 146
22574 146
22575 146
22576 146
22577 146
22578 146
22579 146
22580 146
22581 146
22582 146
22583 146
22584 146
22585 146
22586 146
22587 147
22588 147
22589 147
22590 147
22591 147
22592 147
22593 147
22594 147
22595 147
22596 147
22597 147
22598 147
22599 147
22600 147
22601 147
22602 147
22603 147
22604 147
22605 147
22606 147
22607 147
22608 147
22609 147
22610 147
22611 147
22612 147
22613 147
22614 147
22615 147
22616 147
22617 147
22618 147
22619 147
22620 147
22621 147
22622 147
22623 147
22624 147
22625 147
22626 147
22627 147
22628 147
22629 147
22630 147
22631 147
22632 147
22633 147
22634 147
22635 147
22636 147
22637 147
22638 147
22639 147
22640 147
22641 147
22642 147
22643 147
22644 147
22645 147
22646 147
22647 147
22648 147
22649 147
22650 147
22651 147
22652 147
22653 147
22654 147
22655 147
22656 147
22657 147
22658 147
22659 147
22660 147
22661 147
22662 147
22663 147
22664 147
22665 147
22666 147
22667 147
22668 147
22669 147
22670 147
22671 147
22672 147
22673 147
22674 147
22675 147
22676 147
22677 147
22678 147
22679 147
22680 147
22681 147
22682 147
22683 147
22684 147
22685 147
22686 147
22687 147
22688 147
22689 147
22690 147
22691 147
22692 147
22693 147
22694 147
22695 147
22696 147
22697 147
22698 147
22699 147
22700 147
22701 147
22702 147
22703 147
22704 147
22705 147
22706 147
22707 147
22708 147
22709 147
22710 147
22711 147
22712 147
22713 147
22714 147
22715 147
22716 147
22717 147
22718 147
22719 147
22720 147
22721 147
22722 147
22723 147
22724 147
22725 147
22726 147
22727 147
22728 147
22729 147
22730 147
22731 147
22732 147
22733 147
22734 147
22735 147
22736 147
22737 147
22738 147
22739 147
22740 147
22741 147
22742 147
22743 147
22744 147
22745 147
22746 147
22747 147
22748 147
22749 147
22750 147
22751 147
22752 147
22753 147
22754 147
22755 147
22756 147
22757 147
22758 147
22759 147
22760 147
22761 147
22762 147
22763 147
22764 147
22765 147
22766 147
22767 147
22768 147
22769 147
22770 147
22771 147
22772 147
22773 147
22774 147
22775 147
22776 147
22777 147
22778 147
22779 147
22780 147
22781 147
22782 147
22783 147
22784 147
22785 147
22786 147
22787 147
22788 147
22789 147
22790 147
22791 147
22792 147
22793 147
22794 147
22795 147
22796 147
22797 147
22798 147
22799 147
22800 147
22801 147
22802 147
22803 147
22804 147
22805 147
22806 147
22807 147
22808 147
22809 147
22810 147
22811 147
22812 147
22813 147
22814 147
22815 147
22816 147
22817 147
22818 147
22819 147
22820 147
22821 147
22822 147
22823 147
22824 147
22825 147
22826 147
22827 147
22828 147
22829 147
22830 147
22831 147
22832 147
22833 147
22834 147
22835 147
22836 147
22837 147
22838 147
22839 147
22840 147
22841 147
22842 147
22843 147
22844 147
22845 147
22846 147
22847 147
22848 147
22849 147
22850 147
22851 147
22852 147
22853 147
22854 147
22855 147
22856 148
22857 148
22858 148
22859 148
22860 148
22861 148
22862 148
22863 148
22864 148
22865 148
22866 148
22867 148
22868 148
22869 148
22870 148
22871 148
22872 148
22873 148
22874 148
22875 148
22876 148
22877 148
22878 148
22879 148
22880 148
22881 148
22882 148
22883 148
22884 148
22885 148
22886 148
22887 148
22888 148
22889 148
22890 148
22891 148
22892 148
22893 148
22894 148
22895 148
22896 148
22897 148
22898 148
22899 148
22900 148
22901 148
22902 148
22903 148
22904 148
22905 148
22906 148
22907 148
22908 148
22909 148
22910 148
22911 148
22912 148
22913 148
22914 148
22915 148
22916 148
22917 148
22918 148
22919 148
22920 148
22921 148
22922 148
22923 148
22924 148
22925 148
22926 148
22927 148
22928 148
22929 148
22930 148
22931 148
22932 148
22933 148
22934 148
22935 148
22936 148
22937 148
22938 148
22939 148
22940 148
22941 148
22942 148
22943 148
22944 148
22945 148
22946 148
22947 148
22948 148
22949 148
22950 148
22951 148
22952 148
22953 148
22954 148
22955 148
22956 148
22957 148
22958 148
22959 148
22960 148
22961 148
22962 148
22963 148
22964 148
22965 148
22966 148
22967 148
22968 148
22969 148
22970 148
22971 148
22972 148
22973 148
22974 148
22975 148
22976 148
22977 148
22978 148
22979 148
22980 148
22981 148
22982 148
22983 148
22984 148
22985 148
22986 148
22987 148
22988 148
22989 148
22990 148
22991 148
22992 148
22993 148
22994 148
22995 148
22996 148
22997 148
22998 148
22999 148
23000 148
23001 148
23002 148
23003 148
23004 148
23005 148
23006 148
23007 148
23008 148
23009 148
23010 148
23011 148
23012 148
23013 148
23014 148
23015 148
23016 148
23017 148
23018 148
23019 148
23020 148
23021 148
23022 148
23023 148
23024 148
23025 148
23026 148
23027 148
23028 148
23029 148
23030 148
23031 148
23032 148
23033 149
23034 149
23035 149
23036 149
23037 149
23038 149
23039 149
23040 149
23041 149
23042 149
23043 149
23044 149
23045 149
23046 149
23047 149
23048 149
23049 149
23050 149
23051 149
23052 149
23053 149
23054 149
23055 149
23056 149
23057 149
23058 149
23059 149
23060 149
23061 149
23062 149
23063 149
23064 149
23065 149
23066 149
23067 149
23068 149
23069 149
23070 149
23071 149
23072 149
23073 149
23074 149
23075 149
23076 149
23077 149
23078 149
23079 149
23080 149
23081 149
23082 149
23083 149
23084 149
23085 149
23086 149
23087 149
23088 149
23089 149
23090 149
23091 149
23092 149
23093 149
23094 149
23095 149
23096 149
23097 149
23098 149
23099 149
23100 149
23101 149
23102 149
23103 149
23104 149
23105 149
23106 149
23107 149
23108 149
23109 149
23110 149
23111 149
23112 149
23113 149
23114 149
23115 149
23116 149
23117 149
23118 149
23119 149
23120 149
23121 149
23122 149
23123 149
23124 149
23125 149
23126 149
23127 149
23128 149
23129 149
23130 149
23131 149
23132 149
23133 149
23134 149
23135 149
23136 149
23137 149
23138 149
23139 149
23140 149
23141 149
23142 149
23143 149
23144 149
23145 149
23146 149
23147 149
23148 149
23149 149
23150 149
23151 149
23152 149
23153 149
23154 149
23155 149
23156 149
23157 149
23158 149
23159 149
23160 149
23161 149
23162 149
23163 149
23164 149
23165 149
23166 149
23167 149
23168 149
23169 149
23170 149
23171 149
23172 149
23173 149
23174 149
23175 149
23176 149
23177 149
23178 149
23179 149
23180 149
23181 149
23182 149
23183 149
23184 149
23185 149
23186 149
23187 149
23188 149
23189 149
23190 149
23191 149
23192 149
23193 149
23194 149
23195 149
23196 149
23197 149
23198 149
23199 149
23200 149
23201 149
23202 149
23203 149
23204 149
23205 149
23206 149
23207 149
23208 149
23209 149
23210 149
23211 149
23212 149
23213 149
23214 149
23215 149
23216 149
23217 150
23218 150
23219 150
23220 150
23221 150
23222 150
23223 150
23224 150
23225 150
23226 150
23227 150
23228 150
23229 150
23230 150
23231 150
23232 150
23233 150
23234 150
23235 150
23236 150
23237 150
23238 150
23239 150
23240 150
23241 150
23242 150
23243 150
23244 150
23245 150
23246 150
23247 150
23248 150
23249 150
23250 150
23251 150
23252 150
23253 150
23254 150
23255 150
23256 150
23257 150
23258 150
23259 150
23260 150
23261 150
23262 150
23263 150
23264 150
23265 150
23266 150
23267 150
23268 150
23269 150
23270 150
23271 150
23272 150
23273 150
23274 150
23275 150
23276 150
23277 150
23278 150
23279 150
23280 150
23281 150
23282 150
23283 150
23284 150
23285 150
23286 150
23287 150
23288 150
23289 150
23290 150
23291 150
23292 150
23293 150
23294 150
23295 150
23296 150
23297 150
23298 150
23299 150
23300 150
23301 150
23302 150
23303 150
23304 150
23305 150
23306 150
23307 150
23308 150
23309 150
23310 150
23311 150
23312 150
23313 150
23314 150
23315 150
23316 150
23317 150
23318 150
23319 150
23320 150
23321 150
23322 150
23323 150
23324 150
23325 150
23326 150
23327 150
23328 150
23329 150
23330 150
23331 150
23332 150
23333 150
23334 150
23335 150
23336 150
23337 150
23338 150
23339 150
23340 150
23341 150
23342 150
23343 150
23344 150
23345 150
23346 150
23347 150
23348 150
23349 150
23350 150
23351 150
23352 150
23353 150
23354 150
23355 150
23356 150
23357 150
23358 150
23359 150
23360 150
23361 150
23362 150
23363 150
23364 150
23365 150
23366 150
23367 150
23368 150
23369 150
23370 150
23371 150
23372 150
23373 150
23374 150
23375 150
23376 150
23377 150
23378 150
23379 150
23380 150
23381 150
23382 150
23383 150
23384 150
23385 150
23386 150
23387 150
23388 150
23389 150
23390 150
23391 150
23392 151
23393 151
23394 151
23395 151
23396 151
23397 151
23398 151
23399 151
23400 151
23401 151
23402 151
23403 151
23404 151
23405 151
23406 151
23407 151
23408 151
23409 151
23410 151
23411 151
23412 151
23413 151
23414 151
23415 151
23416 151
23417 151
23418 151
23419 151
23420 151
23421 151
23422 151
23423 151
23424 151
23425 151
23426 151
23427 151
23428 151
23429 151
23430 151
23431 151
23432 151
23433 151
23434 151
23435 151
23436 151
23437 151
23438 151
23439 151
23440 151
23441 151
23442 151
23443 151
23444 151
23445 151
23446 151
23447 151
23448 151
23449 151
23450 151
23451 151
23452 151
23453 151
23454 151
23455 151
23456 151
23457 151
23458 151
23459 151
23460 151
23461 151
23462 151
23463 151
23464 151
23465 151
23466 151
23467 151
23468 151
23469 151
23470 151
23471 151
23472 151
23473 151
23474 151
23475 151
23476 151
23477 151
23478 151
23479 151
23480 151
23481 151
23482 151
23483 151
23484 151
23485 151
23486 151
23487 151
23488 151
23489 151
23490 151
23491 151
23492 151
23493 151
23494 151
23495 151
23496 151
23497 151
23498 151
23499 151
23500 151
23501 152
23502 152
23503 152
23504 152
23505 152
23506 152
23507 152
23508 152
23509 152
23510 152
23511 152
23512 152
23513 152
23514 152
23515 152
23516 152
23517 152
23518 152
23519 152
23520 152
23521 152
23522 152
23523 152
23524 152
23525 152
23526 152
23527 152
23528 152
23529 152
23530 152
23531 152
23532 152
23533 152
23534 152
23535 152
23536 152
23537 152
23538 152
23539 152
23540 152
23541 152
23542 152
23543 152
23544 152
23545 152
23546 152
23547 152
23548 152
23549 152
23550 152
23551 152
23552 152
23553 152
23554 152
23555 152
23556 152
23557 152
23558 152
23559 152
23560 152
23561 152
23562 152
23563 152
23564 152
23565 152
23566 152
23567 152
23568 152
23569 152
23570 152
23571 152
23572 152
23573 152
23574 152
23575 152
23576 152
23577 152
23578 152
23579 152
23580 152
23581 152
23582 152
23583 152
23584 152
23585 152
23586 152
23587 152
23588 152
23589 152
23590 152
23591 152
23592 152
23593 152
23594 152
23595 152
23596 152
23597 152
23598 152
23599 152
23600 152
23601 152
23602 152
23603 152
23604 152
23605 152
23606 152
23607 152
23608 152
23609 152
23610 152
23611 152
23612 152
23613 152
23614 152
23615 152
23616 152
23617 152
23618 152
23619 152
23620 152
23621 152
23622 152
23623 152
23624 152
23625 152
23626 152
23627 152
23628 152
23629 152
23630 152
23631 152
23632 152
23633 152
23634 152
23635 152
23636 152
23637 152
23638 152
23639 152
23640 152
23641 152
23642 152
23643 152
23644 152
23645 152
23646 152
23647 152
23648 152
23649 152
23650 152
23651 152
23652 152
23653 152
23654 152
23655 152
23656 152
23657 152
23658 152
23659 152
23660 152
23661 152
23662 152
23663 152
23664 152
23665 152
23666 152
23667 152
23668 152
23669 152
23670 152
23671 152
23672 152
23673 152
23674 152
23675 152
23676 152
23677 152
23678 152
23679 152
23680 152
23681 152
23682 152
23683 153
23684 153
23685 153
23686 153
23687 153
23688 153
23689 153
23690 153
23691 153
23692 153
23693 153
23694 153
23695 153
23696 153
23697 153
23698 153
23699 153
23700 153
23701 153
23702 153
23703 153
23704 153
23705 153
23706 153
23707 153
23708 153
23709 153
23710 153
23711 153
23712 153
23713 153
23714 153
23715 153
23716 153
23717 153
23718 153
23719 153
23720 153
23721 153
23722 153
23723 153
23724 153
23725 153
23726 153
23727 153
23728 153
23729 153
23730 153
23731 153
23732 153
23733 153
23734 153
23735 153
23736 153
23737 153
23738 153
23739 153
23740 153
23741 153
23742 153
23743 153
23744 153
23745 153
23746 153
23747 153
23748 153
23749 153
23750 153
23751 153
23752 153
23753 153
23754 153
23755 153
23756 153
23757 153
23758 153
23759 153
23760 153
23761 153
23762 153
23763 153
23764 153
23765 153
23766 153
23767 153
23768 153
23769 153
23770 153
23771 153
23772 153
23773 153
23774 153
23775 153
23776 153
23777 153
23778 153
23779 153
23780 153
23781 153
23782 153
23783 153
23784 153
23785 153
23786 153
23787 153
23788 153
23789 153
23790 153
23791 153
23792 153
23793 153
23794 153
23795 153
23796 153
23797 153
23798 153
23799 153
23800 153
23801 153
23802 153
23803 154
23804 154
23805 154
23806 154
23807 154
23808 154
23809 154
23810 154
23811 154
23812 154
23813 154
23814 154
23815 154
23816 154
23817 154
23818 154
23819 154
23820 154
23821 154
23822 154
23823 154
23824 154
23825 154
23826 154
23827 154
23828 154
23829 154
23830 154
23831 154
23832 154
23833 154
23834 154
23835 154
23836 154
23837 154
23838 154
23839 154
23840 154
23841 154
23842 154
23843 154
23844 154
23845 154
23846 154
23847 154
23848 154
23849 154
23850 154
23851 154
23852 154
23853 154
23854 154
23855 154
23856 154
23857 154
23858 154
23859 154
23860 154
23861 154
23862 154
23863 154
23864 154
23865 154
23866 154
23867 154
23868 154
23869 154
23870 154
23871 154
23872 154
23873 154
23874 154
23875 154
23876 154
23877 154
23878 154
23879 154
23880 154
23881 154
23882 154
23883 154
23884 154
23885 154
23886 154
23887 154
23888 154
23889 154
23890 154
23891 154
23892 154
23893 154
23894 154
23895 154
23896 154
23897 154
23898 154
23899 154
23900 154
23901 154
23902 154
23903 154
23904 154
23905 154
23906 154
23907 154
23908 154
23909 154
23910 154
23911 154
23912 154
23913 154
23914 154
23915 154
23916 154
23917 154
23918 154
23919 154
23920 154
23921 154
23922 154
23923 154
23924 154
23925 154
23926 154
23927 154
23928 154
23929 154
23930 154
23931 154
23932 154
23933 154
23934 154
23935 154
23936 154
23937 154
23938 154
23939 155
23940 155
23941 155
23942 155
23943 155
23944 155
23945 155
23946 155
23947 155
23948 155
23949 155
23950 155
23951 155
23952 155
23953 155
23954 155
23955 155
23956 155
23957 155
23958 155
23959 155
23960 155
23961 155
23962 155
23963 155
23964 155
23965 155
23966 155
23967 155
23968 155
23969 155
23970 155
23971 155
23972 155
23973 155
23974 155
23975 155
23976 155
23977 155
23978 155
23979 155
23980 155
23981 155
23982 155
23983 155
23984 155
23985 155
23986 155
23987 155
23988 155
23989 155
23990 155
23991 155
23992 155
23993 155
23994 155
23995 155
23996 155
23997 155
23998 155
23999 155
24000 155
24001 155
24002 155
24003 155
24004 155
24005 155
24006 155
24007 155
24008 155
24009 155
24010 155
24011 155
24012 155
24013 155
24014 155
24015 155
24016 155
24017 155
24018 155
24019 155
24020 155
24021 155
24022 155
24023 155
24024 155
24025 155
24026 155
24027 155
24028 155
24029 155
24030 155
24031 155
24032 155
24033 155
24034 155
24035 155
24036 155
24037 155
24038 155
24039 155
24040 155
24041 155
24042 155
24043 155
24044 155
24045 155
24046 155
24047 155
24048 155
24049 155
24050 155
24051 155
24052 155
24053 155
24054 155
24055 155
24056 155
24057 155
24058 155
24059 155
24060 155
24061 155
24062 155
24063 155
24064 155
24065 155
24066 155
24067 155
24068 156
24069 156
24070 156
24071 156
24072 156
24073 156
24074 156
24075 156
24076 156
24077 156
24078 156
24079 156
24080 156
24081 156
24082 156
24083 156
24084 156
24085 156
24086 156
24087 156
24088 156
24089 156
24090 156
24091 156
24092 156
24093 156
24094 156
24095 156
24096 156
24097 156
24098 156
24099 156
24100 156
24101 156
24102 156
24103 156
24104 156
24105 156
24106 156
24107 156
24108 156
24109 156
24110 156
24111 156
24112 156
24113 156
24114 156
24115 156
24116 156
24117 156
24118 156
24119 156
24120 156
24121 156
24122 156
24123 156
24124 156
24125 156
24126 156
24127 156
24128 156
24129 156
24130 156
24131 156
24132 156
24133 156
24134 156
24135 156
24136 156
24137 156
24138 156
24139 156
24140 156
24141 156
24142 156
24143 156
24144 156
24145 156
24146 156
24147 156
24148 156
24149 156
24150 156
24151 156
24152 156
24153 156
24154 156
24155 156
24156 156
24157 156
24158 156
24159 156
24160 156
24161 156
24162 156
24163 156
24164 156
24165 156
24166 156
24167 156
24168 156
24169 156
24170 156
24171 156
24172 156
24173 156
24174 157
24175 157
24176 157
24177 157
24178 157
24179 157
24180 157
24181 157
24182 157
24183 157
24184 157
24185 157
24186 157
24187 157
24188 157
24189 157
24190 157
24191 157
24192 157
24193 157
24194 157
24195 157
24196 157
24197 157
24198 157
24199 157
24200 157
24201 157
24202 157
24203 157
24204 157
24205 157
24206 157
24207 157
24208 157
24209 157
24210 157
24211 157
24212 157
24213 157
24214 157
24215 157
24216 157
24217 157
24218 157
24219 157
24220 157
24221 157
24222 157
24223 157
24224 157
24225 157
24226 157
24227 157
24228 157
24229 157
24230 157
24231 157
24232 157
24233 157
24234 157
24235 157
24236 157
24237 157
24238 157
24239 157
24240 157
24241 157
24242 157
24243 157
24244 157
24245 157
24246 157
24247 157
24248 157
24249 157
24250 157
24251 157
24252 157
24253 157
24254 157
24255 157
24256 157
24257 157
24258 157
24259 157
24260 157
24261 157
24262 157
24263 157
24264 157
24265 157
24266 157
24267 157
24268 157
24269 157
24270 157
24271 157
24272 157
24273 157
24274 157
24275 157
24276 157
24277 157
24278 157
24279 157
24280 157
24281 157
24282 157
24283 157
24284 157
24285 157
24286 157
24287 157
24288 157
24289 158
24290 158
24291 158
24292 158
24293 158
24294 158
24295 158
24296 158
24297 158
24298 158
24299 158
24300 158
24301 158
24302 158
24303 158
24304 158
24305 158
24306 158
24307 158
24308 158
24309 158
24310 158
24311 158
24312 158
24313 158
24314 158
24315 158
24316 158
24317 158
24318 158
24319 158
24320 158
24321 158
24322 158
24323 158
24324 158
24325 158
24326 158
24327 158
24328 158
24329 158
24330 158
24331 158
24332 158
24333 158
24334 158
24335 158
24336 158
24337 158
24338 158
24339 158
24340 158
24341 158
24342 158
24343 158
24344 158
24345 158
24346 158
24347 158
24348 158
24349 158
24350 158
24351 158
24352 158
24353 158
24354 158
24355 158
24356 158
24357 158
24358 158
24359 158
24360 158
24361 158
24362 158
24363 158
24364 158
24365 158
24366 158
24367 158
24368 158
24369 158
24370 158
24371 158
24372 158
24373 158
24374 158
24375 158
24376 158
24377 158
24378 158
24379 158
24380 158
24381 158
24382 158
24383 158
24384 158
24385 158
24386 158
24387 158
24388 158
24389 158
24390 158
24391 158
24392 158
24393 158
24394 158
24395 158
24396 158
24397 158
24398 158
24399 158
24400 158
24401 158
24402 158
24403 158
24404 158
24405 158
24406 158
24407 158
24408 158
24409 158
24410 158
24411 158
24412 158
24413 158
24414 158
24415 158
24416 158
24417 158
24418 158
24419 158
24420 158
24421 158
24422 158
24423 158
24424 158
24425 158
24426 158
24427 158
24428 158
24429 158
24430 159
24431 159
24432 159
24433 159
24434 159
24435 159
24436 159
24437 159
24438 159
24439 159
24440 159
24441 159
24442 159
24443 159
24444 159
24445 161
24446 161
24447 161
24448 161
24449 161
24450 161
24451 161
24452 161
24453 161
24454 161
24455 161
24456 161
24457 161
24458 161
24459 161
24460 161
24461 161
24462 161
24463 161
24464 161
24465 161
24466 161
24467 161
24468 161
24469 161
24470 161
24471 161
24472 161
24473 161
24474 161
24475 161
24476 161
24477 161
24478 161
24479 161
24480 161
24481 161
24482 161
24483 161
24484 161
24485 161
24486 161
24487 161
24488 161
24489 161
24490 161
24491 161
24492 161
24493 161
24494 161
24495 161
24496 161
24497 161
24498 161
24499 161
24500 161
24501 161
24502 161
24503 161
24504 161
24505 161
24506 161
24507 161
24508 161
24509 161
24510 161
24511 161
24512 161
24513 161
24514 161
24515 161
24516 161
24517 161
24518 161
24519 161
24520 161
24521 161
24522 161
24523 161
24524 161
24525 161
24526 161
24527 161
24528 161
24529 161
24530 161
24531 161
24532 161
24533 161
24534 161
24535 161
24536 161
24537 161
24538 161
24539 161
24540 161
24541 161
24542 161
24543 161
24544 161
24545 161
24546 161
24547 161
24548 161
24549 161
24550 161
24551 161
24552 161
24553 161
24554 161
24555 161
24556 161
24557 161
24558 161
24559 161
24560 161
24561 161
24562 161
24563 161
24564 161
24565 161
24566 161
24567 161
24568 161
24569 161
24570 161
24571 161
24572 161
24573 161
24574 161
24575 161
24576 161
24577 161
24578 161
24579 161
24580 161
24581 161
24582 161
24583 161
24584 161
24585 161
24586 161
24587 161
24588 161
24589 161
24590 161
24591 161
24592 161
24593 161
24594 161
24595 161
24596 161
24597 161
24598 161
24599 161
24600 161
24601 161
24602 161
24603 161
24604 161
24605 161
24606 161
24607 161
24608 161
24609 161
24610 161
24611 161
24612 161
24613 161
24614 161
24615 161
24616 161
24617 161
24618 161
24619 161
24620 161
24621 161
24622 161
24623 161
24624 161
24625 161
24626 161
24627 161
24628 161
24629 161
24630 161
24631 161
24632 161
24633 161
24634 161
24635 161
24636 161
24637 161
24638 161
24639 161
24640 161
24641 161
24642 161
24643 161
24644 161
24645 161
24646 161
24647 162
24648 162
24649 162
24650 162
24651 162
24652 162
24653 162
24654 162
24655 162
24656 162
24657 162
24658 162
24659 162
24660 162
24661 162
24662 162
24663 162
24664 162
24665 162
24666 162
24667 162
24668 162
24669 162
24670 162
24671 162
24672 162
24673 162
24674 162
24675 162
24676 162
24677 162
24678 162
24679 162
24680 162
24681 162
24682 162
24683 162
24684 162
24685 162
24686 162
24687 162
24688 162
24689 162
24690 162
24691 162
24692 162
24693 162
24694 162
24695 162
24696 162
24697 162
24698 162
24699 162
24700 162
24701 162
24702 162
24703 162
24704 162
24705 162
24706 162
24707 162
24708 162
24709 162
24710 162
24711 162
24712 162
24713 162
24714 162
24715 162
24716 162
24717 162
24718 162
24719 162
24720 162
24721 162
24722 162
24723 162
24724 162
24725 162
24726 162
24727 162
24728 162
24729 162
24730 162
24731 162
24732 162
24733 162
24734 162
24735 162
24736 162
24737 162
24738 162
24739 162
24740 162
24741 162
24742 162
24743 162
24744 162
24745 162
24746 162
24747 162
24748 162
24749 163
24750 163
24751 163
24752 163
24753 163
24754 163
24755 163
24756 163
24757 163
24758 163
24759 163
24760 163
24761 163
24762 163
24763 163
24764 163
24765 163
24766 163
24767 163
24768 163
24769 163
24770 163
24771 163
24772 163
24773 163
24774 163
24775 163
24776 163
24777 163
24778 163
24779 163
24780 163
24781 163
24782 163
24783 163
24784 163
24785 163
24786 163
24787 163
24788 163
24789 163
24790 163
24791 163
24792 163
24793 163
24794 163
24795 163
24796 163
24797 163
24798 163
24799 163
24800 163
24801 163
24802 163
24803 163
24804 163
24805 163
24806 163
24807 163
24808 163
24809 163
24810 163
24811 163
24812 163
24813 163
24814 163
24815 163
24816 163
24817 163
24818 163
24819 163
24820 163
24821 163
24822 163
24823 163
24824 163
24825 163
24826 163
24827 163
24828 163
24829 163
24830 163
24831 163
24832 163
24833 163
24834 163
24835 163
24836 163
24837 163
24838 163
24839 163
24840 163
24841 163
24842 163
24843 163
24844 163
24845 163
24846 163
24847 163
24848 163
24849 163
24850 163
24851 163
24852 163
24853 163
24854 163
24855 163
24856 163
24857 163
24858 163
24859 163
24860 163
24861 163
24862 163
24863 163
24864 163
24865 163
24866 163
24867 163
24868 163
24869 163
24870 163
24871 163
24872 163
24873 163
24874 163
24875 163
24876 163
24877 163
24878 163
24879 163
24880 163
24881 163
24882 163
24883 163
24884 163
24885 163
24886 163
24887 163
24888 163
24889 163
24890 163
24891 163
24892 163
24893 163
24894 163
24895 163
24896 163
24897 163
24898 163
24899 163
24900 163
24901 163
24902 163
24903 163
24904 163
24905 163
24906 163
24907 163
24908 163
24909 163
24910 163
24911 163
24912 163
24913 163
24914 163
24915 163
24916 163
24917 164
24918 164
24919 164
24920 164
24921 164
24922 164
24923 164
24924 164
24925 164
24926 164
24927 164
24928 164
24929 164
24930 164
24931 164
24932 164
24933 164
24934 164
24935 164
24936 164
24937 164
24938 164
24939 164
24940 164
24941 164
24942 164
24943 164
24944 164
24945 164
24946 164
24947 164
24948 164
24949 164
24950 164
24951 164
24952 164
24953 164
24954 164
24955 164
24956 164
24957 164
24958 164
24959 164
24960 164
24961 164
24962 164
24963 164
24964 164
24965 164
24966 164
24967 164
24968 164
24969 164
24970 164
24971 164
24972 164
24973 164
24974 164
24975 164
24976 164
24977 164
24978 164
24979 164
24980 164
24981 164
24982 164
24983 164
24984 164
24985 164
24986 164
24987 164
24988 164
24989 164
24990 164
24991 164
24992 164
24993 164
24994 164
24995 164
24996 164
24997 164
24998 164
24999 164
25000 164
25001 164
25002 164
25003 164
25004 164
25005 164
25006 164
25007 164
25008 164
25009 164
25010 164
25011 164
25012 164
25013 164
25014 164
25015 164
25016 164
25017 164
25018 164
25019 164
25020 164
25021 164
25022 164
25023 164
25024 164
25025 164
25026 164
25027 164
25028 164
25029 164
25030 164
25031 164
25032 164
25033 164
25034 164
25035 165
25036 165
25037 165
25038 165
25039 165
25040 165
25041 165
25042 165
25043 165
25044 165
25045 165
25046 165
25047 165
25048 165
25049 165
25050 165
25051 165
25052 165
25053 165
25054 165
25055 165
25056 165
25057 165
25058 165
25059 165
25060 165
25061 165
25062 165
25063 165
25064 165
25065 165
25066 165
25067 165
25068 165
25069 165
25070 165
25071 165
25072 165
25073 165
25074 165
25075 165
25076 165
25077 165
25078 165
25079 165
25080 165
25081 165
25082 165
25083 165
25084 165
25085 165
25086 165
25087 165
25088 165
25089 165
25090 165
25091 165
25092 165
25093 165
25094 165
25095 165
25096 165
25097 165
25098 165
25099 165
25100 165
25101 165
25102 165
25103 165
25104 165
25105 165
25106 165
25107 165
25108 165
25109 165
25110 165
25111 165
25112 165
25113 165
25114 165
25115 165
25116 165
25117 165
25118 165
25119 165
25120 165
25121 165
25122 165
25123 165
25124 165
25125 165
25126 165
25127 166
25128 166
25129 166
25130 166
25131 166
25132 166
25133 166
25134 166
25135 166
25136 166
25137 166
25138 166
25139 166
25140 166
25141 166
25142 166
25143 166
25144 166
25145 166
25146 166
25147 166
25148 166
25149 166
25150 166
25151 166
25152 166
25153 166
25154 166
25155 166
25156 166
25157 166
25158 166
25159 166
25160 166
25161 166
25162 166
25163 166
25164 166
25165 166
25166 166
25167 166
25168 166
25169 166
25170 166
25171 166
25172 166
25173 166
25174 166
25175 166
25176 166
25177 166
25178 166
25179 166
25180 166
25181 166
25182 166
25183 166
25184 166
25185 166
25186 166
25187 166
25188 166
25189 166
25190 166
25191 166
25192 166
25193 166
25194 166
25195 166
25196 166
25197 166
25198 166
25199 166
25200 166
25201 166
25202 166
25203 166
25204 166
25205 166
25206 166
25207 166
25208 166
25209 166
25210 166
25211 166
25212 166
25213 166
25214 166
25215 166
25216 166
25217 166
25218 166
25219 166
25220 166
25221 166
25222 166
25223 166
25224 166
25225 166
25226 166
25227 166
25228 166
25229 166
25230 166
25231 166
25232 166
25233 166
25234 166
25235 166
25236 166
25237 166
25238 166
25239 166
25240 166
25241 166
25242 166
25243 166
25244 166
25245 166
25246 166
25247 166
25248 166
25249 166
25250 166
25251 166
25252 166
25253 166
25254 166
25255 166
25256 166
25257 166
25258 166
25259 166
25260 166
25261 166
25262 166
25263 166
25264 166
25265 166
25266 166
25267 166
25268 166
25269 166
25270 166
25271 166
25272 166
25273 166
25274 166
25275 167
25276 167
25277 167
25278 167
25279 167
25280 167
25281 167
25282 167
25283 167
25284 167
25285 167
25286 167
25287 167
25288 167
25289 167
25290 167
25291 167
25292 167
25293 167
25294 167
25295 167
25296 167
25297 167
25298 167
25299 167
25300 167
25301 167
25302 167
25303 167
25304 167
25305 167
25306 167
25307 167
25308 167
25309 167
25310 167
25311 167
25312 167
25313 167
25314 167
25315 167
25316 167
25317 167
25318 167
25319 167
25320 167
25321 167
25322 167
25323 167
25324 167
25325 167
25326 167
25327 167
25328 167
25329 167
25330 167
25331 167
25332 167
25333 167
25334 167
25335 167
25336 167
25337 167
25338 167
25339 167
25340 167
25341 167
25342 167
25343 167
25344 167
25345 167
25346 167
25347 167
25348 167
25349 167
25350 167
25351 167
25352 167
25353 167
25354 167
25355 167
25356 167
25357 167
25358 167
25359 167
25360 167
25361 167
25362 167
25363 167
25364 167
25365 167
25366 167
25367 167
25368 167
25369 167
25370 167
25371 167
25372 167
25373 167
25374 167
25375 167
25376 167
25377 167
25378 167
25379 167
25380 167
25381 167
25382 167
25383 167
25384 167
25385 167
25386 167
25387 167
25388 167
25389 167
25390 167
25391 167
25392 167
25393 167
25394 167
25395 167
25396 167
25397 167
25398 167
25399 167
25400 167
25401 167
25402 167
25403 167
25404 168
25405 168
25406 168
25407 168
25408 168
25409 168
25410 168
25411 168
25412 168
25413 168
25414 168
25415 168
25416 168
25417 168
25418 168
25419 168
25420 168
25421 168
25422 168
25423 168
25424 168
25425 168
25426 168
25427 168
25428 168
25429 168
25430 168
25431 168
25432 168
25433 168
25434 168
25435 168
25436 168
25437 168
25438 168
25439 168
25440 168
25441 168
25442 168
25443 168
25444 168
25445 168
25446 168
25447 168
25448 168
25449 168
25450 168
25451 168
25452 168
25453 168
25454 168
25455 168
25456 168
25457 168
25458 168
25459 168
25460 168
25461 168
25462 168
25463 168
25464 168
25465 168
25466 168
25467 168
25468 168
25469 168
25470 168
25471 168
25472 168
25473 168
25474 168
25475 168
25476 168
25477 168
25478 168
25479 168
25480 168
25481 168
25482 168
25483 168
25484 168
25485 168
25486 168
25487 168
25488 168
25489 168
25490 168
25491 168
25492 168
25493 168
25494 168
25495 168
25496 168
25497 168
25498 168
25499 168
25500 168
25501 168
25502 168
25503 168
25504 168
25505 168
25506 168
25507 168
25508 168
25509 168
25510 168
25511 168
25512 168
25513 168
25514 168
25515 168
25516 168
25517 168
25518 168
25519 168
25520 168
25521 168
25522 168
25523 168
25524 168
25525 168
25526 168
25527 168
25528 168
25529 168
25530 168
25531 168
25532 168
25533 168
25534 168
25535 168
25536 168
25537 168
25538 168
25539 169
25540 169
25541 169
25542 169
25543 169
25544 169
25545 169
25546 169
25547 169
25548 169
25549 169
25550 169
25551 169
25552 169
25553 169
25554 169
25555 169
25556 169
25557 169
25558 169
25559 169
25560 169
25561 169
25562 169
25563 169
25564 169
25565 169
25566 169
25567 169
25568 169
25569 169
25570 169
25571 169
25572 169
25573 169
25574 169
25575 169
25576 169
25577 169
25578 169
25579 169
25580 169
25581 169
25582 169
25583 169
25584 169
25585 169
25586 169
25587 169
25588 169
25589 169
25590 169
25591 169
25592 169
25593 169
25594 169
25595 169
25596 169
25597 169
25598 169
25599 169
25600 169
25601 169
25602 169
25603 169
25604 169
25605 169
25606 169
25607 169
25608 169
25609 169
25610 169
25611 169
25612 169
25613 169
25614 169
25615 169
25616 169
25617 169
25618 169
25619 169
25620 169
25621 169
25622 169
25623 169
25624 169
25625 169
25626 169
25627 169
25628 169
25629 169
25630 169
25631 169
25632 169
25633 169
25634 169
25635 169
25636 169
25637 169
25638 169
25639 169
25640 169
25641 169
25642 169
25643 169
25644 169
25645 169
25646 169
25647 169
25648 169
25649 169
25650 169
25651 169
25652 169
25653 169
25654 169
25655 169
25656 169
25657 169
25658 170
25659 170
25660 170
25661 170
25662 170
25663 170
25664 170
25665 170
25666 170
25667 170
25668 170
25669 170
25670 170
25671 170
25672 170
25673 170
25674 170
25675 170
25676 170
25677 170
25678 170
25679 170
25680 170
25681 170
25682 170
25683 170
25684 170
25685 170
25686 170
25687 170
25688 170
25689 170
25690 170
25691 170
25692 170
25693 170
25694 170
25695 170
25696 170
25697 170
25698 170
25699 170
25700 170
25701 170
25702 170
25703 170
25704 170
25705 170
25706 170
25707 170
25708 170
25709 170
25710 170
25711 170
25712 170
25713 170
25714 170
25715 170
25716 170
25717 170
25718 170
25719 170
25720 170
25721 170
25722 170
25723 170
25724 170
25725 170
25726 170
25727 170
25728 170
25729 170
25730 170
25731 170
25732 170
25733 170
25734 170
25735 170
25736 170
25737 170
25738 170
25739 170
25740 170
25741 170
25742 170
25743 170
25744 170
25745 170
25746 170
25747 170
25748 170
25749 170
25750 170
25751 170
25752 170
25753 170
25754 170
25755 170
25756 170
25757 170
25758 170
25759 170
25760 170
25761 170
25762 170
25763 170
25764 170
25765 170
25766 170
25767 170
25768 170
25769 170
25770 170
25771 170
25772 170
25773 170
25774 170
25775 170
25776 170
25777 170
25778 170
25779 170
25780 170
25781 170
25782 170
25783 170
25784 170
25785 170
25786 170
25787 170
25788 170
25789 170
25790 170
25791 170
25792 170
25793 170
25794 170
25795 170
25796 170
25797 170
25798 170
25799 170
25800 170
25801 170
25802 170
25803 170
25804 170
25805 170
25806 170
25807 170
25808 170
25809 170
25810 170
25811 170
25812 170
25813 170
25814 170
25815 170
25816 170
25817 170
25818 170
25819 170
25820 170
25821 170
25822 170
25823 170
25824 170
25825 170
25826 170
25827 170
25828 170
25829 171
25830 171
25831 171
25832 171
25833 171
25834 171
25835 171
25836 171
25837 171
25838 171
25839 171
25840 171
25841 171
25842 171
25843 171
25844 171
25845 171
25846 171
25847 171
25848 171
25849 171
25850 171
25851 171
25852 171
25853 171
25854 171
25855 171
25856 171
25857 171
25858 171
25859 171
25860 171
25861 171
25862 171
25863 171
25864 171
25865 171
25866 171
25867 171
25868 171
25869 171
25870 171
25871 171
25872 171
25873 171
25874 171
25875 171
25876 171
25877 171
25878 171
25879 171
25880 171
25881 171
25882 171
25883 171
25884 171
25885 171
25886 171
25887 171
25888 171
25889 171
25890 171
25891 171
25892 171
25893 171
25894 171
25895 171
25896 171
25897 171
25898 171
25899 171
25900 171
25901 171
25902 171
25903 171
25904 171
25905 171
25906 171
25907 171
25908 171
25909 171
25910 171
25911 171
25912 171
25913 171
25914 171
25915 171
25916 171
25917 171
25918 171
25919 171
25920 171
25921 171
25922 171
25923 171
25924 171
25925 171
25926 171
25927 171
25928 171
25929 171
25930 171
25931 171
25932 171
25933 171
25934 171
25935 171
25936 171
25937 171
25938 171
25939 171
25940 171
25941 171
25942 171
25943 171
25944 171
25945 171
25946 171
25947 171
25948 171
25949 171
25950 171
25951 171
25952 171
25953 171
25954 171
25955 171
25956 171
25957 171
25958 171
25959 171
25960 171
25961 171
25962 171
25963 171
25964 171
25965 171
25966 171
25967 171
25968 171
25969 171
25970 171
25971 171
25972 171
25973 171
25974 171
25975 171
25976 171
25977 171
25978 171
25979 171
25980 171
25981 171
25982 171
25983 171
25984 171
25985 171
25986 171
25987 171
25988 171
25989 171
25990 171
25991 171
25992 172
25993 172
25994 172
25995 172
25996 172
25997 172
25998 172
25999 172
26000 172
26001 172
26002 172
26003 172
26004 172
26005 172
26006 172
26007 172
26008 172
26009 172
26010 172
26011 172
26012 172
26013 172
26014 172
26015 172
26016 172
26017 172
26018 172
26019 172
26020 172
26021 172
26022 172
26023 172
26024 172
26025 172
26026 172
26027 172
26028 172
26029 172
26030 172
26031 172
26032 172
26033 172
26034 172
26035 172
26036 172
26037 172
26038 172
26039 172
26040 172
26041 172
26042 172
26043 172
26044 172
26045 172
26046 172
26047 172
26048 172
26049 172
26050 172
26051 172
26052 172
26053 172
26054 172
26055 172
26056 172
26057 172
26058 172
26059 172
26060 172
26061 172
26062 172
26063 172
26064 172
26065 172
26066 172
26067 172
26068 172
26069 172
26070 172
26071 172
26072 172
26073 172
26074 172
26075 172
26076 172
26077 172
26078 172
26079 172
26080 172
26081 172
26082 172
26083 172
26084 172
26085 172
26086 172
26087 172
26088 172
26089 172
26090 172
26091 172
26092 172
26093 172
26094 172
26095 172
26096 172
26097 172
26098 172
26099 172
26100 172
26101 172
26102 172
26103 172
26104 172
26105 172
26106 172
26107 172
26108 172
26109 172
26110 172
26111 172
26112 172
26113 172
26114 172
26115 172
26116 172
26117 172
26118 172
26119 172
26120 172
26121 172
26122 172
26123 172
26124 172
26125 172
26126 172
26127 172
26128 172
26129 172
26130 172
26131 172
26132 172
26133 172
26134 172
26135 172
26136 172
26137 172
26138 172
26139 172
26140 172
26141 172
26142 172
26143 172
26144 172
26145 172
26146 172
26147 172
26148 172
26149 172
26150 172
26151 172
26152 172
26153 172
26154 172
26155 172
26156 172
26157 172
26158 172
26159 172
26160 172
26161 172
26162 172
26163 172
26164 172
26165 172
26166 172
26167 172
26168 172
26169 172
26170 172
26171 172
26172 172
26173 172
26174 172
26175 172
26176 172
26177 172
26178 172
26179 172
26180 172
26181 172
26182 172
26183 172
26184 172
26185 172
26186 172
26187 172
26188 172
26189 172
26190 172
26191 172
26192 172
26193 172
26194 172
26195 172
26196 172
26197 172
26198 172
26199 172
26200 172
26201 172
26202 172
26203 172
26204 172
26205 172
26206 172
26207 172
26208 172
26209 172
26210 172
26211 172
26212 172
26213 172
26214 172
26215 172
26216 172
26217 172
26218 172
26219 172
26220 172
26221 172
26222 172
26223 172
26224 172
26225 172
26226 172
26227 172
26228 172
26229 172
26230 172
26231 172
26232 172
26233 172
26234 172
26235 172
26236 172
26237 172
26238 172
26239 172
26240 172
26241 172
26242 172
26243 172
26244 172
26245 172
26246 172
26247 172
26248 172
26249 172
26250 172
26251 172
26252 172
26253 172
26254 172
26255 172
26256 172
26257 172
26258 172
26259 172
26260 172
26261 172
26262 172
26263 172
26264 172
26265 172
26266 172
26267 172
26268 172
26269 172
26270 172
26271 172
26272 172
26273 172
26274 172
26275 172
26276 172
26277 172
26278 172
26279 172
26280 172
26281 172
26282 172
26283 172
26284 172
26285 172
26286 172
26287 172
26288 172
26289 172
26290 172
26291 172
26292 172
26293 172
26294 172
26295 173
26296 173
26297 173
26298 173
26299 173
26300 173
26301 173
26302 173
26303 173
26304 173
26305 173
26306 173
26307 173
26308 173
26309 173
26310 173
26311 173
26312 173
26313 173
26314 173
26315 173
26316 173
26317 173
26318 173
26319 173
26320 173
26321 173
26322 173
26323 173
26324 173
26325 173
26326 173
26327 173
26328 173
26329 173
26330 173
26331 173
26332 173
26333 173
26334 173
26335 173
26336 173
26337 173
26338 173
26339 173
26340 173
26341 173
26342 173
26343 173
26344 173
26345 173
26346 173
26347 173
26348 173
26349 173
26350 173
26351 173
26352 173
26353 173
26354 173
26355 173
26356 173
26357 173
26358 173
26359 173
26360 173
26361 173
26362 173
26363 173
26364 173
26365 173
26366 173
26367 173
26368 173
26369 173
26370 173
26371 173
26372 173
26373 173
26374 173
26375 173
26376 173
26377 173
26378 173
26379 174
26380 174
26381 174
26382 174
26383 174
26384 174
26385 174
26386 174
26387 174
26388 174
26389 174
26390 174
26391 174
26392 174
26393 174
26394 174
26395 174
26396 174
26397 174
26398 174
26399 174
26400 174
26401 174
26402 174
26403 174
26404 174
26405 174
26406 174
26407 174
26408 174
26409 174
26410 174
26411 174
26412 174
26413 174
26414 174
26415 174
26416 174
26417 174
26418 174
26419 174
26420 174
26421 174
26422 174
26423 174
26424 174
26425 174
26426 174
26427 174
26428 174
26429 174
26430 174
26431 174
26432 174
26433 174
26434 174
26435 174
26436 174
26437 174
26438 174
26439 174
26440 174
26441 174
26442 174
26443 174
26444 174
26445 174
26446 174
26447 174
26448 174
26449 174
26450 174
26451 174
26452 174
26453 174
26454 174
26455 174
26456 174
26457 174
26458 174
26459 174
26460 174
26461 174
26462 174
26463 174
26464 174
26465 174
26466 174
26467 174
26468 174
26469 174
26470 174
26471 174
26472 174
26473 174
26474 174
26475 174
26476 174
26477 174
26478 174
26479 174
26480 174
26481 174
26482 174
26483 174
26484 174
26485 174
26486 174
26487 174
26488 174
26489 174
26490 174
26491 174
26492 174
26493 174
26494 174
26495 174
26496 174
26497 174
26498 174
26499 174
26500 174
26501 174
26502 174
26503 174
26504 174
26505 174
26506 174
26507 174
26508 174
26509 174
26510 174
26511 174
26512 174
26513 174
26514 174
26515 174
26516 174
26517 174
26518 174
26519 174
26520 174
26521 174
26522 174
26523 174
26524 174
26525 174
26526 174
26527 175
26528 175
26529 175
26530 175
26531 175
26532 175
26533 175
26534 175
26535 175
26536 175
26537 175
26538 175
26539 175
26540 175
26541 175
26542 175
26543 175
26544 175
26545 175
26546 175
26547 175
26548 175
26549 175
26550 175
26551 175
26552 175
26553 175
26554 175
26555 175
26556 175
26557 175
26558 175
26559 175
26560 175
26561 175
26562 175
26563 175
26564 175
26565 175
26566 175
26567 175
26568 175
26569 175
26570 175
26571 175
26572 175
26573 175
26574 175
26575 175
26576 175
26577 175
26578 175
26579 175
26580 175
26581 175
26582 175
26583 175
26584 175
26585 175
26586 175
26587 175
26588 175
26589 175
26590 175
26591 175
26592 175
26593 175
26594 175
26595 175
26596 175
26597 175
26598 175
26599 175
26600 175
26601 175
26602 175
26603 175
26604 175
26605 175
26606 175
26607 175
26608 175
26609 175
26610 175
26611 175
26612 175
26613 175
26614 175
26615 175
26616 175
26617 175
26618 175
26619 175
26620 175
26621 175
26622 175
26623 175
26624 175
26625 175
26626 175
26627 175
26628 175
26629 175
26630 175
26631 175
26632 175
26633 175
26634 175
26635 175
26636 175
26637 175
26638 175
26639 175
26640 175
26641 175
26642 175
26643 175
26644 175
26645 175
26646 175
26647 175
26648 175
26649 175
26650 175
26651 175
26652 175
26653 175
26654 175
26655 175
26656 175
26657 175
26658 175
26659 175
26660 175
26661 175
26662 175
26663 175
26664 175
26665 175
26666 175
26667 175
26668 175
26669 175
26670 175
26671 175
26672 176
26673 176
26674 176
26675 176
26676 176
26677 176
26678 176
26679 176
26680 176
26681 176
26682 176
26683 176
26684 176
26685 176
26686 176
26687 176
26688 176
26689 176
26690 176
26691 176
26692 176
26693 176
26694 176
26695 176
26696 176
26697 176
26698 176
26699 176
26700 176
26701 176
26702 176
26703 176
26704 176
26705 176
26706 176
26707 176
26708 176
26709 176
26710 176
26711 176
26712 176
26713 176
26714 176
26715 176
26716 176
26717 176
26718 176
26719 176
26720 176
26721 176
26722 176
26723 176
26724 176
26725 176
26726 176
26727 176
26728 176
26729 176
26730 176
26731 176
26732 176
26733 176
26734 176
26735 176
26736 176
26737 176
26738 176
26739 176
26740 176
26741 176
26742 176
26743 176
26744 176
26745 176
26746 176
26747 176
26748 176
26749 176
26750 176
26751 176
26752 176
26753 176
26754 176
26755 176
26756 176
26757 176
26758 176
26759 176
26760 176
26761 176
26762 176
26763 176
26764 176
26765 176
26766 176
26767 176
26768 176
26769 176
26770 176
26771 176
26772 176
26773 176
26774 176
26775 176
26776 176
26777 176
26778 176
26779 176
26780 176
26781 176
26782 176
26783 176
26784 176
26785 176
26786 176
26787 176
26788 176
26789 176
26790 176
26791 176
26792 176
26793 176
26794 176
26795 176
26796 176
26797 176
26798 176
26799 176
26800 176
26801 176
26802 177
26803 177
26804 177
26805 177
26806 177
26807 177
26808 177
26809 177
26810 177
26811 177
26812 177
26813 177
26814 177
26815 177
26816 177
26817 177
26818 177
26819 177
26820 177
26821 177
26822 177
26823 177
26824 177
26825 177
26826 177
26827 177
26828 177
26829 177
26830 177
26831 177
26832 177
26833 177
26834 177
26835 177
26836 177
26837 177
26838 177
26839 177
26840 177
26841 177
26842 177
26843 177
26844 177
26845 177
26846 177
26847 177
26848 177
26849 177
26850 177
26851 177
26852 177
26853 177
26854 177
26855 177
26856 177
26857 177
26858 177
26859 177
26860 177
26861 177
26862 177
26863 177
26864 177
26865 177
26866 177
26867 177
26868 177
26869 177
26870 177
26871 177
26872 177
26873 177
26874 177
26875 177
26876 177
26877 177
26878 177
26879 177
26880 177
26881 177
26882 177
26883 177
26884 177
26885 177
26886 177
26887 177
26888 177
26889 177
26890 177
26891 177
26892 177
26893 177
26894 177
26895 177
26896 177
26897 177
26898 177
26899 177
26900 177
26901 177
26902 177
26903 177
26904 177
26905 177
26906 177
26907 177
26908 177
26909 177
26910 177
26911 177
26912 177
26913 177
26914 177
26915 177
26916 177
26917 177
26918 177
26919 177
26920 177
26921 177
26922 177
26923 177
26924 177
26925 177
26926 177
26927 177
26928 177
26929 177
26930 177
26931 177
26932 177
26933 177
26934 177
26935 177
26936 178
26937 178
26938 178
26939 178
26940 178
26941 178
26942 178
26943 178
26944 178
26945 178
26946 178
26947 178
26948 178
26949 178
26950 178
26951 178
26952 178
26953 178
26954 178
26955 178
26956 178
26957 178
26958 178
26959 178
26960 178
26961 178
26962 178
26963 178
26964 178
26965 178
26966 178
26967 178
26968 178
26969 178
26970 178
26971 178
26972 178
26973 178
26974 178
26975 178
26976 178
26977 178
26978 178
26979 178
26980 178
26981 178
26982 178
26983 178
26984 178
26985 178
26986 178
26987 178
26988 178
26989 178
26990 178
26991 178
26992 178
26993 178
26994 178
26995 178
26996 178
26997 178
26998 178
26999 178
27000 178
27001 178
27002 178
27003 178
27004 178
27005 178
27006 178
27007 178
27008 178
27009 178
27010 178
27011 178
27012 178
27013 178
27014 178
27015 178
27016 178
27017 178
27018 178
27019 178
27020 178
27021 178
27022 178
27023 178
27024 178
27025 178
27026 178
27027 178
27028 178
27029 178
27030 178
27031 178
27032 178
27033 178
27034 178
27035 178
27036 178
27037 178
27038 178
27039 178
27040 178
27041 178
27042 178
27043 178
27044 178
27045 178
27046 178
27047 178
27048 178
27049 178
27050 178
27051 178
27052 178
27053 178
27054 178
27055 178
27056 178
27057 178
27058 178
27059 178
27060 178
27061 179
27062 179
27063 179
27064 179
27065 179
27066 179
27067 179
27068 179
27069 179
27070 179
27071 179
27072 179
27073 179
27074 179
27075 179
27076 179
27077 179
27078 179
27079 179
27080 179
27081 179
27082 179
27083 179
27084 179
27085 179
27086 179
27087 179
27088 179
27089 179
27090 179
27091 179
27092 179
27093 179
27094 179
27095 179
27096 179
27097 179
27098 179
27099 179
27100 179
27101 179
27102 179
27103 179
27104 179
27105 179
27106 179
27107 179
27108 179
27109 179
27110 179
27111 179
27112 179
27113 179
27114 179
27115 179
27116 179
27117 179
27118 179
27119 179
27120 179
27121 179
27122 179
27123 179
27124 179
27125 179
27126 179
27127 179
27128 179
27129 179
27130 179
27131 179
27132 179
27133 179
27134 179
27135 179
27136 179
27137 179
27138 179
27139 179
27140 179
27141 179
27142 179
27143 179
27144 179
27145 179
27146 179
27147 179
27148 179
27149 179
27150 179
27151 179
27152 179
27153 179
27154 179
27155 179
27156 179
27157 179
27158 179
27159 179
27160 179
27161 179
27162 179
27163 179
27164 179
27165 179
27166 179
27167 179
27168 179
27169 179
27170 179
27171 179
27172 179
27173 179
27174 179
27175 179
27176 179
27177 179
27178 179
27179 179
27180 179
27181 179
27182 179
27183 179
27184 179
27185 179
27186 179
27187 179
27188 180
27189 180
27190 180
27191 180
27192 180
27193 180
27194 180
27195 180
27196 180
27197 180
27198 180
27199 180
27200 180
27201 180
27202 180
27203 180
27204 180
27205 180
27206 180
27207 180
27208 180
27209 180
27210 180
27211 180
27212 180
27213 180
27214 180
27215 180
27216 180
27217 180
27218 180
27219 180
27220 180
27221 180
27222 180
27223 180
27224 180
27225 180
27226 180
27227 180
27228 180
27229 180
27230 180
27231 180
27232 180
27233 180
27234 180
27235 180
27236 180
27237 180
27238 180
27239 180
27240 180
27241 180
27242 180
27243 180
27244 180
27245 180
27246 180
27247 180
27248 180
27249 180
27250 180
27251 180
27252 180
27253 180
27254 180
27255 180
27256 180
27257 180
27258 180
27259 180
27260 180
27261 180
27262 180
27263 180
27264 180
27265 180
27266 180
27267 180
27268 180
27269 180
27270 180
27271 180
27272 180
27273 180
27274 180
27275 180
27276 180
27277 180
27278 180
27279 180
27280 180
27281 180
27282 180
27283 180
27284 180
27285 180
27286 180
27287 180
27288 180
27289 180
27290 180
27291 180
27292 180
27293 180
27294 180
27295 180
27296 180
27297 180
27298 180
27299 180
27300 180
27301 180
27302 180
27303 180
27304 180
27305 180
27306 180
27307 180
27308 180
27309 180
27310 181
27311 181
27312 181
27313 181
27314 181
27315 181
27316 181
27317 181
27318 181
27319 181
27320 181
27321 181
27322 181
27323 181
27324 181
27325 181
27326 181
27327 181
27328 181
27329 181
27330 181
27331 181
27332 181
27333 181
27334 181
27335 181
27336 181
27337 181
27338 181
27339 181
27340 181
27341 181
27342 181
27343 181
27344 181
27345 181
27346 181
27347 181
27348 181
27349 181
27350 181
27351 181
27352 181
27353 181
27354 181
27355 181
27356 181
27357 181
27358 181
27359 181
27360 181
27361 181
27362 181
27363 181
27364 181
27365 181
27366 181
27367 181
27368 181
27369 181
27370 181
27371 181
27372 181
27373 181
27374 181
27375 181
27376 181
27377 181
27378 181
27379 181
27380 181
27381 181
27382 181
27383 181
27384 181
27385 181
27386 181
27387 181
27388 181
27389 181
27390 181
27391 181
27392 181
27393 181
27394 181
27395 181
27396 181
27397 181
27398 181
27399 181
27400 181
27401 181
27402 181
27403 181
27404 181
27405 181
27406 181
27407 181
27408 181
27409 181
27410 181
27411 181
27412 181
27413 181
27414 181
27415 181
27416 181
27417 181
27418 181
27419 181
27420 181
27421 181
27422 181
27423 181
27424 181
27425 181
27426 181
27427 181
27428 181
27429 181
27430 181
27431 181
27432 181
27433 181
27434 181
27435 181
27436 181
27437 181
27438 181
27439 181
27440 182
27441 182
27442 182
27443 182
27444 182
27445 182
27446 182
27447 182
27448 182
27449 182
27450 182
27451 182
27452 182
27453 182
27454 182
27455 182
27456 182
27457 182
27458 182
27459 182
27460 182
27461 182
27462 182
27463 182
27464 182
27465 182
27466 182
27467 182
27468 182
27469 182
27470 182
27471 182
27472 182
27473 182
27474 182
27475 182
27476 182
27477 182
27478 182
27479 182
27480 182
27481 182
27482 182
27483 182
27484 182
27485 182
27486 182
27487 182
27488 182
27489 182
27490 182
27491 182
27492 182
27493 182
27494 182
27495 182
27496 182
27497 182
27498 182
27499 182
27500 182
27501 182
27502 182
27503 182
27504 182
27505 182
27506 182
27507 182
27508 182
27509 182
27510 182
27511 182
27512 182
27513 182
27514 182
27515 182
27516 182
27517 182
27518 182
27519 182
27520 182
27521 182
27522 182
27523 182
27524 182
27525 182
27526 182
27527 182
27528 182
27529 182
27530 182
27531 182
27532 182
27533 182
27534 182
27535 182
27536 182
27537 182
27538 182
27539 182
27540 182
27541 182
27542 182
27543 182
27544 182
27545 182
27546 182
27547 182
27548 182
27549 182
27550 182
27551 182
27552 182
27553 182
27554 182
27555 182
27556 182
27557 182
27558 182
27559 182
27560 182
27561 182
27562 182
27563 182
27564 182
27565 182
27566 182
27567 182
27568 182
27569 182
27570 182
27571 182
27572 183
27573 183
27574 183
27575 183
27576 183
27577 183
27578 183
27579 183
27580 183
27581 183
27582 183
27583 183
27584 183
27585 183
27586 183
27587 183
27588 183
27589 183
27590 183
27591 183
27592 183
27593 183
27594 183
27595 183
27596 183
27597 183
27598 183
27599 183
27600 183
27601 183
27602 183
27603 183
27604 183
27605 183
27606 183
27607 183
27608 183
27609 183
27610 183
27611 183
27612 183
27613 183
27614 183
27615 183
27616 183
27617 183
27618 183
27619 183
27620 183
27621 183
27622 183
27623 183
27624 183
27625 183
27626 183
27627 183
27628 183
27629 183
27630 183
27631 183
27632 183
27633 183
27634 183
27635 183
27636 183
27637 183
27638 183
27639 183
27640 183
27641 183
27642 183
27643 185
27644 185
27645 185
27646 185
27647 185
27648 185
27649 185
27650 185
27651 185
27652 185
27653 185
27654 185
27655 185
27656 185
27657 185
27658 185
27659 185
27660 185
27661 185
27662 185
27663 185
27664 185
27665 185
27666 185
27667 185
27668 185
27669 185
27670 185
27671 185
27672 185
27673 185
27674 185
27675 185
27676 185
27677 185
27678 185
27679 185
27680 185
27681 185
27682 185
27683 185
27684 185
27685 185
27686 185
27687 185
27688 185
27689 185
27690 185
27691 185
27692 185
27693 185
27694 185
27695 185
27696 185
27697 185
27698 185
27699 185
27700 185
27701 185
27702 185
27703 185
27704 185
27705 185
27706 185
27707 185
27708 185
27709 185
27710 185
27711 185
27712 185
27713 185
27714 185
27715 185
27716 185
27717 185
27718 185
27719 185
27720 185
27721 185
27722 185
27723 185
27724 185
27725 185
27726 185
27727 185
27728 185
27729 185
27730 185
27731 185
27732 185
27733 185
27734 185
27735 185
27736 185
27737 185
27738 185
27739 185
27740 185
27741 185
27742 185
27743 185
27744 185
27745 185
27746 185
27747 185
27748 185
27749 185
27750 185
27751 185
27752 185
27753 185
27754 185
27755 185
27756 185
27757 185
27758 185
27759 185
27760 185
27761 185
27762 185
27763 185
27764 185
27765 185
27766 185
27767 185
27768 185
27769 185
27770 185
27771 185
27772 185
27773 185
27774 185
27775 185
27776 185
27777 185
27778 185
27779 185
27780 185
27781 185
27782 185
27783 185
27784 185
27785 185
27786 185
27787 185
27788 185
27789 185
27790 185
27791 185
27792 185
27793 185
27794 185
27795 185
27796 185
27797 185
27798 185
27799 185
27800 185
27801 185
27802 185
27803 185
27804 185
27805 185
27806 186
27807 186
27808 186
27809 186
27810 186
27811 186
27812 186
27813 186
27814 186
27815 186
27816 186
27817 186
27818 186
27819 186
27820 186
27821 186
27822 186
27823 186
27824 186
27825 186
27826 186
27827 186
27828 186
27829 186
27830 186
27831 186
27832 186
27833 186
27834 186
27835 186
27836 186
27837 186
27838 186
27839 186
27840 186
27841 186
27842 186
27843 186
27844 186
27845 186
27846 186
27847 186
27848 186
27849 186
27850 186
27851 186
27852 186
27853 186
27854 186
27855 186
27856 186
27857 186
27858 186
27859 186
27860 186
27861 186
27862 186
27863 186
27864 186
27865 186
27866 186
27867 186
27868 186
27869 186
27870 186
27871 186
27872 186
27873 186
27874 186
27875 186
27876 186
27877 186
27878 186
27879 186
27880 186
27881 186
27882 186
27883 186
27884 186
27885 186
27886 186
27887 186
27888 186
27889 186
27890 186
27891 186
27892 186
27893 186
27894 186
27895 186
27896 186
27897 186
27898 186
27899 186
27900 186
27901 186
27902 186
27903 186
27904 186
27905 186
27906 186
27907 186
27908 186
27909 186
27910 186
27911 186
27912 186
27913 186
27914 186
27915 186
27916 186
27917 186
27918 186
27919 186
27920 186
27921 186
27922 186
27923 186
27924 186
27925 186
27926 186
27927 186
27928 186
27929 186
27930 186
27931 186
27932 186
27933 186
27934 186
27935 186
27936 186
27937 186
27938 186
27939 186
27940 186
27941 186
27942 186
27943 186
27944 186
27945 186
27946 186
27947 186
27948 186
27949 187
27950 187
27951 187
27952 187
27953 187
27954 187
27955 187
27956 187
27957 187
27958 187
27959 187
27960 187
27961 187
27962 187
27963 187
27964 187
27965 187
27966 187
27967 187
27968 187
27969 187
27970 187
27971 187
27972 187
27973 187
27974 187
27975 187
27976 187
27977 187
27978 187
27979 187
27980 187
27981 187
27982 187
27983 187
27984 187
27985 187
27986 187
27987 187
27988 187
27989 187
27990 187
27991 187
27992 187
27993 187
27994 187
27995 187
27996 187
27997 187
27998 187
27999 187
28000 187
28001 187
28002 187
28003 187
28004 187
28005 187
28006 187
28007 187
28008 187
28009 187
28010 187
28011 187
28012 187
28013 187
28014 187
28015 187
28016 187
28017 187
28018 187
28019 187
28020 187
28021 187
28022 187
28023 187
28024 187
28025 187
28026 187
28027 187
28028 187
28029 187
28030 187
28031 187
28032 187
28033 187
28034 187
28035 187
28036 187
28037 187
28038 187
28039 187
28040 187
28041 187
28042 187
28043 187
28044 187
28045 187
28046 187
28047 187
28048 187
28049 187
28050 187
28051 187
28052 187
28053 187
28054 187
28055 187
28056 187
28057 187
28058 187
28059 187
28060 187
28061 187
28062 187
28063 187
28064 187
28065 187
28066 187
28067 187
28068 187
28069 187
28070 187
28071 187
28072 187
28073 187
28074 187
28075 187
28076 187
28077 187
28078 187
28079 187
28080 187
28081 187
28082 187
28083 187
28084 187
28085 187
28086 187
28087 187
28088 187
28089 187
28090 187
28091 187
28092 187
28093 187
28094 187
28095 187
28096 187
28097 187
28098 187
28099 188
28100 188
28101 188
28102 188
28103 188
28104 188
28105 188
28106 188
28107 188
28108 188
28109 188
28110 188
28111 188
28112 188
28113 188
28114 188
28115 188
28116 188
28117 188
28118 188
28119 188
28120 188
28121 188
28122 188
28123 188
28124 188
28125 188
28126 188
28127 188
28128 188
28129 188
28130 188
28131 188
28132 188
28133 188
28134 188
28135 188
28136 188
28137 188
28138 188
28139 188
28140 188
28141 188
28142 188
28143 188
28144 188
28145 188
28146 188
28147 188
28148 188
28149 188
28150 188
28151 188
28152 188
28153 188
28154 188
28155 188
28156 188
28157 188
28158 188
28159 188
28160 188
28161 188
28162 188
28163 188
28164 188
28165 188
28166 188
28167 188
28168 188
28169 188
28170 188
28171 188
28172 188
28173 188
28174 188
28175 188
28176 188
28177 188
28178 188
28179 188
28180 188
28181 188
28182 188
28183 188
28184 188
28185 188
28186 188
28187 188
28188 188
28189 188
28190 188
28191 188
28192 188
28193 188
28194 188
28195 188
28196 188
28197 188
28198 188
28199 188
28200 188
28201 188
28202 188
28203 188
28204 188
28205 188
28206 188
28207 188
28208 188
28209 188
28210 188
28211 188
28212 188
28213 188
28214 188
28215 188
28216 188
28217 188
28218 188
28219 188
28220 188
28221 188
28222 188
28223 188
28224 188
28225 188
28226 188
28227 188
28228 188
28229 188
28230 188
28231 188
28232 188
28233 188
28234 188
28235 188
28236 188
28237 188
28238 188
28239 188
28240 188
28241 188
28242 188
28243 188
28244 188
28245 188
28246 188
28247 188
28248 188
28249 188
28250 188
28251 188
28252 188
28253 188
28254 188
28255 188
28256 188
28257 188
28258 188
28259 188
28260 188
28261 188
28262 188
28263 188
28264 188
28265 188
28266 188
28267 188
28268 188
28269 188
28270 188
28271 188
28272 188
28273 188
28274 188
28275 188
28276 188
28277 189
28278 189
28279 189
28280 189
28281 189
28282 189
28283 189
28284 189
28285 189
28286 189
28287 189
28288 189
28289 189
28290 189
28291 189
28292 189
28293 189
28294 189
28295 189
28296 189
28297 189
28298 189
28299 189
28300 189
28301 189
28302 189
28303 189
28304 189
28305 189
28306 189
28307 189
28308 189
28309 189
28310 189
28311 189
28312 189
28313 189
28314 189
28315 189
28316 189
28317 189
28318 189
28319 189
28320 189
28321 189
28322 189
28323 189
28324 189
28325 189
28326 189
28327 189
28328 189
28329 189
28330 189
28331 189
28332 189
28333 189
28334 189
28335 189
28336 189
28337 189
28338 189
28339 189
28340 189
28341 189
28342 189
28343 189
28344 189
28345 189
28346 189
28347 189
28348 189
28349 189
28350 189
28351 189
28352 189
28353 189
28354 189
28355 189
28356 189
28357 189
28358 189
28359 189
28360 189
28361 189
28362 189
28363 189
28364 189
28365 189
28366 189
28367 189
28368 189
28369 189
28370 189
28371 189
28372 189
28373 189
28374 189
28375 189
28376 189
28377 189
28378 189
28379 189
28380 189
28381 189
28382 189
28383 189
28384 189
28385 189
28386 189
28387 189
28388 189
28389 189
28390 189
28391 189
28392 189
28393 189
28394 189
28395 189
28396 190
28397 190
28398 190
28399 190
28400 190
28401 190
28402 190
28403 190
28404 190
28405 190
28406 190
28407 190
28408 190
28409 190
28410 190
28411 190
28412 190
28413 190
28414 190
28415 190
28416 190
28417 190
28418 190
28419 190
28420 190
28421 190
28422 190
28423 190
28424 190
28425 190
28426 190
28427 190
28428 190
28429 190
28430 190
28431 190
28432 190
28433 190
28434 190
28435 190
28436 190
28437 190
28438 190
28439 190
28440 190
28441 190
28442 190
28443 190
28444 190
28445 190
28446 190
28447 190
28448 190
28449 190
28450 190
28451 190
28452 190
28453 190
28454 190
28455 190
28456 190
28457 190
28458 190
28459 190
28460 190
28461 190
28462 190
28463 190
28464 190
28465 190
28466 190
28467 190
28468 190
28469 190
28470 190
28471 190
28472 190
28473 190
28474 190
28475 190
28476 190
28477 190
28478 190
28479 190
28480 190
28481 190
28482 190
28483 190
28484 190
28485 190
28486 190
28487 190
28488 190
28489 190
28490 190
28491 190
28492 190
28493 190
28494 190
28495 190
28496 190
28497 190
28498 190
28499 190
28500 190
28501 190
28502 190
28503 190
28504 190
28505 190
28506 190
28507 190
28508 190
28509 190
28510 190
28511 190
28512 190
28513 191
28514 191
28515 191
28516 191
28517 191
28518 191
28519 191
28520 191
28521 191
28522 191
28523 191
28524 191
28525 191
28526 191
28527 191
28528 191
28529 191
28530 191
28531 191
28532 191
28533 191
28534 191
28535 191
28536 191
28537 191
28538 191
28539 191
28540 191
28541 191
28542 191
28543 191
28544 191
28545 191
28546 191
28547 191
28548 191
28549 191
28550 191
28551 191
28552 191
28553 191
28554 191
28555 191
28556 191
28557 191
28558 191
28559 191
28560 191
28561 191
28562 191
28563 191
28564 191
28565 191
28566 191
28567 191
28568 191
28569 191
28570 191
28571 191
28572 191
28573 191
28574 191
28575 191
28576 191
28577 191
28578 191
28579 191
28580 191
28581 191
28582 191
28583 191
28584 191
28585 191
28586 191
28587 191
28588 191
28589 191
28590 191
28591 191
28592 191
28593 191
28594 191
28595 191
28596 191
28597 191
28598 191
28599 191
28600 191
28601 191
28602 191
28603 191
28604 191
28605 191
28606 191
28607 191
28608 191
28609 191
28610 191
28611 191
28612 191
28613 191
28614 191
28615 191
28616 191
28617 191
28618 191
28619 191
28620 191
28621 191
28622 191
28623 191
28624 191
28625 191
28626 191
28627 191
28628 191
28629 191
28630 191
28631 191
28632 191
28633 191
28634 191
28635 191
28636 191
28637 191
28638 191
28639 191
28640 191
28641 191
28642 191
28643 191
28644 191
28645 191
28646 191
28647 191
28648 191
28649 191
28650 191
28651 191
28652 191
28653 191
28654 191
28655 191
28656 191
28657 191
28658 191
28659 191
28660 191
28661 191
28662 191
28663 191
28664 191
28665 191
28666 191
28667 191
28668 192
28669 192
28670 192
28671 192
28672 192
28673 192
28674 192
28675 192
28676 192
28677 192
28678 192
28679 192
28680 192
28681 192
28682 192
28683 192
28684 192
28685 192
28686 192
28687 192
28688 192
28689 192
28690 192
28691 192
28692 192
28693 192
28694 192
28695 192
28696 192
28697 192
28698 192
28699 192
28700 192
28701 192
28702 192
28703 192
28704 192
28705 192
28706 192
28707 192
28708 192
28709 192
28710 192
28711 192
28712 192
28713 192
28714 192
28715 192
28716 192
28717 192
28718 192
28719 192
28720 192
28721 192
28722 192
28723 192
28724 192
28725 192
28726 192
28727 192
28728 192
28729 192
28730 192
28731 192
28732 192
28733 192
28734 192
28735 192
28736 192
28737 192
28738 192
28739 192
28740 192
28741 192
28742 192
28743 192
28744 192
28745 192
28746 192
28747 192
28748 192
28749 192
28750 192
28751 192
28752 192
28753 192
28754 192
28755 192
28756 192
28757 192
28758 192
28759 192
28760 192
28761 192
28762 192
28763 192
28764 192
28765 192
28766 192
28767 192
28768 192
28769 192
28770 192
28771 192
28772 192
28773 192
28774 192
28775 192
28776 192
28777 192
28778 192
28779 192
28780 192
28781 192
28782 192
28783 192
28784 192
28785 192
28786 192
28787 192
28788 192
28789 192
28790 192
28791 192
28792 192
28793 192
28794 192
28795 192
28796 192
28797 192
28798 192
28799 192
28800 192
28801 192
28802 192
28803 192
28804 192
28805 192
28806 192
28807 192
28808 192
28809 192
28810 192
28811 192
28812 192
28813 192
28814 192
28815 192
28816 192
28817 192
28818 192
28819 192
28820 192
28821 192
28822 192
28823 192
28824 192
28825 192
28826 192
28827 192
28828 192
28829 192
28830 192
28831 192
28832 192
28833 192
28834 192
28835 192
28836 192
28837 192
28838 192
28839 192
28840 192
28841 192
28842 192
28843 192
28844 192
28845 192
28846 192
28847 192
28848 192
28849 192
28850 192
28851 192
28852 192
28853 192
28854 192
28855 192
28856 192
28857 192
28858 192
28859 192
28860 192
28861 192
28862 192
28863 192
28864 192
28865 192
28866 192
28867 192
28868 192
28869 192
28870 192
28871 192
28872 192
28873 192
28874 192
28875 192
28876 192
28877 192
28878 192
28879 192
28880 192
28881 192
28882 192
28883 192
28884 192
28885 192
28886 192
28887 192
28888 192
28889 192
28890 192
28891 192
28892 192
28893 192
28894 192
28895 192
28896 192
28897 192
28898 192
28899 192
28900 192
28901 192
28902 192
28903 192
28904 192
28905 192
28906 192
28907 192
28908 192
28909 192
28910 192
28911 192
28912 192
28913 192
28914 192
28915 192
28916 192
28917 192
28918 192
28919 192
28920 192
28921 192
28922 192
28923 192
28924 192
28925 192
28926 192
28927 192
28928 192
28929 192
28930 192
28931 192
28932 192
28933 192
28934 192
28935 192
28936 192
28937 192
28938 192
28939 192
28940 192
28941 192
28942 192
28943 192
28944 192
28945 192
28946 192
28947 192
28948 192
28949 192
28950 192
28951 192
28952 192
28953 192
28954 192
28955 192
28956 192
28957 192
28958 192
28959 192
28960 192
28961 192
28962 192
28963 192
28964 192
28965 192
28966 192
28967 192
28968 192
28969 192
28970 192
28971 192
28972 192
28973 192
28974 192
28975 192
28976 192
28977 192
28978 192
28979 192
28980 192
28981 192
28982 192
28983 192
28984 192
28985 192
28986 192
28987 192
28988 192
28989 192
28990 192
28991 192
28992 192
28993 192
28994 192
28995 192
28996 192
28997 192
28998 192
28999 192
29000 192
29001 192
29002 192
29003 192
29004 192
29005 192
29006 192
29007 192
29008 192
29009 192
29010 192
29011 192
29012 192
29013 192
29014 192
29015 192
29016 192
29017 192
29018 192
29019 192
29020 192
29021 192
29022 192
29023 192
29024 192
29025 192
29026 192
29027 192
29028 192
29029 192
29030 192
29031 192
29032 192
29033 192
29034 192
29035 192
29036 192
29037 192
29038 192
29039 192
29040 192
29041 192
29042 192
29043 192
29044 192
29045 192
29046 192
29047 192
29048 192
29049 192
29050 192
29051 192
29052 192
29053 192
29054 193
29055 193
29056 193
29057 193
29058 193
29059 193
29060 193
29061 193
29062 193
29063 193
29064 193
29065 193
29066 193
29067 193
29068 193
29069 193
29070 193
29071 193
29072 193
29073 193
29074 193
29075 193
29076 193
29077 193
29078 193
29079 193
29080 193
29081 193
29082 193
29083 193
29084 193
29085 193
29086 193
29087 193
29088 193
29089 193
29090 193
29091 193
29092 193
29093 193
29094 193
29095 193
29096 193
29097 193
29098 193
29099 193
29100 193
29101 193
29102 193
29103 193
29104 193
29105 193
29106 193
29107 193
29108 193
29109 193
29110 193
29111 193
29112 193
29113 193
29114 193
29115 193
29116 193
29117 193
29118 193
29119 193
29120 193
29121 193
29122 193
29123 193
29124 193
29125 193
29126 193
29127 193
29128 193
29129 193
29130 193
29131 193
29132 193
29133 193
29134 193
29135 193
29136 193
29137 193
29138 193
29139 193
29140 193
29141 193
29142 193
29143 193
29144 193
29145 193
29146 193
29147 193
29148 193
29149 193
29150 193
29151 193
29152 193
29153 193
29154 193
29155 193
29156 193
29157 193
29158 193
29159 193
29160 193
29161 193
29162 193
29163 193
29164 193
29165 193
29166 193
29167 193
29168 193
29169 193
29170 193
29171 193
29172 193
29173 193
29174 193
29175 193
29176 193
29177 193
29178 193
29179 193
29180 193
29181 193
29182 193
29183 193
29184 193
29185 193
29186 193
29187 193
29188 193
29189 193
29190 193
29191 193
29192 193
29193 193
29194 193
29195 193
29196 193
29197 193
29198 193
29199 193
29200 193
29201 193
29202 193
29203 193
29204 193
29205 193
29206 193
29207 193
29208 193
29209 193
29210 193
29211 193
29212 193
29213 193
29214 193
29215 193
29216 193
29217 193
29218 193
29219 193
29220 193
29221 193
29222 193
29223 193
29224 193
29225 193
29226 193
29227 193
29228 193
29229 193
29230 193
29231 193
29232 193
29233 193
29234 193
29235 193
29236 193
29237 193
29238 193
29239 193
29240 193
29241 193
29242 193
29243 193
29244 193
29245 193
29246 193
29247 193
29248 193
29249 193
29250 193
29251 193
29252 193
29253 193
29254 193
29255 193
29256 193
29257 193
29258 193
29259 193
29260 193
29261 193
29262 193
29263 193
29264 193
29265 193
29266 193
29267 193
29268 193
29269 193
29270 193
29271 193
29272 193
29273 193
29274 193
29275 193
29276 193
29277 193
29278 193
29279 193
29280 193
29281 193
29282 193
29283 193
29284 193
29285 193
29286 193
29287 193
29288 193
29289 193
29290 193
29291 193
29292 193
29293 193
29294 193
29295 193
29296 193
29297 193
29298 193
29299 193
29300 193
29301 193
29302 193
29303 193
29304 193
29305 193
29306 193
29307 193
29308 193
29309 193
29310 193
29311 193
29312 193
29313 193
29314 193
29315 193
29316 193
29317 193
29318 193
29319 193
29320 193
29321 193
29322 193
29323 193
29324 193
29325 193
29326 193
29327 193
29328 193
29329 193
29330 193
29331 193
29332 193
29333 193
29334 193
29335 193
29336 193
29337 193
29338 193
29339 193
29340 193
29341 193
29342 193
29343 193
29344 193
29345 193
29346 193
29347 193
29348 193
29349 193
29350 193
29351 193
29352 193
29353 193
29354 193
29355 193
29356 193
29357 193
29358 193
29359 193
29360 193
29361 193
29362 193
29363 193
29364 193
29365 193
29366 193
29367 193
29368 193
29369 193
29370 193
29371 193
29372 193
29373 193
29374 193
29375 193
29376 193
29377 193
29378 193
29379 193
29380 193
29381 193
29382 193
29383 193
29384 193
29385 193
29386 193
29387 193
29388 193
29389 193
29390 193
29391 193
29392 193
29393 193
29394 193
29395 193
29396 193
29397 193
29398 193
29399 193
29400 193
29401 193
29402 193
29403 193
29404 193
29405 193
29406 193
29407 193
29408 193
29409 193
29410 193
29411 193
29412 193
29413 193
29414 193
29415 193
29416 193
29417 193
29418 193
29419 193
29420 193
29421 193
29422 193
29423 193
29424 193
29425 193
29426 193
29427 193
29428 193
29429 193
29430 193
29431 193
29432 193
29433 193
29434 193
29435 193
29436 193
29437 193
29438 193
29439 193
29440 193
29441 194
29442 194
29443 194
29444 194
29445 194
29446 194
29447 194
29448 194
29449 194
29450 194
29451 194
29452 194
29453 194
29454 194
29455 194
29456 194
29457 194
29458 194
29459 194
29460 194
29461 194
29462 194
29463 194
29464 194
29465 194
29466 194
29467 194
29468 194
29469 194
29470 194
29471 194
29472 194
29473 194
29474 194
29475 194
29476 194
29477 194
29478 194
29479 194
29480 194
29481 194
29482 194
29483 194
29484 194
29485 194
29486 194
29487 194
29488 194
29489 194
29490 194
29491 194
29492 194
29493 194
29494 194
29495 194
29496 194
29497 194
29498 194
29499 194
29500 194
29501 194
29502 194
29503 194
29504 194
29505 194
29506 194
29507 194
29508 194
29509 194
29510 194
29511 194
29512 194
29513 194
29514 194
29515 194
29516 194
29517 194
29518 194
29519 194
29520 194
29521 194
29522 194
29523 194
29524 194
29525 194
29526 194
29527 194
29528 194
29529 194
29530 194
29531 194
29532 194
29533 194
29534 194
29535 194
29536 194
29537 194
29538 194
29539 194
29540 194
29541 194
29542 194
29543 194
29544 194
29545 194
29546 194
29547 194
29548 194
29549 194
29550 194
29551 194
29552 194
29553 194
29554 194
29555 194
29556 194
29557 194
29558 194
29559 194
29560 194
29561 194
29562 194
29563 194
29564 194
29565 194
29566 194
29567 194
29568 194
29569 194
29570 194
29571 194
29572 194
29573 194
29574 194
29575 194
29576 194
29577 194
29578 194
29579 194
29580 194
29581 194
29582 194
29583 194
29584 194
29585 194
29586 194
29587 194
29588 194
29589 194
29590 194
29591 194
29592 194
29593 194
29594 194
29595 194
29596 194
29597 194
29598 194
29599 194
29600 194
29601 194
29602 194
29603 194
29604 194
29605 194
29606 194
29607 194
29608 194
29609 194
29610 194
29611 194
29612 194
29613 194
29614 194
29615 194
29616 194
29617 194
29618 194
29619 194
29620 194
29621 194
29622 194
29623 194
29624 194
29625 194
29626 194
29627 194
29628 194
29629 194
29630 194
29631 194
29632 194
29633 194
29634 194
29635 194
29636 194
29637 194
29638 194
29639 194
29640 194
29641 194
29642 194
29643 194
29644 194
29645 194
29646 194
29647 194
29648 194
29649 194
29650 194
29651 194
29652 194
29653 195
29654 195
29655 195
29656 195
29657 195
29658 195
29659 195
29660 195
29661 195
29662 195
29663 195
29664 195
29665 195
29666 195
29667 195
29668 195
29669 195
29670 195
29671 195
29672 195
29673 195
29674 195
29675 195
29676 195
29677 195
29678 195
29679 195
29680 195
29681 195
29682 195
29683 195
29684 195
29685 195
29686 195
29687 195
29688 195
29689 195
29690 195
29691 195
29692 195
29693 195
29694 195
29695 195
29696 195
29697 195
29698 195
29699 195
29700 195
29701 195
29702 195
29703 195
29704 195
29705 195
29706 195
29707 195
29708 195
29709 195
29710 195
29711 195
29712 195
29713 195
29714 195
29715 195
29716 195
29717 195
29718 195
29719 195
29720 195
29721 195
29722 195
29723 195
29724 195
29725 195
29726 195
29727 195
29728 196
29729 196
29730 196
29731 196
29732 196
29733 196
29734 196
29735 196
29736 196
29737 196
29738 196
29739 196
29740 196
29741 196
29742 196
29743 196
29744 196
29745 196
29746 196
29747 196
29748 196
29749 196
29750 196
29751 196
29752 196
29753 196
29754 196
29755 196
29756 196
29757 196
29758 196
29759 196
29760 196
29761 196
29762 196
29763 196
29764 196
29765 196
29766 196
29767 196
29768 196
29769 196
29770 196
29771 196
29772 196
29773 196
29774 196
29775 196
29776 196
29777 196
29778 196
29779 196
29780 196
29781 196
29782 196
29783 196
29784 196
29785 196
29786 197
29787 197
29788 197
29789 197
29790 197
29791 197
29792 197
29793 197
29794 197
29795 197
29796 197
29797 197
29798 197
29799 197
29800 197
29801 197
29802 197
29803 197
29804 197
29805 197
29806 197
29807 197
29808 197
29809 197
29810 197
29811 197
29812 197
29813 197
29814 197
29815 197
29816 197
29817 197
29818 197
29819 197
29820 197
29821 197
29822 197
29823 197
29824 197
29825 197
29826 197
29827 197
29828 197
29829 197
29830 197
29831 197
29832 197
29833 197
29834 197
29835 197
29836 197
29837 197
29838 197
29839 197
29840 197
29841 197
29842 197
29843 197
29844 197
29845 197
29846 197
29847 197
29848 197
29849 197
29850 197
29851 197
29852 197
29853 197
29854 197
29855 197
29856 197
29857 197
29858 197
29859 197
29860 197
29861 197
29862 197
29863 197
29864 197
29865 197
29866 197
29867 197
29868 197
29869 197
29870 197
29871 197
29872 197
29873 197
29874 197
29875 197
29876 197
29877 197
29878 197
29879 197
29880 197
29881 197
29882 197
29883 197
29884 197
29885 197
29886 197
29887 197
29888 197
29889 197
29890 197
29891 197
29892 197
29893 197
29894 197
29895 197
29896 197
29897 197
29898 197
29899 197
29900 197
29901 197
29902 197
29903 197
29904 197
29905 197
29906 197
29907 197
29908 197
29909 197
29910 197
29911 198
29912 198
29913 198
29914 198
29915 198
29916 198
29917 198
29918 198
29919 198
29920 198
29921 198
29922 198
29923 198
29924 198
29925 198
29926 198
29927 198
29928 198
29929 198
29930 198
29931 198
29932 198
29933 198
29934 198
29935 198
29936 198
29937 198
29938 198
29939 198
29940 198
29941 198
29942 198
29943 198
29944 198
29945 198
29946 198
29947 198
29948 198
29949 198
29950 198
29951 198
29952 198
29953 198
29954 198
29955 198
29956 198
29957 198
29958 198
29959 198
29960 198
29961 198
29962 198
29963 198
29964 198
29965 198
29966 198
29967 198
29968 198
29969 198
29970 198
29971 198
29972 198
29973 198
29974 198
29975 198
29976 198
29977 198
29978 198
29979 198
29980 198
29981 198
29982 198
29983 198
29984 198
29985 198
29986 198
29987 198
29988 198
29989 198
29990 198
29991 198
29992 198
29993 198
29994 198
29995 198
29996 198
29997 198
29998 198
29999 198
30000 198
30001 198
30002 198
30003 198
30004 198
30005 198
30006 198
30007 198
30008 198
30009 198
30010 198
30011 198
30012 198
30013 198
30014 198
30015 198
30016 198
30017 198
30018 198
30019 198
30020 198
30021 198
30022 198
30023 198
30024 198
30025 198
30026 198
30027 198
30028 198
30029 198
30030 198
30031 198
30032 198
30033 198
30034 198
30035 198
30036 198
30037 198
30038 198
30039 198
30040 198
30041 198
30042 198
30043 198
30044 198
30045 198
30046 198
30047 198
30048 198
30049 198
30050 198
30051 198
30052 198
30053 198
30054 198
30055 198
30056 198
30057 198
30058 198
30059 198
30060 198
30061 198
30062 198
30063 198
30064 198
30065 198
30066 198
30067 198
30068 198
30069 198
30070 198
30071 198
30072 198
30073 198
30074 198
30075 198
30076 198
30077 198
30078 198
30079 198
30080 198
30081 198
30082 198
30083 198
30084 198
30085 198
30086 198
30087 198
30088 198
30089 198
30090 198
30091 198
30092 198
30093 198
30094 198
30095 198
30096 198
30097 198
30098 198
30099 198
30100 198
30101 198
30102 198
30103 198
30104 198
30105 198
30106 198
30107 198
30108 198
30109 198
30110 198
30111 198
30112 198
30113 198
30114 198
30115 198
30116 198
30117 198
30118 198
30119 198
30120 198
30121 198
30122 198
30123 198
30124 198
30125 198
30126 198
30127 198
30128 198
30129 198
30130 198
30131 198
30132 198
30133 198
30134 198
30135 198
30136 198
30137 198
30138 198
30139 198
30140 198
30141 198
30142 198
30143 198
30144 198
30145 198
30146 198
30147 198
30148 198
30149 198
30150 198
30151 198
30152 198
30153 198
30154 198
30155 198
30156 198
30157 198
30158 198
30159 198
30160 198
30161 198
30162 198
30163 198
30164 198
30165 198
30166 198
30167 198
30168 198
30169 198
30170 198
30171 198
30172 198
30173 198
30174 198
30175 198
30176 198
30177 198
30178 198
30179 198
30180 198
30181 198
30182 198
30183 198
30184 198
30185 198
30186 198
30187 198
30188 198
30189 198
30190 198
30191 198
30192 198
30193 198
30194 198
30195 198
30196 198
30197 198
30198 198
30199 198
30200 198
30201 198
30202 198
30203 198
30204 198
30205 198
30206 198
30207 198
30208 198
30209 198
30210 198
30211 198
30212 198
30213 198
30214 198
30215 198
30216 198
30217 198
30218 198
30219 198
30220 198
30221 198
30222 198
30223 198
30224 198
30225 198
30226 198
30227 198
30228 198
30229 198
30230 198
30231 198
30232 198
30233 198
30234 198
30235 198
30236 198
30237 198
30238 198
30239 198
30240 198
30241 198
30242 198
30243 198
30244 198
30245 198
30246 198
30247 198
30248 198
30249 198
30250 198
30251 198
30252 198
30253 198
30254 198
30255 198
30256 198
30257 198
30258 198
30259 198
30260 198
30261 198
30262 198
30263 198
30264 198
30265 198
30266 198
30267 198
30268 198
30269 198
30270 199
30271 199
30272 199
30273 199
30274 199
30275 199
30276 199
30277 199
30278 199
30279 199
30280 199
30281 199
30282 199
30283 199
30284 199
30285 199
30286 199
30287 199
30288 199
30289 199
30290 199
30291 199
30292 199
30293 199
30294 199
30295 199
30296 199
30297 199
30298 199
30299 199
30300 199
30301 199
30302 199
30303 199
30304 199
30305 199
30306 199
30307 199
30308 199
30309 199
30310 199
30311 199
30312 199
30313 199
30314 199
30315 199
30316 199
30317 199
30318 199
30319 199
30320 199
30321 199
30322 199
30323 199
30324 199
30325 199
30326 199
30327 199
30328 199
30329 199
30330 199
30331 199
30332 199
30333 199
30334 199
30335 199
30336 199
30337 199
30338 199
30339 199
30340 199
30341 199
30342 199
30343 199
30344 199
30345 199
30346 199
30347 199
30348 199
30349 199
30350 199
30351 199
30352 199
30353 199
30354 199
30355 199
30356 199
30357 199
30358 199
30359 199
30360 199
30361 199
30362 199
30363 199
30364 199
30365 199
30366 199
30367 199
30368 199
30369 199
30370 199
30371 199
30372 199
30373 199
30374 199
30375 199
30376 199
30377 199
30378 199
30379 199
30380 199
30381 199
30382 199
30383 199
30384 199
30385 199
30386 199
30387 199
30388 199
30389 199
30390 199
30391 199
30392 199
30393 199
30394 199
30395 199
30396 199
30397 199
30398 199
30399 199
30400 199
30401 199
30402 199
30403 199
30404 199
30405 199
30406 199
30407 199
30408 199
30409 199
30410 199
30411 199
30412 199
30413 199
30414 202
30415 202
30416 202
30417 202
30418 202
30419 202
30420 205
30421 205
30422 205
30423 205
30424 205
30425 205
30426 205
30427 205
30428 205
30429 205
30430 207
30431 207
30432 207
30433 207
30434 207
30435 207
30436 207
30437 207
30438 207
30439 207
30440 207
30441 207
30442 207
30443 207
30444 207
30445 207
30446 207
30447 207
30448 207
30449 207
30450 207
30451 207
30452 207
30453 208
30454 208
30455 208
30456 208
30457 208
30458 208
30459 208
30460 208
30461 208
30462 208
30463 208
30464 208
30465 208
30466 208
30467 208
30468 208
30469 208
30470 208
30471 208
30472 208
30473 208
30474 208
30475 208
30476 208
30477 208
30478 208
30479 208
30480 208
30481 208
30482 208
30483 208
30484 208
30485 208
30486 208
30487 208
30488 208
30489 209
30490 209
30491 209
30492 209
30493 209
30494 209
30495 209
30496 209
30497 209
30498 209
30499 209
30500 209
30501 209
30502 209
30503 209
30504 209
30505 209
30506 209
30507 210
30508 210
30509 210
30510 210
30511 210
30512 210
30513 210
30514 210
30515 210
30516 210
30517 210
30518 210
30519 210
30520 210
30521 210
30522 210
30523 210
30524 210
30525 210
30526 210
30527 210
30528 210
30529 210
30530 210
30531 210
30532 210
30533 210
30534 210
30535 210
30536 210
30537 210
30538 210
30539 210
30540 210
30541 210
30542 210
30543 210
30544 210
30545 210
30546 210
30547 210
30548 210
30549 210
30550 210
30551 210
30552 210
30553 210
30554 210
30555 210
30556 210
30557 210
30558 210
30559 210
30560 210
30561 210
30562 210
30563 210
30564 210
30565 210
30566 210
30567 210
30568 210
30569 210
30570 210
30571 210
30572 210
30573 210
30574 210
30575 210
30576 210
30577 210
30578 210
30579 211
30580 211
30581 211
30582 211
30583 211
30584 211
30585 211
30586 211
30587 211
30588 211
30589 211
30590 211
30591 211
30592 211
30593 211
30594 211
30595 211
30596 211
30597 211
30598 211
30599 211
30600 211
30601 211
30602 211
30603 211
30604 211
30605 211
30606 211
30607 211
30608 211
30609 211
30610 211
30611 211
30612 211
30613 211
30614 211
30615 211
30616 211
30617 211
30618 211
30619 211
30620 211
30621 211
30622 211
30623 211
30624 211
30625 211
30626 211
30627 211
30628 211
30629 211
30630 211
30631 211
30632 211
30633 211
30634 211
30635 211
30636 211
30637 211
30638 211
30639 211
30640 211
30641 211
30642 211
30643 211
30644 211
30645 211
30646 211
30647 211
30648 211
30649 211
30650 211
30651 211
30652 211
30653 211
30654 211
30655 211
30656 211
30657 211
30658 211
30659 211
30660 211
30661 211
30662 211
30663 211
30664 211
30665 211
30666 211
30667 211
30668 211
30669 211
30670 211
30671 211
30672 211
30673 211
30674 211
30675 211
30676 211
30677 211
30678 211
30679 211
30680 211
30681 211
30682 211
30683 211
30684 211
30685 211
30686 211
30687 211
30688 211
30689 211
30690 211
30691 211
30692 211
30693 211
30694 211
30695 211
30696 211
30697 211
30698 211
30699 211
30700 211
30701 211
30702 211
30703 211
30704 211
30705 211
30706 211
30707 211
30708 211
30709 211
30710 211
30711 211
30712 211
30713 211
30714 211
30715 211
30716 211
30717 211
30718 211
30719 211
30720 211
30721 211
30722 211
30723 211
30724 211
30725 211
30726 211
30727 211
30728 211
30729 211
30730 211
30731 211
30732 211
30733 211
30734 211
30735 211
30736 211
30737 211
30738 211
30739 211
30740 211
30741 211
30742 211
30743 211
30744 211
30745 211
30746 211
30747 211
30748 211
30749 211
30750 211
30751 211
30752 211
30753 211
30754 211
30755 211
30756 211
30757 211
30758 211
30759 211
30760 211
30761 211
30762 211
30763 211
30764 211
30765 211
30766 211
30767 211
30768 211
30769 211
30770 211
30771 211
30772 211
30773 211
30774 211
30775 211
30776 211
30777 211
30778 211
30779 211
30780 211
30781 211
30782 211
30783 211
30784 211
30785 211
30786 211
30787 211
30788 211
30789 211
30790 211
30791 211
30792 211
30793 211
30794 211
30795 211
30796 211
30797 211
30798 211
30799 211
30800 211
30801 211
30802 211
30803 211
30804 211
30805 211
30806 211
30807 211
30808 211
30809 211
30810 211
30811 211
30812 211
30813 211
30814 211
30815 211
30816 211
30817 211
30818 211
30819 211
30820 211
30821 211
30822 211
30823 211
30824 211
30825 211
30826 211
30827 211
30828 211
30829 211
30830 211
30831 211
30832 211
30833 211
30834 211
30835 211
30836 211
30837 211
30838 211
30839 211
30840 211
30841 211
30842 211
30843 211
30844 211
30845 211
30846 211
30847 211
30848 211
30849 211
30850 211
30851 211
30852 211
30853 211
30854 211
30855 211
30856 211
30857 211
30858 211
30859 211
30860 211
30861 211
30862 211
30863 211
30864 211
30865 211
30866 211
30867 211
30868 211
30869 211
30870 211
30871 211
30872 211
30873 211
30874 211
30875 211
30876 211
30877 211
30878 211
30879 211
30880 211
30881 211
30882 211
30883 211
30884 211
30885 211
30886 211
30887 211
30888 211
30889 211
30890 211
30891 211
30892 211
30893 211
30894 211
30895 211
30896 211
30897 211
30898 211
30899 211
30900 211
30901 211
30902 211
30903 211
30904 211
30905 211
30906 211
30907 211
30908 211
30909 211
30910 211
30911 211
30912 211
30913 211
30914 211
30915 211
30916 211
30917 211
30918 211
30919 211
30920 211
30921 211
30922 211
30923 211
30924 211
30925 211
30926 211
30927 211
30928 211
30929 211
30930 211
30931 211
30932 211
30933 211
30934 211
30935 211
30936 211
30937 211
30938 211
30939 211
30940 211
30941 211
30942 211
30943 211
30944 211
30945 211
30946 211
30947 211
30948 211
30949 211
30950 211
30951 211
30952 211
30953 211
30954 211
30955 211
30956 211
30957 211
30958 211
30959 211
30960 211
30961 211
30962 211
30963 211
30964 211
30965 211
30966 212
30967 213
30968 213
30969 213
30970 213
30971 213
30972 213
30973 213
30974 213
30975 213
30976 213
30977 213
30978 213
30979 213
30980 213
30981 213
30982 213
30983 213
30984 213
30985 213
30986 213
30987 213
30988 213
30989 213
30990 213
30991 213
30992 213
30993 213
30994 213
30995 213
30996 213
30997 213
30998 213
30999 213
31000 213
31001 213
31002 213
31003 213
31004 213
31005 213
31006 213
31007 213
31008 213
31009 213
31010 213
31011 213
31012 213
31013 213
31014 213
31015 213
31016 213
31017 213
31018 213
31019 213
31020 213
31021 213
31022 213
31023 213
31024 213
31025 213
31026 213
31027 213
31028 213
31029 213
31030 213
31031 213
31032 213
31033 213
31034 213
31035 213
31036 213
31037 213
31038 213
31039 213
31040 213
31041 213
31042 213
31043 213
31044 213
31045 213
31046 213
31047 213
31048 213
31049 213
31050 213
31051 213
31052 213
31053 213
31054 213
31055 213
31056 213
31057 213
31058 213
31059 213
31060 213
31061 213
31062 213
31063 213
31064 213
31065 213
31066 213
31067 213
31068 213
31069 213
31070 213
31071 213
31072 213
31073 213
31074 213
31075 213
31076 213
31077 213
31078 213
31079 213
31080 213
31081 213
31082 214
31083 214
31084 214
31085 214
31086 214
31087 214
31088 214
31089 214
31090 214
31091 214
31092 214
31093 214
31094 214
31095 214
31096 214
31097 214
31098 214
31099 214
31100 214
31101 214
31102 214
31103 214
31104 214
31105 214
31106 214
31107 214
31108 214
31109 214
31110 214
31111 214
31112 214
31113 214
31114 214
31115 214
31116 214
31117 214
31118 214
31119 214
31120 214
31121 214
31122 214
31123 214
31124 214
31125 214
31126 214
31127 214
31128 214
31129 214
31130 214
31131 214
31132 214
31133 214
31134 214
31135 214
31136 214
31137 214
31138 214
31139 214
31140 214
31141 214
31142 214
31143 214
31144 214
31145 214
31146 214
31147 214
31148 214
31149 214
31150 214
31151 214
31152 214
31153 214
31154 214
31155 214
31156 214
31157 214
31158 214
31159 214
31160 214
31161 214
31162 214
31163 214
31164 214
31165 214
31166 214
31167 214
31168 214
31169 214
31170 214
31171 214
31172 214
31173 214
31174 214
31175 214
31176 214
31177 214
31178 214
31179 214
31180 214
31181 214
31182 214
31183 214
31184 214
31185 214
31186 214
31187 214
31188 214
31189 214
31190 214
31191 214
31192 214
31193 214
31194 214
31195 214
31196 214
31197 214
31198 214
31199 214
31200 214
31201 214
31202 214
31203 214
31204 214
31205 214
31206 214
31207 214
31208 214
31209 214
31210 214
31211 214
31212 214
31213 214
31214 214
31215 214
31216 214
31217 214
31218 214
31219 214
31220 214
31221 214
31222 214
31223 214
31224 214
31225 214
31226 214
31227 214
31228 214
31229 214
31230 214
31231 214
31232 214
31233 214
31234 214
31235 214
31236 214
31237 214
31238 214
31239 214
31240 214
31241 214
31242 214
31243 214
31244 214
31245 214
31246 214
31247 214
31248 214
31249 214
31250 214
31251 215
31252 215
31253 215
31254 215
31255 215
31256 215
31257 215
31258 215
31259 215
31260 215
31261 215
31262 215
31263 215
31264 215
31265 215
31266 215
31267 215
31268 215
31269 215
31270 215
31271 215
31272 215
31273 215
31274 215
31275 215
31276 215
31277 215
31278 215
31279 215
31280 215
31281 215
31282 215
31283 215
31284 215
31285 215
31286 215
31287 215
31288 215
31289 215
31290 215
31291 215
31292 215
31293 215
31294 215
31295 215
31296 215
31297 215
31298 215
31299 215
31300 215
31301 215
31302 215
31303 215
31304 215
31305 215
31306 215
31307 215
31308 215
31309 215
31310 215
31311 215
31312 215
31313 215
31314 215
31315 215
31316 215
31317 215
31318 215
31319 215
31320 215
31321 215
31322 215
31323 215
31324 215
31325 215
31326 215
31327 215
31328 215
31329 215
31330 215
31331 215
31332 215
31333 215
31334 215
31335 215
31336 215
31337 215
31338 215
31339 215
31340 215
31341 215
31342 215
31343 215
31344 215
31345 215
31346 215
31347 215
31348 215
31349 215
31350 215
31351 215
31352 215
31353 215
31354 215
31355 215
31356 215
31357 215
31358 215
31359 215
31360 215
31361 215
31362 215
31363 215
31364 215
31365 215
31366 215
31367 215
31368 215
31369 215
31370 215
31371 215
31372 215
31373 215
31374 215
31375 215
31376 215
31377 215
31378 215
31379 215
31380 215
31381 215
31382 215
31383 215
31384 215
31385 215
31386 215
31387 215
31388 215
31389 215
31390 215
31391 215
31392 215
31393 215
31394 215
31395 215
31396 215
31397 215
31398 215
31399 215
31400 216
31401 216
31402 216
31403 216
31404 216
31405 216
31406 216
31407 216
31408 216
31409 216
31410 216
31411 216
31412 216
31413 216
31414 216
31415 216
31416 216
31417 216
31418 216
31419 216
31420 216
31421 216
31422 216
31423 216
31424 216
31425 216
31426 216
31427 216
31428 216
31429 216
31430 216
31431 216
31432 216
31433 216
31434 216
31435 216
31436 216
31437 216
31438 216
31439 216
31440 216
31441 216
31442 216
31443 216
31444 216
31445 216
31446 216
31447 216
31448 216
31449 216
31450 216
31451 216
31452 216
31453 216
31454 216
31455 216
31456 216
31457 216
31458 216
31459 216
31460 216
31461 216
31462 216
31463 216
31464 216
31465 216
31466 216
31467 216
31468 216
31469 216
31470 216
31471 216
31472 216
31473 216
31474 216
31475 216
31476 216
31477 216
31478 216
31479 216
31480 216
31481 216
31482 216
31483 216
31484 216
31485 216
31486 216
31487 216
31488 216
31489 216
31490 216
31491 216
31492 216
31493 216
31494 216
31495 216
31496 216
31497 216
31498 216
31499 216
31500 216
31501 216
31502 216
31503 216
31504 216
31505 216
31506 216
31507 216
31508 216
31509 216
31510 216
31511 216
31512 216
31513 216
31514 216
31515 216
31516 216
31517 216
31518 216
31519 216
31520 216
31521 216
31522 216
31523 216
31524 216
31525 216
31526 216
31527 216
31528 216
31529 216
31530 216
31531 216
31532 216
31533 216
31534 216
31535 216
31536 216
31537 216
31538 216
31539 216
31540 216
31541 216
31542 216
31543 216
31544 216
31545 216
31546 217
31547 217
31548 217
31549 217
31550 217
31551 217
31552 217
31553 217
31554 217
31555 217
31556 217
31557 217
31558 217
31559 217
31560 217
31561 217
31562 217
31563 217
31564 217
31565 217
31566 217
31567 217
31568 217
31569 217
31570 217
31571 217
31572 217
31573 217
31574 217
31575 217
31576 217
31577 217
31578 217
31579 217
31580 217
31581 217
31582 217
31583 217
31584 217
31585 217
31586 217
31587 217
31588 217
31589 217
31590 217
31591 217
31592 217
31593 217
31594 217
31595 217
31596 217
31597 217
31598 217
31599 217
31600 217
31601 217
31602 217
31603 217
31604 217
31605 217
31606 217
31607 217
31608 217
31609 217
31610 217
31611 217
31612 217
31613 217
31614 217
31615 217
31616 217
31617 217
31618 217
31619 217
31620 217
31621 217
31622 217
31623 217
31624 217
31625 217
31626 217
31627 217
31628 217
31629 217
31630 217
31631 217
31632 217
31633 217
31634 217
31635 217
31636 217
31637 217
31638 217
31639 217
31640 217
31641 217
31642 217
31643 217
31644 217
31645 217
31646 217
31647 217
31648 217
31649 217
31650 217
31651 217
31652 217
31653 217
31654 217
31655 217
31656 217
31657 217
31658 217
31659 217
31660 217
31661 217
31662 217
31663 217
31664 217
31665 217
31666 217
31667 217
31668 217
31669 217
31670 217
31671 217
31672 217
31673 217
31674 217
31675 217
31676 217
31677 217
31678 217
31679 217
31680 217
31681 217
31682 217
31683 218
31684 218
31685 218
31686 218
31687 218
31688 218
31689 218
31690 218
31691 218
31692 218
31693 218
31694 218
31695 218
31696 218
31697 218
31698 218
31699 218
31700 218
31701 218
31702 218
31703 218
31704 218
31705 218
31706 218
31707 218
31708 218
31709 218
31710 218
31711 218
31712 218
31713 218
31714 218
31715 218
31716 218
31717 218
31718 218
31719 218
31720 218
31721 218
31722 218
31723 218
31724 218
31725 218
31726 218
31727 218
31728 218
31729 218
31730 218
31731 218
31732 218
31733 218
31734 218
31735 218
31736 218
31737 218
31738 218
31739 218
31740 218
31741 218
31742 218
31743 218
31744 218
31745 218
31746 218
31747 218
31748 218
31749 218
31750 218
31751 218
31752 218
31753 218
31754 218
31755 218
31756 218
31757 218
31758 218
31759 218
31760 218
31761 218
31762 218
31763 218
31764 218
31765 218
31766 218
31767 218
31768 218
31769 218
31770 218
31771 218
31772 218
31773 218
31774 218
31775 218
31776 218
31777 218
31778 218
31779 218
31780 218
31781 218
31782 218
31783 218
31784 218
31785 218
31786 218
31787 218
31788 218
31789 218
31790 218
31791 218
31792 218
31793 218
31794 218
31795 218
31796 218
31797 218
31798 218
31799 218
31800 218
31801 218
31802 218
31803 218
31804 218
31805 218
31806 218
31807 218
31808 218
31809 218
31810 218
31811 218
31812 218
31813 218
31814 218
31815 218
31816 218
31817 218
31818 218
31819 218
31820 218
31821 218
31822 218
31823 218
31824 218
31825 218
31826 218
31827 218
31828 218
31829 218
31830 218
31831 218
31832 218
31833 218
31834 218
31835 218
31836 218
31837 218
31838 218
31839 218
31840 218
31841 218
31842 218
31843 218
31844 218
31845 218
31846 218
31847 218
31848 218
31849 218
31850 218
31851 218
31852 218
31853 218
31854 218
31855 218
31856 218
31857 218
31858 218
31859 218
31860 218
31861 218
31862 218
31863 218
31864 218
31865 218
31866 218
31867 218
31868 218
31869 218
31870 218
31871 218
31872 218
31873 218
31874 218
31875 218
31876 218
31877 218
31878 218
31879 218
31880 218
31881 218
31882 218
31883 218
31884 218
31885 218
31886 218
31887 218
31888 218
31889 218
31890 218
31891 218
31892 218
31893 218
31894 218
31895 218
31896 218
31897 218
31898 218
31899 218
31900 218
31901 218
31902 218
31903 218
31904 218
31905 218
31906 218
31907 218
31908 218
31909 218
31910 218
31911 218
31912 218
31913 218
31914 218
31915 218
31916 218
31917 218
31918 218
31919 218
31920 218
31921 218
31922 218
31923 218
31924 218
31925 218
31926 218
31927 218
31928 218
31929 218
31930 218
31931 218
31932 218
31933 218
31934 218
31935 218
31936 218
31937 218
31938 218
31939 218
31940 218
31941 218
31942 218
31943 218
31944 218
31945 218
31946 218
31947 218
31948 218
31949 218
31950 218
31951 218
31952 218
31953 218
31954 218
31955 218
31956 218
31957 218
31958 218
31959 219
31960 219
31961 219
31962 219
31963 219
31964 219
31965 219
31966 219
31967 219
31968 219
31969 219
31970 219
31971 219
31972 219
31973 219
31974 219
31975 219
31976 219
31977 219
31978 219
31979 219
31980 219
31981 219
31982 219
31983 219
31984 219
31985 219
31986 219
31987 219
31988 219
31989 219
31990 219
31991 219
31992 219
31993 219
31994 219
31995 219
31996 219
31997 219
31998 219
31999 219
32000 219
32001 219
32002 219
32003 219
32004 219
32005 219
32006 219
32007 219
32008 219
32009 219
32010 219
32011 219
32012 219
32013 219
32014 219
32015 219
32016 219
32017 219
32018 219
32019 219
32020 219
32021 219
32022 219
32023 219
32024 219
32025 219
32026 219
32027 219
32028 219
32029 219
32030 219
32031 219
32032 219
32033 219
32034 219
32035 219
32036 219
32037 219
32038 219
32039 219
32040 219
32041 219
32042 219
32043 219
32044 219
32045 219
32046 219
32047 219
32048 219
32049 219
32050 219
32051 219
32052 219
32053 219
32054 219
32055 219
32056 219
32057 219
32058 219
32059 219
32060 219
32061 219
32062 219
32063 219
32064 219
32065 219
32066 219
32067 219
32068 219
32069 219
32070 219
32071 219
32072 219
32073 219
32074 219
32075 219
32076 219
32077 219
32078 219
32079 219
32080 219
32081 219
32082 219
32083 219
32084 219
32085 219
32086 219
32087 219
32088 219
32089 219
32090 219
32091 219
32092 219
32093 219
32094 219
32095 219
32096 219
32097 219
32098 219
32099 219
32100 219
32101 219
32102 219
32103 219
32104 219
32105 219
32106 219
32107 219
32108 219
32109 219
32110 219
32111 219
32112 219
32113 219
32114 219
32115 219
32116 219
32117 219
32118 219
32119 219
32120 219
32121 219
32122 219
32123 219
32124 219
32125 219
32126 219
32127 219
32128 219
32129 219
32130 219
32131 219
32132 219
32133 219
32134 219
32135 219
32136 219
32137 219
32138 219
32139 219
32140 219
32141 219
32142 219
32143 219
32144 219
32145 219
32146 219
32147 219
32148 219
32149 219
32150 219
32151 219
32152 219
32153 219
32154 219
32155 219
32156 219
32157 219
32158 219
32159 219
32160 219
32161 219
32162 219
32163 219
32164 219
32165 219
32166 219
32167 219
32168 219
32169 219
32170 219
32171 219
32172 219
32173 219
32174 219
32175 219
32176 219
32177 219
32178 219
32179 219
32180 219
32181 219
32182 219
32183 219
32184 219
32185 219
32186 219
32187 219
32188 219
32189 219
32190 219
32191 219
32192 219
32193 219
32194 219
32195 219
32196 219
32197 219
32198 219
32199 219
32200 219
32201 219
32202 219
32203 219
32204 219
32205 219
32206 219
32207 220
32208 220
32209 220
32210 220
32211 220
32212 220
32213 220
32214 220
32215 220
32216 220
32217 220
32218 220
32219 220
32220 220
32221 220
32222 220
32223 220
32224 220
32225 220
32226 220
32227 220
32228 220
32229 220
32230 220
32231 220
32232 220
32233 220
32234 220
32235 220
32236 220
32237 220
32238 220
32239 220
32240 220
32241 220
32242 220
32243 220
32244 220
32245 220
32246 220
32247 220
32248 220
32249 220
32250 220
32251 220
32252 220
32253 220
32254 220
32255 220
32256 220
32257 220
32258 220
32259 220
32260 220
32261 220
32262 220
32263 220
32264 220
32265 220
32266 220
32267 220
32268 220
32269 220
32270 220
32271 220
32272 220
32273 220
32274 220
32275 220
32276 220
32277 220
32278 220
32279 220
32280 220
32281 220
32282 220
32283 220
32284 220
32285 220
32286 220
32287 220
32288 220
32289 220
32290 220
32291 220
32292 220
32293 220
32294 220
32295 220
32296 220
32297 220
32298 220
32299 220
32300 220
32301 220
32302 220
32303 220
32304 220
32305 220
32306 220
32307 220
32308 220
32309 220
32310 220
32311 220
32312 220
32313 220
32314 220
32315 220
32316 220
32317 220
32318 220
32319 220
32320 220
32321 220
32322 220
32323 220
32324 220
32325 220
32326 220
32327 220
32328 220
32329 220
32330 220
32331 220
32332 220
32333 220
32334 220
32335 220
32336 220
32337 220
32338 220
32339 220
32340 220
32341 220
32342 220
32343 220
32344 220
32345 220
32346 220
32347 220
32348 220
32349 220
32350 220
32351 220
32352 220
32353 220
32354 220
32355 220
32356 220
32357 220
32358 220
32359 220
32360 220
32361 220
32362 220
32363 220
32364 220
32365 220
32366 220
32367 220
32368 220
32369 220
32370 220
32371 220
32372 220
32373 220
32374 220
32375 220
32376 220
32377 220
32378 220
32379 220
32380 220
32381 220
32382 220
32383 220
32384 220
32385 220
32386 220
32387 220
32388 220
32389 220
32390 220
32391 220
32392 220
32393 221
32394 221
32395 221
32396 221
32397 221
32398 221
32399 221
32400 221
32401 221
32402 221
32403 221
32404 221
32405 221
32406 221
32407 221
32408 221
32409 221
32410 221
32411 221
32412 221
32413 221
32414 221
32415 221
32416 221
32417 221
32418 221
32419 221
32420 221
32421 221
32422 221
32423 221
32424 221
32425 221
32426 221
32427 221
32428 221
32429 221
32430 221
32431 221
32432 221
32433 221
32434 221
32435 221
32436 221
32437 221
32438 221
32439 221
32440 221
32441 221
32442 221
32443 221
32444 221
32445 221
32446 221
32447 221
32448 221
32449 221
32450 221
32451 221
32452 221
32453 221
32454 221
32455 221
32456 221
32457 221
32458 221
32459 221
32460 221
32461 221
32462 221
32463 221
32464 221
32465 221
32466 221
32467 221
32468 221
32469 221
32470 221
32471 221
32472 221
32473 221
32474 221
32475 221
32476 221
32477 221
32478 221
32479 221
32480 221
32481 221
32482 221
32483 221
32484 221
32485 221
32486 221
32487 221
32488 221
32489 221
32490 221
32491 221
32492 221
32493 221
32494 221
32495 221
32496 221
32497 221
32498 221
32499 221
32500 221
32501 221
32502 221
32503 221
32504 221
32505 221
32506 221
32507 221
32508 221
32509 221
32510 221
32511 221
32512 221
32513 221
32514 221
32515 221
32516 221
32517 221
32518 221
32519 221
32520 221
32521 221
32522 221
32523 221
32524 221
32525 221
32526 221
32527 221
32528 221
32529 221
32530 221
32531 221
32532 221
32533 221
32534 221
32535 221
32536 221
32537 221
32538 221
32539 221
32540 221
32541 221
32542 221
32543 221
32544 221
32545 221
32546 221
32547 221
32548 221
32549 221
32550 221
32551 221
32552 221
32553 221
32554 221
32555 221
32556 221
32557 221
32558 221
32559 221
32560 221
32561 221
32562 221
32563 221
32564 221
32565 221
32566 221
32567 221
32568 221
32569 221
32570 221
32571 221
32572 221
32573 221
32574 221
32575 221
32576 221
32577 221
32578 221
32579 221
32580 221
32581 221
32582 221
32583 221
32584 221
32585 221
32586 221
32587 221
32588 221
32589 221
32590 221
32591 221
32592 221
32593 221
32594 221
32595 221
32596 221
32597 221
32598 221
32599 221
32600 221
32601 221
32602 221
32603 221
32604 221
32605 221
32606 221
32607 221
32608 221
32609 221
32610 221
32611 221
32612 221
32613 221
32614 221
32615 221
32616 221
32617 221
32618 221
32619 221
32620 221
32621 221
32622 221
32623 221
32624 221
32625 221
32626 221
32627 221
32628 221
32629 221
32630 221
32631 221
32632 221
32633 221
32634 221
32635 221
32636 221
32637 221
32638 221
32639 221
32640 221
32641 221
32642 221
32643 221
32644 221
32645 221
32646 221
32647 221
32648 221
32649 221
32650 221
32651 221
32652 221
32653 221
32654 221
32655 221
32656 221
32657 221
32658 221
32659 221
32660 221
32661 221
32662 221
32663 221
32664 221
32665 221
32666 221
32667 221
32668 221
32669 221
32670 221
32671 221
32672 221
32673 221
32674 221
32675 221
32676 221
32677 221
32678 221
32679 221
32680 221
32681 221
32682 221
32683 221
32684 221
32685 221
32686 221
32687 221
32688 221
32689 221
32690 221
32691 221
32692 221
32693 221
32694 221
32695 221
32696 221
32697 221
32698 221
32699 221
32700 221
32701 221
32702 221
32703 221
32704 221
32705 221
32706 221
32707 221
32708 221
32709 221
32710 221
32711 221
32712 221
32713 221
32714 221
32715 221
32716 221
32717 221
32718 221
32719 221
32720 221
32721 221
32722 221
32723 221
32724 221
32725 221
32726 221
32727 221
32728 221
32729 221
32730 221
32731 221
32732 221
32733 221
32734 221
32735 221
32736 221
32737 221
32738 221
32739 221
32740 221
32741 221
32742 221
32743 221
32744 221
32745 221
32746 221
32747 221
32748 221
32749 221
32750 221
32751 221
32752 221
32753 221
32754 221
32755 221
32756 221
32757 221
32758 221
32759 221
32760 221
32761 221
32762 221
32763 221
32764 221
32765 221
32766 221
32767 221
32768 221
32769 221
32770 221
32771 221
32772 221
32773 221
32774 221
32775 221
32776 221
32777 221
32778 221
32779 221
32780 221
32781 221
32782 221
32783 221
32784 221
32785 221
32786 221
32787 221
32788 221
32789 221
32790 221
32791 221
32792 221
32793 221
32794 221
32795 221
32796 221
32797 221
32798 221
32799 221
32800 221
32801 221
32802 221
32803 221
32804 221
32805 221
32806 221
32807 221
32808 221
32809 221
32810 221
32811 221
32812 221
32813 221
32814 221
32815 221
32816 221
32817 222
32818 222
32819 222
32820 222
32821 222
32822 222
32823 222
32824 222
32825 222
32826 222
32827 222
32828 222
32829 222
32830 222
32831 222
32832 222
32833 222
32834 222
32835 222
32836 222
32837 222
32838 222
32839 222
32840 222
32841 222
32842 222
32843 222
32844 222
32845 222
32846 222
32847 222
32848 222
32849 222
32850 222
32851 222
32852 222
32853 222
32854 222
32855 222
32856 222
32857 222
32858 222
32859 222
32860 222
32861 222
32862 222
32863 222
32864 222
32865 222
32866 222
32867 222
32868 222
32869 222
32870 222
32871 222
32872 222
32873 222
32874 222
32875 222
32876 222
32877 222
32878 222
32879 222
32880 222
32881 222
32882 222
32883 222
32884 222
32885 222
32886 222
32887 222
32888 222
32889 222
32890 222
32891 222
32892 222
32893 222
32894 222
32895 222
32896 222
32897 222
32898 222
32899 222
32900 222
32901 222
32902 222
32903 222
32904 222
32905 222
32906 222
32907 222
32908 222
32909 222
32910 222
32911 222
32912 222
32913 222
32914 222
32915 222
32916 222
32917 222
32918 222
32919 222
32920 222
32921 222
32922 222
32923 222
32924 222
32925 222
32926 222
32927 222
32928 222
32929 222
32930 222
32931 222
32932 222
32933 222
32934 222
32935 222
32936 222
32937 222
32938 222
32939 222
32940 222
32941 222
32942 222
32943 222
32944 222
32945 222
32946 222
32947 222
32948 222
32949 222
32950 222
32951 222
32952 222
32953 222
32954 222
32955 222
32956 222
32957 222
32958 222
32959 222
32960 222
32961 222
32962 222
32963 222
32964 222
32965 222
32966 222
32967 222
32968 222
32969 222
32970 222
32971 222
32972 222
32973 222
32974 222
32975 222
32976 222
32977 222
32978 222
32979 222
32980 222
32981 222
32982 222
32983 222
32984 222
32985 222
32986 222
32987 222
32988 222
32989 222
32990 222
32991 222
32992 222
32993 222
32994 222
32995 222
32996 222
32997 222
32998 222
32999 222
33000 222
33001 222
33002 222
33003 222
33004 222
33005 222
33006 222
33007 222
33008 222
33009 222
33010 222
33011 222
33012 222
33013 222
33014 222
33015 222
33016 222
33017 222
33018 222
33019 222
33020 222
33021 222
33022 222
33023 222
33024 222
33025 222
33026 222
33027 222
33028 222
33029 222
33030 222
33031 222
33032 222
33033 222
33034 222
33035 222
33036 222
33037 222
33038 222
33039 222
33040 222
33041 222
33042 222
33043 222
33044 222
33045 222
33046 222
33047 222
33048 222
33049 222
33050 222
33051 222
33052 222
33053 222
33054 222
33055 222
33056 222
33057 222
33058 222
33059 222
33060 222
33061 222
33062 222
33063 222
33064 222
33065 222
33066 222
33067 222
33068 222
33069 222
33070 222
33071 222
33072 222
33073 222
33074 222
33075 222
33076 222
33077 222
33078 222
33079 222
33080 222
33081 222
33082 222
33083 222
33084 222
33085 222
33086 222
33087 222
33088 226
33089 226
33090 226
33091 226
33092 226
33093 226
33094 226
33095 226
33096 226
33097 227
33098 227
33099 227
33100 227
33101 227
33102 227
33103 227
33104 227
33105 227
33106 227
33107 227
33108 227
33109 227
33110 227
33111 227
33112 227
33113 227
33114 227
33115 227
33116 227
33117 227
33118 227
33119 227
33120 227
33121 227
33122 227
33123 227
33124 227
33125 227
33126 227
33127 227
33128 227
33129 227
33130 227
33131 227
33132 227
33133 227
33134 227
33135 227
33136 227
33137 227
33138 227
33139 227
33140 227
33141 227
33142 227
33143 227
33144 227
33145 227
33146 227
33147 227
33148 227
33149 227
33150 227
33151 227
33152 227
33153 227
33154 227
33155 227
33156 227
33157 227
33158 227
33159 227
33160 227
33161 227
33162 227
33163 227
33164 227
33165 227
33166 227
33167 227
33168 227
33169 227
33170 227
33171 227
33172 227
33173 227
33174 227
33175 227
33176 227
33177 227
33178 227
33179 227
33180 227
33181 227
33182 227
33183 227
33184 227
33185 227
33186 227
33187 227
33188 227
33189 227
33190 227
33191 227
33192 227
33193 227
33194 227
33195 227
33196 227
33197 227
33198 227
33199 228
33200 228
33201 228
33202 228
33203 228
33204 228
33205 228
33206 228
33207 228
33208 228
33209 228
33210 228
33211 228
33212 228
33213 228
33214 228
33215 228
33216 228
33217 228
33218 228
33219 228
33220 228
33221 228
33222 228
33223 228
33224 228
33225 228
33226 228
33227 228
33228 228
33229 228
33230 228
33231 228
33232 228
33233 228
33234 228
33235 228
33236 228
33237 228
33238 228
33239 228
33240 228
33241 228
33242 228
33243 228
33244 228
33245 228
33246 228
33247 228
33248 228
33249 228
33250 228
33251 228
33252 228
33253 228
33254 228
33255 228
33256 228
33257 228
33258 228
33259 228
33260 228
33261 228
33262 228
33263 228
33264 228
33265 228
33266 228
33267 228
33268 228
33269 228
33270 228
33271 228
33272 228
33273 228
33274 228
33275 228
33276 228
33277 228
33278 228
33279 228
33280 228
33281 228
33282 228
33283 228
33284 228
33285 228
33286 228
33287 228
33288 228
33289 228
33290 228
33291 228
33292 228
33293 228
33294 228
33295 228
33296 228
33297 228
33298 228
33299 228
33300 228
33301 228
33302 228
33303 228
33304 228
33305 228
33306 228
33307 228
33308 228
33309 228
33310 228
33311 228
33312 228
33313 228
33314 228
33315 228
33316 228
33317 228
33318 228
33319 228
33320 228
33321 228
33322 228
33323 228
33324 228
33325 228
33326 228
33327 228
33328 228
33329 228
33330 228
33331 228
33332 228
33333 228
33334 228
33335 228
33336 228
33337 228
33338 228
33339 228
33340 228
33341 229
33342 229
33343 229
33344 229
33345 229
33346 229
33347 229
33348 229
33349 229
33350 230
33351 230
33352 230
33353 230
33354 230
33355 230
33356 230
33357 230
33358 230
33359 230
33360 230
33361 230
33362 230
33363 230
33364 230
33365 230
33366 230
33367 230
33368 230
33369 230
33370 230
33371 230
33372 230
33373 230
33374 230
33375 230
33376 230
33377 230
33378 230
33379 230
33380 230
33381 230
33382 230
33383 230
33384 230
33385 230
33386 230
33387 230
33388 230
33389 230
33390 230
33391 230
33392 230
33393 230
33394 230
33395 230
33396 230
33397 230
33398 230
33399 230
33400 230
33401 230
33402 230
33403 230
33404 230
33405 230
33406 230
33407 230
33408 230
33409 230
33410 230
33411 230
33412 230
33413 230
33414 230
33415 230
33416 230
33417 230
33418 230
33419 230
33420 230
33421 230
33422 230
33423 230
33424 230
33425 230
33426 230
33427 230
33428 230
33429 230
33430 230
33431 230
33432 230
33433 230
33434 230
33435 230
33436 230
33437 230
33438 230
33439 230
33440 230
33441 230
33442 230
33443 230
33444 230
33445 230
33446 230
33447 230
33448 230
33449 230
33450 230
33451 230
33452 230
33453 230
33454 230
33455 230
33456 230
33457 230
33458 230
33459 230
33460 230
33461 230
33462 230
33463 230
33464 230
33465 230
33466 230
33467 230
33468 230
33469 230
33470 230
33471 230
33472 230
33473 230
33474 230
33475 230
33476 230
33477 230
33478 230
33479 230
33480 230
33481 230
33482 230
33483 230
33484 230
33485 230
33486 230
33487 230
33488 230
33489 230
33490 230
33491 230
33492 230
33493 230
33494 230
33495 230
33496 230
33497 230
33498 230
33499 230
33500 230
33501 230
33502 230
33503 230
33504 230
33505 230
33506 230
33507 230
33508 230
33509 230
33510 230
33511 230
33512 230
33513 230
33514 230
33515 230
33516 230
33517 230
33518 230
33519 230
33520 230
33521 230
33522 230
33523 230
33524 230
33525 230
33526 230
33527 231
33528 231
33529 231
33530 231
33531 231
33532 231
33533 231
33534 232
33535 232
33536 232
33537 232
33538 232
33539 232
33540 232
33541 232
33542 232
33543 232
33544 232
33545 232
33546 232
33547 232
33548 232
33549 232
33550 232
33551 232
33552 232
33553 232
33554 232
33555 232
33556 232
33557 232
33558 232
33559 232
33560 232
33561 232
33562 232
33563 232
33564 232
33565 232
33566 232
33567 232
33568 232
33569 232
33570 232
33571 232
33572 232
33573 232
33574 232
33575 232
33576 232
33577 233
33578 233
33579 233
33580 233
33581 233
33582 233
33583 233
33584 233
33585 233
33586 233
33587 233
33588 233
33589 233
33590 233
33591 233
33592 233
33593 233
33594 233
33595 233
33596 233
33597 233
33598 233
33599 233
33600 233
33601 233
33602 233
33603 233
33604 233
33605 233
33606 233
33607 233
33608 233
33609 233
33610 233
33611 233
33612 233
33613 233
33614 233
33615 233
33616 233
33617 233
33618 233
33619 233
33620 233
33621 233
33622 233
33623 233
33624 233
33625 233
33626 233
33627 233
33628 233
33629 233
33630 233
33631 233
33632 233
33633 233
33634 233
33635 233
33636 233
33637 233
33638 233
33639 233
33640 233
33641 233
33642 233
33643 233
33644 233
33645 233
33646 233
33647 233
33648 233
33649 233
33650 233
33651 233
33652 233
33653 233
33654 233
33655 233
33656 233
33657 233
33658 233
33659 233
33660 233
33661 233
33662 233
33663 233
33664 234
33665 234
33666 234
33667 234
33668 234
33669 234
33670 234
33671 234
33672 235
33673 235
33674 235
33675 235
33676 235
33677 235
33678 235
33679 235
33680 235
33681 235
33682 235
33683 235
33684 235
33685 235
33686 235
33687 235
33688 235
33689 235
33690 235
33691 235
33692 235
33693 235
33694 235
33695 235
33696 235
33697 235
33698 235
33699 235
33700 235
33701 235
33702 235
33703 235
33704 235
33705 235
33706 235
33707 235
33708 235
33709 235
33710 235
33711 235
33712 235
33713 235
33714 235
33715 235
33716 235
33717 235
33718 235
33719 235
33720 235
33721 235
33722 235
33723 235
33724 235
33725 235
33726 235
33727 235
33728 235
33729 235
33730 235
33731 235
33732 235
33733 235
33734 235
33735 235
33736 235
33737 235
33738 235
33739 235
33740 235
33741 235
33742 235
33743 235
33744 235
33745 235
33746 235
33747 235
33748 235
33749 235
33750 235
33751 235
33752 235
33753 235
33754 235
33755 235
33756 235
33757 235
33758 235
33759 235
33760 235
33761 235
33762 235
33763 235
33764 235
33765 235
33766 235
33767 235
33768 235
33769 235
33770 235
33771 235
33772 235
33773 235
33774 235
33775 235
33776 235
33777 235
33778 235
33779 235
33780 235
33781 235
33782 235
33783 235
33784 235
33785 235
33786 235
33787 235
33788 235
33789 235
33790 235
33791 235
33792 235
33793 235
33794 235
33795 235
33796 235
33797 235
33798 235
33799 235
33800 235
33801 235
33802 235
33803 235
33804 235
33805 236
33806 236
33807 236
33808 236
33809 236
33810 236
33811 236
33812 236
33813 236
33814 236
33815 236
33816 236
33817 236
33818 236
33819 236
33820 236
33821 236
33822 236
33823 236
33824 236
33825 236
33826 236
33827 236
33828 236
33829 236
33830 236
33831 236
33832 236
33833 236
33834 236
33835 236
33836 236
33837 236
33838 236
33839 236
33840 236
33841 236
33842 236
33843 236
33844 236
33845 236
33846 236
33847 236
33848 236
33849 236
33850 236
33851 236
33852 236
33853 236
33854 236
33855 236
33856 236
33857 236
33858 236
33859 236
33860 236
33861 236
33862 236
33863 236
33864 236
33865 236
33866 236
33867 236
33868 236
33869 236
33870 236
33871 236
33872 236
33873 236
33874 236
33875 236
33876 236
33877 236
33878 236
33879 236
33880 236
33881 236
33882 236
33883 236
33884 236
33885 236
33886 236
33887 236
33888 236
33889 236
33890 236
33891 236
33892 236
33893 236
33894 236
33895 236
33896 236
33897 236
33898 236
33899 236
33900 236
33901 236
33902 236
33903 236
33904 236
33905 236
33906 236
33907 236
33908 236
33909 236
33910 236
33911 236
33912 236
33913 236
33914 236
33915 236
33916 236
33917 236
33918 236
33919 236
33920 236
33921 236
33922 236
33923 236
33924 236
33925 236
33926 236
33927 236
33928 236
33929 236
33930 236
33931 236
33932 236
33933 236
33934 236
33935 236
33936 236
33937 236
33938 236
33939 236
33940 236
33941 236
33942 236
33943 236
33944 236
33945 236
33946 236
33947 236
33948 236
33949 236
33950 236
33951 236
33952 236
33953 236
33954 236
33955 236
33956 236
33957 236
33958 236
33959 236
33960 236
33961 236
33962 236
33963 236
33964 236
33965 236
33966 236
33967 236
33968 236
33969 236
33970 236
33971 236
33972 236
33973 236
33974 236
33975 236
33976 236
33977 236
33978 236
33979 236
33980 236
33981 236
33982 236
33983 236
33984 236
33985 236
33986 236
33987 236
33988 236
33989 236
33990 236
33991 236
33992 236
33993 236
33994 236
33995 236
33996 236
33997 236
33998 236
33999 236
34000 236
34001 236
34002 236
34003 236
34004 236
34005 236
34006 236
34007 236
34008 236
34009 236
34010 236
34011 236
34012 236
34013 236
34014 236
34015 236
34016 236
34017 236
34018 236
34019 236
34020 236
34021 236
34022 236
34023 236
34024 236
34025 236
34026 236
34027 236
34028 236
34029 236
34030 236
34031 236
34032 236
34033 236
34034 236
34035 236
34036 236
34037 236
34038 236
34039 236
34040 236
34041 236
34042 236
34043 236
34044 236
34045 236
34046 236
34047 236
34048 236
34049 236
34050 236
34051 236
34052 236
34053 236
34054 237
34055 237
34056 237
34057 237
34058 237
34059 237
34060 237
34061 237
34062 237
34063 237
34064 237
34065 237
34066 237
34067 237
34068 237
34069 237
34070 237
34071 237
34072 237
34073 237
34074 237
34075 237
34076 237
34077 237
34078 237
34079 237
34080 237
34081 237
34082 237
34083 237
34084 237
34085 237
34086 237
34087 237
34088 237
34089 237
34090 237
34091 237
34092 237
34093 237
34094 237
34095 237
34096 237
34097 237
34098 237
34099 237
34100 237
34101 237
34102 237
34103 237
34104 237
34105 237
34106 237
34107 237
34108 237
34109 237
34110 237
34111 237
34112 237
34113 237
34114 237
34115 237
34116 237
34117 237
34118 237
34119 237
34120 237
34121 237
34122 237
34123 237
34124 237
34125 237
34126 237
34127 237
34128 237
34129 237
34130 237
34131 237
34132 237
34133 237
34134 237
34135 237
34136 237
34137 237
34138 237
34139 237
34140 237
34141 237
34142 237
34143 237
34144 237
34145 237
34146 237
34147 237
34148 237
34149 237
34150 237
34151 237
34152 237
34153 237
34154 237
34155 237
34156 237
34157 237
34158 237
34159 237
34160 237
34161 237
34162 237
34163 237
34164 237
34165 237
34166 237
34167 237
34168 237
34169 237
34170 237
34171 237
34172 237
34173 237
34174 237
34175 237
34176 237
34177 237
34178 237
34179 237
34180 237
34181 238
34182 238
34183 238
34184 238
34185 238
34186 238
34187 238
34188 238
34189 238
34190 238
34191 238
34192 238
34193 238
34194 238
34195 238
34196 238
34197 238
34198 238
34199 238
34200 238
34201 238
34202 238
34203 238
34204 238
34205 238
34206 238
34207 238
34208 238
34209 238
34210 238
34211 238
34212 238
34213 238
34214 238
34215 238
34216 238
34217 238
34218 238
34219 238
34220 238
34221 238
34222 238
34223 238
34224 238
34225 238
34226 238
34227 238
34228 238
34229 238
34230 238
34231 238
34232 238
34233 238
34234 238
34235 238
34236 238
34237 238
34238 238
34239 238
34240 238
34241 238
34242 238
34243 238
34244 238
34245 238
34246 238
34247 238
34248 238
34249 238
34250 238
34251 238
34252 238
34253 238
34254 238
34255 238
34256 238
34257 238
34258 238
34259 238
34260 238
34261 238
34262 238
34263 238
34264 238
34265 238
34266 238
34267 238
34268 238
34269 238
34270 238
34271 238
34272 238
34273 238
34274 238
34275 238
34276 238
34277 238
34278 238
34279 238
34280 238
34281 238
34282 238
34283 238
34284 238
34285 238
34286 238
34287 238
34288 238
34289 238
34290 238
34291 238
34292 238
34293 238
34294 238
34295 238
34296 238
34297 238
34298 238
34299 238
34300 238
34301 238
34302 238
34303 238
34304 238
34305 238
34306 238
34307 238
34308 238
34309 238
34310 238
34311 238
34312 238
34313 238
34314 238
34315 238
34316 238
34317 238
34318 238
34319 238
34320 238
34321 238
34322 238
34323 238
34324 238
34325 238
34326 238
34327 238
34328 238
34329 238
34330 238
34331 238
34332 238
34333 238
34334 238
34335 238
34336 238
34337 238
34338 238
34339 238
34340 238
34341 238
34342 238
34343 238
34344 238
34345 238
34346 238
34347 238
34348 238
34349 238
34350 238
34351 238
34352 238
34353 238
34354 238
34355 238
34356 238
34357 238
34358 238
34359 238
34360 238
34361 238
34362 238
34363 238
34364 238
34365 238
34366 238
34367 238
34368 238
34369 238
34370 238
34371 238
34372 238
34373 238
34374 238
34375 238
34376 238
34377 238
34378 238
34379 238
34380 238
34381 238
34382 238
34383 238
34384 238
34385 238
34386 238
34387 238
34388 238
34389 238
34390 238
34391 238
34392 238
34393 238
34394 238
34395 238
34396 238
34397 238
34398 238
34399 238
34400 238
34401 238
34402 238
34403 238
34404 238
34405 238
34406 238
34407 238
34408 238
34409 238
34410 238
34411 238
34412 238
34413 238
34414 238
34415 238
34416 238
34417 238
34418 238
34419 238
34420 238
34421 238
34422 238
34423 238
34424 238
34425 238
34426 238
34427 238
34428 238
34429 238
34430 238
34431 238
34432 238
34433 238
34434 238
34435 238
34436 238
34437 238
34438 238
34439 238
34440 238
34441 238
34442 238
34443 238
34444 238
34445 238
34446 238
34447 238
34448 238
34449 238
34450 238
34451 238
34452 238
34453 238
34454 238
34455 238
34456 238
34457 238
34458 238
34459 238
34460 238
34461 238
34462 238
34463 239
34464 239
34465 239
34466 239
34467 239
34468 239
34469 239
34470 239
34471 239
34472 239
34473 239
34474 239
34475 239
34476 239
34477 239
34478 239
34479 239
34480 239
34481 239
34482 239
34483 239
34484 239
34485 239
34486 239
34487 239
34488 239
34489 239
34490 239
34491 239
34492 239
34493 239
34494 239
34495 239
34496 239
34497 239
34498 239
34499 239
34500 239
34501 239
34502 239
34503 239
34504 239
34505 239
34506 239
34507 239
34508 239
34509 239
34510 239
34511 239
34512 239
34513 239
34514 239
34515 239
34516 239
34517 239
34518 239
34519 239
34520 239
34521 239
34522 239
34523 239
34524 239
34525 239
34526 239
34527 239
34528 239
34529 239
34530 239
34531 239
34532 239
34533 239
34534 239
34535 239
34536 239
34537 239
34538 239
34539 239
34540 239
34541 239
34542 239
34543 239
34544 239
34545 239
34546 239
34547 239
34548 239
34549 239
34550 239
34551 239
34552 239
34553 239
34554 239
34555 239
34556 239
34557 239
34558 239
34559 239
34560 239
34561 239
34562 239
34563 239
34564 239
34565 239
34566 239
34567 239
34568 239
34569 239
34570 239
34571 239
34572 239
34573 239
34574 239
34575 239
34576 239
34577 239
34578 239
34579 239
34580 239
34581 239
34582 239
34583 239
34584 239
34585 239
34586 239
34587 239
34588 239
34589 239
34590 239
34591 239
34592 239
34593 239
34594 239
34595 239
34596 239
34597 239
34598 239
34599 239
34600 239
34601 239
34602 239
34603 239
34604 239
34605 239
34606 239
34607 239
34608 239
34609 239
34610 239
34611 239
34612 239
34613 239
34614 239
34615 240
34616 240
34617 240
34618 240
34619 240
34620 240
34621 240
34622 240
34623 240
34624 240
34625 240
34626 240
34627 240
34628 240
34629 240
34630 240
34631 240
34632 240
34633 240
34634 240
34635 240
34636 240
34637 240
34638 240
34639 240
34640 240
34641 240
34642 240
34643 240
34644 240
34645 240
34646 240
34647 240
34648 240
34649 240
34650 240
34651 240
34652 240
34653 240
34654 240
34655 240
34656 240
34657 240
34658 240
34659 240
34660 240
34661 240
34662 240
34663 240
34664 240
34665 240
34666 240
34667 240
34668 240
34669 240
34670 240
34671 240
34672 240
34673 240
34674 240
34675 240
34676 240
34677 240
34678 240
34679 240
34680 240
34681 240
34682 240
34683 240
34684 240
34685 240
34686 240
34687 240
34688 240
34689 240
34690 240
34691 240
34692 240
34693 240
34694 240
34695 240
34696 240
34697 240
34698 240
34699 240
34700 240
34701 240
34702 240
34703 240
34704 240
34705 240
34706 240
34707 240
34708 240
34709 240
34710 240
34711 240
34712 240
34713 240
34714 240
34715 240
34716 240
34717 240
34718 240
34719 240
34720 240
34721 240
34722 240
34723 240
34724 240
34725 240
34726 240
34727 240
34728 240
34729 240
34730 240
34731 240
34732 240
34733 240
34734 240
34735 240
34736 240
34737 240
34738 240
34739 240
34740 240
34741 240
34742 240
34743 240
34744 240
34745 240
34746 240
34747 240
34748 240
34749 240
34750 240
34751 240
34752 240
34753 240
34754 240
34755 240
34756 240
34757 240
34758 240
34759 240
34760 240
34761 240
34762 240
34763 240
34764 240
34765 240
34766 240
34767 240
34768 240
34769 240
34770 240
34771 240
34772 240
34773 240
34774 240
34775 240
34776 241
34777 241
34778 241
34779 241
34780 241
34781 241
34782 241
34783 241
34784 241
34785 241
34786 241
34787 241
34788 241
34789 241
34790 241
34791 241
34792 241
34793 241
34794 241
34795 241
34796 241
34797 241
34798 241
34799 241
34800 241
34801 241
34802 241
34803 241
34804 241
34805 241
34806 241
34807 241
34808 241
34809 241
34810 241
34811 241
34812 241
34813 241
34814 241
34815 241
34816 241
34817 241
34818 241
34819 241
34820 241
34821 241
34822 241
34823 241
34824 241
34825 241
34826 241
34827 241
34828 241
34829 241
34830 241
34831 241
34832 241
34833 241
34834 241
34835 241
34836 241
34837 241
34838 241
34839 241
34840 241
34841 241
34842 241
34843 241
34844 241
34845 241
34846 241
34847 241
34848 241
34849 241
34850 241
34851 241
34852 241
34853 241
34854 241
34855 241
34856 241
34857 241
34858 241
34859 241
34860 241
34861 241
34862 241
34863 241
34864 241
34865 241
34866 241
34867 241
34868 241
34869 241
34870 241
34871 241
34872 241
34873 241
34874 241
34875 241
34876 241
34877 241
34878 241
34879 241
34880 241
34881 241
34882 241
34883 241
34884 241
34885 241
34886 241
34887 241
34888 241
34889 241
34890 241
34891 241
34892 241
34893 241
34894 241
34895 241
34896 241
34897 241
34898 241
34899 241
34900 242
34901 242
34902 242
34903 242
34904 242
34905 242
34906 242
34907 242
34908 242
34909 242
34910 242
34911 242
34912 242
34913 242
34914 242
34915 242
34916 242
34917 242
34918 242
34919 242
34920 242
34921 242
34922 242
34923 242
34924 242
34925 242
34926 242
34927 242
34928 242
34929 242
34930 242
34931 242
34932 242
34933 242
34934 242
34935 242
34936 242
34937 242
34938 242
34939 242
34940 242
34941 242
34942 242
34943 242
34944 242
34945 242
34946 242
34947 242
34948 242
34949 242
34950 242
34951 242
34952 242
34953 242
34954 242
34955 242
34956 242
34957 242
34958 242
34959 242
34960 242
34961 242
34962 242
34963 242
34964 242
34965 242
34966 242
34967 242
34968 242
34969 242
34970 242
34971 242
34972 242
34973 242
34974 242
34975 242
34976 242
34977 242
34978 242
34979 242
34980 242
34981 242
34982 242
34983 242
34984 242
34985 242
34986 242
34987 242
34988 242
34989 242
34990 242
34991 242
34992 242
34993 242
34994 242
34995 242
34996 242
34997 242
34998 242
34999 242
35000 242
35001 242
35002 242
35003 242
35004 242
35005 242
35006 242
35007 242
35008 242
35009 242
35010 242
35011 242
35012 242
35013 242
35014 242
35015 242
35016 242
35017 242
35018 242
35019 242
35020 242
35021 242
35022 242
35023 242
35024 242
35025 242
35026 242
35027 242
35028 242
35029 242
35030 242
35031 242
35032 242
35033 242
35034 242
35035 242
35036 242
35037 242
35038 242
35039 242
35040 242
35041 242
35042 242
35043 242
35044 242
35045 242
35046 242
35047 242
35048 242
35049 242
35050 242
35051 242
35052 242
35053 242
35054 242
35055 242
35056 242
35057 242
35058 242
35059 242
35060 243
35061 243
35062 243
35063 243
35064 243
35065 243
35066 243
35067 243
35068 243
35069 243
35070 243
35071 243
35072 243
35073 243
35074 243
35075 243
35076 243
35077 243
35078 243
35079 243
35080 243
35081 243
35082 243
35083 243
35084 243
35085 243
35086 243
35087 243
35088 243
35089 243
35090 243
35091 243
35092 243
35093 243
35094 243
35095 243
35096 243
35097 243
35098 243
35099 243
35100 243
35101 243
35102 243
35103 243
35104 243
35105 243
35106 243
35107 243
35108 243
35109 243
35110 243
35111 243
35112 243
35113 243
35114 243
35115 243
35116 243
35117 243
35118 243
35119 243
35120 243
35121 243
35122 243
35123 243
35124 243
35125 243
35126 243
35127 243
35128 243
35129 243
35130 243
35131 243
35132 243
35133 243
35134 243
35135 243
35136 243
35137 243
35138 243
35139 243
35140 243
35141 243
35142 243
35143 243
35144 243
35145 243
35146 243
35147 243
35148 243
35149 243
35150 243
35151 243
35152 243
35153 243
35154 243
35155 243
35156 243
35157 243
35158 243
35159 243
35160 243
35161 243
35162 243
35163 243
35164 243
35165 243
35166 243
35167 243
35168 243
35169 243
35170 243
35171 243
35172 243
35173 243
35174 243
35175 243
35176 243
35177 243
35178 243
35179 243
35180 243
35181 243
35182 243
35183 243
35184 243
35185 243
35186 243
35187 243
35188 243
35189 243
35190 243
35191 243
35192 243
35193 243
35194 243
35195 243
35196 243
35197 243
35198 243
35199 243
35200 243
35201 243
35202 243
35203 243
35204 243
35205 243
35206 243
35207 243
35208 243
35209 243
35210 243
35211 243
35212 243
35213 243
35214 243
35215 243
35216 243
35217 243
35218 243
35219 243
35220 243
35221 243
35222 243
35223 243
35224 243
35225 243
35226 244
35227 244
35228 244
35229 244
35230 244
35231 244
35232 244
35233 244
35234 244
35235 244
35236 244
35237 244
35238 244
35239 244
35240 244
35241 244
35242 244
35243 244
35244 244
35245 244
35246 244
35247 244
35248 244
35249 244
35250 244
35251 244
35252 244
35253 244
35254 244
35255 244
35256 244
35257 244
35258 244
35259 244
35260 244
35261 244
35262 244
35263 244
35264 244
35265 244
35266 244
35267 244
35268 244
35269 244
35270 244
35271 244
35272 244
35273 244
35274 244
35275 244
35276 244
35277 244
35278 244
35279 244
35280 244
35281 244
35282 244
35283 244
35284 244
35285 244
35286 244
35287 244
35288 244
35289 244
35290 244
35291 244
35292 244
35293 244
35294 244
35295 244
35296 244
35297 244
35298 244
35299 244
35300 244
35301 244
35302 244
35303 244
35304 244
35305 244
35306 244
35307 244
35308 244
35309 244
35310 244
35311 244
35312 244
35313 244
35314 244
35315 244
35316 244
35317 244
35318 244
35319 244
35320 244
35321 244
35322 244
35323 244
35324 244
35325 244
35326 244
35327 244
35328 244
35329 244
35330 244
35331 244
35332 244
35333 244
35334 244
35335 244
35336 244
35337 244
35338 244
35339 244
35340 244
35341 244
35342 244
35343 244
35344 244
35345 244
35346 244
35347 244
35348 244
35349 244
35350 244
35351 244
35352 244
35353 244
35354 244
35355 244
35356 244
35357 244
35358 244
35359 244
35360 244
35361 244
35362 244
35363 244
35364 244
35365 244
35366 244
35367 244
35368 244
35369 244
35370 244
35371 244
35372 244
35373 244
35374 244
35375 244
35376 244
35377 244
35378 244
35379 244
35380 244
35381 244
35382 244
35383 244
35384 244
35385 244
35386 244
35387 244
35388 244
35389 244
35390 244
35391 244
35392 244
35393 244
35394 244
35395 244
35396 244
35397 244
35398 244
35399 244
35400 244
35401 244
35402 244
35403 244
35404 244
35405 244
35406 244
35407 244
35408 244
35409 244
35410 244
35411 244
35412 244
35413 244
35414 244
35415 244
35416 244
35417 244
35418 244
35419 244
35420 244
35421 244
35422 244
35423 244
35424 244
35425 244
35426 244
35427 244
35428 244
35429 244
35430 244
35431 244
35432 244
35433 244
35434 244
35435 244
35436 244
35437 244
35438 244
35439 244
35440 244
35441 244
35442 244
35443 244
35444 244
35445 244
35446 244
35447 244
35448 244
35449 244
35450 244
35451 244
35452 244
35453 244
35454 244
35455 244
35456 244
35457 244
35458 244
35459 244
35460 244
35461 244
35462 244
35463 244
35464 244
35465 244
35466 245
35467 245
35468 245
35469 245
35470 245
35471 245
35472 245
35473 245
35474 245
35475 245
35476 245
35477 245
35478 245
35479 245
35480 245
35481 245
35482 245
35483 245
35484 245
35485 245
35486 245
35487 245
35488 245
35489 245
35490 245
35491 245
35492 245
35493 245
35494 245
35495 245
35496 245
35497 245
35498 245
35499 245
35500 245
35501 245
35502 245
35503 245
35504 245
35505 245
35506 245
35507 245
35508 245
35509 245
35510 245
35511 245
35512 245
35513 245
35514 245
35515 245
35516 245
35517 245
35518 245
35519 245
35520 245
35521 245
35522 245
35523 245
35524 245
35525 245
35526 245
35527 245
35528 245
35529 245
35530 245
35531 245
35532 245
35533 245
35534 245
35535 245
35536 245
35537 245
35538 245
35539 245
35540 245
35541 245
35542 245
35543 245
35544 245
35545 245
35546 245
35547 245
35548 245
35549 245
35550 245
35551 245
35552 245
35553 245
35554 245
35555 245
35556 245
35557 245
35558 245
35559 245
35560 245
35561 245
35562 245
35563 245
35564 245
35565 245
35566 245
35567 245
35568 245
35569 245
35570 245
35571 245
35572 245
35573 245
35574 245
35575 245
35576 245
35577 245
35578 245
35579 245
35580 245
35581 245
35582 245
35583 245
35584 245
35585 245
35586 245
35587 245
35588 245
35589 245
35590 245
35591 245
35592 245
35593 245
35594 245
35595 245
35596 245
35597 245
35598 245
35599 245
35600 245
35601 245
35602 245
35603 245
35604 245
35605 245
35606 245
35607 245
35608 245
35609 245
35610 245
35611 245
35612 245
35613 245
35614 245
35615 245
35616 245
35617 245
35618 245
35619 245
35620 245
35621 245
35622 245
35623 245
35624 245
35625 245
35626 245
35627 245
35628 245
35629 245
35630 245
35631 245
35632 245
35633 245
35634 245
35635 245
35636 245
35637 245
35638 245
35639 245
35640 245
35641 245
35642 245
35643 245
35644 245
35645 245
35646 245
35647 245
35648 245
35649 245
35650 245
35651 245
35652 245
35653 245
35654 245
35655 245
35656 245
35657 245
35658 245
35659 245
35660 245
35661 245
35662 245
35663 245
35664 245
35665 245
35666 245
35667 245
35668 245
35669 245
35670 245
35671 245
35672 245
35673 245
35674 245
35675 245
35676 245
35677 245
35678 245
35679 245
35680 245
35681 245
35682 245
35683 245
35684 245
35685 245
35686 245
35687 245
35688 245
35689 245
35690 245
35691 245
35692 245
35693 245
35694 245
35695 245
35696 245
35697 245
35698 245
35699 245
35700 245
35701 245
35702 245
35703 245
35704 245
35705 245
35706 245
35707 246
35708 246
35709 246
35710 246
35711 246
35712 246
35713 246
35714 246
35715 246
35716 246
35717 246
35718 246
35719 246
35720 246
35721 246
35722 246
35723 246
35724 246
35725 246
35726 246
35727 246
35728 246
35729 246
35730 246
35731 246
35732 246
35733 246
35734 246
35735 246
35736 246
35737 246
35738 246
35739 246
35740 246
35741 246
35742 246
35743 246
35744 246
35745 246
35746 246
35747 246
35748 246
35749 246
35750 246
35751 246
35752 246
35753 246
35754 246
35755 246
35756 246
35757 246
35758 246
35759 246
35760 246
35761 246
35762 246
35763 246
35764 246
35765 246
35766 246
35767 246
35768 246
35769 246
35770 246
35771 246
35772 246
35773 246
35774 246
35775 246
35776 246
35777 246
35778 246
35779 246
35780 246
35781 246
35782 246
35783 246
35784 246
35785 246
35786 246
35787 246
35788 246
35789 246
35790 246
35791 246
35792 246
35793 246
35794 246
35795 246
35796 246
35797 246
35798 246
35799 246
35800 246
35801 246
35802 246
35803 246
35804 246
35805 246
35806 246
35807 246
35808 246
35809 246
35810 246
35811 246
35812 246
35813 246
35814 246
35815 246
35816 247
35817 247
35818 247
35819 247
35820 247
35821 247
35822 247
35823 247
35824 247
35825 247
35826 247
35827 247
35828 247
35829 247
35830 247
35831 247
35832 247
35833 247
35834 247
35835 247
35836 247
35837 247
35838 247
35839 247
35840 247
35841 247
35842 247
35843 247
35844 247
35845 247
35846 247
35847 247
35848 247
35849 247
35850 247
35851 247
35852 247
35853 247
35854 247
35855 247
35856 247
35857 247
35858 247
35859 247
35860 247
35861 247
35862 247
35863 247
35864 247
35865 247
35866 247
35867 247
35868 247
35869 247
35870 247
35871 247
35872 247
35873 247
35874 247
35875 247
35876 247
35877 247
35878 247
35879 247
35880 247
35881 247
35882 247
35883 247
35884 247
35885 247
35886 247
35887 247
35888 247
35889 247
35890 247
35891 247
35892 247
35893 247
35894 247
35895 247
35896 247
35897 247
35898 247
35899 247
35900 247
35901 247
35902 247
35903 247
35904 247
35905 247
35906 247
35907 247
35908 247
35909 247
35910 247
35911 247
35912 247
35913 247
35914 247
35915 247
35916 247
35917 247
35918 247
35919 247
35920 247
35921 247
35922 247
35923 247
35924 247
35925 247
35926 247
35927 247
35928 247
35929 247
35930 247
35931 247
35932 248
35933 248
35934 248
35935 248
35936 248
35937 248
35938 248
35939 248
35940 248
35941 248
35942 248
35943 248
35944 248
35945 248
35946 248
35947 248
35948 248
35949 248
35950 248
35951 248
35952 248
35953 248
35954 248
35955 248
35956 248
35957 248
35958 248
35959 248
35960 248
35961 248
35962 248
35963 248
35964 248
35965 248
35966 248
35967 248
35968 248
35969 248
35970 248
35971 248
35972 248
35973 248
35974 248
35975 248
35976 248
35977 248
35978 248
35979 248
35980 248
35981 248
35982 248
35983 248
35984 248
35985 248
35986 248
35987 248
35988 248
35989 248
35990 248
35991 248
35992 248
35993 248
35994 248
35995 248
35996 248
35997 248
35998 248
35999 248
36000 248
36001 248
36002 248
36003 248
36004 248
36005 248
36006 248
36007 248
36008 248
36009 248
36010 248
36011 248
36012 248
36013 248
36014 248
36015 248
36016 248
36017 248
36018 248
36019 248
36020 248
36021 248
36022 248
36023 248
36024 248
36025 248
36026 248
36027 248
36028 248
36029 248
36030 248
36031 248
36032 248
36033 248
36034 248
36035 248
36036 248
36037 248
36038 248
36039 248
36040 248
36041 248
36042 248
36043 248
36044 248
36045 248
36046 248
36047 248
36048 248
36049 248
36050 249
36051 249
36052 249
36053 249
36054 249
36055 249
36056 249
36057 249
36058 249
36059 249
36060 249
36061 249
36062 249
36063 249
36064 249
36065 249
36066 249
36067 249
36068 249
36069 249
36070 249
36071 249
36072 249
36073 249
36074 249
36075 249
36076 249
36077 249
36078 249
36079 249
36080 249
36081 249
36082 249
36083 249
36084 249
36085 249
36086 249
36087 249
36088 249
36089 249
36090 249
36091 249
36092 249
36093 249
36094 249
36095 249
36096 249
36097 249
36098 249
36099 249
36100 249
36101 249
36102 249
36103 249
36104 249
36105 249
36106 249
36107 249
36108 249
36109 249
36110 249
36111 249
36112 249
36113 249
36114 249
36115 249
36116 249
36117 249
36118 249
36119 249
36120 249
36121 249
36122 249
36123 249
36124 249
36125 249
36126 249
36127 249
36128 249
36129 249
36130 249
36131 249
36132 249
36133 249
36134 249
36135 249
36136 249
36137 249
36138 249
36139 249
36140 249
36141 249
36142 249
36143 249
36144 249
36145 249
36146 249
36147 249
36148 249
36149 249
36150 249
36151 249
36152 249
36153 249
36154 249
36155 249
36156 249
36157 249
36158 249
36159 249
36160 249
36161 249
36162 249
36163 249
36164 249
36165 249
36166 249
36167 249
36168 249
36169 249
36170 249
36171 249
36172 249
36173 249
36174 249
36175 250
36176 250
36177 250
36178 250
36179 250
36180 250
36181 250
36182 250
36183 250
36184 250
36185 250
36186 250
36187 250
36188 250
36189 250
36190 250
36191 250
36192 250
36193 250
36194 250
36195 250
36196 250
36197 250
36198 250
36199 250
36200 250
36201 250
36202 250
36203 250
36204 250
36205 250
36206 250
36207 250
36208 250
36209 250
36210 250
36211 250
36212 250
36213 250
36214 250
36215 250
36216 250
36217 250
36218 250
36219 250
36220 250
36221 250
36222 250
36223 250
36224 250
36225 250
36226 250
36227 250
36228 250
36229 250
36230 250
36231 250
36232 250
36233 250
36234 250
36235 250
36236 250
36237 250
36238 250
36239 250
36240 250
36241 250
36242 250
36243 250
36244 250
36245 250
36246 250
36247 250
36248 250
36249 250
36250 250
36251 250
36252 250
36253 250
36254 250
36255 250
36256 250
36257 250
36258 250
36259 250
36260 250
36261 250
36262 250
36263 250
36264 250
36265 250
36266 250
36267 250
36268 250
36269 250
36270 250
36271 250
36272 250
36273 250
36274 250
36275 250
36276 250
36277 250
36278 250
36279 250
36280 250
36281 250
36282 250
36283 250
36284 250
36285 250
36286 250
36287 250
36288 250
36289 250
36290 250
36291 250
36292 250
36293 250
36294 250
36295 250
36296 250
36297 250
36298 250
36299 250
36300 250
36301 250
36302 250
36303 250
36304 250
36305 250
36306 250
36307 250
36308 250
36309 250
36310 250
36311 250
36312 250
36313 250
36314 250
36315 250
36316 250
36317 250
36318 250
36319 250
36320 250
36321 250
36322 250
36323 250
36324 250
36325 250
36326 250
36327 250
36328 250
36329 250
36330 250
36331 250
36332 250
36333 250
36334 250
36335 250
36336 250
36337 250
36338 250
36339 250
36340 250
36341 250
36342 250
36343 250
36344 250
36345 250
36346 250
36347 250
36348 250
36349 250
36350 250
36351 251
36352 251
36353 251
36354 251
36355 251
36356 251
36357 251
36358 251
36359 251
36360 251
36361 251
36362 251
36363 251
36364 251
36365 251
36366 251
36367 251
36368 251
36369 251
36370 251
36371 251
36372 251
36373 251
36374 251
36375 251
36376 251
36377 251
36378 251
36379 251
36380 251
36381 251
36382 251
36383 251
36384 251
36385 251
36386 251
36387 251
36388 251
36389 251
36390 251
36391 251
36392 251
36393 251
36394 251
36395 251
36396 251
36397 251
36398 251
36399 251
36400 251
36401 251
36402 251
36403 251
36404 251
36405 251
36406 251
36407 251
36408 251
36409 251
36410 251
36411 251
36412 251
36413 251
36414 251
36415 251
36416 251
36417 251
36418 251
36419 251
36420 251
36421 251
36422 251
36423 251
36424 251
36425 251
36426 251
36427 251
36428 251
36429 251
36430 251
36431 251
36432 251
36433 251
36434 251
36435 251
36436 251
36437 251
36438 251
36439 251
36440 251
36441 251
36442 251
36443 251
36444 251
36445 251
36446 251
36447 251
36448 251
36449 251
36450 251
36451 251
36452 251
36453 251
36454 251
36455 251
36456 251
36457 251
36458 251
36459 251
36460 251
36461 251
36462 251
36463 251
36464 251
36465 251
36466 251
36467 251
36468 251
36469 251
36470 251
36471 251
36472 251
36473 251
36474 251
36475 251
36476 251
36477 251
36478 251
36479 251
36480 251
36481 251
36482 251
36483 251
36484 251
36485 251
36486 251
36487 251
36488 251
36489 251
36490 251
36491 251
36492 251
36493 251
36494 251
36495 251
36496 251
36497 251
36498 251
36499 251
36500 251
36501 251
36502 251
36503 251
36504 251
36505 251
36506 251
36507 251
36508 251
36509 251
36510 252
36511 252
36512 252
36513 252
36514 252
36515 252
36516 252
36517 252
36518 252
36519 252
36520 252
36521 252
36522 252
36523 252
36524 252
36525 252
36526 252
36527 252
36528 252
36529 252
36530 252
36531 252
36532 252
36533 252
36534 252
36535 252
36536 252
36537 252
36538 252
36539 252
36540 252
36541 252
36542 252
36543 252
36544 252
36545 252
36546 252
36547 252
36548 252
36549 252
36550 252
36551 252
36552 252
36553 252
36554 252
36555 252
36556 252
36557 252
36558 252
36559 252
36560 252
36561 252
36562 252
36563 252
36564 252
36565 252
36566 252
36567 252
36568 252
36569 252
36570 252
36571 252
36572 252
36573 252
36574 252
36575 252
36576 254
36577 254
36578 254
36579 254
36580 254
36581 254
36582 254
36583 254
36584 254
36585 254
36586 254
36587 254
36588 254
36589 254
36590 254
36591 254
36592 254
36593 254
36594 254
36595 254
36596 254
36597 254
36598 254
36599 254
36600 254
36601 254
36602 254
36603 254
36604 254
36605 254
36606 254
36607 254
36608 254
36609 254
36610 254
36611 254
36612 254
36613 254
36614 254
36615 254
36616 254
36617 254
36618 254
36619 254
36620 254
36621 254
36622 254
36623 254
36624 254
36625 254
36626 254
36627 254
36628 254
36629 254
36630 254
36631 254
36632 254
36633 254
36634 254
36635 254
36636 254
36637 254
36638 254
36639 254
36640 254
36641 254
36642 254
36643 254
36644 254
36645 254
36646 254
36647 254
36648 254
36649 254
36650 254
36651 254
36652 254
36653 254
36654 254
36655 254
36656 254
36657 254
36658 254
36659 254
36660 254
36661 255
36662 255
36663 255
36664 255
36665 255
36666 255
36667 255
36668 255
36669 255
36670 255
36671 255
36672 255
36673 255
36674 255
36675 255
36676 255
36677 255
36678 255
36679 255
36680 255
36681 255
36682 255
36683 255
36684 255
36685 255
36686 255
36687 255
36688 255
36689 255
36690 255
36691 255
36692 255
36693 255
36694 255
36695 255
36696 255
36697 255
36698 255
36699 255
36700 255
36701 255
36702 255
36703 255
36704 255
36705 255
36706 255
36707 255
36708 255
36709 255
36710 255
36711 255
36712 255
36713 255
36714 255
36715 255
36716 255
36717 255
36718 255
36719 255
36720 255
36721 255
36722 255
36723 255
36724 255
36725 255
36726 255
36727 255
36728 255
36729 255
36730 255
36731 255
36732 255
36733 255
36734 255
36735 255
36736 255
36737 255
36738 255
36739 255
36740 255
36741 255
36742 255
36743 255
36744 255
36745 255
36746 255
36747 255
36748 255
36749 255
36750 255
36751 255
36752 255
36753 255
36754 255
36755 255
36756 255
36757 255
36758 255
36759 255
36760 255
36761 255
36762 255
36763 255
36764 255
36765 255
36766 255
36767 255
36768 256
36769 256
36770 256
36771 256
36772 256
36773 256
36774 256
36775 256
36776 256
36777 256
36778 256
36779 256
36780 256
36781 256
36782 256
36783 256
36784 256
36785 256
36786 256
36787 256
36788 256
36789 256
36790 256
36791 256
36792 256
36793 256
36794 256
36795 256
36796 256
36797 256
36798 256
36799 256
36800 256
36801 256
36802 256
36803 256
36804 256
36805 256
36806 256
36807 256
36808 256
36809 256
36810 256
36811 256
36812 256
36813 256
36814 256
36815 256
36816 256
36817 256
36818 256
36819 256
36820 256
36821 256
36822 256
36823 256
36824 256
36825 256
36826 256
36827 256
36828 256
36829 256
36830 256
36831 256
36832 256
36833 256
36834 256
36835 256
36836 256
36837 256
36838 256
36839 256
36840 256
36841 256
36842 256
36843 256
36844 256
36845 256
36846 256
36847 256
36848 256
36849 256
36850 256
36851 256
36852 256
36853 256
36854 256
36855 256
36856 256
36857 256
36858 256
36859 256
36860 256
36861 256
36862 256
36863 256
36864 256
36865 256
36866 256
36867 256
36868 256
36869 256
36870 256
36871 256
36872 256
36873 256
36874 256
36875 256
36876 256
36877 256
36878 256
36879 256
36880 256
36881 256
36882 256
36883 256
36884 256
36885 256
36886 256
36887 256
36888 256
36889 256
36890 256
36891 256
36892 256
36893 256
36894 256
36895 256
36896 256
36897 256
36898 256
36899 256
36900 256
36901 256
36902 256
36903 256
36904 256
36905 256
36906 256
36907 256
36908 256
36909 256
36910 256
36911 256
36912 256
36913 256
36914 256
36915 257
36916 257
36917 257
36918 257
36919 257
36920 257
36921 257
36922 257
36923 257
36924 257
36925 257
36926 257
36927 257
36928 257
36929 257
36930 257
36931 257
36932 257
36933 257
36934 257
36935 257
36936 257
36937 257
36938 257
36939 257
36940 257
36941 257
36942 257
36943 257
36944 257
36945 257
36946 257
36947 257
36948 257
36949 257
36950 257
36951 257
36952 257
36953 257
36954 257
36955 257
36956 257
36957 257
36958 257
36959 257
36960 257
36961 257
36962 257
36963 257
36964 257
36965 257
36966 257
36967 257
36968 257
36969 257
36970 257
36971 257
36972 257
36973 257
36974 257
36975 257
36976 257
36977 257
36978 257
36979 257
36980 257
36981 257
36982 257
36983 257
36984 257
36985 257
36986 257
36987 257
36988 257
36989 257
36990 257
36991 257
36992 257
36993 257
36994 257
36995 257
36996 257
36997 257
36998 257
36999 257
37000 257
37001 257
37002 257
37003 257
37004 257
37005 257
37006 257
37007 257
37008 257
37009 257
37010 257
37011 257
37012 257
37013 257
37014 257
37015 257
37016 257
37017 257
37018 257
37019 257
37020 257
37021 257
37022 257
37023 257
37024 257
37025 257
37026 257
37027 257
37028 257
37029 257
37030 257
37031 257
37032 257
37033 257
37034 257
37035 257
37036 257
37037 257
37038 257
37039 257
37040 257
37041 257
37042 257
37043 257
37044 257
37045 257
37046 257
37047 257
37048 257
37049 257
37050 257
37051 257
37052 257
37053 257
37054 257
37055 257
37056 257
37057 257
37058 257
37059 257
37060 257
37061 257
37062 257
37063 257
37064 257
37065 257
37066 257
37067 257
37068 257
37069 257
37070 257
37071 257
37072 257
37073 257
37074 257
37075 257
37076 257
37077 257
37078 257
37079 257
37080 257
37081 257
37082 257
37083 257
37084 257
37085 257
37086 257
37087 257
37088 257
37089 257
37090 257
37091 257
37092 257
37093 257
37094 257
37095 257
37096 257
37097 257
37098 257
37099 257
37100 257
37101 257
37102 257
37103 257
37104 257
37105 257
37106 257
37107 257
37108 257
37109 257
37110 257
37111 257
37112 257
37113 257
37114 257
37115 257
37116 257
37117 257
37118 257
37119 257
37120 257
37121 257
37122 257
37123 257
37124 257
37125 257
37126 257
37127 257
37128 257
37129 257
37130 257
37131 257
37132 257
37133 257
37134 257
37135 257
37136 257
37137 257
37138 257
37139 257
37140 257
37141 257
37142 257
37143 257
37144 257
37145 257
37146 257
37147 257
37148 257
37149 257
37150 257
37151 257
37152 257
37153 257
37154 257
37155 257
37156 257
37157 257
37158 257
37159 257
37160 257
37161 257
37162 257
37163 257
37164 257
37165 257
37166 257
37167 257
37168 257
37169 257
37170 257
37171 257
37172 257
37173 257
37174 257
37175 257
37176 257
37177 257
37178 257
37179 257
37180 257
37181 257
37182 257
37183 257
37184 257
37185 257
37186 257
37187 257
37188 257
37189 257
37190 257
37191 257
37192 257
37193 257
37194 257
37195 257
37196 257
37197 257
37198 257
37199 257
37200 257
37201 257
37202 257
37203 257
37204 257
37205 257
37206 257
37207 257
37208 257
37209 257
37210 257
37211 257
37212 257
37213 257
37214 257
37215 257
37216 257
37217 257
37218 257
37219 257
37220 257
37221 257
37222 257
37223 257
37224 257
37225 257
37226 257
37227 257
37228 257
37229 257
37230 257
37231 257
37232 257
37233 257
37234 257
37235 257
37236 257
37237 257
37238 257
37239 257
37240 257
37241 257
37242 257
37243 257
37244 257
37245 257
37246 257
37247 257
37248 257
37249 257
37250 257
37251 257
37252 257
37253 257
37254 257
37255 257
37256 257
37257 257
37258 257
37259 257
37260 257
37261 257
37262 257
37263 257
37264 257
37265 257
37266 257
37267 258
37268 258
37269 258
37270 258
37271 258
37272 258
37273 258
37274 258
37275 258
37276 258
37277 258
37278 258
37279 258
37280 258
37281 258
37282 258
37283 258
37284 258
37285 258
37286 258
37287 258
37288 258
37289 258
37290 258
37291 258
37292 258
37293 258
37294 258
37295 258
37296 258
37297 258
37298 258
37299 258
37300 258
37301 258
37302 258
37303 258
37304 258
37305 258
37306 258
37307 258
37308 258
37309 258
37310 258
37311 258
37312 258
37313 258
37314 258
37315 258
37316 258
37317 258
37318 258
37319 258
37320 258
37321 258
37322 258
37323 258
37324 258
37325 258
37326 259
37327 259
37328 259
37329 259
37330 259
37331 259
37332 259
37333 259
37334 259
37335 259
37336 259
37337 259
37338 259
37339 259
37340 259
37341 259
37342 259
37343 259
37344 259
37345 259
37346 259
37347 259
37348 259
37349 259
37350 259
37351 259
37352 259
37353 259
37354 259
37355 259
37356 259
37357 259
37358 259
37359 259
37360 259
37361 259
37362 259
37363 259
37364 259
37365 259
37366 259
37367 259
37368 259
37369 259
37370 259
37371 259
37372 259
37373 259
37374 259
37375 259
37376 259
37377 259
37378 259
37379 259
37380 259
37381 259
37382 259
37383 259
37384 259
37385 259
37386 259
37387 259
37388 259
37389 259
37390 259
37391 259
37392 259
37393 259
37394 259
37395 259
37396 259
37397 259
37398 259
37399 259
37400 259
37401 259
37402 259
37403 259
37404 259
37405 259
37406 259
37407 259
37408 259
37409 259
37410 259
37411 259
37412 259
37413 259
37414 259
37415 259
37416 259
37417 259
37418 259
37419 259
37420 259
37421 259
37422 259
37423 259
37424 259
37425 259
37426 259
37427 259
37428 259
37429 259
37430 259
37431 259
37432 259
37433 259
37434 259
37435 259
37436 259
37437 259
37438 259
37439 259
37440 259
37441 259
37442 259
37443 259
37444 259
37445 259
37446 259
37447 259
37448 259
37449 259
37450 259
37451 260
37452 260
37453 260
37454 260
37455 260
37456 260
37457 260
37458 260
37459 260
37460 260
37461 260
37462 260
37463 260
37464 260
37465 260
37466 260
37467 260
37468 260
37469 260
37470 260
37471 260
37472 260
37473 260
37474 260
37475 260
37476 260
37477 260
37478 260
37479 260
37480 260
37481 260
37482 260
37483 260
37484 260
37485 260
37486 260
37487 260
37488 260
37489 260
37490 260
37491 260
37492 260
37493 260
37494 260
37495 260
37496 260
37497 260
37498 260
37499 260
37500 260
37501 260
37502 260
37503 260
37504 260
37505 260
37506 260
37507 260
37508 260
37509 260
37510 260
37511 260
37512 260
37513 260
37514 260
37515 260
37516 260
37517 260
37518 260
37519 260
37520 260
37521 260
37522 260
37523 260
37524 260
37525 260
37526 260
37527 260
37528 260
37529 260
37530 260
37531 260
37532 260
37533 260
37534 260
37535 260
37536 260
37537 260
37538 260
37539 260
37540 260
37541 260
37542 260
37543 260
37544 260
37545 260
37546 260
37547 260
37548 260
37549 260
37550 260
37551 260
37552 260
37553 260
37554 260
37555 260
37556 260
37557 260
37558 260
37559 260
37560 260
37561 260
37562 260
37563 260
37564 260
37565 260
37566 260
37567 260
37568 260
37569 260
37570 260
37571 260
37572 260
37573 260
37574 260
37575 260
37576 260
37577 260
37578 260
37579 260
37580 260
37581 260
37582 260
37583 260
37584 260
37585 260
37586 260
37587 260
37588 260
37589 260
37590 260
37591 260
37592 260
37593 260
37594 260
37595 260
37596 260
37597 260
37598 260
37599 260
37600 260
37601 260
37602 260
37603 260
37604 260
37605 260
37606 260
37607 260
37608 260
37609 260
37610 260
37611 260
37612 260
37613 260
37614 260
37615 260
37616 260
37617 261
37618 261
37619 261
37620 261
37621 261
37622 261
37623 261
37624 261
37625 261
37626 261
37627 261
37628 261
37629 261
37630 261
37631 261
37632 261
37633 261
37634 261
37635 261
37636 261
37637 261
37638 261
37639 261
37640 261
37641 261
37642 261
37643 261
37644 261
37645 261
37646 261
37647 261
37648 261
37649 261
37650 261
37651 261
37652 261
37653 261
37654 261
37655 261
37656 261
37657 261
37658 261
37659 261
37660 261
37661 261
37662 261
37663 261
37664 261
37665 261
37666 261
37667 261
37668 261
37669 261
37670 261
37671 261
37672 261
37673 261
37674 261
37675 261
37676 261
37677 261
37678 261
37679 261
37680 261
37681 261
37682 261
37683 261
37684 261
37685 261
37686 261
37687 261
37688 261
37689 261
37690 261
37691 261
37692 261
37693 261
37694 261
37695 261
37696 261
37697 261
37698 261
37699 261
37700 261
37701 261
37702 261
37703 261
37704 261
37705 261
37706 261
37707 261
37708 261
37709 261
37710 261
37711 261
37712 261
37713 261
37714 261
37715 261
37716 261
37717 261
37718 261
37719 261
37720 261
37721 261
37722 261
37723 261
37724 261
37725 261
37726 261
37727 261
37728 261
37729 261
37730 261
37731 261
37732 261
37733 261
37734 261
37735 261
37736 261
37737 261
37738 261
37739 261
37740 261
37741 261
37742 261
37743 261
37744 261
37745 261
37746 261
37747 261
37748 261
37749 261
37750 261
37751 261
37752 261
37753 261
37754 261
37755 261
37756 261
37757 261
37758 261
37759 261
37760 261
37761 261
37762 261
37763 261
37764 261
37765 261
37766 261
37767 261
37768 261
37769 261
37770 261
37771 261
37772 261
37773 261
37774 261
37775 261
37776 261
37777 261
37778 261
37779 261
37780 261
37781 261
37782 261
37783 261
37784 261
37785 261
37786 261
37787 261
37788 261
37789 261
37790 261
37791 261
37792 261
37793 261
37794 261
37795 261
37796 261
37797 261
37798 261
37799 261
37800 262
37801 262
37802 262
37803 262
37804 262
37805 262
37806 262
37807 262
37808 262
37809 262
37810 262
37811 262
37812 262
37813 262
37814 262
37815 262
37816 262
37817 262
37818 262
37819 262
37820 262
37821 262
37822 262
37823 262
37824 262
37825 262
37826 262
37827 262
37828 262
37829 262
37830 262
37831 262
37832 262
37833 262
37834 262
37835 262
37836 262
37837 262
37838 262
37839 262
37840 262
37841 262
37842 262
37843 262
37844 262
37845 262
37846 262
37847 262
37848 262
37849 262
37850 262
37851 262
37852 262
37853 262
37854 262
37855 262
37856 262
37857 262
37858 262
37859 262
37860 262
37861 262
37862 262
37863 262
37864 262
37865 262
37866 262
37867 262
37868 262
37869 262
37870 262
37871 262
37872 262
37873 262
37874 262
37875 262
37876 262
37877 262
37878 262
37879 262
37880 262
37881 262
37882 262
37883 262
37884 262
37885 262
37886 262
37887 262
37888 262
37889 262
37890 262
37891 262
37892 262
37893 262
37894 262
37895 262
37896 262
37897 262
37898 262
37899 262
37900 262
37901 262
37902 262
37903 262
37904 262
37905 262
37906 262
37907 262
37908 262
37909 262
37910 262
37911 262
37912 262
37913 263
37914 263
37915 263
37916 263
37917 263
37918 263
37919 263
37920 263
37921 263
37922 263
37923 263
37924 263
37925 263
37926 263
37927 263
37928 263
37929 263
37930 263
37931 263
37932 263
37933 263
37934 263
37935 263
37936 263
37937 263
37938 263
37939 263
37940 263
37941 263
37942 263
37943 263
37944 263
37945 263
37946 263
37947 263
37948 263
37949 263
37950 263
37951 263
37952 263
37953 263
37954 263
37955 263
37956 263
37957 263
37958 263
37959 263
37960 263
37961 263
37962 263
37963 263
37964 263
37965 263
37966 263
37967 263
37968 263
37969 263
37970 263
37971 263
37972 263
37973 263
37974 263
37975 263
37976 263
37977 263
37978 263
37979 263
37980 263
37981 263
37982 263
37983 263
37984 263
37985 263
37986 263
37987 263
37988 263
37989 263
37990 263
37991 263
37992 263
37993 263
37994 263
37995 263
37996 263
37997 263
37998 263
37999 263
38000 263
38001 263
38002 263
38003 263
38004 263
38005 263
38006 263
38007 263
38008 263
38009 263
38010 263
38011 263
38012 263
38013 263
38014 263
38015 263
38016 263
38017 263
38018 263
38019 263
38020 263
38021 263
38022 263
38023 263
38024 263
38025 263
38026 263
38027 263
38028 263
38029 263
38030 263
38031 263
38032 263
38033 263
38034 263
38035 263
38036 263
38037 263
38038 263
38039 263
38040 263
38041 263
38042 263
38043 263
38044 263
38045 263
38046 263
38047 263
38048 263
38049 263
38050 263
38051 263
38052 263
38053 263
38054 263
38055 263
38056 263
38057 263
38058 263
38059 263
38060 263
38061 263
38062 263
38063 263
38064 263
38065 263
38066 263
38067 263
38068 263
38069 263
38070 263
38071 263
38072 263
38073 263
38074 263
38075 263
38076 263
38077 263
38078 263
38079 263
38080 263
38081 263
38082 263
38083 263
38084 263
38085 263
38086 263
38087 263
38088 263
38089 263
38090 263
38091 263
38092 263
38093 263
38094 263
38095 263
38096 263
38097 263
38098 263
38099 263
38100 263
38101 263
38102 263
38103 263
38104 263
38105 263
38106 263
38107 263
38108 263
38109 263
38110 263
38111 263
38112 263
38113 263
38114 263
38115 263
38116 263
38117 263
38118 263
38119 263
38120 263
38121 263
38122 263
38123 263
38124 263
38125 263
38126 263
38127 263
38128 263
38129 263
38130 263
38131 263
38132 263
38133 263
38134 263
38135 263
38136 263
38137 263
38138 263
38139 263
38140 263
38141 263
38142 263
38143 263
38144 263
38145 263
38146 263
38147 263
38148 264
38149 264
38150 264
38151 264
38152 264
38153 264
38154 264
38155 264
38156 264
38157 264
38158 264
38159 264
38160 264
38161 264
38162 264
38163 264
38164 264
38165 264
38166 264
38167 264
38168 264
38169 264
38170 264
38171 264
38172 264
38173 264
38174 264
38175 264
38176 264
38177 264
38178 264
38179 264
38180 264
38181 264
38182 264
38183 264
38184 264
38185 264
38186 264
38187 264
38188 264
38189 264
38190 264
38191 264
38192 264
38193 264
38194 264
38195 264
38196 264
38197 264
38198 264
38199 264
38200 264
38201 264
38202 264
38203 264
38204 264
38205 264
38206 264
38207 264
38208 264
38209 264
38210 264
38211 264
38212 264
38213 264
38214 264
38215 264
38216 264
38217 264
38218 264
38219 264
38220 264
38221 264
38222 264
38223 264
38224 264
38225 264
38226 264
38227 264
38228 264
38229 264
38230 264
38231 264
38232 264
38233 264
38234 264
38235 264
38236 264
38237 264
38238 264
38239 264
38240 264
38241 264
38242 264
38243 264
38244 264
38245 264
38246 264
38247 264
38248 264
38249 264
38250 264
38251 264
38252 264
38253 264
38254 264
38255 264
38256 264
38257 264
38258 264
38259 264
38260 264
38261 264
38262 264
38263 264
38264 264
38265 264
38266 264
38267 264
38268 264
38269 264
38270 264
38271 264
38272 264
38273 264
38274 264
38275 264
38276 264
38277 264
38278 264
38279 264
38280 264
38281 264
38282 264
38283 264
38284 265
38285 265
38286 265
38287 265
38288 265
38289 265
38290 265
38291 265
38292 265
38293 265
38294 265
38295 265
38296 265
38297 265
38298 265
38299 265
38300 265
38301 265
38302 265
38303 265
38304 265
38305 265
38306 265
38307 265
38308 265
38309 265
38310 265
38311 265
38312 265
38313 265
38314 265
38315 265
38316 265
38317 265
38318 265
38319 265
38320 265
38321 265
38322 265
38323 265
38324 265
38325 265
38326 265
38327 265
38328 265
38329 265
38330 265
38331 265
38332 265
38333 265
38334 265
38335 265
38336 265
38337 265
38338 265
38339 265
38340 265
38341 265
38342 265
38343 265
38344 265
38345 265
38346 265
38347 265
38348 265
38349 265
38350 265
38351 265
38352 265
38353 265
38354 265
38355 265
38356 265
38357 265
38358 265
38359 265
38360 265
38361 265
38362 265
38363 265
38364 265
38365 265
38366 265
38367 265
38368 265
38369 265
38370 265
38371 265
38372 265
38373 265
38374 265
38375 265
38376 265
38377 265
38378 265
38379 265
38380 265
38381 265
38382 265
38383 265
38384 265
38385 265
38386 265
38387 265
38388 265
38389 265
38390 265
38391 265
38392 265
38393 265
38394 265
38395 265
38396 265
38397 265
38398 265
38399 265
38400 265
38401 265
38402 265
38403 265
38404 265
38405 265
38406 265
38407 265
38408 265
38409 265
38410 265
38411 265
38412 265
38413 265
38414 265
38415 265
38416 265
38417 265
38418 265
38419 265
38420 265
38421 265
38422 265
38423 266
38424 266
38425 266
38426 266
38427 266
38428 266
38429 266
38430 266
38431 266
38432 266
38433 266
38434 266
38435 266
38436 266
38437 266
38438 266
38439 266
38440 266
38441 266
38442 266
38443 266
38444 266
38445 266
38446 266
38447 266
38448 266
38449 266
38450 266
38451 266
38452 266
38453 266
38454 266
38455 266
38456 266
38457 266
38458 266
38459 266
38460 266
38461 266
38462 266
38463 266
38464 266
38465 266
38466 266
38467 266
38468 266
38469 266
38470 266
38471 266
38472 266
38473 266
38474 266
38475 266
38476 266
38477 266
38478 266
38479 266
38480 266
38481 266
38482 266
38483 266
38484 266
38485 266
38486 266
38487 266
38488 266
38489 266
38490 266
38491 266
38492 266
38493 266
38494 266
38495 266
38496 266
38497 266
38498 266
38499 266
38500 266
38501 266
38502 266
38503 266
38504 266
38505 266
38506 266
38507 266
38508 266
38509 266
38510 266
38511 266
38512 266
38513 266
38514 266
38515 266
38516 266
38517 266
38518 266
38519 266
38520 266
38521 266
38522 266
38523 266
38524 266
38525 266
38526 266
38527 266
38528 266
38529 266
38530 266
38531 266
38532 266
38533 266
38534 266
38535 266
38536 266
38537 266
38538 266
38539 266
38540 266
38541 266
38542 266
38543 266
38544 266
38545 266
38546 266
38547 266
38548 266
38549 266
38550 266
38551 266
38552 266
38553 266
38554 266
38555 266
38556 266
38557 266
38558 266
38559 266
38560 266
38561 266
38562 266
38563 266
38564 266
38565 266
38566 266
38567 266
38568 266
38569 266
38570 266
38571 266
38572 266
38573 266
38574 266
38575 266
38576 266
38577 266
38578 266
38579 266
38580 266
38581 266
38582 266
38583 266
38584 266
38585 266
38586 266
38587 267
38588 267
38589 267
38590 267
38591 267
38592 267
38593 267
38594 267
38595 267
38596 267
38597 267
38598 267
38599 267
38600 267
38601 267
38602 267
38603 267
38604 267
38605 267
38606 267
38607 267
38608 267
38609 267
38610 267
38611 267
38612 267
38613 267
38614 267
38615 267
38616 267
38617 267
38618 267
38619 267
38620 267
38621 267
38622 267
38623 267
38624 267
38625 267
38626 267
38627 267
38628 267
38629 267
38630 267
38631 267
38632 267
38633 267
38634 267
38635 267
38636 267
38637 267
38638 267
38639 267
38640 267
38641 267
38642 267
38643 267
38644 267
38645 267
38646 267
38647 267
38648 267
38649 267
38650 267
38651 267
38652 267
38653 267
38654 267
38655 267
38656 267
38657 267
38658 267
38659 267
38660 267
38661 267
38662 267
38663 267
38664 267
38665 267
38666 267
38667 267
38668 267
38669 267
38670 267
38671 267
38672 267
38673 267
38674 267
38675 267
38676 267
38677 267
38678 267
38679 267
38680 267
38681 267
38682 267
38683 267
38684 267
38685 267
38686 267
38687 267
38688 267
38689 267
38690 267
38691 267
38692 267
38693 267
38694 267
38695 267
38696 267
38697 267
38698 267
38699 267
38700 267
38701 267
38702 267
38703 267
38704 267
38705 268
38706 268
38707 268
38708 268
38709 268
38710 268
38711 268
38712 268
38713 268
38714 268
38715 268
38716 268
38717 268
38718 268
38719 268
38720 268
38721 268
38722 268
38723 268
38724 268
38725 268
38726 268
38727 268
38728 268
38729 268
38730 268
38731 268
38732 268
38733 268
38734 268
38735 268
38736 268
38737 268
38738 268
38739 268
38740 268
38741 268
38742 268
38743 268
38744 268
38745 268
38746 268
38747 268
38748 268
38749 268
38750 268
38751 268
38752 268
38753 268
38754 268
38755 268
38756 268
38757 268
38758 268
38759 268
38760 268
38761 268
38762 268
38763 268
38764 268
38765 268
38766 268
38767 268
38768 268
38769 268
38770 268
38771 268
38772 268
38773 268
38774 268
38775 268
38776 268
38777 268
38778 268
38779 268
38780 268
38781 268
38782 268
38783 268
38784 268
38785 268
38786 268
38787 268
38788 268
38789 268
38790 268
38791 268
38792 268
38793 268
38794 268
38795 268
38796 268
38797 268
38798 268
38799 268
38800 268
38801 268
38802 268
38803 268
38804 268
38805 268
38806 268
38807 268
38808 268
38809 268
38810 268
38811 268
38812 268
38813 268
38814 268
38815 268
38816 268
38817 268
38818 268
38819 268
38820 268
38821 268
38822 268
38823 268
38824 268
38825 268
38826 269
38827 269
38828 269
38829 269
38830 269
38831 269
38832 269
38833 269
38834 269
38835 269
38836 269
38837 269
38838 269
38839 269
38840 269
38841 269
38842 269
38843 269
38844 269
38845 269
38846 269
38847 269
38848 269
38849 269
38850 269
38851 269
38852 269
38853 269
38854 269
38855 269
38856 269
38857 269
38858 269
38859 269
38860 269
38861 269
38862 269
38863 269
38864 269
38865 269
38866 269
38867 269
38868 269
38869 269
38870 269
38871 269
38872 269
38873 269
38874 269
38875 269
38876 269
38877 269
38878 269
38879 269
38880 269
38881 269
38882 269
38883 269
38884 269
38885 269
38886 269
38887 269
38888 269
38889 269
38890 269
38891 269
38892 269
38893 269
38894 269
38895 269
38896 269
38897 269
38898 269
38899 269
38900 269
38901 269
38902 269
38903 269
38904 269
38905 269
38906 269
38907 269
38908 269
38909 269
38910 269
38911 269
38912 269
38913 269
38914 269
38915 269
38916 269
38917 269
38918 269
38919 269
38920 269
38921 269
38922 269
38923 269
38924 269
38925 269
38926 269
38927 269
38928 269
38929 269
38930 269
38931 269
38932 269
38933 269
38934 269
38935 269
38936 269
38937 269
38938 269
38939 269
38940 269
38941 269
38942 269
38943 269
38944 269
38945 269
38946 269
38947 269
38948 269
38949 269
38950 269
38951 269
38952 269
38953 269
38954 269
38955 269
38956 269
38957 269
38958 269
38959 269
38960 269
38961 269
38962 269
38963 269
38964 269
38965 269
38966 269
38967 269
38968 269
38969 269
38970 269
38971 269
38972 269
38973 269
38974 269
38975 269
38976 269
38977 269
38978 269
38979 269
38980 269
38981 269
38982 269
38983 269
38984 269
38985 269
38986 269
38987 269
38988 269
38989 269
38990 269
38991 269
38992 269
38993 269
38994 269
38995 269
38996 269
38997 269
38998 269
38999 269
39000 269
39001 269
39002 269
39003 269
39004 269
39005 269
39006 269
39007 269
39008 269
39009 269
39010 269
39011 269
39012 269
39013 269
39014 269
39015 269
39016 269
39017 269
39018 269
39019 269
39020 269
39021 269
39022 269
39023 269
39024 269
39025 269
39026 269
39027 269
39028 269
39029 269
39030 269
39031 269
39032 269
39033 269
39034 269
39035 269
39036 269
39037 269
39038 269
39039 269
39040 269
39041 269
39042 269
39043 269
39044 269
39045 269
39046 269
39047 269
39048 269
39049 269
39050 269
39051 269
39052 269
39053 269
39054 269
39055 269
39056 269
39057 269
39058 269
39059 269
39060 269
39061 269
39062 269
39063 269
39064 269
39065 269
39066 269
39067 269
39068 269
39069 269
39070 269
39071 269
39072 269
39073 270
39074 270
39075 270
39076 270
39077 270
39078 270
39079 270
39080 270
39081 270
39082 270
39083 270
39084 270
39085 270
39086 270
39087 270
39088 270
39089 270
39090 270
39091 270
39092 270
39093 270
39094 270
39095 270
39096 270
39097 270
39098 270
39099 270
39100 270
39101 270
39102 270
39103 270
39104 270
39105 270
39106 270
39107 270
39108 270
39109 270
39110 270
39111 270
39112 270
39113 270
39114 270
39115 270
39116 270
39117 270
39118 270
39119 270
39120 270
39121 270
39122 270
39123 270
39124 270
39125 270
39126 270
39127 270
39128 270
39129 270
39130 270
39131 270
39132 270
39133 270
39134 270
39135 270
39136 270
39137 270
39138 270
39139 270
39140 270
39141 270
39142 270
39143 270
39144 270
39145 270
39146 270
39147 270
39148 270
39149 270
39150 270
39151 270
39152 270
39153 270
39154 270
39155 270
39156 270
39157 270
39158 270
39159 270
39160 270
39161 270
39162 270
39163 270
39164 270
39165 270
39166 270
39167 270
39168 270
39169 270
39170 270
39171 270
39172 270
39173 270
39174 270
39175 270
39176 270
39177 270
39178 270
39179 270
39180 270
39181 270
39182 270
39183 270
39184 270
39185 270
39186 270
39187 270
39188 270
39189 270
39190 270
39191 270
39192 270
39193 270
39194 270
39195 270
39196 270
39197 270
39198 270
39199 270
39200 270
39201 270
39202 270
39203 270
39204 270
39205 270
39206 270
39207 270
39208 270
39209 270
39210 270
39211 270
39212 270
39213 270
39214 270
39215 270
39216 270
39217 270
39218 270
39219 270
39220 270
39221 270
39222 270
39223 270
39224 270
39225 270
39226 270
39227 270
39228 270
39229 271
39230 271
39231 271
39232 271
39233 271
39234 271
39235 271
39236 271
39237 271
39238 271
39239 271
39240 271
39241 271
39242 271
39243 271
39244 271
39245 271
39246 271
39247 271
39248 271
39249 271
39250 271
39251 271
39252 271
39253 271
39254 271
39255 271
39256 271
39257 271
39258 271
39259 271
39260 271
39261 271
39262 271
39263 271
39264 271
39265 271
39266 271
39267 271
39268 271
39269 271
39270 271
39271 271
39272 271
39273 271
39274 271
39275 271
39276 271
39277 271
39278 271
39279 271
39280 271
39281 271
39282 271
39283 271
39284 271
39285 271
39286 271
39287 271
39288 271
39289 271
39290 271
39291 271
39292 271
39293 271
39294 271
39295 271
39296 271
39297 271
39298 271
39299 271
39300 271
39301 271
39302 271
39303 271
39304 271
39305 271
39306 271
39307 271
39308 271
39309 271
39310 271
39311 271
39312 271
39313 271
39314 271
39315 271
39316 271
39317 271
39318 271
39319 271
39320 271
39321 271
39322 271
39323 271
39324 271
39325 271
39326 271
39327 271
39328 271
39329 271
39330 271
39331 271
39332 271
39333 271
39334 271
39335 271
39336 271
39337 271
39338 271
39339 271
39340 271
39341 271
39342 271
39343 271
39344 271
39345 271
39346 271
39347 271
39348 271
39349 271
39350 271
39351 271
39352 271
39353 271
39354 271
39355 271
39356 271
39357 271
39358 271
39359 271
39360 271
39361 271
39362 271
39363 271
39364 271
39365 271
39366 272
39367 272
39368 272
39369 272
39370 272
39371 272
39372 272
39373 272
39374 272
39375 272
39376 272
39377 272
39378 272
39379 272
39380 272
39381 272
39382 272
39383 272
39384 272
39385 272
39386 272
39387 272
39388 272
39389 272
39390 272
39391 272
39392 272
39393 272
39394 272
39395 272
39396 272
39397 272
39398 272
39399 272
39400 272
39401 272
39402 272
39403 272
39404 272
39405 272
39406 272
39407 272
39408 272
39409 272
39410 272
39411 272
39412 272
39413 272
39414 272
39415 272
39416 272
39417 272
39418 272
39419 272
39420 272
39421 272
39422 272
39423 272
39424 272
39425 272
39426 272
39427 272
39428 272
39429 272
39430 272
39431 272
39432 272
39433 272
39434 272
39435 272
39436 272
39437 272
39438 272
39439 272
39440 272
39441 272
39442 272
39443 272
39444 272
39445 272
39446 272
39447 272
39448 272
39449 272
39450 272
39451 272
39452 272
39453 272
39454 272
39455 272
39456 272
39457 272
39458 272
39459 272
39460 272
39461 272
39462 272
39463 272
39464 272
39465 272
39466 272
39467 272
39468 272
39469 272
39470 272
39471 272
39472 272
39473 272
39474 272
39475 272
39476 272
39477 272
39478 272
39479 272
39480 272
39481 272
39482 272
39483 272
39484 272
39485 272
39486 272
39487 272
39488 272
39489 272
39490 272
39491 272
39492 272
39493 272
39494 272
39495 272
39496 272
39497 272
39498 272
39499 272
39500 272
39501 272
39502 272
39503 272
39504 272
39505 272
39506 272
39507 272
39508 272
39509 272
39510 272
39511 272
39512 272
39513 272
39514 272
39515 272
39516 272
39517 272
39518 272
39519 272
39520 273
39521 273
39522 273
39523 273
39524 273
39525 273
39526 273
39527 273
39528 273
39529 273
39530 273
39531 273
39532 273
39533 273
39534 273
39535 273
39536 273
39537 273
39538 273
39539 273
39540 273
39541 273
39542 273
39543 273
39544 273
39545 273
39546 273
39547 273
39548 273
39549 273
39550 273
39551 273
39552 273
39553 273
39554 273
39555 273
39556 273
39557 273
39558 273
39559 273
39560 273
39561 273
39562 273
39563 273
39564 273
39565 273
39566 273
39567 273
39568 273
39569 273
39570 273
39571 273
39572 273
39573 273
39574 273
39575 273
39576 273
39577 273
39578 273
39579 273
39580 273
39581 273
39582 273
39583 273
39584 273
39585 273
39586 273
39587 273
39588 273
39589 273
39590 273
39591 273
39592 273
39593 273
39594 273
39595 273
39596 273
39597 273
39598 273
39599 273
39600 273
39601 273
39602 273
39603 273
39604 273
39605 273
39606 273
39607 273
39608 273
39609 273
39610 273
39611 273
39612 273
39613 273
39614 273
39615 273
39616 273
39617 273
39618 273
39619 273
39620 273
39621 273
39622 273
39623 273
39624 273
39625 273
39626 273
39627 273
39628 273
39629 273
39630 273
39631 273
39632 273
39633 273
39634 273
39635 273
39636 273
39637 273
39638 273
39639 273
39640 273
39641 273
39642 273
39643 273
39644 273
39645 273
39646 273
39647 273
39648 273
39649 273
39650 273
39651 273
39652 273
39653 273
39654 273
39655 273
39656 273
39657 273
39658 273
39659 273
39660 273
39661 273
39662 273
39663 273
39664 273
39665 273
39666 273
39667 273
39668 273
39669 273
39670 273
39671 273
39672 273
39673 273
39674 273
39675 273
39676 273
39677 273
39678 273
39679 273
39680 273
39681 273
39682 273
39683 273
39684 273
39685 273
39686 273
39687 273
39688 273
39689 273
39690 273
39691 273
39692 273
39693 273
39694 273
39695 273
39696 273
39697 273
39698 273
39699 273
39700 273
39701 273
39702 273
39703 273
39704 273
39705 273
39706 273
39707 273
39708 273
39709 273
39710 273
39711 273
39712 273
39713 273
39714 273
39715 273
39716 273
39717 273
39718 273
39719 273
39720 273
39721 273
39722 273
39723 273
39724 273
39725 273
39726 273
39727 273
39728 273
39729 273
39730 273
39731 273
39732 273
39733 273
39734 273
39735 273
39736 273
39737 273
39738 275
39739 275
39740 275
39741 275
39742 275
39743 275
39744 275
39745 275
39746 275
39747 275
39748 275
39749 275
39750 275
39751 275
39752 275
39753 275
39754 275
39755 275
39756 275
39757 275
39758 275
39759 275
39760 275
39761 275
39762 275
39763 275
39764 275
39765 275
39766 275
39767 275
39768 275
39769 275
39770 275
39771 275
39772 275
39773 275
39774 275
39775 275
39776 275
39777 275
39778 275
39779 275
39780 275
39781 275
39782 275
39783 275
39784 275
39785 275
39786 275
39787 275
39788 275
39789 275
39790 275
39791 275
39792 275
39793 275
39794 275
39795 275
39796 275
39797 275
39798 275
39799 275
39800 275
39801 275
39802 275
39803 275
39804 275
39805 275
39806 275
39807 275
39808 275
39809 275
39810 275
39811 275
39812 275
39813 275
39814 275
39815 275
39816 275
39817 275
39818 275
39819 275
39820 275
39821 275
39822 275
39823 275
39824 275
39825 275
39826 275
39827 275
39828 275
39829 275
39830 275
39831 275
39832 275
39833 275
39834 275
39835 275
39836 275
39837 275
39838 275
39839 275
39840 275
39841 275
39842 275
39843 275
39844 275
39845 275
39846 275
39847 275
39848 275
39849 275
39850 275
39851 276
39852 276
39853 276
39854 276
39855 276
39856 276
39857 276
39858 276
39859 276
39860 276
39861 276
39862 276
39863 276
39864 276
39865 276
39866 276
39867 276
39868 276
39869 276
39870 276
39871 276
39872 276
39873 276
39874 276
39875 276
39876 276
39877 276
39878 276
39879 276
39880 276
39881 276
39882 276
39883 276
39884 276
39885 276
39886 276
39887 276
39888 276
39889 276
39890 276
39891 276
39892 276
39893 276
39894 276
39895 276
39896 276
39897 276
39898 276
39899 276
39900 276
39901 276
39902 276
39903 276
39904 276
39905 276
39906 276
39907 276
39908 276
39909 276
39910 276
39911 276
39912 276
39913 276
39914 276
39915 276
39916 276
39917 276
39918 276
39919 276
39920 276
39921 276
39922 276
39923 276
39924 276
39925 276
39926 276
39927 276
39928 276
39929 276
39930 276
39931 276
39932 276
39933 276
39934 276
39935 276
39936 276
39937 276
39938 276
39939 276
39940 276
39941 276
39942 276
39943 276
39944 276
39945 276
39946 276
39947 276
39948 276
39949 276
39950 276
39951 276
39952 276
39953 276
39954 276
39955 276
39956 276
39957 276
39958 276
39959 276
39960 276
39961 276
39962 276
39963 276
39964 276
39965 276
39966 276
39967 276
39968 276
39969 276
39970 276
39971 276
39972 276
39973 276
39974 276
39975 276
39976 276
39977 276
39978 276
39979 276
39980 276
39981 276
39982 276
39983 276
39984 276
39985 276
39986 276
39987 276
39988 276
39989 276
39990 276
39991 276
39992 276
39993 276
39994 276
39995 276
39996 276
39997 276
39998 276
39999 276
40000 276
40001 276
40002 276
40003 276
40004 276
40005 276
40006 276
40007 276
40008 276
40009 276
40010 276
40011 276
40012 276
40013 276
40014 276
40015 276
40016 276
40017 276
40018 276
40019 276
40020 276
40021 276
40022 276
40023 276
40024 276
40025 276
40026 276
40027 276
40028 276
40029 276
40030 276
40031 276
40032 276
40033 276
40034 276
40035 276
40036 276
40037 276
40038 276
40039 276
40040 276
40041 276
40042 276
40043 276
40044 276
40045 276
40046 276
40047 276
40048 276
40049 276
40050 276
40051 276
40052 276
40053 276
40054 276
40055 276
40056 276
40057 276
40058 276
40059 276
40060 276
40061 276
40062 276
40063 276
40064 276
40065 276
40066 276
40067 276
40068 276
40069 276
40070 276
40071 276
40072 276
40073 276
40074 276
40075 276
40076 276
40077 276
40078 276
40079 276
40080 276
40081 276
40082 276
40083 276
40084 276
40085 276
40086 276
40087 276
40088 276
40089 276
40090 276
40091 276
40092 276
40093 276
40094 276
40095 276
40096 276
40097 276
40098 276
40099 276
40100 276
40101 276
40102 276
40103 276
40104 276
40105 276
40106 276
40107 276
40108 276
40109 276
40110 276
40111 276
40112 276
40113 276
40114 276
40115 276
40116 276
40117 276
40118 276
40119 276
40120 276
40121 276
40122 276
40123 276
40124 276
40125 276
40126 276
40127 276
40128 277
40129 277
40130 277
40131 277
40132 277
40133 277
40134 277
40135 277
40136 277
40137 277
40138 277
40139 277
40140 277
40141 277
40142 277
40143 277
40144 277
40145 277
40146 277
40147 277
40148 277
40149 277
40150 277
40151 277
40152 277
40153 277
40154 277
40155 277
40156 277
40157 277
40158 277
40159 277
40160 277
40161 277
40162 277
40163 277
40164 277
40165 277
40166 277
40167 277
40168 277
40169 277
40170 277
40171 277
40172 277
40173 277
40174 277
40175 277
40176 277
40177 277
40178 277
40179 277
40180 277
40181 277
40182 277
40183 277
40184 277
40185 277
40186 277
40187 277
40188 277
40189 277
40190 277
40191 277
40192 277
40193 277
40194 277
40195 277
40196 277
40197 277
40198 277
40199 277
40200 277
40201 277
40202 277
40203 277
40204 277
40205 277
40206 277
40207 277
40208 277
40209 277
40210 277
40211 277
40212 277
40213 277
40214 277
40215 277
40216 277
40217 277
40218 277
40219 277
40220 277
40221 277
40222 277
40223 277
40224 277
40225 277
40226 277
40227 277
40228 277
40229 277
40230 277
40231 277
40232 277
40233 277
40234 277
40235 277
40236 277
40237 277
40238 277
40239 277
40240 277
40241 277
40242 277
40243 277
40244 277
40245 277
40246 277
40247 277
40248 277
40249 277
40250 277
40251 277
40252 277
40253 277
40254 277
40255 277
40256 277
40257 277
40258 277
40259 277
40260 277
40261 277
40262 277
40263 277
40264 277
40265 277
40266 277
40267 277
40268 277
40269 277
40270 277
40271 277
40272 277
40273 277
40274 277
40275 278
40276 278
40277 278
40278 278
40279 278
40280 278
40281 278
40282 278
40283 278
40284 278
40285 278
40286 278
40287 278
40288 278
40289 278
40290 278
40291 278
40292 278
40293 278
40294 278
40295 278
40296 278
40297 278
40298 278
40299 278
40300 278
40301 278
40302 278
40303 278
40304 278
40305 278
40306 278
40307 278
40308 278
40309 278
40310 278
40311 278
40312 278
40313 278
40314 278
40315 278
40316 278
40317 278
40318 278
40319 278
40320 278
40321 278
40322 278
40323 278
40324 278
40325 278
40326 278
40327 278
40328 278
40329 278
40330 278
40331 278
40332 278
40333 278
40334 278
40335 278
40336 278
40337 278
40338 278
40339 278
40340 278
40341 278
40342 278
40343 278
40344 278
40345 278
40346 278
40347 278
40348 278
40349 278
40350 278
40351 278
40352 278
40353 278
40354 278
40355 278
40356 278
40357 278
40358 278
40359 278
40360 278
40361 278
40362 278
40363 278
40364 278
40365 278
40366 278
40367 278
40368 278
40369 278
40370 278
40371 278
40372 278
40373 278
40374 278
40375 278
40376 278
40377 278
40378 278
40379 278
40380 278
40381 278
40382 278
40383 278
40384 278
40385 278
40386 278
40387 278
40388 278
40389 278
40390 278
40391 278
40392 278
40393 278
40394 278
40395 278
40396 278
40397 278
40398 278
40399 278
40400 278
40401 278
40402 278
40403 278
40404 278
40405 278
40406 278
40407 278
40408 278
40409 278
40410 278
40411 278
40412 278
40413 278
40414 278
40415 278
40416 278
40417 278
40418 278
40419 278
40420 278
40421 278
40422 278
40423 278
40424 278
40425 278
40426 278
40427 278
40428 278
40429 278
40430 278
40431 278
40432 278
40433 278
40434 278
40435 278
40436 278
40437 278
40438 278
40439 278
40440 278
40441 278
40442 278
40443 278
40444 278
40445 278
40446 278
40447 278
40448 278
40449 278
40450 278
40451 278
40452 278
40453 278
40454 278
40455 278
40456 278
40457 278
40458 278
40459 278
40460 278
40461 278
40462 278
40463 278
40464 278
40465 278
40466 278
40467 278
40468 278
40469 278
40470 278
40471 278
40472 278
40473 278
40474 278
40475 278
40476 278
40477 278
40478 278
40479 278
40480 278
40481 278
40482 278
40483 278
40484 278
40485 278
40486 278
40487 278
40488 278
40489 278
40490 278
40491 278
40492 278
40493 278
40494 278
40495 278
40496 278
40497 278
40498 278
40499 278
40500 278
40501 278
40502 278
40503 278
40504 278
40505 278
40506 278
40507 278
40508 278
40509 278
40510 278
40511 278
40512 278
40513 278
40514 278
40515 278
40516 278
40517 278
40518 278
40519 278
40520 278
40521 278
40522 278
40523 278
40524 278
40525 278
40526 279
40527 279
40528 279
40529 279
40530 279
40531 279
40532 279
40533 279
40534 279
40535 279
40536 279
40537 279
40538 279
40539 279
40540 279
40541 279
40542 279
40543 279
40544 279
40545 279
40546 279
40547 279
40548 279
40549 279
40550 279
40551 279
40552 279
40553 279
40554 279
40555 279
40556 279
40557 279
40558 279
40559 279
40560 279
40561 279
40562 279
40563 279
40564 279
40565 279
40566 279
40567 279
40568 279
40569 279
40570 279
40571 279
40572 279
40573 279
40574 279
40575 279
40576 279
40577 279
40578 279
40579 279
40580 279
40581 279
40582 279
40583 279
40584 279
40585 279
40586 279
40587 279
40588 279
40589 279
40590 279
40591 279
40592 279
40593 279
40594 279
40595 279
40596 279
40597 279
40598 279
40599 279
40600 279
40601 279
40602 279
40603 279
40604 279
40605 279
40606 279
40607 279
40608 279
40609 279
40610 279
40611 279
40612 279
40613 279
40614 279
40615 279
40616 279
40617 279
40618 279
40619 279
40620 279
40621 279
40622 279
40623 279
40624 279
40625 279
40626 279
40627 279
40628 279
40629 279
40630 279
40631 279
40632 279
40633 279
40634 279
40635 279
40636 279
40637 279
40638 279
40639 279
40640 279
40641 279
40642 279
40643 279
40644 279
40645 279
40646 279
40647 279
40648 279
40649 279
40650 279
40651 279
40652 279
40653 279
40654 279
40655 279
40656 279
40657 279
40658 279
40659 279
40660 279
40661 279
40662 279
40663 279
40664 279
40665 279
40666 279
40667 279
40668 279
40669 279
40670 279
40671 279
40672 279
40673 279
40674 279
40675 279
40676 279
40677 279
40678 279
40679 279
40680 279
40681 279
40682 279
40683 279
40684 279
40685 279
40686 279
40687 279
40688 279
40689 279
40690 279
40691 279
40692 279
40693 279
40694 279
40695 279
40696 279
40697 279
40698 279
40699 279
40700 279
40701 279
40702 279
40703 279
40704 279
40705 279
40706 279
40707 279
40708 279
40709 279
40710 279
40711 279
40712 279
40713 279
40714 279
40715 279
40716 280
40717 280
40718 280
40719 280
40720 280
40721 280
40722 280
40723 280
40724 280
40725 280
40726 280
40727 280
40728 280
40729 280
40730 280
40731 280
40732 280
40733 280
40734 280
40735 280
40736 280
40737 280
40738 280
40739 280
40740 280
40741 280
40742 280
40743 280
40744 280
40745 280
40746 280
40747 280
40748 280
40749 280
40750 280
40751 280
40752 280
40753 280
40754 280
40755 280
40756 280
40757 280
40758 280
40759 280
40760 280
40761 280
40762 280
40763 280
40764 280
40765 280
40766 280
40767 280
40768 280
40769 280
40770 280
40771 280
40772 280
40773 280
40774 280
40775 280
40776 280
40777 280
40778 280
40779 280
40780 280
40781 280
40782 280
40783 280
40784 280
40785 280
40786 280
40787 280
40788 280
40789 280
40790 280
40791 280
40792 280
40793 280
40794 280
40795 280
40796 280
40797 280
40798 280
40799 280
40800 280
40801 280
40802 280
40803 280
40804 280
40805 280
40806 280
40807 280
40808 280
40809 280
40810 280
40811 280
40812 280
40813 280
40814 280
40815 280
40816 280
40817 280
40818 280
40819 280
40820 280
40821 280
40822 280
40823 280
40824 280
40825 280
40826 280
40827 280
40828 280
40829 280
40830 280
40831 280
40832 280
40833 280
40834 280
40835 280
40836 280
40837 280
40838 280
40839 280
40840 280
40841 280
40842 280
40843 280
40844 280
40845 280
40846 280
40847 280
40848 280
40849 280
40850 280
40851 281
40852 281
40853 281
40854 281
40855 281
40856 281
40857 281
40858 281
40859 281
40860 281
40861 281
40862 281
40863 281
40864 281
40865 281
40866 281
40867 281
40868 281
40869 281
40870 281
40871 281
40872 281
40873 281
40874 281
40875 281
40876 281
40877 281
40878 281
40879 281
40880 281
40881 281
40882 281
40883 281
40884 281
40885 281
40886 281
40887 281
40888 281
40889 281
40890 281
40891 281
40892 281
40893 281
40894 281
40895 281
40896 281
40897 281
40898 281
40899 281
40900 281
40901 281
40902 281
40903 281
40904 281
40905 281
40906 281
40907 281
40908 281
40909 281
40910 281
40911 281
40912 281
40913 281
40914 281
40915 281
40916 281
40917 281
40918 281
40919 281
40920 281
40921 281
40922 281
40923 281
40924 281
40925 281
40926 281
40927 281
40928 281
40929 281
40930 281
40931 281
40932 281
40933 281
40934 281
40935 281
40936 281
40937 281
40938 281
40939 281
40940 281
40941 281
40942 281
40943 281
40944 281
40945 281
40946 281
40947 281
40948 281
40949 281
40950 281
40951 281
40952 281
40953 281
40954 281
40955 281
40956 281
40957 281
40958 281
40959 281
40960 281
40961 281
40962 281
40963 281
40964 281
40965 281
40966 281
40967 281
40968 281
40969 281
40970 281
40971 281
40972 281
40973 281
40974 281
40975 281
40976 281
40977 281
40978 281
40979 281
40980 281
40981 281
40982 281
40983 281
40984 281
40985 281
40986 281
40987 281
40988 281
40989 281
40990 281
40991 281
40992 281
40993 281
40994 281
40995 281
40996 281
40997 281
40998 281
40999 281
41000 281
41001 281
41002 281
41003 281
41004 281
41005 281
41006 281
41007 281
41008 281
41009 281
41010 281
41011 281
41012 281
41013 281
41014 281
41015 281
41016 281
41017 281
41018 281
41019 281
41020 281
41021 281
41022 281
41023 281
41024 281
41025 281
41026 281
41027 281
41028 281
41029 281
41030 281
41031 281
41032 281
41033 281
41034 281
41035 281
41036 281
41037 281
41038 281
41039 281
41040 281
41041 281
41042 281
41043 281
41044 281
41045 281
41046 281
41047 281
41048 281
41049 281
41050 281
41051 281
41052 281
41053 281
41054 281
41055 281
41056 281
41057 281
41058 281
41059 281
41060 281
41061 281
41062 281
41063 281
41064 281
41065 281
41066 281
41067 281
41068 281
41069 281
41070 281
41071 281
41072 281
41073 282
41074 282
41075 282
41076 282
41077 282
41078 282
41079 282
41080 282
41081 282
41082 282
41083 282
41084 282
41085 282
41086 282
41087 282
41088 282
41089 282
41090 282
41091 282
41092 282
41093 282
41094 282
41095 282
41096 282
41097 282
41098 282
41099 282
41100 282
41101 282
41102 282
41103 282
41104 282
41105 282
41106 282
41107 282
41108 282
41109 282
41110 282
41111 282
41112 282
41113 282
41114 282
41115 282
41116 282
41117 282
41118 282
41119 282
41120 282
41121 282
41122 282
41123 282
41124 282
41125 282
41126 282
41127 282
41128 282
41129 282
41130 282
41131 282
41132 282
41133 282
41134 282
41135 282
41136 282
41137 282
41138 282
41139 282
41140 282
41141 282
41142 282
41143 282
41144 282
41145 282
41146 282
41147 282
41148 282
41149 282
41150 282
41151 282
41152 282
41153 282
41154 282
41155 282
41156 282
41157 282
41158 282
41159 282
41160 282
41161 282
41162 282
41163 282
41164 282
41165 282
41166 282
41167 282
41168 282
41169 282
41170 282
41171 282
41172 282
41173 282
41174 282
41175 282
41176 282
41177 282
41178 282
41179 282
41180 282
41181 282
41182 282
41183 282
41184 282
41185 282
41186 282
41187 282
41188 282
41189 282
41190 282
41191 282
41192 282
41193 282
41194 282
41195 282
41196 282
41197 282
41198 282
41199 282
41200 282
41201 282
41202 282
41203 282
41204 282
41205 282
41206 282
41207 282
41208 282
41209 282
41210 282
41211 282
41212 282
41213 282
41214 282
41215 282
41216 282
41217 282
41218 282
41219 282
41220 282
41221 282
41222 282
41223 282
41224 282
41225 282
41226 282
41227 282
41228 282
41229 282
41230 282
41231 282
41232 282
41233 282
41234 282
41235 282
41236 282
41237 282
41238 282
41239 282
41240 282
41241 282
41242 282
41243 282
41244 282
41245 282
41246 282
41247 282
41248 282
41249 282
41250 282
41251 282
41252 282
41253 282
41254 282
41255 282
41256 282
41257 282
41258 282
41259 282
41260 283
41261 283
41262 283
41263 283
41264 283
41265 283
41266 283
41267 283
41268 283
41269 283
41270 283
41271 283
41272 283
41273 283
41274 283
41275 283
41276 283
41277 283
41278 283
41279 283
41280 283
41281 283
41282 283
41283 283
41284 283
41285 283
41286 283
41287 283
41288 283
41289 283
41290 283
41291 283
41292 283
41293 283
41294 283
41295 283
41296 283
41297 283
41298 283
41299 283
41300 283
41301 283
41302 283
41303 283
41304 283
41305 283
41306 283
41307 283
41308 283
41309 283
41310 283
41311 283
41312 283
41313 283
41314 283
41315 283
41316 283
41317 283
41318 283
41319 283
41320 283
41321 283
41322 283
41323 283
41324 283
41325 283
41326 283
41327 283
41328 283
41329 283
41330 283
41331 283
41332 283
41333 283
41334 283
41335 283
41336 283
41337 283
41338 283
41339 283
41340 283
41341 283
41342 283
41343 283
41344 283
41345 283
41346 283
41347 283
41348 283
41349 283
41350 283
41351 283
41352 283
41353 283
41354 283
41355 283
41356 283
41357 283
41358 283
41359 283
41360 283
41361 283
41362 283
41363 283
41364 283
41365 283
41366 283
41367 283
41368 283
41369 283
41370 283
41371 283
41372 283
41373 283
41374 283
41375 283
41376 283
41377 283
41378 283
41379 283
41380 283
41381 283
41382 283
41383 283
41384 283
41385 283
41386 283
41387 283
41388 283
41389 283
41390 283
41391 283
41392 283
41393 283
41394 283
41395 283
41396 283
41397 283
41398 283
41399 283
41400 283
41401 283
41402 283
41403 283
41404 283
41405 283
41406 283
41407 283
41408 283
41409 283
41410 283
41411 283
41412 283
41413 283
41414 283
41415 283
41416 283
41417 283
41418 283
41419 283
41420 283
41421 283
41422 283
41423 283
41424 283
41425 283
41426 283
41427 283
41428 283
41429 283
41430 283
41431 283
41432 283
41433 283
41434 283
41435 283
41436 283
41437 283
41438 283
41439 283
41440 283
41441 283
41442 283
41443 283
41444 283
41445 283
41446 283
41447 283
41448 283
41449 283
41450 284
41451 284
41452 284
41453 284
41454 284
41455 284
41456 284
41457 284
41458 284
41459 284
41460 284
41461 284
41462 284
41463 284
41464 284
41465 284
41466 284
41467 284
41468 284
41469 284
41470 284
41471 284
41472 284
41473 284
41474 284
41475 284
41476 284
41477 284
41478 284
41479 284
41480 284
41481 284
41482 284
41483 284
41484 284
41485 284
41486 284
41487 284
41488 284
41489 284
41490 284
41491 284
41492 284
41493 284
41494 284
41495 284
41496 284
41497 284
41498 284
41499 284
41500 284
41501 284
41502 284
41503 284
41504 284
41505 284
41506 284
41507 284
41508 284
41509 284
41510 284
41511 284
41512 284
41513 284
41514 284
41515 284
41516 284
41517 284
41518 284
41519 284
41520 284
41521 284
41522 284
41523 284
41524 284
41525 284
41526 284
41527 284
41528 284
41529 284
41530 284
41531 284
41532 284
41533 284
41534 284
41535 284
41536 284
41537 284
41538 284
41539 284
41540 284
41541 284
41542 284
41543 284
41544 284
41545 284
41546 284
41547 284
41548 284
41549 284
41550 284
41551 284
41552 284
41553 284
41554 284
41555 284
41556 284
41557 284
41558 284
41559 284
41560 284
41561 284
41562 284
41563 284
41564 284
41565 284
41566 284
41567 284
41568 284
41569 284
41570 284
41571 284
41572 284
41573 284
41574 284
41575 284
41576 284
41577 284
41578 284
41579 284
41580 284
41581 284
41582 284
41583 284
41584 284
41585 284
41586 284
41587 284
41588 284
41589 284
41590 284
41591 284
41592 284
41593 284
41594 284
41595 284
41596 284
41597 284
41598 284
41599 284
41600 284
41601 284
41602 284
41603 284
41604 284
41605 284
41606 284
41607 284
41608 284
41609 284
41610 284
41611 284
41612 284
41613 284
41614 284
41615 284
41616 284
41617 284
41618 284
41619 284
41620 284
41621 284
41622 284
41623 284
41624 284
41625 284
41626 284
41627 284
41628 284
41629 284
41630 284
41631 284
41632 284
41633 284
41634 284
41635 284
41636 284
41637 284
41638 284
41639 284
41640 284
41641 284
41642 284
41643 284
41644 284
41645 284
41646 284
41647 284
41648 284
41649 284
41650 284
41651 284
41652 284
41653 284
41654 284
41655 284
41656 284
41657 284
41658 284
41659 284
41660 284
41661 284
41662 284
41663 284
41664 284
41665 284
41666 284
41667 284
41668 284
41669 284
41670 284
41671 284
41672 284
41673 284
41674 284
41675 284
41676 284
41677 284
41678 284
41679 284
41680 284
41681 284
41682 284
41683 284
41684 284
41685 284
41686 284
41687 284
41688 284
41689 284
41690 284
41691 284
41692 284
41693 284
41694 284
41695 284
41696 284
41697 284
41698 284
41699 284
41700 284
41701 284
41702 284
41703 284
41704 284
41705 284
41706 284
41707 284
41708 284
41709 284
41710 284
41711 284
41712 284
41713 284
41714 284
41715 284
41716 284
41717 284
41718 284
41719 284
41720 284
41721 284
41722 284
41723 284
41724 284
41725 284
41726 284
41727 284
41728 284
41729 284
41730 284
41731 284
41732 284
41733 284
41734 284
41735 284
41736 284
41737 284
41738 284
41739 284
41740 284
41741 284
41742 284
41743 284
41744 284
41745 284
41746 284
41747 284
41748 284
41749 284
41750 284
41751 284
41752 284
41753 284
41754 284
41755 284
41756 284
41757 284
41758 284
41759 284
41760 284
41761 284
41762 284
41763 284
41764 284
41765 284
41766 284
41767 284
41768 284
41769 284
41770 284
41771 284
41772 284
41773 284
41774 284
41775 284
41776 284
41777 284
41778 284
41779 284
41780 284
41781 284
41782 284
41783 284
41784 284
41785 284
41786 284
41787 284
41788 284
41789 284
41790 284
41791 284
41792 284
41793 284
41794 284
41795 284
41796 284
41797 284
41798 284
41799 284
41800 284
41801 284
41802 284
41803 284
41804 284
41805 284
41806 284
41807 284
41808 284
41809 284
41810 284
41811 284
41812 284
41813 284
41814 284
41815 284
41816 284
41817 284
41818 284
41819 284
41820 284
41821 284
41822 284
41823 284
41824 284
41825 284
41826 284
41827 284
41828 284
41829 284
41830 285
41831 285
41832 285
41833 285
41834 285
41835 285
41836 285
41837 285
41838 285
41839 285
41840 285
41841 285
41842 285
41843 285
41844 285
41845 285
41846 285
41847 285
41848 285
41849 285
41850 285
41851 285
41852 285
41853 285
41854 285
41855 285
41856 285
41857 285
41858 285
41859 285
41860 285
41861 285
41862 285
41863 285
41864 285
41865 285
41866 285
41867 285
41868 285
41869 285
41870 285
41871 285
41872 285
41873 285
41874 285
41875 285
41876 285
41877 285
41878 285
41879 285
41880 285
41881 285
41882 285
41883 285
41884 285
41885 285
41886 285
41887 285
41888 285
41889 285
41890 285
41891 285
41892 285
41893 285
41894 285
41895 285
41896 285
41897 285
41898 285
41899 285
41900 285
41901 285
41902 285
41903 285
41904 285
41905 285
41906 285
41907 285
41908 285
41909 285
41910 285
41911 285
41912 285
41913 285
41914 285
41915 285
41916 285
41917 285
41918 285
41919 285
41920 285
41921 285
41922 285
41923 285
41924 285
41925 285
41926 285
41927 285
41928 285
41929 285
41930 285
41931 285
41932 285
41933 285
41934 285
41935 285
41936 285
41937 285
41938 285
41939 285
41940 285
41941 285
41942 285
41943 285
41944 285
41945 285
41946 285
41947 285
41948 285
41949 285
41950 285
41951 285
41952 285
41953 285
41954 285
41955 285
41956 285
41957 285
41958 285
41959 285
41960 286
41961 286
41962 286
41963 286
41964 286
41965 286
41966 286
41967 286
41968 286
41969 286
41970 286
41971 286
41972 286
41973 286
41974 286
41975 286
41976 286
41977 286
41978 286
41979 286
41980 286
41981 286
41982 286
41983 286
41984 286
41985 286
41986 286
41987 286
41988 286
41989 286
41990 286
41991 286
41992 286
41993 286
41994 286
41995 286
41996 286
41997 286
41998 286
41999 286
42000 286
42001 286
42002 286
42003 286
42004 286
42005 286
42006 286
42007 286
42008 286
42009 286
42010 286
42011 286
42012 286
42013 286
42014 286
42015 286
42016 286
42017 286
42018 286
42019 286
42020 286
42021 286
42022 286
42023 286
42024 286
42025 286
42026 286
42027 286
42028 286
42029 286
42030 286
42031 286
42032 286
42033 286
42034 286
42035 286
42036 286
42037 286
42038 286
42039 286
42040 286
42041 286
42042 286
42043 286
42044 286
42045 286
42046 286
42047 286
42048 286
42049 286
42050 286
42051 286
42052 286
42053 286
42054 286
42055 286
42056 286
42057 286
42058 286
42059 286
42060 286
42061 286
42062 287
42063 287
42064 287
42065 287
42066 287
42067 287
42068 287
42069 287
42070 287
42071 287
42072 287
42073 287
42074 287
42075 287
42076 287
42077 287
42078 287
42079 287
42080 287
42081 287
42082 287
42083 287
42084 287
42085 287
42086 287
42087 287
42088 287
42089 287
42090 287
42091 287
42092 287
42093 287
42094 287
42095 287
42096 287
42097 287
42098 287
42099 287
42100 287
42101 287
42102 287
42103 287
42104 287
42105 287
42106 287
42107 287
42108 287
42109 287
42110 287
42111 287
42112 287
42113 287
42114 287
42115 287
42116 287
42117 287
42118 287
42119 287
42120 287
42121 287
42122 287
42123 287
42124 287
42125 287
42126 287
42127 287
42128 287
42129 287
42130 287
42131 287
42132 287
42133 287
42134 287
42135 287
42136 287
42137 287
42138 287
42139 287
42140 287
42141 287
42142 287
42143 287
42144 287
42145 287
42146 287
42147 287
42148 287
42149 287
42150 287
42151 287
42152 287
42153 287
42154 287
42155 287
42156 287
42157 287
42158 287
42159 287
42160 287
42161 287
42162 287
42163 287
42164 287
42165 287
42166 287
42167 287
42168 287
42169 287
42170 287
42171 287
42172 287
42173 287
42174 287
42175 287
42176 287
42177 287
42178 287
42179 287
42180 287
42181 287
42182 287
42183 287
42184 287
42185 287
42186 287
42187 287
42188 287
42189 287
42190 287
42191 287
42192 287
42193 287
42194 287
42195 287
42196 287
42197 287
42198 287
42199 287
42200 287
42201 287
42202 287
42203 287
42204 287
42205 287
42206 287
42207 287
42208 287
42209 287
42210 287
42211 287
42212 287
42213 287
42214 287
42215 287
42216 287
42217 287
42218 287
42219 287
42220 287
42221 287
42222 287
42223 287
42224 287
42225 287
42226 287
42227 287
42228 287
42229 287
42230 287
42231 287
42232 287
42233 287
42234 287
42235 287
42236 287
42237 287
42238 287
42239 287
42240 287
42241 287
42242 287
42243 287
42244 287
42245 287
42246 287
42247 287
42248 287
42249 288
42250 288
42251 288
42252 288
42253 288
42254 288
42255 288
42256 288
42257 288
42258 288
42259 288
42260 288
42261 288
42262 288
42263 288
42264 288
42265 288
42266 288
42267 288
42268 288
42269 288
42270 288
42271 288
42272 288
42273 288
42274 288
42275 288
42276 288
42277 288
42278 288
42279 288
42280 288
42281 288
42282 288
42283 288
42284 288
42285 288
42286 288
42287 288
42288 288
42289 288
42290 288
42291 288
42292 288
42293 288
42294 288
42295 288
42296 288
42297 288
42298 288
42299 288
42300 288
42301 288
42302 288
42303 288
42304 288
42305 288
42306 288
42307 289
42308 289
42309 289
42310 289
42311 289
42312 289
42313 289
42314 289
42315 289
42316 289
42317 289
42318 289
42319 289
42320 289
42321 289
42322 289
42323 289
42324 289
42325 289
42326 289
42327 289
42328 289
42329 289
42330 289
42331 289
42332 289
42333 289
42334 289
42335 289
42336 289
42337 289
42338 289
42339 289
42340 289
42341 289
42342 289
42343 289
42344 289
42345 289
42346 289
42347 289
42348 289
42349 289
42350 289
42351 289
42352 289
42353 289
42354 289
42355 289
42356 289
42357 289
42358 289
42359 289
42360 289
42361 289
42362 289
42363 289
42364 289
42365 289
42366 289
42367 289
42368 289
42369 289
42370 289
42371 289
42372 289
42373 289
42374 289
42375 289
42376 289
42377 289
42378 289
42379 289
42380 289
42381 289
42382 289
42383 289
42384 289
42385 289
42386 289
42387 289
42388 289
42389 289
42390 289
42391 289
42392 289
42393 289
42394 289
42395 289
42396 289
42397 289
42398 289
42399 289
42400 289
42401 289
42402 289
42403 289
42404 289
42405 289
42406 289
42407 289
42408 289
42409 289
42410 289
42411 289
42412 289
42413 289
42414 289
42415 289
42416 289
42417 289
42418 289
42419 289
42420 289
42421 289
42422 289
42423 289
42424 289
42425 289
42426 290
42427 290
42428 290
42429 290
42430 290
42431 290
42432 290
42433 290
42434 290
42435 290
42436 290
42437 290
42438 290
42439 290
42440 290
42441 290
42442 290
42443 290
42444 290
42445 290
42446 290
42447 290
42448 290
42449 290
42450 290
42451 290
42452 290
42453 290
42454 290
42455 290
42456 290
42457 290
42458 290
42459 290
42460 290
42461 290
42462 290
42463 290
42464 290
42465 290
42466 290
42467 290
42468 290
42469 290
42470 290
42471 290
42472 290
42473 290
42474 290
42475 290
42476 290
42477 290
42478 290
42479 290
42480 290
42481 290
42482 290
42483 290
42484 290
42485 290
42486 290
42487 290
42488 290
42489 290
42490 290
42491 290
42492 290
42493 290
42494 290
42495 290
42496 290
42497 290
42498 290
42499 290
42500 290
42501 290
42502 290
42503 290
42504 290
42505 290
42506 290
42507 290
42508 290
42509 290
42510 290
42511 290
42512 290
42513 290
42514 290
42515 290
42516 290
42517 290
42518 290
42519 290
42520 291
42521 291
42522 291
42523 291
42524 291
42525 291
42526 291
42527 291
42528 291
42529 291
42530 291
42531 291
42532 291
42533 291
42534 291
42535 291
42536 291
42537 291
42538 291
42539 291
42540 291
42541 291
42542 291
42543 291
42544 291
42545 291
42546 291
42547 291
42548 291
42549 291
42550 291
42551 291
42552 291
42553 291
42554 291
42555 291
42556 291
42557 291
42558 291
42559 291
42560 291
42561 291
42562 291
42563 291
42564 291
42565 291
42566 291
42567 291
42568 291
42569 291
42570 291
42571 291
42572 291
42573 291
42574 291
42575 291
42576 291
42577 291
42578 291
42579 291
42580 291
42581 291
42582 291
42583 291
42584 291
42585 291
42586 291
42587 291
42588 291
42589 291
42590 291
42591 291
42592 291
42593 291
42594 291
42595 291
42596 291
42597 291
42598 291
42599 291
42600 291
42601 291
42602 291
42603 291
42604 291
42605 291
42606 291
42607 291
42608 291
42609 291
42610 291
42611 291
42612 291
42613 291
42614 291
42615 291
42616 291
42617 291
42618 291
42619 291
42620 291
42621 291
42622 291
42623 291
42624 291
42625 291
42626 291
42627 291
42628 291
42629 291
42630 291
42631 291
42632 291
42633 291
42634 291
42635 291
42636 291
42637 291
42638 291
42639 292
42640 292
42641 292
42642 292
42643 292
42644 292
42645 292
42646 292
42647 292
42648 292
42649 292
42650 292
42651 292
42652 292
42653 292
42654 292
42655 292
42656 292
42657 292
42658 292
42659 292
42660 292
42661 292
42662 292
42663 292
42664 292
42665 292
42666 292
42667 292
42668 292
42669 292
42670 292
42671 292
42672 292
42673 292
42674 292
42675 292
42676 292
42677 292
42678 292
42679 292
42680 292
42681 292
42682 292
42683 292
42684 292
42685 292
42686 292
42687 292
42688 292
42689 292
42690 292
42691 292
42692 292
42693 292
42694 292
42695 292
42696 292
42697 292
42698 292
42699 292
42700 292
42701 292
42702 292
42703 292
42704 292
42705 292
42706 292
42707 292
42708 292
42709 292
42710 292
42711 292
42712 292
42713 292
42714 292
42715 292
42716 292
42717 292
42718 292
42719 292
42720 292
42721 292
42722 292
42723 292
42724 292
42725 292
42726 292
42727 292
42728 292
42729 292
42730 292
42731 292
42732 292
42733 292
42734 292
42735 292
42736 292
42737 292
42738 292
42739 292
42740 292
42741 292
42742 292
42743 292
42744 292
42745 292
42746 292
42747 292
42748 292
42749 292
42750 292
42751 292
42752 292
42753 292
42754 292
42755 292
42756 292
42757 292
42758 292
42759 292
42760 292
42761 292
42762 292
42763 292
42764 292
42765 292
42766 292
42767 292
42768 292
42769 292
42770 292
42771 292
42772 292
42773 292
42774 292
42775 293
42776 293
42777 293
42778 293
42779 293
42780 293
42781 293
42782 293
42783 293
42784 293
42785 293
42786 293
42787 293
42788 293
42789 293
42790 293
42791 293
42792 293
42793 293
42794 293
42795 293
42796 293
42797 293
42798 293
42799 293
42800 293
42801 293
42802 293
42803 293
42804 293
42805 293
42806 293
42807 293
42808 293
42809 293
42810 293
42811 293
42812 293
42813 293
42814 293
42815 293
42816 293
42817 293
42818 293
42819 293
42820 293
42821 293
42822 293
42823 293
42824 293
42825 293
42826 293
42827 293
42828 293
42829 293
42830 293
42831 293
42832 293
42833 293
42834 293
42835 293
42836 293
42837 293
42838 293
42839 295
42840 295
42841 295
42842 295
42843 295
42844 295
42845 295
42846 295
42847 295
42848 295
42849 295
42850 295
42851 295
42852 295
42853 295
42854 295
42855 295
42856 295
42857 295
42858 295
42859 295
42860 295
42861 295
42862 295
42863 295
42864 295
42865 295
42866 295
42867 295
42868 295
42869 295
42870 295
42871 295
42872 295
42873 295
42874 295
42875 295
42876 295
42877 295
42878 295
42879 295
42880 295
42881 295
42882 295
42883 295
42884 295
42885 295
42886 295
42887 295
42888 295
42889 295
42890 295
42891 295
42892 295
42893 295
42894 295
42895 295
42896 295
42897 295
42898 295
42899 295
42900 295
42901 295
42902 295
42903 295
42904 295
42905 295
42906 295
42907 295
42908 295
42909 295
42910 295
42911 295
42912 295
42913 295
42914 295
42915 295
42916 295
42917 295
42918 295
42919 295
42920 295
42921 295
42922 295
42923 295
42924 295
42925 295
42926 295
42927 295
42928 295
42929 295
42930 295
42931 295
42932 295
42933 295
42934 295
42935 295
42936 295
42937 295
42938 295
42939 295
42940 295
42941 295
42942 295
42943 296
42944 296
42945 296
42946 296
42947 296
42948 296
42949 296
42950 296
42951 296
42952 296
42953 296
42954 296
42955 296
42956 296
42957 296
42958 296
42959 296
42960 296
42961 296
42962 296
42963 296
42964 296
42965 296
42966 296
42967 296
42968 296
42969 296
42970 296
42971 296
42972 296
42973 296
42974 296
42975 296
42976 296
42977 296
42978 296
42979 296
42980 296
42981 296
42982 296
42983 296
42984 296
42985 296
42986 296
42987 296
42988 296
42989 296
42990 296
42991 296
42992 296
42993 296
42994 296
42995 296
42996 296
42997 296
42998 296
42999 296
43000 296
43001 296
43002 296
43003 296
43004 296
43005 296
43006 296
43007 296
43008 296
43009 296
43010 296
43011 296
43012 296
43013 296
43014 296
43015 296
43016 296
43017 296
43018 296
43019 296
43020 296
43021 296
43022 296
43023 296
43024 296
43025 296
43026 296
43027 296
43028 296
43029 296
43030 296
43031 296
43032 296
43033 296
43034 296
43035 296
43036 296
43037 296
43038 296
43039 296
43040 296
43041 296
43042 296
43043 296
43044 296
43045 296
43046 296
43047 296
43048 296
43049 296
43050 296
43051 296
43052 296
43053 296
43054 296
43055 296
43056 296
43057 296
43058 296
43059 296
43060 296
43061 296
43062 296
43063 296
43064 296
43065 296
43066 296
43067 296
43068 296
43069 296
43070 296
43071 296
43072 296
43073 296
43074 296
43075 296
43076 296
43077 296
43078 296
43079 296
43080 296
43081 296
43082 296
43083 296
43084 296
43085 296
43086 296
43087 296
43088 296
43089 296
43090 296
43091 296
43092 296
43093 296
43094 296
43095 296
43096 296
43097 296
43098 296
43099 296
43100 296
43101 296
43102 296
43103 296
43104 296
43105 296
43106 296
43107 296
43108 296
43109 296
43110 296
43111 296
43112 296
43113 296
43114 296
43115 296
43116 296
43117 296
43118 296
43119 296
43120 296
43121 296
43122 296
43123 296
43124 296
43125 296
43126 296
43127 296
43128 296
43129 296
43130 296
43131 296
43132 296
43133 296
43134 296
43135 296
43136 296
43137 296
43138 296
43139 296
43140 296
43141 296
43142 296
43143 296
43144 296
43145 296
43146 296
43147 296
43148 296
43149 296
43150 296
43151 296
43152 296
43153 296
43154 296
43155 296
43156 296
43157 296
43158 296
43159 296
43160 296
43161 296
43162 296
43163 296
43164 296
43165 296
43166 296
43167 296
43168 296
43169 296
43170 296
43171 296
43172 296
43173 296
43174 296
43175 296
43176 296
43177 296
43178 296
43179 296
43180 296
43181 296
43182 296
43183 296
43184 296
43185 296
43186 296
43187 296
43188 296
43189 296
43190 296
43191 296
43192 296
43193 296
43194 296
43195 296
43196 297
43197 297
43198 297
43199 297
43200 297
43201 297
43202 297
43203 297
43204 297
43205 297
43206 297
43207 297
43208 297
43209 297
43210 297
43211 297
43212 297
43213 297
43214 297
43215 297
43216 297
43217 297
43218 297
43219 297
43220 297
43221 297
43222 297
43223 297
43224 297
43225 297
43226 297
43227 297
43228 297
43229 297
43230 297
43231 297
43232 297
43233 297
43234 297
43235 297
43236 297
43237 297
43238 297
43239 297
43240 297
43241 297
43242 297
43243 297
43244 297
43245 297
43246 297
43247 297
43248 297
43249 297
43250 297
43251 297
43252 297
43253 297
43254 297
43255 297
43256 297
43257 297
43258 297
43259 297
43260 297
43261 297
43262 297
43263 297
43264 297
43265 297
43266 297
43267 297
43268 297
43269 297
43270 297
43271 297
43272 297
43273 297
43274 297
43275 297
43276 297
43277 297
43278 297
43279 297
43280 297
43281 297
43282 297
43283 297
43284 297
43285 297
43286 297
43287 297
43288 297
43289 297
43290 297
43291 297
43292 297
43293 297
43294 297
43295 297
43296 297
43297 297
43298 297
43299 297
43300 297
43301 297
43302 297
43303 297
43304 297
43305 297
43306 297
43307 297
43308 297
43309 297
43310 297
43311 297
43312 297
43313 297
43314 297
43315 297
43316 297
43317 297
43318 297
43319 297
43320 297
43321 297
43322 297
43323 297
43324 297
43325 297
43326 297
43327 297
43328 297
43329 297
43330 297
43331 297
43332 297
43333 297
43334 297
43335 297
43336 297
43337 297
43338 297
43339 297
43340 297
43341 297
43342 297
43343 297
43344 297
43345 297
43346 297
43347 297
43348 297
43349 297
43350 297
43351 297
43352 297
43353 297
43354 297
43355 297
43356 297
43357 297
43358 297
43359 297
43360 297
43361 297
43362 297
43363 297
43364 297
43365 297
43366 297
43367 297
43368 297
43369 297
43370 297
43371 297
43372 297
43373 297
43374 297
43375 297
43376 297
43377 297
43378 297
43379 297
43380 297
43381 297
43382 297
43383 297
43384 297
43385 297
43386 297
43387 297
43388 297
43389 297
43390 297
43391 297
43392 297
43393 298
43394 298
43395 298
43396 298
43397 298
43398 298
43399 298
43400 298
43401 298
43402 298
43403 298
43404 298
43405 298
43406 298
43407 298
43408 298
43409 298
43410 298
43411 298
43412 298
43413 298
43414 298
43415 298
43416 298
43417 298
43418 298
43419 298
43420 298
43421 298
43422 298
43423 298
43424 298
43425 298
43426 298
43427 298
43428 298
43429 298
43430 298
43431 298
43432 298
43433 298
43434 298
43435 298
43436 298
43437 298
43438 298
43439 298
43440 298
43441 298
43442 298
43443 298
43444 298
43445 298
43446 298
43447 298
43448 298
43449 298
43450 298
43451 298
43452 298
43453 298
43454 298
43455 298
43456 298
43457 298
43458 298
43459 298
43460 298
43461 298
43462 298
43463 298
43464 298
43465 298
43466 298
43467 298
43468 298
43469 298
43470 298
43471 298
43472 298
43473 298
43474 298
43475 298
43476 298
43477 298
43478 298
43479 299
43480 299
43481 299
43482 299
43483 299
43484 299
43485 299
43486 299
43487 299
43488 299
43489 299
43490 299
43491 299
43492 299
43493 299
43494 299
43495 299
43496 299
43497 299
43498 299
43499 299
43500 299
43501 299
43502 299
43503 299
43504 299
43505 299
43506 299
43507 299
43508 299
43509 299
43510 299
43511 299
43512 299
43513 299
43514 299
43515 299
43516 299
43517 299
43518 299
43519 299
43520 299
43521 299
43522 299
43523 299
43524 299
43525 299
43526 299
43527 299
43528 299
43529 299
43530 299
43531 299
43532 299
43533 299
43534 299
43535 299
43536 299
43537 299
43538 299
43539 299
43540 299
43541 299
43542 299
43543 299
43544 299
43545 299
43546 299
43547 299
43548 299
43549 299
43550 299
43551 299
43552 299
43553 299
43554 299
43555 299
43556 299
43557 299
43558 299
43559 299
43560 299
43561 299
43562 299
43563 299
43564 299
43565 299
43566 299
43567 299
43568 299
43569 299
43570 299
43571 299
43572 299
43573 299
43574 299
43575 299
43576 299
43577 299
43578 299
43579 299
43580 299
43581 299
43582 299
43583 299
43584 299
43585 299
43586 299
43587 299
43588 299
43589 299
43590 299
43591 299
43592 299
43593 299
43594 299
43595 299
43596 299
43597 299
43598 299
43599 299
43600 299
43601 299
43602 299
43603 299
43604 299
43605 299
43606 299
43607 299
43608 299
43609 299
43610 299
43611 299
43612 299
43613 299
43614 299
43615 299
43616 299
43617 299
43618 299
43619 299
43620 299
43621 299
43622 299
43623 299
43624 299
43625 299
43626 299
43627 299
43628 299
43629 299
43630 299
43631 299
43632 299
43633 299
43634 299
43635 299
43636 299
43637 299
43638 299
43639 299
43640 299
43641 299
43642 299
43643 299
43644 299
43645 299
43646 299
43647 299
43648 299
43649 299
43650 299
43651 299
43652 299
43653 299
43654 299
43655 299
43656 299
43657 299
43658 299
43659 299
43660 299
43661 299
43662 299
43663 299
43664 299
43665 299
43666 299
43667 299
43668 299
43669 299
43670 299
43671 299
43672 299
43673 299
43674 299
43675 299
43676 299
43677 299
43678 299
43679 299
43680 299
43681 299
43682 299
43683 299
43684 299
43685 299
43686 299
43687 299
43688 299
43689 299
43690 299
43691 299
43692 299
43693 299
43694 299
43695 299
43696 299
43697 299
43698 299
43699 299
43700 299
43701 299
43702 299
43703 299
43704 299
43705 299
43706 299
43707 299
43708 299
43709 299
43710 299
43711 299
43712 299
43713 299
43714 299
43715 299
43716 299
43717 299
43718 299
43719 299
43720 299
43721 299
43722 299
43723 299
43724 299
43725 299
43726 299
43727 299
43728 299
43729 299
43730 299
43731 299
43732 300
43733 300
43734 300
43735 300
43736 300
43737 300
43738 300
43739 300
43740 300
43741 300
43742 300
43743 300
43744 300
43745 300
43746 300
43747 300
43748 300
43749 300
43750 300
43751 300
43752 300
43753 300
43754 300
43755 300
43756 300
43757 300
43758 300
43759 300
43760 300
43761 300
43762 300
43763 300
43764 300
43765 300
43766 300
43767 300
43768 300
43769 300
43770 300
43771 300
43772 300
43773 300
43774 300
43775 300
43776 300
43777 300
43778 300
43779 300
43780 300
43781 300
43782 300
43783 300
43784 300
43785 300
43786 300
43787 300
43788 300
43789 300
43790 300
43791 300
43792 300
43793 300
43794 300
43795 300
43796 300
43797 300
43798 300
43799 300
43800 300
43801 300
43802 300
43803 300
43804 300
43805 300
43806 300
43807 300
43808 300
43809 300
43810 300
43811 300
43812 300
43813 300
43814 300
43815 300
43816 300
43817 300
43818 300
43819 300
43820 300
43821 300
43822 300
43823 300
43824 300
43825 300
43826 300
43827 300
43828 300
43829 300
43830 300
43831 300
43832 300
43833 300
43834 300
43835 300
43836 300
43837 300
43838 300
43839 300
43840 300
43841 300
43842 300
43843 300
43844 300
43845 300
43846 300
43847 300
43848 300
43849 300
43850 300
43851 300
43852 300
43853 300
43854 300
43855 300
43856 300
43857 300
43858 300
43859 300
43860 300
43861 300
43862 300
43863 301
43864 301
43865 301
43866 301
43867 301
43868 301
43869 301
43870 301
43871 301
43872 301
43873 301
43874 301
43875 301
43876 301
43877 301
43878 301
43879 301
43880 301
43881 301
43882 301
43883 301
43884 301
43885 301
43886 301
43887 301
43888 301
43889 301
43890 301
43891 301
43892 301
43893 301
43894 301
43895 301
43896 301
43897 301
43898 301
43899 301
43900 301
43901 301
43902 301
43903 301
43904 301
43905 301
43906 301
43907 301
43908 301
43909 301
43910 301
43911 301
43912 301
43913 301
43914 301
43915 301
43916 301
43917 301
43918 301
43919 301
43920 301
43921 301
43922 301
43923 301
43924 301
43925 301
43926 301
43927 301
43928 301
43929 301
43930 301
43931 301
43932 301
43933 301
43934 301
43935 301
43936 301
43937 301
43938 301
43939 301
43940 301
43941 301
43942 301
43943 301
43944 301
43945 301
43946 301
43947 301
43948 301
43949 301
43950 301
43951 301
43952 301
43953 301
43954 301
43955 301
43956 301
43957 301
43958 301
43959 301
43960 301
43961 301
43962 301
43963 301
43964 301
43965 301
43966 301
43967 301
43968 301
43969 301
43970 301
43971 301
43972 301
43973 301
43974 301
43975 301
43976 301
43977 301
43978 301
43979 301
43980 301
43981 301
43982 301
43983 301
43984 301
43985 301
43986 301
43987 301
43988 301
43989 301
43990 301
43991 301
43992 301
43993 301
43994 301
43995 301
43996 301
43997 301
43998 301
43999 301
44000 301
44001 301
44002 301
44003 301
44004 302
44005 302
44006 302
44007 302
44008 302
44009 302
44010 302
44011 302
44012 302
44013 302
44014 302
44015 302
44016 302
44017 302
44018 302
44019 302
44020 302
44021 302
44022 302
44023 302
44024 302
44025 302
44026 302
44027 302
44028 302
44029 302
44030 302
44031 302
44032 302
44033 302
44034 302
44035 302
44036 302
44037 302
44038 302
44039 302
44040 302
44041 302
44042 302
44043 302
44044 302
44045 302
44046 302
44047 302
44048 302
44049 302
44050 302
44051 302
44052 302
44053 302
44054 302
44055 302
44056 302
44057 302
44058 302
44059 302
44060 302
44061 302
44062 302
44063 302
44064 302
44065 302
44066 302
44067 302
44068 302
44069 302
44070 302
44071 302
44072 302
44073 302
44074 302
44075 302
44076 302
44077 302
44078 302
44079 302
44080 302
44081 302
44082 302
44083 302
44084 302
44085 302
44086 302
44087 302
44088 302
44089 302
44090 302
44091 302
44092 302
44093 302
44094 302
44095 302
44096 302
44097 302
44098 302
44099 302
44100 302
44101 302
44102 302
44103 302
44104 302
44105 302
44106 302
44107 302
44108 302
44109 302
44110 302
44111 302
44112 302
44113 302
44114 302
44115 302
44116 302
44117 302
44118 302
44119 302
44120 302
44121 302
44122 302
44123 302
44124 302
44125 302
44126 302
44127 302
44128 302
44129 302
44130 302
44131 302
44132 302
44133 302
44134 302
44135 302
44136 302
44137 302
44138 303
44139 303
44140 303
44141 303
44142 303
44143 303
44144 303
44145 303
44146 303
44147 303
44148 303
44149 303
44150 303
44151 303
44152 303
44153 303
44154 303
44155 303
44156 303
44157 303
44158 303
44159 303
44160 303
44161 303
44162 303
44163 303
44164 303
44165 303
44166 303
44167 303
44168 303
44169 303
44170 303
44171 303
44172 303
44173 303
44174 303
44175 303
44176 303
44177 303
44178 303
44179 303
44180 303
44181 303
44182 303
44183 303
44184 303
44185 303
44186 303
44187 303
44188 303
44189 303
44190 303
44191 303
44192 303
44193 303
44194 303
44195 303
44196 303
44197 303
44198 303
44199 303
44200 303
44201 303
44202 303
44203 303
44204 303
44205 303
44206 303
44207 303
44208 303
44209 303
44210 303
44211 303
44212 303
44213 303
44214 303
44215 303
44216 303
44217 303
44218 303
44219 303
44220 303
44221 303
44222 303
44223 303
44224 303
44225 303
44226 303
44227 303
44228 303
44229 303
44230 303
44231 303
44232 303
44233 303
44234 303
44235 303
44236 303
44237 303
44238 303
44239 303
44240 304
44241 304
44242 304
44243 304
44244 304
44245 304
44246 304
44247 304
44248 304
44249 304
44250 304
44251 304
44252 304
44253 304
44254 304
44255 304
44256 304
44257 304
44258 304
44259 304
44260 304
44261 304
44262 304
44263 304
44264 304
44265 304
44266 304
44267 304
44268 304
44269 304
44270 304
44271 304
44272 304
44273 304
44274 304
44275 304
44276 304
44277 304
44278 304
44279 304
44280 304
44281 304
44282 304
44283 304
44284 304
44285 304
44286 304
44287 304
44288 304
44289 304
44290 304
44291 304
44292 304
44293 304
44294 304
44295 304
44296 304
44297 304
44298 304
44299 304
44300 304
44301 304
44302 304
44303 304
44304 304
44305 304
44306 304
44307 304
44308 304
44309 304
44310 304
44311 304
44312 304
44313 304
44314 304
44315 304
44316 304
44317 304
44318 304
44319 304
44320 304
44321 304
44322 304
44323 304
44324 304
44325 304
44326 304
44327 304
44328 304
44329 304
44330 304
44331 304
44332 304
44333 304
44334 304
44335 304
44336 304
44337 304
44338 304
44339 304
44340 304
44341 305
44342 305
44343 305
44344 305
44345 305
44346 305
44347 305
44348 305
44349 305
44350 305
44351 305
44352 305
44353 305
44354 305
44355 305
44356 305
44357 305
44358 305
44359 305
44360 305
44361 305
44362 305
44363 305
44364 305
44365 305
44366 305
44367 305
44368 305
44369 305
44370 305
44371 305
44372 305
44373 305
44374 305
44375 305
44376 305
44377 305
44378 305
44379 305
44380 305
44381 305
44382 305
44383 305
44384 305
44385 305
44386 305
44387 305
44388 305
44389 305
44390 305
44391 305
44392 305
44393 305
44394 305
44395 305
44396 305
44397 305
44398 305
44399 305
44400 305
44401 305
44402 305
44403 305
44404 305
44405 305
44406 305
44407 305
44408 305
44409 305
44410 305
44411 305
44412 305
44413 305
44414 305
44415 305
44416 305
44417 305
44418 305
44419 305
44420 305
44421 305
44422 305
44423 305
44424 305
44425 305
44426 305
44427 305
44428 305
44429 305
44430 305
44431 305
44432 306
44433 306
44434 306
44435 306
44436 306
44437 306
44438 306
44439 306
44440 306
44441 306
44442 306
44443 306
44444 306
44445 306
44446 306
44447 306
44448 306
44449 306
44450 306
44451 306
44452 306
44453 306
44454 306
44455 306
44456 306
44457 306
44458 306
44459 306
44460 306
44461 306
44462 306
44463 306
44464 306
44465 306
44466 306
44467 306
44468 306
44469 306
44470 306
44471 306
44472 306
44473 306
44474 306
44475 306
44476 306
44477 306
44478 306
44479 306
44480 306
44481 306
44482 306
44483 306
44484 306
44485 306
44486 306
44487 306
44488 306
44489 306
44490 306
44491 306
44492 306
44493 306
44494 306
44495 306
44496 306
44497 306
44498 306
44499 306
44500 306
44501 306
44502 306
44503 306
44504 306
44505 306
44506 306
44507 306
44508 306
44509 306
44510 306
44511 306
44512 306
44513 306
44514 306
44515 306
44516 306
44517 306
44518 306
44519 306
44520 306
44521 306
44522 306
44523 306
44524 306
44525 306
44526 306
44527 306
44528 306
44529 306
44530 306
44531 306
44532 306
44533 306
44534 306
44535 306
44536 306
44537 306
44538 306
44539 306
44540 306
44541 306
44542 306
44543 306
44544 306
44545 306
44546 306
44547 306
44548 306
44549 306
44550 306
44551 306
44552 306
44553 306
44554 306
44555 306
44556 306
44557 306
44558 306
44559 306
44560 306
44561 306
44562 306
44563 306
44564 306
44565 306
44566 306
44567 306
44568 306
44569 306
44570 306
44571 306
44572 306
44573 306
44574 306
44575 306
44576 306
44577 306
44578 306
44579 306
44580 306
44581 306
44582 306
44583 306
44584 306
44585 306
44586 306
44587 306
44588 306
44589 306
44590 306
44591 306
44592 306
44593 306
44594 306
44595 306
44596 306
44597 306
44598 306
44599 306
44600 306
44601 306
44602 306
44603 306
44604 306
44605 306
44606 306
44607 306
44608 306
44609 306
44610 306
44611 306
44612 306
44613 306
44614 306
44615 306
44616 306
44617 306
44618 306
44619 306
44620 306
44621 306
44622 306
44623 306
44624 306
44625 306
44626 306
44627 306
44628 306
44629 306
44630 306
44631 306
44632 306
44633 306
44634 306
44635 306
44636 306
44637 306
44638 306
44639 306
44640 306
44641 306
44642 306
44643 306
44644 306
44645 306
44646 306
44647 306
44648 306
44649 306
44650 306
44651 306
44652 306
44653 306
44654 306
44655 306
44656 306
44657 306
44658 306
44659 306
44660 306
44661 306
44662 306
44663 306
44664 306
44665 306
44666 306
44667 306
44668 306
44669 307
44670 307
44671 307
44672 307
44673 307
44674 307
44675 307
44676 307
44677 307
44678 307
44679 307
44680 307
44681 307
44682 307
44683 307
44684 307
44685 307
44686 307
44687 307
44688 307
44689 307
44690 307
44691 307
44692 307
44693 307
44694 307
44695 307
44696 307
44697 307
44698 307
44699 307
44700 307
44701 307
44702 307
44703 307
44704 307
44705 307
44706 307
44707 307
44708 307
44709 307
44710 307
44711 307
44712 307
44713 307
44714 307
44715 307
44716 307
44717 307
44718 307
44719 307
44720 307
44721 307
44722 307
44723 307
44724 307
44725 307
44726 307
44727 307
44728 307
44729 307
44730 307
44731 307
44732 307
44733 307
44734 307
44735 307
44736 307
44737 307
44738 307
44739 307
44740 307
44741 307
44742 307
44743 307
44744 307
44745 307
44746 307
44747 307
44748 307
44749 307
44750 307
44751 307
44752 307
44753 307
44754 307
44755 307
44756 307
44757 307
44758 307
44759 307
44760 307
44761 307
44762 307
44763 307
44764 307
44765 307
44766 307
44767 307
44768 307
44769 307
44770 307
44771 307
44772 307
44773 307
44774 307
44775 307
44776 307
44777 307
44778 307
44779 307
44780 307
44781 307
44782 307
44783 307
44784 307
44785 307
44786 307
44787 307
44788 307
44789 307
44790 307
44791 307
44792 307
44793 307
44794 307
44795 307
44796 307
44797 307
44798 307
44799 307
44800 307
44801 307
44802 307
44803 307
44804 307
44805 307
44806 307
44807 307
44808 307
44809 307
44810 307
44811 307
44812 307
44813 307
44814 307
44815 307
44816 307
44817 307
44818 307
44819 307
44820 307
44821 307
44822 307
44823 307
44824 307
44825 307
44826 307
44827 307
44828 307
44829 307
44830 307
44831 307
44832 307
44833 307
44834 307
44835 307
44836 307
44837 307
44838 307
44839 307
44840 308
44841 308
44842 308
44843 308
44844 308
44845 308
44846 308
44847 308
44848 308
44849 308
44850 308
44851 308
44852 308
44853 308
44854 308
44855 308
44856 308
44857 308
44858 308
44859 308
44860 308
44861 308
44862 308
44863 308
44864 308
44865 308
44866 308
44867 308
44868 308
44869 308
44870 308
44871 308
44872 308
44873 308
44874 308
44875 308
44876 308
44877 308
44878 308
44879 308
44880 308
44881 308
44882 308
44883 308
44884 308
44885 308
44886 308
44887 308
44888 308
44889 308
44890 308
44891 308
44892 308
44893 308
44894 308
44895 308
44896 308
44897 308
44898 308
44899 308
44900 308
44901 308
44902 308
44903 308
44904 308
44905 308
44906 308
44907 308
44908 308
44909 308
44910 308
44911 308
44912 308
44913 308
44914 308
44915 308
44916 308
44917 308
44918 308
44919 308
44920 308
44921 308
44922 308
44923 308
44924 308
44925 308
44926 308
44927 308
44928 308
44929 308
44930 308
44931 308
44932 308
44933 308
44934 308
44935 308
44936 308
44937 308
44938 308
44939 308
44940 308
44941 308
44942 308
44943 308
44944 308
44945 308
44946 308
44947 308
44948 308
44949 308
44950 308
44951 308
44952 308
44953 308
44954 308
44955 308
44956 308
44957 308
44958 308
44959 308
44960 308
44961 308
44962 308
44963 308
44964 308
44965 308
44966 308
44967 308
44968 308
44969 308
44970 308
44971 308
44972 308
44973 308
44974 308
44975 308
44976 308
44977 308
44978 308
44979 308
44980 308
44981 308
44982 308
44983 308
44984 308
44985 308
44986 308
44987 308
44988 309
44989 309
44990 309
44991 309
44992 309
44993 309
44994 309
44995 309
44996 309
44997 309
44998 309
44999 309
45000 309
45001 309
45002 309
45003 309
45004 309
45005 309
45006 309
45007 309
45008 309
45009 309
45010 309
45011 309
45012 309
45013 309
45014 309
45015 309
45016 309
45017 309
45018 309
45019 309
45020 309
45021 309
45022 309
45023 309
45024 309
45025 309
45026 309
45027 309
45028 309
45029 309
45030 309
45031 309
45032 309
45033 309
45034 309
45035 309
45036 309
45037 309
45038 309
45039 309
45040 309
45041 309
45042 309
45043 309
45044 309
45045 309
45046 309
45047 309
45048 309
45049 309
45050 309
45051 309
45052 309
45053 309
45054 309
45055 309
45056 309
45057 309
45058 309
45059 309
45060 309
45061 309
45062 309
45063 309
45064 309
45065 309
45066 309
45067 309
45068 309
45069 309
45070 309
45071 309
45072 309
45073 309
45074 309
45075 309
45076 309
45077 309
45078 309
45079 309
45080 309
45081 309
45082 309
45083 309
45084 309
45085 309
45086 309
45087 309
45088 309
45089 309
45090 309
45091 309
45092 309
45093 309
45094 309
45095 309
45096 309
45097 309
45098 309
45099 309
45100 309
45101 309
45102 309
45103 309
45104 309
45105 309
45106 309
45107 309
45108 309
45109 309
45110 309
45111 309
45112 309
45113 309
45114 309
45115 309
45116 309
45117 309
45118 309
45119 309
45120 309
45121 309
45122 309
45123 309
45124 309
45125 309
45126 309
45127 309
45128 309
45129 309
45130 309
45131 309
45132 309
45133 309
45134 309
45135 309
45136 309
45137 309
45138 309
45139 309
45140 309
45141 309
45142 309
45143 309
45144 309
45145 309
45146 309
45147 309
45148 309
45149 309
45150 309
45151 309
45152 309
45153 309
45154 309
45155 309
45156 309
45157 309
45158 309
45159 309
45160 310
45161 310
45162 310
45163 310
45164 310
45165 310
45166 310
45167 310
45168 310
45169 310
45170 310
45171 310
45172 310
45173 310
45174 310
45175 310
45176 310
45177 310
45178 310
45179 310
45180 310
45181 310
45182 310
45183 310
45184 310
45185 310
45186 310
45187 310
45188 310
45189 310
45190 310
45191 310
45192 310
45193 310
45194 310
45195 310
45196 310
45197 310
45198 310
45199 310
45200 310
45201 310
45202 310
45203 310
45204 310
45205 310
45206 310
45207 310
45208 310
45209 310
45210 310
45211 310
45212 310
45213 310
45214 310
45215 310
45216 310
45217 310
45218 310
45219 310
45220 310
45221 310
45222 310
45223 310
45224 310
45225 310
45226 310
45227 310
45228 310
45229 310
45230 310
45231 310
45232 310
45233 310
45234 310
45235 310
45236 310
45237 310
45238 310
45239 310
45240 310
45241 310
45242 310
45243 310
45244 310
45245 310
45246 310
45247 310
45248 310
45249 310
45250 310
45251 310
45252 310
45253 310
45254 310
45255 310
45256 310
45257 310
45258 310
45259 310
45260 310
45261 310
45262 310
45263 310
45264 310
45265 310
45266 310
45267 310
45268 310
45269 310
45270 310
45271 310
45272 310
45273 310
45274 310
45275 310
45276 310
45277 310
45278 310
45279 310
45280 310
45281 310
45282 310
45283 310
45284 310
45285 310
45286 310
45287 310
45288 310
45289 310
45290 310
45291 310
45292 310
45293 310
45294 310
45295 310
45296 310
45297 310
45298 310
45299 310
45300 310
45301 310
45302 310
45303 310
45304 310
45305 310
45306 310
45307 310
45308 310
45309 310
45310 310
45311 310
45312 310
45313 310
45314 310
45315 310
45316 310
45317 310
45318 310
45319 310
45320 310
45321 310
45322 310
45323 310
45324 310
45325 310
45326 310
45327 310
45328 310
45329 310
45330 310
45331 310
45332 310
45333 310
45334 310
45335 310
45336 310
45337 310
45338 310
45339 310
45340 310
45341 310
45342 310
45343 310
45344 310
45345 310
45346 310
45347 310
45348 310
45349 310
45350 310
45351 310
45352 310
45353 310
45354 310
45355 311
45356 311
45357 311
45358 311
45359 311
45360 311
45361 311
45362 311
45363 311
45364 311
45365 311
45366 311
45367 311
45368 311
45369 311
45370 311
45371 311
45372 311
45373 311
45374 311
45375 311
45376 311
45377 311
45378 311
45379 311
45380 311
45381 311
45382 311
45383 311
45384 311
45385 311
45386 311
45387 311
45388 311
45389 311
45390 311
45391 311
45392 311
45393 311
45394 311
45395 311
45396 311
45397 311
45398 311
45399 311
45400 311
45401 311
45402 311
45403 311
45404 311
45405 311
45406 311
45407 311
45408 311
45409 311
45410 311
45411 311
45412 311
45413 311
45414 311
45415 311
45416 311
45417 311
45418 311
45419 311
45420 311
45421 311
45422 311
45423 311
45424 311
45425 311
45426 311
45427 311
45428 311
45429 311
45430 311
45431 311
45432 311
45433 311
45434 311
45435 311
45436 311
45437 311
45438 311
45439 311
45440 311
45441 311
45442 311
45443 311
45444 311
45445 311
45446 311
45447 311
45448 311
45449 311
45450 311
45451 311
45452 311
45453 311
45454 311
45455 311
45456 311
45457 311
45458 311
45459 311
45460 311
45461 311
45462 311
45463 311
45464 311
45465 311
45466 311
45467 311
45468 311
45469 311
45470 311
45471 311
45472 311
45473 311
45474 311
45475 311
45476 311
45477 311
45478 311
45479 311
45480 311
45481 311
45482 311
45483 311
45484 311
45485 311
45486 311
45487 311
45488 311
45489 311
45490 311
45491 311
45492 311
45493 311
45494 311
45495 311
45496 311
45497 311
45498 311
45499 311
45500 311
45501 311
45502 311
45503 311
45504 311
45505 311
45506 311
45507 311
45508 311
45509 311
45510 311
45511 311
45512 311
45513 311
45514 311
45515 311
45516 311
45517 311
45518 311
45519 311
45520 311
45521 311
45522 311
45523 311
45524 311
45525 311
45526 311
45527 311
45528 311
45529 311
45530 311
45531 311
45532 311
45533 311
45534 311
45535 311
45536 311
45537 311
45538 311
45539 311
45540 311
45541 311
45542 312
45543 312
45544 312
45545 312
45546 312
45547 312
45548 312
45549 312
45550 312
45551 312
45552 312
45553 312
45554 312
45555 312
45556 312
45557 312
45558 312
45559 312
45560 312
45561 312
45562 312
45563 312
45564 312
45565 312
45566 312
45567 312
45568 312
45569 312
45570 312
45571 312
45572 312
45573 312
45574 312
45575 312
45576 312
45577 312
45578 312
45579 312
45580 312
45581 312
45582 312
45583 312
45584 312
45585 312
45586 312
45587 312
45588 312
45589 312
45590 312
45591 312
45592 312
45593 312
45594 312
45595 312
45596 312
45597 312
45598 312
45599 312
45600 312
45601 312
45602 312
45603 312
45604 312
45605 312
45606 312
45607 312
45608 312
45609 312
45610 312
45611 312
45612 312
45613 312
45614 312
45615 312
45616 312
45617 312
45618 312
45619 312
45620 312
45621 312
45622 312
45623 312
45624 312
45625 312
45626 312
45627 312
45628 312
45629 312
45630 312
45631 312
45632 312
45633 312
45634 312
45635 312
45636 312
45637 312
45638 312
45639 312
45640 312
45641 312
45642 312
45643 312
45644 312
45645 312
45646 312
45647 312
45648 312
45649 312
45650 312
45651 312
45652 312
45653 312
45654 312
45655 312
45656 312
45657 312
45658 312
45659 312
45660 312
45661 312
45662 312
45663 312
45664 312
45665 312
45666 312
45667 312
45668 312
45669 312
45670 312
45671 312
45672 312
45673 312
45674 312
45675 312
45676 312
45677 312
45678 312
45679 312
45680 312
45681 312
45682 312
45683 312
45684 312
45685 312
45686 312
45687 312
45688 312
45689 312
45690 312
45691 312
45692 312
45693 312
45694 312
45695 312
45696 312
45697 312
45698 312
45699 312
45700 312
45701 312
45702 312
45703 312
45704 312
45705 312
45706 312
45707 312
45708 312
45709 312
45710 312
45711 312
45712 312
45713 312
45714 312
45715 312
45716 312
45717 312
45718 312
45719 312
45720 312
45721 312
45722 312
45723 312
45724 312
45725 312
45726 312
45727 312
45728 312
45729 312
45730 313
45731 313
45732 313
45733 313
45734 313
45735 313
45736 313
45737 313
45738 313
45739 313
45740 313
45741 313
45742 313
45743 313
45744 313
45745 313
45746 313
45747 313
45748 313
45749 313
45750 313
45751 313
45752 313
45753 313
45754 313
45755 313
45756 313
45757 313
45758 313
45759 313
45760 313
45761 313
45762 313
45763 313
45764 313
45765 313
45766 313
45767 313
45768 313
45769 313
45770 313
45771 313
45772 313
45773 313
45774 313
45775 313
45776 313
45777 313
45778 313
45779 313
45780 313
45781 313
45782 313
45783 313
45784 313
45785 313
45786 313
45787 313
45788 313
45789 313
45790 313
45791 313
45792 313
45793 313
45794 313
45795 313
45796 313
45797 313
45798 313
45799 313
45800 313
45801 313
45802 313
45803 313
45804 313
45805 313
45806 313
45807 313
45808 313
45809 313
45810 313
45811 313
45812 313
45813 313
45814 313
45815 313
45816 313
45817 313
45818 313
45819 313
45820 313
45821 313
45822 313
45823 313
45824 313
45825 313
45826 313
45827 313
45828 313
45829 313
45830 313
45831 313
45832 313
45833 313
45834 313
45835 313
45836 313
45837 313
45838 313
45839 313
45840 313
45841 313
45842 313
45843 313
45844 313
45845 313
45846 313
45847 313
45848 313
45849 313
45850 313
45851 313
45852 313
45853 313
45854 313
45855 313
45856 313
45857 313
45858 313
45859 313
45860 313
45861 313
45862 313
45863 313
45864 313
45865 313
45866 313
45867 313
45868 313
45869 313
45870 313
45871 313
45872 313
45873 313
45874 313
45875 313
45876 313
45877 313
45878 313
45879 313
45880 313
45881 313
45882 313
45883 313
45884 313
45885 313
45886 314
45887 314
45888 314
45889 314
45890 314
45891 314
45892 314
45893 314
45894 314
45895 314
45896 314
45897 314
45898 314
45899 314
45900 314
45901 314
45902 314
45903 314
45904 314
45905 314
45906 314
45907 314
45908 314
45909 314
45910 314
45911 314
45912 314
45913 314
45914 314
45915 314
45916 314
45917 314
45918 314
45919 314
45920 314
45921 314
45922 314
45923 314
45924 314
45925 314
45926 314
45927 314
45928 314
45929 314
45930 314
45931 314
45932 314
45933 314
45934 314
45935 314
45936 314
45937 314
45938 314
45939 314
45940 314
45941 314
45942 314
45943 314
45944 314
45945 314
45946 314
45947 314
45948 314
45949 314
45950 314
45951 314
45952 314
45953 314
45954 314
45955 314
45956 314
45957 314
45958 314
45959 314
45960 314
45961 314
45962 314
45963 314
45964 314
45965 314
45966 314
45967 314
45968 314
45969 314
45970 314
45971 314
45972 314
45973 314
45974 314
45975 314
45976 314
45977 314
45978 314
45979 314
45980 314
45981 314
45982 314
45983 314
45984 314
45985 314
45986 314
45987 314
45988 314
45989 314
45990 314
45991 314
45992 314
45993 314
45994 314
45995 314
45996 314
45997 314
45998 314
45999 314
46000 314
46001 314
46002 314
46003 314
46004 314
46005 314
46006 314
46007 314
46008 314
46009 314
46010 314
46011 315
46012 315
46013 315
46014 315
46015 315
46016 315
46017 315
46018 315
46019 315
46020 315
46021 315
46022 315
46023 315
46024 315
46025 315
46026 315
46027 315
46028 315
46029 315
46030 315
46031 315
46032 315
46033 315
46034 315
46035 315
46036 315
46037 315
46038 315
46039 315
46040 315
46041 315
46042 315
46043 315
46044 315
46045 315
46046 315
46047 315
46048 315
46049 315
46050 315
46051 315
46052 315
46053 315
46054 315
46055 315
46056 315
46057 315
46058 315
46059 315
46060 315
46061 315
46062 315
46063 315
46064 315
46065 315
46066 315
46067 315
46068 315
46069 315
46070 315
46071 315
46072 315
46073 315
46074 315
46075 315
46076 315
46077 315
46078 315
46079 315
46080 315
46081 315
46082 315
46083 315
46084 315
46085 315
46086 315
46087 315
46088 315
46089 315
46090 315
46091 315
46092 315
46093 315
46094 315
46095 315
46096 315
46097 315
46098 315
46099 315
46100 315
46101 315
46102 315
46103 315
46104 315
46105 315
46106 315
46107 315
46108 315
46109 315
46110 315
46111 315
46112 315
46113 315
46114 315
46115 315
46116 315
46117 315
46118 315
46119 315
46120 315
46121 315
46122 315
46123 315
46124 315
46125 315
46126 315
46127 315
46128 315
46129 315
46130 315
46131 315
46132 315
46133 315
46134 315
46135 315
46136 315
46137 315
46138 315
46139 315
46140 315
46141 315
46142 315
46143 315
46144 315
46145 315
46146 315
46147 315
46148 315
46149 315
46150 315
46151 315
46152 315
46153 315
46154 315
46155 315
46156 315
46157 315
46158 315
46159 315
46160 315
46161 315
46162 315
46163 315
46164 315
46165 315
46166 315
46167 315
46168 315
46169 315
46170 315
46171 315
46172 315
46173 315
46174 315
46175 315
46176 315
46177 315
46178 315
46179 315
46180 315
46181 315
46182 315
46183 315
46184 315
46185 315
46186 315
46187 315
46188 315
46189 315
46190 315
46191 315
46192 315
46193 315
46194 315
46195 315
46196 315
46197 315
46198 315
46199 315
46200 315
46201 315
46202 315
46203 315
46204 315
46205 315
46206 315
46207 315
46208 315
46209 315
46210 315
46211 315
46212 315
46213 315
46214 315
46215 315
46216 315
46217 315
46218 315
46219 315
46220 315
46221 315
46222 315
46223 315
46224 315
46225 315
46226 315
46227 315
46228 315
46229 315
46230 315
46231 315
46232 315
46233 315
46234 315
46235 315
46236 315
46237 315
46238 315
46239 315
46240 315
46241 315
46242 315
46243 315
46244 315
46245 315
46246 315
46247 315
46248 315
46249 315
46250 315
46251 315
46252 315
46253 315
46254 315
46255 315
46256 315
46257 315
46258 315
46259 315
46260 315
46261 315
46262 315
46263 315
46264 315
46265 315
46266 315
46267 315
46268 315
46269 315
46270 315
46271 315
46272 315
46273 315
46274 315
46275 315
46276 315
46277 315
46278 315
46279 315
46280 315
46281 315
46282 315
46283 315
46284 315
46285 315
46286 315
46287 315
46288 315
46289 315
46290 315
46291 315
46292 316
46293 316
46294 316
46295 316
46296 316
46297 316
46298 316
46299 316
46300 316
46301 316
46302 316
46303 316
46304 316
46305 316
46306 316
46307 316
46308 316
46309 316
46310 316
46311 316
46312 316
46313 316
46314 316
46315 316
46316 316
46317 316
46318 316
46319 316
46320 316
46321 316
46322 316
46323 316
46324 316
46325 316
46326 316
46327 316
46328 316
46329 316
46330 316
46331 316
46332 316
46333 316
46334 316
46335 316
46336 316
46337 316
46338 316
46339 316
46340 316
46341 316
46342 316
46343 316
46344 316
46345 316
46346 316
46347 316
46348 316
46349 316
46350 316
46351 316
46352 316
46353 316
46354 316
46355 316
46356 316
46357 316
46358 316
46359 316
46360 316
46361 316
46362 316
46363 316
46364 316
46365 316
46366 316
46367 316
46368 316
46369 316
46370 316
46371 316
46372 316
46373 316
46374 316
46375 316
46376 316
46377 316
46378 316
46379 316
46380 316
46381 316
46382 316
46383 316
46384 316
46385 316
46386 316
46387 316
46388 316
46389 316
46390 316
46391 316
46392 316
46393 316
46394 316
46395 316
46396 316
46397 316
46398 316
46399 316
46400 316
46401 316
46402 316
46403 316
46404 316
46405 316
46406 316
46407 316
46408 316
46409 316
46410 316
46411 316
46412 316
46413 316
46414 316
46415 316
46416 316
46417 316
46418 316
46419 316
46420 316
46421 316
46422 316
46423 316
46424 316
46425 316
46426 316
46427 316
46428 316
46429 316
46430 316
46431 316
46432 316
46433 316
46434 316
46435 316
46436 316
46437 316
46438 316
46439 316
46440 316
46441 316
46442 316
46443 316
46444 316
46445 316
46446 316
46447 316
46448 316
46449 316
46450 316
46451 316
46452 316
46453 316
46454 316
46455 316
46456 316
46457 316
46458 316
46459 316
46460 316
46461 316
46462 316
46463 316
46464 316
46465 316
46466 316
46467 316
46468 316
46469 316
46470 316
46471 316
46472 316
46473 316
46474 316
46475 316
46476 316
46477 316
46478 316
46479 316
46480 316
46481 316
46482 316
46483 316
46484 316
46485 316
46486 316
46487 316
46488 316
46489 316
46490 316
46491 316
46492 317
46493 317
46494 317
46495 317
46496 317
46497 317
46498 317
46499 317
46500 317
46501 317
46502 317
46503 317
46504 317
46505 317
46506 317
46507 317
46508 317
46509 317
46510 317
46511 317
46512 317
46513 317
46514 317
46515 317
46516 317
46517 317
46518 317
46519 317
46520 317
46521 317
46522 317
46523 317
46524 317
46525 317
46526 317
46527 317
46528 317
46529 317
46530 317
46531 317
46532 317
46533 317
46534 317
46535 317
46536 317
46537 317
46538 317
46539 317
46540 317
46541 317
46542 317
46543 317
46544 317
46545 317
46546 317
46547 317
46548 317
46549 317
46550 317
46551 317
46552 317
46553 317
46554 317
46555 317
46556 317
46557 317
46558 317
46559 317
46560 317
46561 317
46562 317
46563 317
46564 317
46565 317
46566 317
46567 317
46568 317
46569 317
46570 317
46571 317
46572 317
46573 317
46574 317
46575 317
46576 317
46577 317
46578 317
46579 317
46580 317
46581 317
46582 317
46583 317
46584 317
46585 317
46586 317
46587 317
46588 317
46589 317
46590 317
46591 317
46592 317
46593 317
46594 317
46595 317
46596 317
46597 317
46598 317
46599 317
46600 317
46601 317
46602 317
46603 317
46604 317
46605 317
46606 317
46607 317
46608 317
46609 317
46610 317
46611 317
46612 317
46613 317
46614 317
46615 317
46616 317
46617 317
46618 317
46619 317
46620 317
46621 317
46622 318
46623 318
46624 318
46625 318
46626 318
46627 318
46628 318
46629 318
46630 318
46631 318
46632 318
46633 318
46634 318
46635 318
46636 318
46637 318
46638 318
46639 318
46640 318
46641 318
46642 318
46643 318
46644 318
46645 318
46646 318
46647 318
46648 318
46649 318
46650 318
46651 318
46652 318
46653 318
46654 318
46655 318
46656 318
46657 318
46658 318
46659 318
46660 318
46661 318
46662 318
46663 318
46664 318
46665 318
46666 318
46667 318
46668 318
46669 318
46670 318
46671 318
46672 318
46673 318
46674 318
46675 318
46676 318
46677 318
46678 318
46679 318
46680 318
46681 318
46682 318
46683 318
46684 318
46685 318
46686 318
46687 318
46688 318
46689 318
46690 318
46691 318
46692 318
46693 318
46694 318
46695 318
46696 318
46697 318
46698 318
46699 318
46700 318
46701 318
46702 319
46703 319
46704 319
46705 319
46706 319
46707 319
46708 319
46709 319
46710 319
46711 319
46712 319
46713 319
46714 319
46715 319
46716 319
46717 319
46718 319
46719 319
46720 319
46721 319
46722 319
46723 319
46724 319
46725 319
46726 319
46727 319
46728 319
46729 319
46730 319
46731 319
46732 319
46733 319
46734 319
46735 319
46736 319
46737 319
46738 319
46739 319
46740 319
46741 319
46742 319
46743 319
46744 319
46745 319
46746 319
46747 319
46748 319
46749 319
46750 319
46751 319
46752 319
46753 319
46754 319
46755 319
46756 319
46757 319
46758 319
46759 319
46760 319
46761 319
46762 319
46763 319
46764 319
46765 319
46766 319
46767 319
46768 319
46769 319
46770 319
46771 319
46772 319
46773 319
46774 319
46775 319
46776 319
46777 319
46778 319
46779 319
46780 319
46781 319
46782 319
46783 319
46784 319
46785 319
46786 319
46787 319
46788 319
46789 319
46790 319
46791 319
46792 319
46793 319
46794 319
46795 319
46796 319
46797 319
46798 319
46799 319
46800 319
46801 319
46802 319
46803 319
46804 319
46805 319
46806 319
46807 319
46808 319
46809 319
46810 319
46811 319
46812 319
46813 319
46814 319
46815 319
46816 319
46817 319
46818 319
46819 319
46820 319
46821 319
46822 319
46823 319
46824 319
46825 319
46826 319
46827 319
46828 319
46829 319
46830 319
46831 320
46832 320
46833 320
46834 320
46835 320
46836 320
46837 320
46838 320
46839 320
46840 320
46841 320
46842 320
46843 320
46844 320
46845 320
46846 320
46847 320
46848 320
46849 320
46850 320
46851 320
46852 320
46853 320
46854 320
46855 320
46856 320
46857 320
46858 320
46859 320
46860 320
46861 320
46862 320
46863 320
46864 320
46865 320
46866 320
46867 320
46868 320
46869 320
46870 320
46871 320
46872 320
46873 320
46874 320
46875 320
46876 320
46877 320
46878 320
46879 320
46880 320
46881 320
46882 320
46883 320
46884 320
46885 320
46886 320
46887 320
46888 320
46889 320
46890 320
46891 320
46892 320
46893 320
46894 320
46895 320
46896 320
46897 320
46898 320
46899 320
46900 320
46901 320
46902 320
46903 320
46904 320
46905 320
46906 320
46907 320
46908 320
46909 320
46910 320
46911 320
46912 320
46913 320
46914 320
46915 320
46916 320
46917 320
46918 320
46919 320
46920 320
46921 320
46922 320
46923 320
46924 320
46925 320
46926 320
46927 320
46928 320
46929 320
46930 320
46931 320
46932 320
46933 320
46934 320
46935 320
46936 320
46937 320
46938 320
46939 320
46940 320
46941 320
46942 320
46943 320
46944 320
46945 320
46946 320
46947 320
46948 320
46949 320
46950 320
46951 320
46952 320
46953 320
46954 320
46955 320
46956 320
46957 320
46958 320
46959 320
46960 320
46961 320
46962 320
46963 320
46964 320
46965 320
46966 320
46967 320
46968 320
46969 320
46970 320
46971 320
46972 320
46973 321
46974 321
46975 321
46976 321
46977 321
46978 321
46979 321
46980 321
46981 321
46982 321
46983 321
46984 321
46985 321
46986 321
46987 321
46988 321
46989 321
46990 321
46991 321
46992 321
46993 321
46994 321
46995 321
46996 321
46997 321
46998 321
46999 321
47000 321
47001 321
47002 321
47003 321
47004 321
47005 321
47006 321
47007 321
47008 321
47009 321
47010 321
47011 321
47012 321
47013 321
47014 321
47015 321
47016 321
47017 321
47018 321
47019 321
47020 321
47021 321
47022 321
47023 321
47024 321
47025 321
47026 321
47027 321
47028 321
47029 321
47030 321
47031 321
47032 321
47033 321
47034 321
47035 321
47036 321
47037 321
47038 321
47039 321
47040 321
47041 321
47042 321
47043 321
47044 321
47045 321
47046 321
47047 321
47048 321
47049 321
47050 321
47051 321
47052 321
47053 321
47054 321
47055 321
47056 321
47057 321
47058 321
47059 321
47060 321
47061 321
47062 321
47063 321
47064 321
47065 321
47066 321
47067 321
47068 321
47069 321
47070 321
47071 321
47072 321
47073 321
47074 321
47075 321
47076 321
47077 321
47078 321
47079 321
47080 321
47081 321
47082 321
47083 321
47084 321
47085 321
47086 321
47087 321
47088 321
47089 321
47090 321
47091 321
47092 321
47093 321
47094 321
47095 321
47096 321
47097 321
47098 321
47099 321
47100 321
47101 321
47102 321
47103 321
47104 321
47105 321
47106 321
47107 321
47108 321
47109 321
47110 321
47111 321
47112 321
47113 321
47114 321
47115 321
47116 321
47117 322
47118 322
47119 322
47120 322
47121 322
47122 322
47123 322
47124 322
47125 322
47126 322
47127 322
47128 322
47129 322
47130 322
47131 322
47132 322
47133 322
47134 322
47135 322
47136 322
47137 322
47138 322
47139 322
47140 322
47141 322
47142 322
47143 322
47144 322
47145 322
47146 322
47147 322
47148 322
47149 322
47150 322
47151 322
47152 322
47153 322
47154 322
47155 322
47156 322
47157 322
47158 322
47159 322
47160 322
47161 322
47162 322
47163 322
47164 322
47165 322
47166 322
47167 322
47168 322
47169 322
47170 322
47171 322
47172 322
47173 322
47174 322
47175 322
47176 322
47177 322
47178 322
47179 322
47180 322
47181 322
47182 322
47183 322
47184 322
47185 322
47186 322
47187 322
47188 322
47189 322
47190 322
47191 322
47192 322
47193 322
47194 322
47195 322
47196 322
47197 322
47198 322
47199 322
47200 322
47201 322
47202 322
47203 322
47204 322
47205 322
47206 322
47207 322
47208 322
47209 322
47210 322
47211 323
47212 323
47213 323
47214 323
47215 323
47216 323
47217 323
47218 323
47219 323
47220 323
47221 323
47222 323
47223 323
47224 323
47225 323
47226 323
47227 323
47228 323
47229 323
47230 323
47231 323
47232 323
47233 323
47234 323
47235 323
47236 323
47237 323
47238 323
47239 323
47240 323
47241 323
47242 323
47243 323
47244 323
47245 323
47246 323
47247 323
47248 323
47249 323
47250 323
47251 323
47252 323
47253 323
47254 323
47255 323
47256 323
47257 323
47258 323
47259 323
47260 323
47261 323
47262 323
47263 323
47264 323
47265 323
47266 323
47267 323
47268 323
47269 323
47270 323
47271 323
47272 323
47273 323
47274 323
47275 323
47276 323
47277 323
47278 323
47279 323
47280 323
47281 323
47282 323
47283 323
47284 323
47285 323
47286 323
47287 323
47288 323
47289 323
47290 323
47291 323
47292 323
47293 323
47294 323
47295 323
47296 323
47297 323
47298 323
47299 323
47300 323
47301 323
47302 323
47303 323
47304 323
47305 323
47306 323
47307 323
47308 323
47309 323
47310 323
47311 323
47312 323
47313 323
47314 323
47315 323
47316 323
47317 323
47318 323
47319 323
47320 323
47321 323
47322 323
47323 323
47324 323
47325 323
47326 323
47327 323
47328 323
47329 324
47330 324
47331 324
47332 324
47333 324
47334 324
47335 324
47336 324
47337 324
47338 324
47339 324
47340 324
47341 324
47342 324
47343 324
47344 324
47345 324
47346 324
47347 324
47348 324
47349 324
47350 324
47351 324
47352 324
47353 324
47354 324
47355 324
47356 324
47357 324
47358 324
47359 324
47360 324
47361 324
47362 324
47363 324
47364 324
47365 324
47366 324
47367 324
47368 324
47369 324
47370 324
47371 324
47372 324
47373 324
47374 324
47375 324
47376 324
47377 324
47378 324
47379 324
47380 324
47381 324
47382 324
47383 324
47384 324
47385 324
47386 324
47387 324
47388 324
47389 324
47390 324
47391 324
47392 324
47393 324
47394 324
47395 324
47396 324
47397 324
47398 324
47399 324
47400 324
47401 324
47402 324
47403 324
47404 324
47405 324
47406 324
47407 324
47408 324
47409 324
47410 324
47411 324
47412 324
47413 324
47414 324
47415 324
47416 324
47417 324
47418 324
47419 324
47420 324
47421 324
47422 324
47423 324
47424 324
47425 324
47426 324
47427 324
47428 324
47429 324
47430 324
47431 324
47432 324
47433 324
47434 324
47435 324
47436 324
47437 324
47438 324
47439 324
47440 324
47441 324
47442 324
47443 324
47444 324
47445 324
47446 324
47447 324
47448 324
47449 324
47450 324
47451 324
47452 324
47453 324
47454 325
47455 325
47456 325
47457 325
47458 325
47459 325
47460 325
47461 325
47462 325
47463 325
47464 325
47465 325
47466 325
47467 325
47468 325
47469 325
47470 325
47471 325
47472 325
47473 325
47474 325
47475 325
47476 325
47477 325
47478 325
47479 325
47480 325
47481 325
47482 325
47483 325
47484 325
47485 325
47486 325
47487 325
47488 325
47489 325
47490 325
47491 325
47492 325
47493 325
47494 325
47495 325
47496 325
47497 325
47498 325
47499 325
47500 325
47501 325
47502 325
47503 325
47504 325
47505 325
47506 325
47507 325
47508 325
47509 325
47510 325
47511 325
47512 325
47513 325
47514 325
47515 325
47516 325
47517 325
47518 325
47519 325
47520 325
47521 325
47522 325
47523 325
47524 325
47525 325
47526 325
47527 325
47528 325
47529 325
47530 325
47531 325
47532 325
47533 325
47534 325
47535 325
47536 325
47537 325
47538 325
47539 325
47540 325
47541 325
47542 325
47543 325
47544 325
47545 325
47546 325
47547 325
47548 325
47549 325
47550 325
47551 325
47552 325
47553 325
47554 325
47555 325
47556 325
47557 325
47558 325
47559 325
47560 325
47561 325
47562 325
47563 325
47564 325
47565 325
47566 325
47567 325
47568 325
47569 325
47570 325
47571 325
47572 325
47573 325
47574 325
47575 325
47576 325
47577 325
47578 325
47579 325
47580 325
47581 325
47582 325
47583 325
47584 325
47585 325
47586 325
47587 325
47588 325
47589 325
47590 325
47591 325
47592 325
47593 325
47594 325
47595 325
47596 325
47597 325
47598 325
47599 325
47600 325
47601 325
47602 325
47603 325
47604 325
47605 325
47606 325
47607 325
47608 325
47609 325
47610 325
47611 325
47612 325
47613 325
47614 325
47615 325
47616 325
47617 325
47618 325
47619 325
47620 325
47621 325
47622 325
47623 325
47624 325
47625 325
47626 325
47627 325
47628 325
47629 325
47630 325
47631 325
47632 325
47633 325
47634 325
47635 325
47636 325
47637 325
47638 325
47639 325
47640 325
47641 325
47642 325
47643 325
47644 325
47645 325
47646 325
47647 325
47648 325
47649 325
47650 325
47651 325
47652 325
47653 325
47654 325
47655 325
47656 325
47657 325
47658 325
47659 325
47660 325
47661 325
47662 325
47663 326
47664 326
47665 326
47666 326
47667 326
47668 326
47669 326
47670 326
47671 326
47672 326
47673 326
47674 326
47675 326
47676 326
47677 326
47678 326
47679 326
47680 326
47681 326
47682 326
47683 326
47684 326
47685 326
47686 326
47687 326
47688 326
47689 326
47690 326
47691 326
47692 326
47693 326
47694 326
47695 326
47696 326
47697 326
47698 326
47699 326
47700 326
47701 326
47702 326
47703 326
47704 326
47705 326
47706 326
47707 326
47708 326
47709 326
47710 326
47711 326
47712 326
47713 326
47714 326
47715 326
47716 326
47717 326
47718 326
47719 326
47720 326
47721 326
47722 326
47723 326
47724 326
47725 326
47726 326
47727 326
47728 326
47729 326
47730 326
47731 326
47732 326
47733 326
47734 326
47735 326
47736 326
47737 326
47738 326
47739 326
47740 326
47741 326
47742 326
47743 326
47744 326
47745 326
47746 326
47747 326
47748 326
47749 326
47750 326
47751 326
47752 326
47753 326
47754 326
47755 326
47756 326
47757 326
47758 326
47759 326
47760 326
47761 326
47762 326
47763 326
47764 326
47765 326
47766 326
47767 326
47768 326
47769 326
47770 326
47771 326
47772 326
47773 326
47774 326
47775 326
47776 326
47777 326
47778 326
47779 326
47780 326
47781 326
47782 326
47783 326
47784 326
47785 326
47786 326
47787 326
47788 326
47789 326
47790 326
47791 326
47792 326
47793 326
47794 326
47795 326
47796 326
47797 326
47798 327
47799 327
47800 327
47801 327
47802 327
47803 327
47804 327
47805 327
47806 327
47807 327
47808 327
47809 327
47810 327
47811 327
47812 327
47813 327
47814 327
47815 327
47816 327
47817 327
47818 327
47819 327
47820 327
47821 327
47822 327
47823 327
47824 327
47825 327
47826 327
47827 327
47828 327
47829 327
47830 327
47831 327
47832 327
47833 327
47834 327
47835 327
47836 327
47837 327
47838 327
47839 327
47840 327
47841 327
47842 327
47843 327
47844 327
47845 327
47846 327
47847 327
47848 327
47849 327
47850 327
47851 327
47852 327
47853 327
47854 327
47855 327
47856 327
47857 327
47858 327
47859 327
47860 327
47861 327
47862 327
47863 327
47864 327
47865 327
47866 327
47867 327
47868 327
47869 327
47870 327
47871 327
47872 327
47873 327
47874 327
47875 327
47876 327
47877 327
47878 327
47879 327
47880 327
47881 327
47882 327
47883 327
47884 327
47885 327
47886 327
47887 327
47888 327
47889 327
47890 327
47891 327
47892 327
47893 327
47894 327
47895 327
47896 327
47897 327
47898 327
47899 327
47900 327
47901 327
47902 327
47903 327
47904 327
47905 327
47906 327
47907 327
47908 327
47909 327
47910 327
47911 327
47912 327
47913 327
47914 327
47915 327
47916 327
47917 327
47918 327
47919 327
47920 327
47921 327
47922 327
47923 327
47924 327
47925 327
47926 327
47927 327
47928 327
47929 327
47930 327
47931 327
47932 327
47933 327
47934 327
47935 327
47936 327
47937 327
47938 327
47939 327
47940 327
47941 327
47942 327
47943 327
47944 328
47945 328
47946 328
47947 328
47948 328
47949 328
47950 328
47951 328
47952 328
47953 328
47954 328
47955 328
47956 328
47957 328
47958 328
47959 328
47960 328
47961 328
47962 328
47963 328
47964 328
47965 328
47966 328
47967 328
47968 328
47969 328
47970 328
47971 328
47972 328
47973 328
47974 328
47975 328
47976 328
47977 328
47978 328
47979 328
47980 328
47981 328
47982 328
47983 328
47984 328
47985 328
47986 328
47987 328
47988 328
47989 328
47990 328
47991 328
47992 328
47993 328
47994 328
47995 328
47996 328
47997 328
47998 328
47999 328
48000 328
48001 328
48002 328
48003 328
48004 328
48005 328
48006 328
48007 328
48008 328
48009 328
48010 328
48011 328
48012 328
48013 328
48014 328
48015 328
48016 328
48017 328
48018 328
48019 328
48020 328
48021 328
48022 328
48023 328
48024 328
48025 328
48026 328
48027 328
48028 328
48029 328
48030 328
48031 328
48032 328
48033 328
48034 328
48035 328
48036 328
48037 328
48038 328
48039 328
48040 328
48041 328
48042 328
48043 328
48044 328
48045 328
48046 328
48047 328
48048 328
48049 328
48050 328
48051 328
48052 328
48053 328
48054 328
48055 328
48056 328
48057 328
48058 328
48059 328
48060 328
48061 328
48062 328
48063 328
48064 328
48065 328
48066 328
48067 328
48068 328
48069 328
48070 328
48071 328
48072 328
48073 328
48074 328
48075 329
48076 329
48077 329
48078 329
48079 329
48080 329
48081 329
48082 329
48083 329
48084 329
48085 329
48086 329
48087 329
48088 329
48089 329
48090 329
48091 329
48092 329
48093 329
48094 329
48095 329
48096 329
48097 329
48098 329
48099 329
48100 329
48101 329
48102 329
48103 329
48104 329
48105 329
48106 329
48107 329
48108 329
48109 329
48110 329
48111 329
48112 329
48113 329
48114 329
48115 329
48116 329
48117 329
48118 329
48119 329
48120 329
48121 329
48122 329
48123 329
48124 329
48125 329
48126 329
48127 329
48128 329
48129 329
48130 329
48131 329
48132 329
48133 329
48134 329
48135 329
48136 329
48137 329
48138 329
48139 329
48140 329
48141 329
48142 329
48143 329
48144 329
48145 329
48146 329
48147 329
48148 329
48149 329
48150 329
48151 329
48152 329
48153 329
48154 329
48155 329
48156 329
48157 329
48158 329
48159 329
48160 329
48161 329
48162 329
48163 329
48164 329
48165 329
48166 329
48167 329
48168 329
48169 329
48170 329
48171 329
48172 329
48173 329
48174 329
48175 329
48176 329
48177 329
48178 329
48179 329
48180 329
48181 329
48182 329
48183 329
48184 329
48185 329
48186 329
48187 329
48188 329
48189 329
48190 329
48191 329
48192 329
48193 329
48194 330
48195 330
48196 330
48197 330
48198 330
48199 330
48200 330
48201 330
48202 330
48203 330
48204 330
48205 330
48206 330
48207 330
48208 330
48209 330
48210 330
48211 330
48212 330
48213 330
48214 330
48215 330
48216 330
48217 330
48218 330
48219 330
48220 330
48221 330
48222 330
48223 330
48224 330
48225 330
48226 330
48227 330
48228 330
48229 330
48230 330
48231 330
48232 330
48233 330
48234 330
48235 330
48236 330
48237 330
48238 330
48239 330
48240 330
48241 330
48242 330
48243 330
48244 330
48245 330
48246 330
48247 330
48248 330
48249 330
48250 330
48251 330
48252 330
48253 330
48254 330
48255 330
48256 330
48257 330
48258 330
48259 330
48260 330
48261 330
48262 330
48263 330
48264 330
48265 330
48266 330
48267 330
48268 330
48269 330
48270 330
48271 330
48272 330
48273 330
48274 330
48275 330
48276 330
48277 330
48278 330
48279 330
48280 330
48281 330
48282 330
48283 330
48284 330
48285 330
48286 330
48287 330
48288 330
48289 330
48290 330
48291 330
48292 330
48293 330
48294 330
48295 330
48296 330
48297 330
48298 330
48299 330
48300 330
48301 330
48302 330
48303 330
48304 330
48305 330
48306 330
48307 330
48308 330
48309 330
48310 330
48311 330
48312 330
48313 330
48314 330
48315 330
48316 330
48317 330
48318 330
48319 330
48320 330
48321 330
48322 330
48323 330
48324 330
48325 330
48326 330
48327 330
48328 330
48329 330
48330 330
48331 330
48332 330
48333 330
48334 330
48335 330
48336 330
48337 330
48338 330
48339 330
48340 330
48341 330
48342 330
48343 330
48344 330
48345 330
48346 330
48347 330
48348 330
48349 330
48350 330
48351 330
48352 330
48353 330
48354 330
48355 330
48356 330
48357 330
48358 330
48359 330
48360 330
48361 330
48362 330
48363 330
48364 330
48365 330
48366 330
48367 330
48368 330
48369 330
48370 330
48371 331
48372 331
48373 331
48374 331
48375 331
48376 331
48377 331
48378 331
48379 331
48380 331
48381 331
48382 331
48383 331
48384 331
48385 331
48386 331
48387 331
48388 331
48389 331
48390 331
48391 331
48392 331
48393 331
48394 331
48395 331
48396 331
48397 331
48398 331
48399 331
48400 331
48401 331
48402 331
48403 331
48404 331
48405 331
48406 331
48407 331
48408 331
48409 331
48410 331
48411 331
48412 331
48413 331
48414 331
48415 331
48416 331
48417 331
48418 331
48419 331
48420 331
48421 331
48422 331
48423 331
48424 331
48425 331
48426 331
48427 331
48428 331
48429 331
48430 331
48431 331
48432 331
48433 331
48434 331
48435 331
48436 331
48437 331
48438 331
48439 331
48440 331
48441 331
48442 331
48443 331
48444 331
48445 331
48446 331
48447 331
48448 331
48449 331
48450 331
48451 331
48452 331
48453 331
48454 331
48455 331
48456 331
48457 331
48458 331
48459 331
48460 331
48461 331
48462 331
48463 331
48464 331
48465 331
48466 331
48467 331
48468 331
48469 331
48470 331
48471 331
48472 331
48473 331
48474 331
48475 331
48476 331
48477 331
48478 331
48479 331
48480 331
48481 331
48482 331
48483 331
48484 331
48485 331
48486 331
48487 331
48488 331
48489 331
48490 331
48491 331
48492 332
48493 332
48494 332
48495 332
48496 332
48497 332
48498 332
48499 332
48500 332
48501 332
48502 332
48503 332
48504 332
48505 332
48506 332
48507 332
48508 332
48509 332
48510 332
48511 332
48512 332
48513 332
48514 332
48515 332
48516 332
48517 332
48518 332
48519 332
48520 332
48521 332
48522 332
48523 332
48524 332
48525 332
48526 332
48527 332
48528 332
48529 332
48530 332
48531 332
48532 332
48533 332
48534 332
48535 332
48536 332
48537 332
48538 332
48539 332
48540 332
48541 332
48542 332
48543 332
48544 332
48545 332
48546 332
48547 332
48548 332
48549 332
48550 332
48551 332
48552 332
48553 332
48554 332
48555 332
48556 332
48557 332
48558 332
48559 332
48560 332
48561 332
48562 332
48563 332
48564 332
48565 332
48566 332
48567 332
48568 332
48569 332
48570 332
48571 332
48572 332
48573 332
48574 332
48575 332
48576 332
48577 332
48578 332
48579 332
48580 332
48581 332
48582 332
48583 332
48584 332
48585 332
48586 332
48587 332
48588 332
48589 332
48590 332
48591 332
48592 332
48593 332
48594 332
48595 332
48596 332
48597 332
48598 332
48599 332
48600 332
48601 332
48602 332
48603 332
48604 332
48605 332
48606 332
48607 332
48608 332
48609 332
48610 332
48611 332
48612 332
48613 333
48614 333
48615 333
48616 333
48617 333
48618 333
48619 333
48620 333
48621 333
48622 333
48623 333
48624 333
48625 333
48626 333
48627 333
48628 333
48629 333
48630 333
48631 333
48632 333
48633 333
48634 333
48635 333
48636 333
48637 333
48638 333
48639 333
48640 333
48641 333
48642 333
48643 333
48644 333
48645 333
48646 333
48647 333
48648 333
48649 333
48650 333
48651 333
48652 333
48653 333
48654 333
48655 333
48656 333
48657 333
48658 333
48659 333
48660 333
48661 333
48662 333
48663 333
48664 333
48665 333
48666 333
48667 333
48668 333
48669 333
48670 333
48671 333
48672 333
48673 333
48674 333
48675 333
48676 333
48677 333
48678 333
48679 333
48680 333
48681 333
48682 333
48683 333
48684 333
48685 333
48686 333
48687 333
48688 333
48689 333
48690 333
48691 333
48692 333
48693 333
48694 333
48695 333
48696 333
48697 333
48698 333
48699 333
48700 333
48701 333
48702 333
48703 333
48704 333
48705 333
48706 333
48707 333
48708 333
48709 333
48710 333
48711 333
48712 333
48713 333
48714 333
48715 333
48716 333
48717 333
48718 333
48719 333
48720 333
48721 333
48722 333
48723 333
48724 333
48725 333
48726 333
48727 333
48728 334
48729 334
48730 334
48731 334
48732 334
48733 334
48734 334
48735 334
48736 334
48737 334
48738 334
48739 334
48740 334
48741 334
48742 334
48743 334
48744 334
48745 334
48746 334
48747 334
48748 334
48749 334
48750 334
48751 334
48752 334
48753 334
48754 334
48755 334
48756 334
48757 334
48758 334
48759 334
48760 334
48761 334
48762 334
48763 334
48764 334
48765 334
48766 334
48767 334
48768 334
48769 334
48770 334
48771 334
48772 334
48773 334
48774 334
48775 334
48776 334
48777 334
48778 334
48779 334
48780 334
48781 334
48782 334
48783 334
48784 334
48785 334
48786 334
48787 334
48788 334
48789 334
48790 334
48791 334
48792 334
48793 334
48794 334
48795 334
48796 334
48797 334
48798 334
48799 334
48800 334
48801 334
48802 334
48803 334
48804 334
48805 334
48806 334
48807 334
48808 334
48809 334
48810 334
48811 334
48812 334
48813 334
48814 334
48815 334
48816 334
48817 334
48818 334
48819 334
48820 334
48821 334
48822 334
48823 334
48824 334
48825 334
48826 334
48827 334
48828 334
48829 334
48830 335
48831 335
48832 335
48833 335
48834 335
48835 335
48836 335
48837 335
48838 335
48839 335
48840 335
48841 335
48842 335
48843 335
48844 335
48845 335
48846 335
48847 335
48848 335
48849 335
48850 335
48851 335
48852 335
48853 335
48854 335
48855 335
48856 335
48857 335
48858 335
48859 335
48860 335
48861 335
48862 335
48863 335
48864 335
48865 335
48866 335
48867 335
48868 335
48869 335
48870 335
48871 335
48872 335
48873 335
48874 335
48875 335
48876 335
48877 335
48878 335
48879 335
48880 335
48881 335
48882 335
48883 335
48884 335
48885 335
48886 335
48887 335
48888 335
48889 335
48890 335
48891 335
48892 335
48893 335
48894 335
48895 335
48896 335
48897 335
48898 335
48899 335
48900 335
48901 335
48902 335
48903 335
48904 335
48905 335
48906 335
48907 335
48908 335
48909 335
48910 335
48911 335
48912 335
48913 335
48914 335
48915 335
48916 335
48917 335
48918 335
48919 335
48920 335
48921 335
48922 336
48923 336
48924 336
48925 336
48926 336
48927 336
48928 336
48929 336
48930 336
48931 336
48932 336
48933 336
48934 336
48935 336
48936 336
48937 336
48938 336
48939 336
48940 336
48941 336
48942 336
48943 336
48944 336
48945 336
48946 336
48947 336
48948 336
48949 336
48950 336
48951 336
48952 336
48953 336
48954 336
48955 336
48956 336
48957 336
48958 336
48959 336
48960 336
48961 336
48962 336
48963 336
48964 336
48965 336
48966 336
48967 336
48968 336
48969 336
48970 336
48971 336
48972 336
48973 336
48974 336
48975 336
48976 336
48977 336
48978 336
48979 336
48980 336
48981 336
48982 336
48983 336
48984 336
48985 336
48986 336
48987 336
48988 336
48989 336
48990 336
48991 336
48992 336
48993 336
48994 336
48995 336
48996 336
48997 336
48998 336
48999 336
49000 336
49001 336
49002 336
49003 336
49004 336
49005 336
49006 336
49007 336
49008 336
49009 336
49010 336
49011 336
49012 336
49013 336
49014 336
49015 336
49016 336
49017 336
49018 336
49019 336
49020 336
49021 336
49022 336
49023 336
49024 336
49025 336
49026 336
49027 336
49028 336
49029 336
49030 336
49031 336
49032 336
49033 336
49034 336
49035 336
49036 336
49037 336
49038 336
49039 336
49040 336
49041 337
49042 337
49043 337
49044 337
49045 337
49046 337
49047 337
49048 337
49049 337
49050 337
49051 337
49052 337
49053 337
49054 337
49055 337
49056 337
49057 337
49058 337
49059 337
49060 337
49061 337
49062 337
49063 337
49064 337
49065 337
49066 337
49067 337
49068 337
49069 337
49070 337
49071 337
49072 337
49073 337
49074 337
49075 337
49076 337
49077 337
49078 337
49079 337
49080 337
49081 337
49082 337
49083 337
49084 337
49085 337
49086 337
49087 337
49088 337
49089 337
49090 337
49091 337
49092 337
49093 337
49094 337
49095 337
49096 337
49097 337
49098 337
49099 337
49100 337
49101 337
49102 337
49103 337
49104 337
49105 337
49106 337
49107 337
49108 337
49109 337
49110 337
49111 337
49112 337
49113 337
49114 337
49115 337
49116 337
49117 337
49118 337
49119 337
49120 337
49121 337
49122 337
49123 337
49124 337
49125 337
49126 337
49127 337
49128 337
49129 337
49130 337
49131 337
49132 337
49133 337
49134 337
49135 337
49136 337
49137 337
49138 337
49139 337
49140 337
49141 337
49142 337
49143 337
49144 337
49145 337
49146 337
49147 337
49148 337
49149 337
49150 337
49151 337
49152 337
49153 337
49154 337
49155 337
49156 337
49157 337
49158 337
49159 337
49160 337
49161 337
49162 337
49163 337
49164 337
49165 337
49166 337
49167 337
49168 337
49169 337
49170 337
49171 337
49172 337
49173 337
49174 338
49175 338
49176 338
49177 338
49178 338
49179 338
49180 338
49181 338
49182 338
49183 338
49184 338
49185 338
49186 338
49187 338
49188 338
49189 338
49190 338
49191 338
49192 338
49193 338
49194 338
49195 338
49196 338
49197 338
49198 338
49199 338
49200 338
49201 338
49202 338
49203 338
49204 338
49205 338
49206 338
49207 338
49208 338
49209 338
49210 338
49211 338
49212 338
49213 338
49214 338
49215 338
49216 338
49217 338
49218 338
49219 338
49220 338
49221 338
49222 338
49223 338
49224 338
49225 338
49226 338
49227 338
49228 338
49229 338
49230 338
49231 338
49232 338
49233 338
49234 338
49235 338
49236 338
49237 338
49238 338
49239 338
49240 338
49241 338
49242 338
49243 338
49244 338
49245 338
49246 338
49247 338
49248 338
49249 338
49250 338
49251 338
49252 338
49253 338
49254 338
49255 338
49256 338
49257 338
49258 338
49259 338
49260 338
49261 338
49262 338
49263 338
49264 338
49265 338
49266 338
49267 338
49268 338
49269 338
49270 338
49271 338
49272 338
49273 338
49274 338
49275 338
49276 338
49277 338
49278 338
49279 338
49280 338
49281 338
49282 338
49283 338
49284 338
49285 338
49286 338
49287 338
49288 338
49289 338
49290 338
49291 338
49292 338
49293 338
49294 338
49295 338
49296 338
49297 338
49298 338
49299 338
49300 338
49301 338
49302 338
49303 338
49304 338
49305 338
49306 338
49307 338
49308 338
49309 338
49310 338
49311 338
49312 338
49313 338
49314 338
49315 338
49316 339
49317 339
49318 339
49319 339
49320 339
49321 339
49322 339
49323 339
49324 342
49325 342
49326 342
49327 342
49328 342
49329 342
49330 342
49331 342
49332 342
49333 342
49334 342
49335 342
49336 342
49337 342
49338 342
49339 342
49340 342
49341 342
49342 342
49343 342
49344 342
49345 342
49346 342
49347 342
49348 342
49349 342
49350 342
49351 342
49352 342
49353 342
49354 342
49355 342
49356 342
49357 342
49358 342
49359 342
49360 342
49361 342
49362 342
49363 342
49364 342
49365 342
49366 342
49367 342
49368 342
49369 342
49370 342
49371 342
49372 342
49373 342
49374 342
49375 342
49376 342
49377 342
49378 342
49379 342
49380 342
49381 342
49382 342
49383 342
49384 342
49385 342
49386 342
49387 342
49388 342
49389 342
49390 342
49391 342
49392 342
49393 342
49394 342
49395 342
49396 342
49397 342
49398 342
49399 342
49400 342
49401 342
49402 342
49403 342
49404 342
49405 342
49406 342
49407 342
49408 342
49409 342
49410 342
49411 342
49412 342
49413 342
49414 342
49415 342
49416 342
49417 342
49418 342
49419 342
49420 342
49421 342
49422 342
49423 342
49424 342
49425 342
49426 342
49427 342
49428 342
49429 342
49430 342
49431 342
49432 342
49433 342
49434 342
49435 342
49436 342
49437 342
49438 342
49439 342
49440 342
49441 342
49442 342
49443 342
49444 342
49445 342
49446 342
49447 342
49448 343
49449 343
49450 343
49451 343
49452 343
49453 343
49454 343
49455 343
49456 343
49457 343
49458 343
49459 343
49460 343
49461 343
49462 343
49463 343
49464 343
49465 343
49466 343
49467 343
49468 343
49469 343
49470 343
49471 343
49472 343
49473 343
49474 343
49475 343
49476 343
49477 343
49478 343
49479 343
49480 343
49481 343
49482 343
49483 343
49484 343
49485 343
49486 343
49487 343
49488 343
49489 343
49490 343
49491 343
49492 343
49493 343
49494 343
49495 343
49496 343
49497 343
49498 343
49499 343
49500 343
49501 343
49502 343
49503 343
49504 343
49505 343
49506 343
49507 343
49508 343
49509 343
49510 343
49511 343
49512 343
49513 343
49514 343
49515 343
49516 343
49517 343
49518 343
49519 343
49520 343
49521 343
49522 343
49523 343
49524 343
49525 343
49526 343
49527 343
49528 343
49529 343
49530 343
49531 343
49532 343
49533 343
49534 343
49535 343
49536 343
49537 343
49538 343
49539 343
49540 343
49541 343
49542 343
49543 343
49544 343
49545 343
49546 343
49547 343
49548 343
49549 343
49550 343
49551 343
49552 343
49553 343
49554 343
49555 343
49556 343
49557 343
49558 343
49559 343
49560 343
49561 343
49562 343
49563 343
49564 343
49565 343
49566 343
49567 343
49568 343
49569 343
49570 343
49571 343
49572 343
49573 343
49574 343
49575 343
49576 343
49577 343
49578 343
49579 343
49580 343
49581 343
49582 343
49583 343
49584 343
49585 343
49586 343
49587 343
49588 343
49589 343
49590 343
49591 343
49592 343
49593 343
49594 343
49595 343
49596 343
49597 343
49598 343
49599 343
49600 343
49601 343
49602 343
49603 343
49604 343
49605 343
49606 343
49607 343
49608 343
49609 343
49610 343
49611 343
49612 343
49613 343
49614 343
49615 343
49616 343
49617 343
49618 343
49619 343
49620 343
49621 343
49622 343
49623 343
49624 343
49625 343
49626 343
49627 343
49628 343
49629 343
49630 343
49631 343
49632 343
49633 343
49634 343
49635 343
49636 343
49637 343
49638 343
49639 343
49640 343
49641 343
49642 343
49643 343
49644 343
49645 343
49646 343
49647 343
49648 343
49649 343
49650 343
49651 343
49652 343
49653 343
49654 343
49655 343
49656 343
49657 343
49658 343
49659 343
49660 343
49661 343
49662 343
49663 343
49664 343
49665 343
49666 343
49667 343
49668 343
49669 343
49670 343
49671 343
49672 343
49673 343
49674 343
49675 343
49676 343
49677 343
49678 343
49679 343
49680 343
49681 343
49682 343
49683 343
49684 343
49685 343
49686 343
49687 343
49688 343
49689 343
49690 343
49691 343
49692 343
49693 343
49694 343
49695 343
49696 343
49697 343
49698 343
49699 343
49700 343
49701 343
49702 343
49703 343
49704 343
49705 343
49706 343
49707 343
49708 343
49709 343
49710 343
49711 343
49712 343
49713 343
49714 343
49715 343
49716 343
49717 343
49718 344
49719 344
49720 344
49721 344
49722 344
49723 344
49724 344
49725 344
49726 344
49727 344
49728 344
49729 344
49730 344
49731 344
49732 344
49733 344
49734 344
49735 344
49736 344
49737 344
49738 344
49739 344
49740 344
49741 344
49742 344
49743 344
49744 344
49745 344
49746 344
49747 344
49748 344
49749 344
49750 344
49751 344
49752 344
49753 344
49754 344
49755 344
49756 344
49757 344
49758 344
49759 344
49760 344
49761 344
49762 344
49763 344
49764 344
49765 344
49766 344
49767 344
49768 344
49769 344
49770 344
49771 344
49772 344
49773 344
49774 344
49775 344
49776 344
49777 344
49778 344
49779 344
49780 344
49781 344
49782 344
49783 344
49784 344
49785 344
49786 344
49787 344
49788 344
49789 344
49790 344
49791 344
49792 344
49793 344
49794 344
49795 344
49796 344
49797 344
49798 344
49799 344
49800 344
49801 344
49802 344
49803 344
49804 344
49805 344
49806 344
49807 344
49808 344
49809 344
49810 344
49811 344
49812 344
49813 344
49814 344
49815 344
49816 344
49817 344
49818 344
49819 344
49820 344
49821 344
49822 344
49823 344
49824 344
49825 344
49826 344
49827 344
49828 344
49829 344
49830 344
49831 344
49832 344
49833 344
49834 344
49835 344
49836 344
49837 344
49838 344
49839 344
49840 344
49841 344
49842 344
49843 344
49844 344
49845 344
49846 345
49847 345
49848 345
49849 345
49850 345
49851 345
49852 345
49853 345
49854 345
49855 345
49856 345
49857 345
49858 345
49859 345
49860 345
49861 345
49862 345
49863 345
49864 345
49865 345
49866 345
49867 345
49868 345
49869 345
49870 345
49871 345
49872 345
49873 345
49874 345
49875 345
49876 345
49877 345
49878 345
49879 345
49880 345
49881 345
49882 345
49883 345
49884 345
49885 345
49886 345
49887 345
49888 345
49889 345
49890 345
49891 345
49892 345
49893 345
49894 345
49895 345
49896 345
49897 345
49898 345
49899 345
49900 345
49901 345
49902 345
49903 345
49904 345
49905 345
49906 345
49907 345
49908 345
49909 345
49910 345
49911 345
49912 345
49913 345
49914 345
49915 345
49916 345
49917 345
49918 345
49919 345
49920 345
49921 345
49922 345
49923 345
49924 345
49925 345
49926 345
49927 345
49928 345
49929 345
49930 345
49931 345
49932 345
49933 345
49934 345
49935 345
49936 345
49937 345
49938 345
49939 345
49940 345
49941 345
49942 345
49943 345
49944 345
49945 345
49946 345
49947 345
49948 345
49949 345
49950 345
49951 345
49952 345
49953 345
49954 345
49955 345
49956 345
49957 345
49958 345
49959 345
49960 345
49961 345
49962 345
49963 345
49964 345
49965 345
49966 345
49967 345
49968 345
49969 345
49970 345
49971 345
49972 345
49973 345
49974 345
49975 345
49976 345
49977 345
49978 345
49979 345
49980 345
49981 345
49982 346
49983 346
49984 346
49985 346
49986 346
49987 346
49988 346
49989 346
49990 346
49991 346
49992 346
49993 346
49994 346
49995 346
49996 346
49997 346
49998 346
49999 346
50000 346
50001 346
50002 346
50003 346
50004 346
50005 346
50006 346
50007 346
50008 346
50009 346
50010 346
50011 346
50012 346
50013 346
50014 346
50015 346
50016 346
50017 346
50018 346
50019 346
50020 346
50021 346
50022 346
50023 346
50024 346
50025 346
50026 346
50027 346
50028 346
50029 346
50030 346
50031 346
50032 346
50033 346
50034 346
50035 346
50036 346
50037 346
50038 346
50039 346
50040 346
50041 346
50042 346
50043 346
50044 346
50045 346
50046 346
50047 346
50048 346
50049 346
50050 346
50051 346
50052 346
50053 346
50054 346
50055 346
50056 346
50057 346
50058 346
50059 346
50060 346
50061 346
50062 346
50063 346
50064 346
50065 346
50066 346
50067 346
50068 346
50069 346
50070 346
50071 346
50072 346
50073 346
50074 346
50075 346
50076 346
50077 346
50078 346
50079 346
50080 346
50081 346
50082 346
50083 346
50084 346
50085 346
50086 346
50087 346
50088 346
50089 346
50090 346
50091 346
50092 346
50093 346
50094 346
50095 346
50096 346
50097 346
50098 346
50099 346
50100 346
50101 347
50102 347
50103 347
50104 347
50105 347
50106 347
50107 347
50108 347
50109 347
50110 347
50111 347
50112 347
50113 347
50114 347
50115 347
50116 347
50117 347
50118 347
50119 347
50120 347
50121 347
50122 347
50123 347
50124 347
50125 347
50126 347
50127 347
50128 347
50129 347
50130 347
50131 347
50132 347
50133 347
50134 347
50135 347
50136 347
50137 347
50138 347
50139 347
50140 347
50141 347
50142 347
50143 347
50144 347
50145 347
50146 347
50147 347
50148 347
50149 347
50150 347
50151 347
50152 347
50153 347
50154 347
50155 347
50156 347
50157 347
50158 347
50159 347
50160 347
50161 347
50162 347
50163 347
50164 347
50165 347
50166 347
50167 347
50168 347
50169 347
50170 347
50171 347
50172 347
50173 347
50174 347
50175 347
50176 347
50177 347
50178 347
50179 347
50180 347
50181 347
50182 347
50183 347
50184 347
50185 347
50186 347
50187 347
50188 347
50189 347
50190 347
50191 347
50192 347
50193 347
50194 347
50195 347
50196 347
50197 347
50198 347
50199 347
50200 347
50201 347
50202 347
50203 347
50204 347
50205 347
50206 347
50207 347
50208 347
50209 347
50210 347
50211 347
50212 347
50213 347
50214 347
50215 347
50216 347
50217 347
50218 347
50219 347
50220 347
50221 347
50222 347
50223 347
50224 347
50225 347
50226 347
50227 347
50228 347
50229 348
50230 348
50231 348
50232 348
50233 348
50234 348
50235 348
50236 348
50237 348
50238 348
50239 348
50240 348
50241 348
50242 348
50243 348
50244 348
50245 348
50246 348
50247 348
50248 348
50249 348
50250 348
50251 348
50252 348
50253 348
50254 348
50255 348
50256 348
50257 348
50258 348
50259 348
50260 348
50261 348
50262 348
50263 348
50264 348
50265 348
50266 348
50267 348
50268 348
50269 348
50270 348
50271 348
50272 348
50273 348
50274 348
50275 348
50276 348
50277 348
50278 348
50279 348
50280 348
50281 348
50282 348
50283 348
50284 348
50285 348
50286 348
50287 348
50288 348
50289 348
50290 348
50291 348
50292 348
50293 348
50294 348
50295 348
50296 348
50297 348
50298 348
50299 348
50300 348
50301 348
50302 348
50303 348
50304 348
50305 348
50306 348
50307 348
50308 348
50309 348
50310 348
50311 348
50312 348
50313 348
50314 348
50315 348
50316 348
50317 348
50318 348
50319 348
50320 348
50321 348
50322 348
50323 348
50324 348
50325 348
50326 348
50327 348
50328 348
50329 348
50330 348
50331 348
50332 348
50333 348
50334 348
50335 348
50336 348
50337 348
50338 348
50339 348
50340 348
50341 348
50342 348
50343 348
50344 348
50345 348
50346 348
50347 349
50348 349
50349 349
50350 349
50351 349
50352 349
50353 349
50354 349
50355 349
50356 349
50357 349
50358 349
50359 349
50360 349
50361 349
50362 349
50363 349
50364 349
50365 349
50366 349
50367 349
50368 349
50369 349
50370 349
50371 349
50372 349
50373 349
50374 349
50375 349
50376 349
50377 349
50378 349
50379 349
50380 349
50381 349
50382 349
50383 349
50384 349
50385 349
50386 349
50387 349
50388 349
50389 349
50390 349
50391 349
50392 349
50393 349
50394 349
50395 349
50396 349
50397 349
50398 349
50399 349
50400 349
50401 349
50402 349
50403 349
50404 349
50405 349
50406 349
50407 349
50408 349
50409 349
50410 349
50411 349
50412 349
50413 349
50414 349
50415 349
50416 350
50417 350
50418 350
50419 350
50420 350
50421 350
50422 350
50423 350
50424 350
50425 350
50426 350
50427 350
50428 350
50429 350
50430 350
50431 350
50432 350
50433 350
50434 350
50435 350
50436 350
50437 350
50438 350
50439 350
50440 350
50441 350
50442 350
50443 350
50444 350
50445 350
50446 350
50447 350
50448 350
50449 350
50450 350
50451 350
50452 350
50453 350
50454 350
50455 350
50456 350
50457 350
50458 350
50459 350
50460 350
50461 350
50462 350
50463 350
50464 350
50465 350
50466 350
50467 350
50468 350
50469 350
50470 350
50471 350
50472 350
50473 350
50474 350
50475 350
50476 350
50477 350
50478 350
50479 350
50480 350
50481 350
50482 350
50483 350
50484 350
50485 350
50486 350
50487 350
50488 350
50489 350
50490 350
50491 350
50492 350
50493 350
50494 350
50495 350
50496 350
50497 350
50498 350
50499 350
50500 350
50501 350
50502 350
50503 350
50504 350
50505 350
50506 350
50507 350
50508 350
50509 350
50510 350
50511 350
50512 350
50513 350
50514 350
50515 350
50516 350
50517 350
50518 350
50519 350
50520 350
50521 350
50522 350
50523 350
50524 350
50525 350
50526 350
50527 350
50528 350
50529 350
50530 350
50531 350
50532 350
50533 350
50534 350
50535 350
50536 350
50537 350
50538 350
50539 350
50540 350
50541 350
50542 350
50543 350
50544 350
50545 350
50546 350
50547 350
50548 350
50549 350
50550 350
50551 350
50552 350
50553 350
50554 350
50555 350
50556 350
50557 350
50558 350
50559 350
50560 350
50561 350
50562 350
50563 350
50564 350
50565 350
50566 350
50567 350
50568 350
50569 350
50570 350
50571 350
50572 350
50573 350
50574 350
50575 350
50576 350
50577 350
50578 350
50579 350
50580 350
50581 350
50582 350
50583 350
50584 350
50585 350
50586 350
50587 350
50588 350
50589 350
50590 350
50591 350
50592 350
50593 350
50594 350
50595 350
50596 350
50597 350
50598 350
50599 350
50600 350
50601 350
50602 350
50603 350
50604 350
50605 350
50606 350
50607 350
50608 350
50609 350
50610 350
50611 350
50612 350
50613 350
50614 350
50615 350
50616 350
50617 350
50618 350
50619 350
50620 350
50621 350
50622 350
50623 350
50624 351
50625 351
50626 351
50627 351
50628 351
50629 351
50630 351
50631 351
50632 351
50633 351
50634 351
50635 351
50636 351
50637 351
50638 351
50639 351
50640 351
50641 351
50642 351
50643 351
50644 351
50645 351
50646 351
50647 351
50648 351
50649 351
50650 351
50651 351
50652 351
50653 351
50654 351
50655 351
50656 351
50657 351
50658 351
50659 351
50660 351
50661 351
50662 351
50663 351
50664 351
50665 351
50666 351
50667 351
50668 351
50669 351
50670 351
50671 351
50672 351
50673 351
50674 351
50675 351
50676 351
50677 351
50678 351
50679 351
50680 351
50681 351
50682 351
50683 351
50684 351
50685 351
50686 351
50687 351
50688 351
50689 351
50690 351
50691 351
50692 351
50693 351
50694 351
50695 351
50696 351
50697 351
50698 351
50699 351
50700 351
50701 351
50702 351
50703 351
50704 351
50705 351
50706 351
50707 351
50708 351
50709 351
50710 351
50711 351
50712 351
50713 351
50714 351
50715 351
50716 351
50717 351
50718 351
50719 351
50720 351
50721 351
50722 351
50723 351
50724 351
50725 351
50726 351
50727 351
50728 351
50729 351
50730 351
50731 351
50732 351
50733 351
50734 351
50735 351
50736 351
50737 351
50738 351
50739 351
50740 351
50741 351
50742 351
50743 351
50744 351
50745 351
50746 351
50747 351
50748 351
50749 351
50750 351
50751 351
50752 351
50753 351
50754 351
50755 351
50756 351
50757 351
50758 351
50759 351
50760 351
50761 351
50762 351
50763 352
50764 352
50765 352
50766 352
50767 352
50768 352
50769 352
50770 352
50771 352
50772 352
50773 352
50774 352
50775 352
50776 352
50777 352
50778 352
50779 352
50780 352
50781 352
50782 352
50783 352
50784 352
50785 352
50786 352
50787 352
50788 352
50789 352
50790 352
50791 352
50792 352
50793 352
50794 352
50795 352
50796 352
50797 352
50798 352
50799 352
50800 352
50801 352
50802 352
50803 352
50804 352
50805 352
50806 352
50807 352
50808 352
50809 352
50810 352
50811 352
50812 352
50813 352
50814 352
50815 352
50816 352
50817 352
50818 352
50819 352
50820 352
50821 352
50822 352
50823 352
50824 352
50825 352
50826 352
50827 352
50828 352
50829 352
50830 352
50831 352
50832 352
50833 352
50834 352
50835 352
50836 352
50837 352
50838 352
50839 352
50840 352
50841 352
50842 352
50843 352
50844 352
50845 352
50846 352
50847 352
50848 352
50849 352
50850 352
50851 352
50852 352
50853 352
50854 352
50855 352
50856 352
50857 352
50858 352
50859 352
50860 352
50861 352
50862 352
50863 352
50864 352
50865 352
50866 352
50867 352
50868 352
50869 352
50870 352
50871 352
50872 352
50873 352
50874 352
50875 352
50876 352
50877 352
50878 352
50879 352
50880 352
50881 352
50882 352
50883 352
50884 352
50885 352
50886 352
50887 352
50888 352
50889 352
50890 352
50891 352
50892 352
50893 352
50894 352
50895 352
50896 352
50897 352
50898 352
50899 352
50900 352
50901 352
50902 352
50903 352
50904 352
50905 353
50906 353
50907 353
50908 353
50909 353
50910 353
50911 353
50912 353
50913 353
50914 353
50915 353
50916 353
50917 353
50918 353
50919 353
50920 353
50921 353
50922 353
50923 353
50924 353
50925 353
50926 353
50927 353
50928 353
50929 353
50930 353
50931 353
50932 353
50933 353
50934 353
50935 353
50936 353
50937 353
50938 353
50939 353
50940 353
50941 353
50942 353
50943 353
50944 353
50945 353
50946 353
50947 353
50948 353
50949 353
50950 353
50951 353
50952 353
50953 353
50954 353
50955 353
50956 353
50957 353
50958 353
50959 353
50960 353
50961 353
50962 353
50963 353
50964 353
50965 353
50966 353
50967 353
50968 353
50969 353
50970 353
50971 353
50972 353
50973 353
50974 353
50975 353
50976 353
50977 353
50978 353
50979 353
50980 353
50981 353
50982 353
50983 353
50984 353
50985 353
50986 353
50987 353
50988 353
50989 353
50990 353
50991 353
50992 353
50993 353
50994 353
50995 353
50996 353
50997 353
50998 353
50999 353
51000 353
51001 353
51002 353
51003 353
51004 353
51005 353
51006 353
51007 354
51008 354
51009 354
51010 354
51011 354
51012 354
51013 354
51014 354
51015 354
51016 354
51017 354
51018 354
51019 354
51020 354
51021 354
51022 354
51023 354
51024 354
51025 354
51026 354
51027 354
51028 354
51029 354
51030 354
51031 354
51032 354
51033 354
51034 354
51035 354
51036 354
51037 354
51038 354
51039 354
51040 354
51041 354
51042 354
51043 354
51044 354
51045 354
51046 354
51047 354
51048 354
51049 354
51050 354
51051 354
51052 354
51053 354
51054 354
51055 354
51056 354
51057 354
51058 354
51059 354
51060 354
51061 354
51062 354
51063 354
51064 354
51065 354
51066 354
51067 354
51068 354
51069 354
51070 354
51071 354
51072 354
51073 354
51074 354
51075 354
51076 354
51077 354
51078 354
51079 354
51080 354
51081 354
51082 354
51083 354
51084 354
51085 354
51086 354
51087 354
51088 354
51089 354
51090 354
51091 354
51092 354
51093 354
51094 354
51095 354
51096 354
51097 354
51098 354
51099 354
51100 354
51101 354
51102 354
51103 354
51104 354
51105 354
51106 354
51107 354
51108 354
51109 354
51110 354
51111 354
51112 354
51113 354
51114 354
51115 354
51116 354
51117 354
51118 354
51119 354
51120 354
51121 354
51122 354
51123 354
51124 354
51125 354
51126 354
51127 354
51128 354
51129 354
51130 354
51131 354
51132 354
51133 354
51134 354
51135 354
51136 354
51137 354
51138 354
51139 354
51140 354
51141 354
51142 354
51143 354
51144 354
51145 354
51146 354
51147 354
51148 354
51149 354
51150 354
51151 354
51152 354
51153 354
51154 354
51155 354
51156 355
51157 355
51158 355
51159 355
51160 355
51161 355
51162 355
51163 355
51164 355
51165 355
51166 355
51167 355
51168 355
51169 355
51170 355
51171 355
51172 355
51173 355
51174 355
51175 355
51176 355
51177 355
51178 355
51179 355
51180 355
51181 355
51182 355
51183 355
51184 355
51185 355
51186 355
51187 355
51188 355
51189 355
51190 355
51191 355
51192 355
51193 355
51194 355
51195 355
51196 355
51197 355
51198 355
51199 355
51200 355
51201 355
51202 355
51203 355
51204 355
51205 355
51206 355
51207 355
51208 355
51209 355
51210 355
51211 355
51212 355
51213 355
51214 355
51215 355
51216 355
51217 355
51218 355
51219 355
51220 355
51221 355
51222 355
51223 355
51224 355
51225 355
51226 355
51227 355
51228 355
51229 355
51230 355
51231 355
51232 355
51233 355
51234 355
51235 355
51236 355
51237 355
51238 355
51239 355
51240 355
51241 355
51242 355
51243 355
51244 355
51245 355
51246 355
51247 355
51248 355
51249 355
51250 355
51251 355
51252 355
51253 355
51254 355
51255 355
51256 355
51257 355
51258 355
51259 355
51260 355
51261 355
51262 355
51263 355
51264 355
51265 355
51266 355
51267 355
51268 355
51269 355
51270 355
51271 355
51272 355
51273 355
51274 355
51275 355
51276 355
51277 355
51278 355
51279 355
51280 355
51281 355
51282 356
51283 356
51284 356
51285 356
51286 356
51287 356
51288 356
51289 356
51290 356
51291 356
51292 356
51293 356
51294 356
51295 356
51296 356
51297 356
51298 356
51299 356
51300 356
51301 356
51302 356
51303 356
51304 356
51305 356
51306 356
51307 356
51308 356
51309 356
51310 356
51311 356
51312 356
51313 356
51314 356
51315 356
51316 356
51317 356
51318 356
51319 356
51320 356
51321 356
51322 356
51323 356
51324 356
51325 356
51326 356
51327 356
51328 356
51329 356
51330 356
51331 356
51332 356
51333 356
51334 356
51335 356
51336 356
51337 356
51338 356
51339 356
51340 356
51341 356
51342 356
51343 356
51344 356
51345 356
51346 356
51347 356
51348 356
51349 356
51350 356
51351 356
51352 356
51353 356
51354 356
51355 356
51356 356
51357 356
51358 356
51359 356
51360 356
51361 356
51362 356
51363 356
51364 356
51365 356
51366 356
51367 356
51368 356
51369 356
51370 356
51371 356
51372 356
51373 356
51374 356
51375 356
51376 356
51377 356
51378 356
51379 356
51380 356
51381 356
51382 356
51383 356
51384 356
51385 356
51386 356
51387 356
51388 356
51389 356
51390 356
51391 356
51392 356
51393 356
51394 356
51395 356
51396 356
51397 356
51398 356
51399 356
51400 356
51401 356
51402 356
51403 356
51404 356
51405 356
51406 356
51407 356
51408 356
51409 356
51410 356
51411 356
51412 356
51413 356
51414 356
51415 356
51416 356
51417 356
51418 356
51419 356
51420 356
51421 356
51422 356
51423 356
51424 356
51425 356
51426 356
51427 356
51428 356
51429 356
51430 356
51431 356
51432 356
51433 356
51434 356
51435 356
51436 356
51437 357
51438 357
51439 357
51440 357
51441 357
51442 357
51443 357
51444 357
51445 357
51446 357
51447 357
51448 357
51449 357
51450 357
51451 357
51452 357
51453 357
51454 357
51455 357
51456 357
51457 357
51458 357
51459 357
51460 357
51461 357
51462 357
51463 357
51464 357
51465 357
51466 357
51467 357
51468 357
51469 357
51470 357
51471 357
51472 357
51473 357
51474 357
51475 357
51476 357
51477 357
51478 357
51479 357
51480 357
51481 357
51482 357
51483 357
51484 357
51485 357
51486 357
51487 357
51488 357
51489 357
51490 357
51491 357
51492 357
51493 357
51494 357
51495 357
51496 357
51497 357
51498 357
51499 357
51500 357
51501 357
51502 357
51503 357
51504 357
51505 357
51506 357
51507 357
51508 357
51509 357
51510 357
51511 357
51512 357
51513 357
51514 357
51515 357
51516 357
51517 357
51518 357
51519 357
51520 357
51521 357
51522 357
51523 357
51524 357
51525 357
51526 358
51527 358
51528 358
51529 358
51530 358
51531 358
51532 358
51533 358
51534 358
51535 358
51536 358
51537 358
51538 358
51539 358
51540 358
51541 358
51542 358
51543 358
51544 358
51545 358
51546 358
51547 358
51548 358
51549 358
51550 358
51551 358
51552 358
51553 358
51554 358
51555 358
51556 358
51557 358
51558 358
51559 358
51560 358
51561 358
51562 358
51563 358
51564 358
51565 358
51566 358
51567 358
51568 358
51569 358
51570 358
51571 358
51572 358
51573 358
51574 358
51575 358
51576 358
51577 358
51578 358
51579 358
51580 358
51581 358
51582 358
51583 358
51584 358
51585 358
51586 358
51587 358
51588 358
51589 358
51590 358
51591 358
51592 358
51593 358
51594 358
51595 358
51596 358
51597 358
51598 358
51599 358
51600 358
51601 358
51602 358
51603 358
51604 358
51605 358
51606 358
51607 358
51608 358
51609 358
51610 358
51611 358
51612 358
51613 358
51614 358
51615 358
51616 358
51617 358
51618 358
51619 358
51620 358
51621 358
51622 358
51623 358
51624 358
51625 358
51626 358
51627 358
51628 358
51629 358
51630 358
51631 358
51632 358
51633 358
51634 358
51635 358
51636 358
51637 358
51638 358
51639 358
51640 358
51641 358
51642 358
51643 358
51644 358
51645 358
51646 358
51647 358
51648 358
51649 358
51650 358
51651 358
51652 358
51653 358
51654 358
51655 358
51656 358
51657 358
51658 358
51659 358
51660 358
51661 358
51662 358
51663 358
51664 358
51665 358
51666 358
51667 358
51668 358
51669 358
51670 358
51671 358
51672 358
51673 358
51674 358
51675 358
51676 358
51677 358
51678 358
51679 358
51680 358
51681 358
51682 358
51683 358
51684 358
51685 358
51686 358
51687 358
51688 358
51689 358
51690 358
51691 358
51692 358
51693 358
51694 358
51695 358
51696 358
51697 358
51698 359
51699 359
51700 359
51701 359
51702 359
51703 359
51704 359
51705 359
51706 359
51707 359
51708 359
51709 359
51710 359
51711 359
51712 359
51713 359
51714 359
51715 359
51716 359
51717 359
51718 359
51719 359
51720 359
51721 359
51722 359
51723 359
51724 359
51725 359
51726 359
51727 359
51728 359
51729 359
51730 359
51731 359
51732 359
51733 359
51734 359
51735 359
51736 359
51737 359
51738 359
51739 359
51740 359
51741 359
51742 359
51743 359
51744 359
51745 359
51746 359
51747 359
51748 359
51749 359
51750 359
51751 359
51752 359
51753 359
51754 359
51755 359
51756 359
51757 359
51758 359
51759 359
51760 359
51761 359
51762 359
51763 359
51764 359
51765 359
51766 359
51767 359
51768 359
51769 359
51770 359
51771 359
51772 359
51773 359
51774 359
51775 359
51776 359
51777 359
51778 359
51779 359
51780 359
51781 359
51782 359
51783 359
51784 359
51785 359
51786 359
51787 359
51788 359
51789 359
51790 359
51791 359
51792 359
51793 359
51794 359
51795 359
51796 359
51797 359
51798 359
51799 359
51800 359
51801 359
51802 359
51803 359
51804 359
51805 359
51806 359
51807 359
51808 359
51809 359
51810 359
51811 359
51812 359
51813 359
51814 359
51815 359
51816 359
51817 359
51818 359
51819 359
51820 359
51821 359
51822 360
51823 360
51824 360
51825 360
51826 360
51827 360
51828 360
51829 360
51830 360
51831 360
51832 360
51833 360
51834 360
51835 360
51836 360
51837 360
51838 360
51839 360
51840 360
51841 360
51842 360
51843 360
51844 360
51845 360
51846 360
51847 360
51848 360
51849 360
51850 360
51851 360
51852 360
51853 360
51854 360
51855 360
51856 360
51857 360
51858 360
51859 360
51860 360
51861 360
51862 360
51863 360
51864 360
51865 360
51866 360
51867 360
51868 360
51869 360
51870 360
51871 360
51872 360
51873 360
51874 360
51875 360
51876 360
51877 360
51878 360
51879 360
51880 360
51881 360
51882 360
51883 360
51884 360
51885 360
51886 360
51887 360
51888 360
51889 360
51890 360
51891 360
51892 360
51893 360
51894 360
51895 360
51896 360
51897 360
51898 360
51899 360
51900 360
51901 360
51902 360
51903 360
51904 360
51905 360
51906 360
51907 360
51908 360
51909 360
51910 360
51911 360
51912 360
51913 360
51914 360
51915 360
51916 360
51917 360
51918 360
51919 360
51920 360
51921 360
51922 360
51923 360
51924 360
51925 360
51926 360
51927 360
51928 360
51929 360
51930 360
51931 360
51932 360
51933 360
51934 360
51935 360
51936 360
51937 360
51938 360
51939 360
51940 360
51941 360
51942 360
51943 360
51944 360
51945 360
51946 360
51947 360
51948 360
51949 360
51950 360
51951 360
51952 360
51953 360
51954 360
51955 360
51956 360
51957 360
51958 360
51959 360
51960 360
51961 360
51962 360
51963 360
51964 360
51965 360
51966 360
51967 360
51968 360
51969 360
51970 360
51971 360
51972 360
51973 360
51974 360
51975 360
51976 360
51977 360
51978 360
51979 360
51980 360
51981 360
51982 360
51983 360
51984 360
51985 360
51986 360
51987 360
51988 360
51989 360
51990 360
51991 360
51992 360
51993 360
51994 360
51995 360
51996 360
51997 360
51998 360
51999 360
52000 360
52001 360
52002 360
52003 360
52004 360
52005 360
52006 360
52007 360
52008 360
52009 360
52010 360
52011 360
52012 360
52013 360
52014 360
52015 360
52016 360
52017 360
52018 360
52019 360
52020 360
52021 360
52022 360
52023 360
52024 360
52025 360
52026 360
52027 360
52028 360
52029 360
52030 360
52031 360
52032 360
52033 360
52034 360
52035 360
52036 360
52037 360
52038 360
52039 360
52040 360
52041 360
52042 360
52043 360
52044 360
52045 360
52046 360
52047 360
52048 360
52049 360
52050 360
52051 360
52052 360
52053 360
52054 360
52055 360
52056 360
52057 360
52058 360
52059 360
52060 360
52061 360
52062 360
52063 360
52064 360
52065 360
52066 360
52067 360
52068 360
52069 360
52070 360
52071 360
52072 360
52073 360
52074 360
52075 360
52076 360
52077 360
52078 360
52079 360
52080 360
52081 360
52082 360
52083 360
52084 360
52085 360
52086 360
52087 360
52088 360
52089 360
52090 360
52091 360
52092 360
52093 360
52094 360
52095 360
52096 361
52097 361
52098 361
52099 361
52100 361
52101 361
52102 361
52103 361
52104 361
52105 361
52106 361
52107 361
52108 361
52109 361
52110 361
52111 361
52112 361
52113 361
52114 361
52115 361
52116 361
52117 361
52118 361
52119 361
52120 361
52121 361
52122 361
52123 361
52124 361
52125 361
52126 361
52127 361
52128 361
52129 361
52130 361
52131 361
52132 361
52133 361
52134 361
52135 361
52136 361
52137 361
52138 361
52139 361
52140 361
52141 361
52142 361
52143 361
52144 361
52145 361
52146 361
52147 361
52148 361
52149 361
52150 361
52151 361
52152 361
52153 361
52154 361
52155 361
52156 361
52157 361
52158 361
52159 361
52160 361
52161 361
52162 361
52163 361
52164 361
52165 361
52166 361
52167 361
52168 361
52169 361
52170 361
52171 361
52172 361
52173 361
52174 361
52175 361
52176 361
52177 361
52178 361
52179 361
52180 361
52181 361
52182 361
52183 361
52184 361
52185 361
52186 361
52187 361
52188 361
52189 361
52190 361
52191 361
52192 361
52193 361
52194 361
52195 361
52196 361
52197 361
52198 361
52199 361
52200 362
52201 362
52202 362
52203 362
52204 362
52205 362
52206 362
52207 362
52208 362
52209 362
52210 362
52211 362
52212 362
52213 362
52214 362
52215 362
52216 362
52217 362
52218 362
52219 362
52220 362
52221 362
52222 362
52223 362
52224 362
52225 362
52226 362
52227 362
52228 362
52229 362
52230 362
52231 362
52232 362
52233 362
52234 362
52235 362
52236 362
52237 362
52238 362
52239 362
52240 362
52241 362
52242 362
52243 362
52244 362
52245 362
52246 362
52247 362
52248 362
52249 362
52250 362
52251 362
52252 362
52253 362
52254 362
52255 362
52256 362
52257 362
52258 362
52259 362
52260 362
52261 362
52262 362
52263 362
52264 362
52265 362
52266 362
52267 362
52268 362
52269 362
52270 362
52271 362
52272 362
52273 362
52274 362
52275 362
52276 362
52277 362
52278 362
52279 362
52280 362
52281 362
52282 362
52283 362
52284 362
52285 362
52286 362
52287 362
52288 362
52289 362
52290 362
52291 362
52292 362
52293 362
52294 362
52295 362
52296 362
52297 362
52298 362
52299 362
52300 362
52301 362
52302 362
52303 362
52304 362
52305 362
52306 362
52307 362
52308 362
52309 362
52310 362
52311 362
52312 362
52313 362
52314 362
52315 362
52316 362
52317 362
52318 362
52319 362
52320 362
52321 362
52322 362
52323 362
52324 362
52325 362
52326 362
52327 362
52328 362
52329 362
52330 362
52331 362
52332 362
52333 362
52334 362
52335 362
52336 362
52337 362
52338 362
52339 362
52340 362
52341 362
52342 362
52343 362
52344 362
52345 362
52346 362
52347 362
52348 362
52349 362
52350 362
52351 362
52352 362
52353 362
52354 362
52355 362
52356 362
52357 362
52358 362
52359 362
52360 362
52361 362
52362 362
52363 362
52364 362
52365 362
52366 362
52367 362
52368 362
52369 362
52370 363
52371 363
52372 363
52373 363
52374 363
52375 363
52376 363
52377 363
52378 363
52379 363
52380 363
52381 363
52382 363
52383 363
52384 363
52385 363
52386 363
52387 363
52388 363
52389 363
52390 363
52391 363
52392 363
52393 363
52394 363
52395 363
52396 363
52397 363
52398 363
52399 363
52400 363
52401 363
52402 363
52403 363
52404 363
52405 363
52406 363
52407 363
52408 363
52409 363
52410 363
52411 363
52412 363
52413 363
52414 363
52415 363
52416 363
52417 363
52418 363
52419 363
52420 363
52421 363
52422 363
52423 363
52424 363
52425 363
52426 363
52427 363
52428 363
52429 363
52430 363
52431 363
52432 363
52433 363
52434 363
52435 363
52436 363
52437 363
52438 363
52439 363
52440 363
52441 363
52442 363
52443 363
52444 363
52445 363
52446 363
52447 363
52448 363
52449 363
52450 363
52451 363
52452 363
52453 363
52454 363
52455 363
52456 363
52457 363
52458 363
52459 363
52460 363
52461 363
52462 363
52463 363
52464 363
52465 363
52466 363
52467 363
52468 363
52469 363
52470 363
52471 363
52472 363
52473 363
52474 363
52475 363
52476 363
52477 363
52478 363
52479 363
52480 363
52481 363
52482 363
52483 363
52484 363
52485 363
52486 363
52487 363
52488 363
52489 363
52490 363
52491 363
52492 363
52493 363
52494 363
52495 363
52496 363
52497 363
52498 363
52499 363
52500 363
52501 363
52502 363
52503 363
52504 363
52505 363
52506 363
52507 363
52508 363
52509 363
52510 363
52511 363
52512 363
52513 363
52514 363
52515 363
52516 363
52517 363
52518 363
52519 363
52520 363
52521 363
52522 363
52523 363
52524 364
52525 364
52526 364
52527 364
52528 364
52529 364
52530 364
52531 364
52532 364
52533 364
52534 364
52535 364
52536 364
52537 364
52538 364
52539 364
52540 364
52541 364
52542 364
52543 364
52544 364
52545 364
52546 364
52547 364
52548 364
52549 364
52550 364
52551 364
52552 364
52553 364
52554 364
52555 364
52556 364
52557 364
52558 364
52559 364
52560 364
52561 364
52562 364
52563 364
52564 364
52565 364
52566 364
52567 364
52568 364
52569 364
52570 364
52571 364
52572 364
52573 364
52574 364
52575 364
52576 364
52577 364
52578 364
52579 364
52580 364
52581 364
52582 364
52583 364
52584 364
52585 364
52586 364
52587 364
52588 364
52589 364
52590 364
52591 364
52592 364
52593 364
52594 364
52595 364
52596 364
52597 364
52598 368
52599 368
52600 368
52601 368
52602 368
52603 368
52604 368
52605 368
52606 368
52607 368
52608 368
52609 368
52610 368
52611 368
52612 368
52613 368
52614 368
52615 368
52616 368
52617 368
52618 368
52619 368
52620 368
52621 368
52622 368
52623 368
52624 368
52625 368
52626 368
52627 368
52628 368
52629 368
52630 368
52631 368
52632 368
52633 368
52634 368
52635 368
52636 368
52637 368
52638 368
52639 368
52640 368
52641 368
52642 368
52643 368
52644 368
52645 368
52646 368
52647 368
52648 368
52649 368
52650 368
52651 368
52652 368
52653 368
52654 368
52655 368
52656 368
52657 368
52658 368
52659 368
52660 368
52661 368
52662 368
52663 368
52664 368
52665 368
52666 368
52667 368
52668 368
52669 368
52670 368
52671 368
52672 368
52673 368
52674 368
52675 368
52676 368
52677 368
52678 368
52679 368
52680 368
52681 368
52682 368
52683 368
52684 368
52685 368
52686 368
52687 368
52688 368
52689 368
52690 368
52691 368
52692 368
52693 368
52694 368
52695 368
52696 368
52697 368
52698 368
52699 368
52700 368
52701 368
52702 368
52703 368
52704 368
52705 368
52706 368
52707 368
52708 368
52709 368
52710 368
52711 368
52712 368
52713 368
52714 368
52715 368
52716 368
52717 368
52718 368
52719 368
52720 368
52721 368
52722 368
52723 368
52724 368
52725 368
52726 368
52727 368
52728 368
52729 368
52730 368
52731 368
52732 368
52733 368
52734 368
52735 368
52736 368
52737 368
52738 368
52739 368
52740 368
52741 368
52742 368
52743 368
52744 368
52745 368
52746 368
52747 368
52748 368
52749 368
52750 368
52751 368
52752 368
52753 368
52754 368
52755 368
52756 368
52757 368
52758 368
52759 368
52760 368
52761 368
52762 368
52763 368
52764 368
52765 368
52766 368
52767 368
52768 368
52769 368
52770 368
52771 368
52772 368
52773 368
52774 368
52775 368
52776 368
52777 368
52778 368
52779 368
52780 368
52781 368
52782 368
52783 368
52784 368
52785 368
52786 368
52787 368
52788 368
52789 368
52790 368
52791 368
52792 368
52793 368
52794 368
52795 368
52796 368
52797 368
52798 368
52799 368
52800 368
52801 368
52802 368
52803 368
52804 368
52805 368
52806 368
52807 368
52808 368
52809 368
52810 368
52811 368
52812 368
52813 368
52814 368
52815 368
52816 368
52817 368
52818 368
52819 368
52820 368
52821 368
52822 368
52823 368
52824 368
52825 368
52826 368
52827 368
52828 368
52829 368
52830 368
52831 368
52832 368
52833 368
52834 368
52835 368
52836 368
52837 368
52838 368
52839 368
52840 368
52841 368
52842 368
52843 368
52844 368
52845 368
52846 368
52847 368
52848 368
52849 368
52850 368
52851 368
52852 368
52853 368
52854 368
52855 368
52856 368
52857 368
52858 368
52859 368
52860 368
52861 368
52862 368
52863 368
52864 368
52865 368
52866 368
52867 368
52868 368
52869 368
52870 368
52871 368
52872 368
52873 368
52874 368
52875 368
52876 368
52877 368
52878 368
52879 368
52880 368
52881 368
52882 368
52883 368
52884 368
52885 368
52886 368
52887 368
52888 368
52889 368
52890 368
52891 368
52892 368
52893 368
52894 368
52895 368
52896 368
52897 368
52898 368
52899 368
52900 368
52901 368
52902 368
52903 368
52904 368
52905 368
52906 368
52907 368
52908 368
52909 368
52910 368
52911 368
52912 368
52913 368
52914 368
52915 368
52916 368
52917 368
52918 368
52919 368
52920 368
52921 368
52922 368
52923 368
52924 368
52925 368
52926 368
52927 368
52928 368
52929 368
52930 368
52931 368
52932 368
52933 368
52934 368
52935 368
52936 368
52937 368
52938 368
52939 368
52940 368
52941 368
52942 368
52943 368
52944 368
52945 368
52946 368
52947 368
52948 368
52949 368
52950 368
52951 368
52952 368
52953 368
52954 368
52955 368
52956 368
52957 368
52958 368
52959 368
52960 368
52961 368
52962 368
52963 368
52964 368
52965 368
52966 368
52967 368
52968 368
52969 368
52970 368
52971 368
52972 368
52973 368
52974 368
52975 368
52976 368
52977 368
52978 368
52979 368
52980 368
52981 368
52982 368
52983 368
52984 368
52985 368
52986 368
52987 368
52988 368
52989 368
52990 368
52991 368
52992 368
52993 368
52994 368
52995 368
52996 368
52997 368
52998 368
52999 368
53000 368
53001 368
53002 368
53003 368
53004 368
53005 368
53006 368
53007 368
53008 368
53009 368
53010 368
53011 368
53012 368
53013 368
53014 368
53015 368
53016 368
53017 368
53018 368
53019 368
53020 368
53021 368
53022 368
53023 368
53024 368
53025 368
53026 368
53027 368
53028 368
53029 368
53030 368
53031 368
53032 368
53033 368
53034 368
53035 368
53036 368
53037 368
53038 368
53039 368
53040 368
53041 368
53042 368
53043 368
53044 368
53045 368
53046 368
53047 368
53048 368
53049 368
53050 368
53051 368
53052 368
53053 368
53054 368
53055 368
53056 368
53057 368
53058 368
53059 368
53060 368
53061 368
53062 368
53063 368
53064 368
53065 368
53066 368
53067 368
53068 368
53069 368
53070 368
53071 368
53072 368
53073 368
53074 368
53075 368
53076 368
53077 368
53078 368
53079 368
53080 368
53081 368
53082 368
53083 368
53084 368
53085 368
53086 368
53087 368
53088 368
53089 368
53090 368
53091 368
53092 368
53093 368
53094 368
53095 368
53096 368
53097 368
53098 368
53099 368
53100 368
53101 368
53102 368
53103 368
53104 368
53105 368
53106 368
53107 368
53108 368
53109 368
53110 368
53111 368
53112 368
53113 368
53114 368
53115 368
53116 368
53117 368
53118 368
53119 368
53120 368
53121 368
53122 368
53123 368
53124 368
53125 368
53126 368
53127 368
53128 368
53129 368
53130 368
53131 368
53132 368
53133 368
53134 368
53135 368
53136 368
53137 368
53138 368
53139 368
53140 368
53141 368
53142 368
53143 368
53144 368
53145 368
53146 368
53147 368
53148 368
53149 368
53150 368
53151 368
53152 368
53153 368
53154 368
53155 368
53156 368
53157 368
53158 368
53159 368
53160 368
53161 368
53162 368
53163 368
53164 368
53165 368
53166 368
53167 368
53168 368
53169 368
53170 368
53171 368
53172 368
53173 368
53174 368
53175 368
53176 368
53177 368
53178 368
53179 368
53180 368
53181 368
53182 368
53183 368
53184 368
53185 368
53186 368
53187 368
53188 368
53189 368
53190 368
53191 368
53192 368
53193 368
53194 368
53195 368
53196 368
53197 368
53198 368
53199 368
53200 368
53201 368
53202 368
53203 368
53204 368
53205 368
53206 368
53207 368
53208 368
53209 368
53210 369
53211 369
53212 369
53213 369
53214 369
53215 369
53216 369
53217 369
53218 369
53219 369
53220 369
53221 369
53222 369
53223 369
53224 369
53225 369
53226 369
53227 369
53228 369
53229 369
53230 369
53231 369
53232 369
53233 369
53234 369
53235 369
53236 369
53237 369
53238 369
53239 369
53240 369
53241 369
53242 369
53243 369
53244 369
53245 369
53246 369
53247 369
53248 369
53249 369
53250 369
53251 369
53252 369
53253 369
53254 369
53255 369
53256 369
53257 369
53258 369
53259 369
53260 369
53261 369
53262 369
53263 369
53264 369
53265 369
53266 369
53267 369
53268 369
53269 369
53270 369
53271 369
53272 369
53273 369
53274 369
53275 369
53276 369
53277 369
53278 369
53279 369
53280 369
53281 369
53282 369
53283 369
53284 369
53285 369
53286 369
53287 369
53288 369
53289 369
53290 369
53291 369
53292 369
53293 369
53294 369
53295 369
53296 369
53297 369
53298 369
53299 369
53300 369
53301 369
53302 369
53303 369
53304 369
53305 369
53306 369
53307 369
53308 369
53309 369
53310 369
53311 369
53312 369
53313 369
53314 369
53315 369
53316 369
53317 369
53318 369
53319 369
53320 369
53321 369
53322 369
53323 369
53324 369
53325 369
53326 369
53327 369
53328 369
53329 369
53330 369
53331 369
53332 369
53333 369
53334 369
53335 369
53336 369
53337 369
53338 369
53339 369
53340 369
53341 369
53342 369
53343 369
53344 369
53345 369
53346 369
53347 370
53348 370
53349 370
53350 370
53351 370
53352 370
53353 370
53354 370
53355 370
53356 370
53357 370
53358 370
53359 370
53360 370
53361 370
53362 370
53363 370
53364 370
53365 370
53366 370
53367 370
53368 370
53369 370
53370 370
53371 370
53372 370
53373 370
53374 370
53375 370
53376 370
53377 370
53378 370
53379 370
53380 370
53381 370
53382 370
53383 370
53384 370
53385 370
53386 370
53387 370
53388 370
53389 370
53390 370
53391 370
53392 370
53393 370
53394 370
53395 370
53396 370
53397 370
53398 370
53399 370
53400 370
53401 370
53402 370
53403 370
53404 370
53405 370
53406 370
53407 370
53408 370
53409 370
53410 370
53411 370
53412 370
53413 370
53414 370
53415 370
53416 370
53417 370
53418 370
53419 370
53420 370
53421 370
53422 370
53423 370
53424 370
53425 370
53426 370
53427 370
53428 370
53429 370
53430 370
53431 370
53432 370
53433 370
53434 370
53435 370
53436 370
53437 370
53438 370
53439 370
53440 370
53441 370
53442 370
53443 370
53444 370
53445 370
53446 370
53447 370
53448 370
53449 370
53450 370
53451 370
53452 370
53453 370
53454 370
53455 370
53456 370
53457 370
53458 370
53459 370
53460 370
53461 370
53462 370
53463 370
53464 370
53465 370
53466 370
53467 370
53468 370
53469 370
53470 370
53471 370
53472 370
53473 370
53474 370
53475 370
53476 370
53477 370
53478 370
53479 370
53480 370
53481 370
53482 370
53483 370
53484 370
53485 370
53486 370
53487 370
53488 370
53489 370
53490 370
53491 370
53492 370
53493 370
53494 370
53495 370
53496 370
53497 370
53498 370
53499 370
53500 370
53501 370
53502 370
53503 371
53504 371
53505 371
53506 371
53507 371
53508 371
53509 371
53510 371
53511 371
53512 371
53513 371
53514 371
53515 371
53516 371
53517 371
53518 371
53519 371
53520 371
53521 371
53522 371
53523 371
53524 371
53525 371
53526 371
53527 371
53528 371
53529 371
53530 371
53531 371
53532 371
53533 371
53534 371
53535 371
53536 371
53537 371
53538 371
53539 371
53540 371
53541 371
53542 371
53543 371
53544 371
53545 371
53546 371
53547 371
53548 371
53549 371
53550 371
53551 371
53552 371
53553 371
53554 371
53555 371
53556 371
53557 371
53558 371
53559 371
53560 371
53561 371
53562 371
53563 371
53564 371
53565 371
53566 371
53567 371
53568 371
53569 371
53570 371
53571 371
53572 371
53573 371
53574 371
53575 371
53576 371
53577 371
53578 371
53579 371
53580 371
53581 371
53582 371
53583 371
53584 371
53585 371
53586 371
53587 371
53588 371
53589 371
53590 371
53591 371
53592 371
53593 371
53594 371
53595 371
53596 371
53597 371
53598 371
53599 371
53600 371
53601 371
53602 371
53603 371
53604 371
53605 371
53606 371
53607 371
53608 371
53609 371
53610 371
53611 371
53612 371
53613 371
53614 371
53615 371
53616 371
53617 371
53618 371
53619 371
53620 371
53621 371
53622 371
53623 371
53624 371
53625 371
53626 371
53627 371
53628 371
53629 371
53630 373
53631 373
53632 373
53633 373
53634 373
53635 373
53636 373
53637 373
53638 373
53639 373
53640 373
53641 373
53642 373
53643 373
53644 373
53645 373
53646 373
53647 373
53648 373
53649 373
53650 373
53651 373
53652 373
53653 373
53654 373
53655 373
53656 373
53657 373
53658 373
53659 373
53660 373
53661 373
53662 373
53663 373
53664 373
53665 373
53666 373
53667 373
53668 373
53669 373
53670 373
53671 373
53672 373
53673 373
53674 373
53675 373
53676 373
53677 373
53678 373
53679 373
53680 373
53681 373
53682 373
53683 373
53684 373
53685 373
53686 373
53687 373
53688 373
53689 373
53690 373
53691 373
53692 373
53693 373
53694 373
53695 373
53696 373
53697 374
53698 374
53699 374
53700 374
53701 374
53702 374
53703 374
53704 374
53705 374
53706 374
53707 374
53708 374
53709 374
53710 374
53711 374
53712 374
53713 374
53714 374
53715 374
53716 374
53717 374
53718 374
53719 374
53720 374
53721 374
53722 374
53723 374
53724 374
53725 374
53726 374
53727 374
53728 374
53729 374
53730 374
53731 374
53732 374
53733 374
53734 374
53735 374
53736 374
53737 374
53738 374
53739 374
53740 374
53741 374
53742 374
53743 374
53744 374
53745 374
53746 374
53747 374
53748 374
53749 374
53750 374
53751 374
53752 374
53753 374
53754 374
53755 374
53756 374
53757 374
53758 374
53759 374
53760 374
53761 374
53762 374
53763 374
53764 374
53765 374
53766 374
53767 374
53768 374
53769 374
53770 374
53771 374
53772 374
53773 374
53774 374
53775 374
53776 374
53777 374
53778 374
53779 374
53780 374
53781 374
53782 374
53783 374
53784 374
53785 374
53786 374
53787 374
53788 374
53789 374
53790 374
53791 374
53792 374
53793 374
53794 374
53795 374
53796 374
53797 374
53798 374
53799 374
53800 374
53801 374
53802 374
53803 374
53804 374
53805 374
53806 374
53807 374
53808 374
53809 374
53810 374
53811 374
53812 374
53813 374
53814 374
53815 374
53816 374
53817 374
53818 374
53819 374
53820 374
53821 374
53822 374
53823 374
53824 374
53825 374
53826 374
53827 374
53828 374
53829 374
53830 374
53831 374
53832 374
53833 374
53834 374
53835 374
53836 374
53837 374
53838 374
53839 374
53840 374
53841 374
53842 374
53843 374
53844 374
53845 374
53846 374
53847 374
53848 374
53849 374
53850 374
53851 374
53852 374
53853 374
53854 374
53855 374
53856 374
53857 374
53858 374
53859 374
53860 374
53861 374
53862 374
53863 374
53864 374
53865 374
53866 374
53867 374
53868 374
53869 374
53870 374
53871 374
53872 374
53873 374
53874 374
53875 374
53876 374
53877 374
53878 374
53879 374
53880 374
53881 374
53882 374
53883 374
53884 374
53885 374
53886 374
53887 374
53888 374
53889 374
53890 374
53891 374
53892 374
53893 374
53894 374
53895 374
53896 374
53897 374
53898 374
53899 374
53900 374
53901 374
53902 374
53903 374
53904 375
53905 375
53906 375
53907 375
53908 375
53909 375
53910 375
53911 375
53912 375
53913 375
53914 375
53915 375
53916 375
53917 375
53918 375
53919 375
53920 375
53921 375
53922 375
53923 375
53924 375
53925 375
53926 375
53927 375
53928 375
53929 375
53930 375
53931 375
53932 375
53933 375
53934 375
53935 375
53936 375
53937 375
53938 375
53939 375
53940 375
53941 375
53942 375
53943 375
53944 375
53945 375
53946 375
53947 375
53948 375
53949 375
53950 375
53951 375
53952 375
53953 375
53954 375
53955 375
53956 375
53957 375
53958 375
53959 375
53960 375
53961 375
53962 375
53963 375
53964 375
53965 375
53966 375
53967 375
53968 375
53969 375
53970 375
53971 375
53972 375
53973 375
53974 375
53975 375
53976 375
53977 375
53978 375
53979 375
53980 375
53981 375
53982 375
53983 375
53984 375
53985 375
53986 375
53987 375
53988 375
53989 375
53990 375
53991 375
53992 375
53993 375
53994 375
53995 375
53996 375
53997 375
53998 375
53999 375
54000 375
54001 375
54002 375
54003 375
54004 375
54005 375
54006 375
54007 375
54008 375
54009 375
54010 375
54011 375
54012 375
54013 375
54014 375
54015 375
54016 375
54017 375
54018 375
54019 375
54020 375
54021 375
54022 375
54023 375
54024 375
54025 375
54026 375
54027 375
54028 375
54029 375
54030 375
54031 375
54032 375
54033 375
54034 375
54035 375
54036 375
54037 375
54038 375
54039 375
54040 375
54041 375
54042 375
54043 375
54044 375
54045 375
54046 375
54047 375
54048 375
54049 375
54050 375
54051 375
54052 375
54053 376
54054 376
54055 376
54056 376
54057 376
54058 376
54059 376
54060 376
54061 376
54062 376
54063 376
54064 376
54065 376
54066 376
54067 376
54068 376
54069 376
54070 376
54071 376
54072 376
54073 376
54074 376
54075 376
54076 376
54077 376
54078 376
54079 376
54080 376
54081 376
54082 376
54083 376
54084 376
54085 376
54086 376
54087 376
54088 376
54089 376
54090 376
54091 376
54092 376
54093 376
54094 376
54095 376
54096 376
54097 376
54098 376
54099 376
54100 376
54101 376
54102 376
54103 376
54104 376
54105 376
54106 376
54107 376
54108 376
54109 376
54110 376
54111 376
54112 376
54113 376
54114 376
54115 376
54116 376
54117 376
54118 376
54119 376
54120 376
54121 376
54122 376
54123 376
54124 376
54125 376
54126 376
54127 376
54128 376
54129 376
54130 376
54131 376
54132 376
54133 376
54134 376
54135 376
54136 376
54137 376
54138 376
54139 376
54140 376
54141 376
54142 376
54143 376
54144 376
54145 376
54146 376
54147 376
54148 376
54149 376
54150 376
54151 376
54152 376
54153 376
54154 376
54155 376
54156 376
54157 376
54158 376
54159 376
54160 376
54161 376
54162 376
54163 376
54164 376
54165 376
54166 376
54167 376
54168 376
54169 376
54170 376
54171 376
54172 376
54173 376
54174 376
54175 376
54176 376
54177 376
54178 376
54179 376
54180 376
54181 376
54182 376
54183 376
54184 376
54185 376
54186 376
54187 376
54188 376
54189 376
54190 376
54191 376
54192 376
54193 376
54194 376
54195 376
54196 376
54197 376
54198 376
54199 376
54200 376
54201 376
54202 376
54203 376
54204 376
54205 376
54206 376
54207 376
54208 376
54209 376
54210 376
54211 376
54212 376
54213 376
54214 376
54215 376
54216 376
54217 376
54218 376
54219 376
54220 376
54221 376
54222 376
54223 376
54224 376
54225 376
54226 376
54227 376
54228 376
54229 376
54230 376
54231 376
54232 376
54233 376
54234 376
54235 376
54236 376
54237 376
54238 376
54239 376
54240 376
54241 376
54242 376
54243 376
54244 377
54245 377
54246 377
54247 377
54248 377
54249 377
54250 377
54251 377
54252 377
54253 377
54254 377
54255 377
54256 377
54257 377
54258 377
54259 377
54260 377
54261 377
54262 377
54263 377
54264 377
54265 377
54266 377
54267 377
54268 377
54269 377
54270 377
54271 377
54272 377
54273 377
54274 377
54275 377
54276 377
54277 377
54278 377
54279 377
54280 377
54281 377
54282 377
54283 377
54284 377
54285 377
54286 377
54287 377
54288 377
54289 377
54290 377
54291 377
54292 377
54293 377
54294 377
54295 377
54296 377
54297 377
54298 377
54299 377
54300 377
54301 377
54302 377
54303 377
54304 377
54305 377
54306 377
54307 377
54308 377
54309 377
54310 377
54311 377
54312 377
54313 377
54314 377
54315 377
54316 377
54317 377
54318 377
54319 377
54320 377
54321 377
54322 377
54323 377
54324 377
54325 377
54326 377
54327 377
54328 377
54329 377
54330 377
54331 377
54332 377
54333 377
54334 377
54335 377
54336 377
54337 377
54338 377
54339 377
54340 377
54341 377
54342 377
54343 377
54344 377
54345 377
54346 377
54347 377
54348 377
54349 377
54350 377
54351 377
54352 377
54353 377
54354 377
54355 377
54356 377
54357 377
54358 377
54359 377
54360 377
54361 377
54362 377
54363 377
54364 377
54365 377
54366 377
54367 377
54368 377
54369 377
54370 377
54371 377
54372 377
54373 377
54374 377
54375 377
54376 377
54377 377
54378 377
54379 377
54380 377
54381 377
54382 377
54383 377
54384 377
54385 377
54386 377
54387 377
54388 377
54389 377
54390 377
54391 377
54392 377
54393 377
54394 377
54395 377
54396 377
54397 377
54398 377
54399 377
54400 377
54401 377
54402 377
54403 377
54404 377
54405 377
54406 377
54407 377
54408 377
54409 377
54410 377
54411 377
54412 377
54413 377
54414 377
54415 377
54416 377
54417 377
54418 377
54419 377
54420 377
54421 377
54422 377
54423 377
54424 377
54425 377
54426 377
54427 377
54428 377
54429 377
54430 377
54431 377
54432 377
54433 377
54434 377
54435 377
54436 377
54437 377
54438 377
54439 377
54440 377
54441 377
54442 377
54443 377
54444 377
54445 377
54446 377
54447 377
54448 377
54449 377
54450 377
54451 377
54452 377
54453 377
54454 377
54455 377
54456 377
54457 377
54458 377
54459 377
54460 377
54461 377
54462 377
54463 377
54464 377
54465 377
54466 377
54467 377
54468 377
54469 377
54470 377
54471 377
54472 377
54473 377
54474 378
54475 378
54476 378
54477 378
54478 378
54479 378
54480 378
54481 378
54482 378
54483 378
54484 378
54485 378
54486 378
54487 378
54488 378
54489 378
54490 378
54491 378
54492 378
54493 378
54494 378
54495 378
54496 378
54497 378
54498 378
54499 378
54500 378
54501 378
54502 378
54503 378
54504 378
54505 378
54506 378
54507 378
54508 378
54509 378
54510 378
54511 378
54512 378
54513 378
54514 378
54515 378
54516 378
54517 378
54518 378
54519 378
54520 378
54521 378
54522 378
54523 378
54524 378
54525 378
54526 378
54527 378
54528 378
54529 378
54530 378
54531 378
54532 378
54533 378
54534 378
54535 378
54536 378
54537 378
54538 378
54539 378
54540 378
54541 378
54542 378
54543 378
54544 378
54545 378
54546 378
54547 378
54548 378
54549 378
54550 378
54551 378
54552 378
54553 378
54554 378
54555 378
54556 378
54557 378
54558 378
54559 378
54560 378
54561 378
54562 378
54563 378
54564 378
54565 378
54566 378
54567 378
54568 378
54569 378
54570 378
54571 378
54572 378
54573 378
54574 378
54575 378
54576 378
54577 379
54578 379
54579 379
54580 379
54581 379
54582 379
54583 379
54584 379
54585 379
54586 379
54587 379
54588 379
54589 379
54590 379
54591 379
54592 379
54593 379
54594 379
54595 379
54596 379
54597 379
54598 379
54599 379
54600 379
54601 379
54602 379
54603 379
54604 379
54605 379
54606 379
54607 379
54608 379
54609 379
54610 379
54611 379
54612 379
54613 379
54614 379
54615 379
54616 379
54617 379
54618 379
54619 379
54620 379
54621 379
54622 379
54623 379
54624 379
54625 379
54626 379
54627 379
54628 379
54629 379
54630 379
54631 379
54632 379
54633 379
54634 379
54635 379
54636 379
54637 379
54638 379
54639 379
54640 379
54641 379
54642 379
54643 379
54644 379
54645 379
54646 379
54647 379
54648 379
54649 379
54650 379
54651 379
54652 379
54653 379
54654 379
54655 379
54656 379
54657 379
54658 379
54659 379
54660 379
54661 379
54662 379
54663 379
54664 379
54665 379
54666 379
54667 379
54668 379
54669 379
54670 379
54671 379
54672 379
54673 379
54674 379
54675 379
54676 379
54677 379
54678 379
54679 379
54680 379
54681 379
54682 379
54683 379
54684 379
54685 379
54686 379
54687 379
54688 379
54689 379
54690 379
54691 379
54692 379
54693 379
54694 379
54695 379
54696 379
54697 379
54698 379
54699 379
54700 379
54701 379
54702 379
54703 379
54704 379
54705 379
54706 379
54707 379
54708 379
54709 379
54710 379
54711 379
54712 379
54713 379
54714 379
54715 379
54716 379
54717 379
54718 379
54719 379
54720 379
54721 379
54722 379
54723 379
54724 379
54725 379
54726 379
54727 379
54728 379
54729 379
54730 379
54731 379
54732 379
54733 379
54734 379
54735 379
54736 379
54737 379
54738 379
54739 379
54740 379
54741 379
54742 379
54743 379
54744 379
54745 379
54746 379
54747 379
54748 379
54749 379
54750 379
54751 379
54752 379
54753 379
54754 379
54755 379
54756 379
54757 379
54758 379
54759 379
54760 379
54761 379
54762 379
54763 379
54764 379
54765 379
54766 379
54767 379
54768 379
54769 379
54770 379
54771 379
54772 379
54773 379
54774 379
54775 379
54776 380
54777 380
54778 380
54779 380
54780 380
54781 380
54782 380
54783 380
54784 380
54785 380
54786 380
54787 380
54788 380
54789 380
54790 380
54791 380
54792 380
54793 380
54794 380
54795 380
54796 380
54797 380
54798 380
54799 380
54800 380
54801 380
54802 380
54803 380
54804 380
54805 380
54806 380
54807 380
54808 380
54809 380
54810 380
54811 380
54812 380
54813 380
54814 380
54815 380
54816 380
54817 380
54818 380
54819 380
54820 380
54821 380
54822 380
54823 380
54824 380
54825 380
54826 380
54827 380
54828 380
54829 380
54830 380
54831 380
54832 380
54833 380
54834 380
54835 380
54836 380
54837 380
54838 380
54839 380
54840 380
54841 380
54842 380
54843 380
54844 380
54845 380
54846 380
54847 380
54848 380
54849 380
54850 380
54851 380
54852 380
54853 380
54854 380
54855 380
54856 380
54857 380
54858 380
54859 380
54860 380
54861 380
54862 380
54863 380
54864 380
54865 380
54866 380
54867 380
54868 380
54869 380
54870 380
54871 380
54872 380
54873 380
54874 380
54875 380
54876 381
54877 381
54878 381
54879 381
54880 381
54881 381
54882 381
54883 381
54884 381
54885 381
54886 381
54887 381
54888 381
54889 381
54890 381
54891 381
54892 381
54893 381
54894 381
54895 381
54896 381
54897 381
54898 381
54899 381
54900 381
54901 381
54902 381
54903 381
54904 381
54905 381
54906 381
54907 381
54908 381
54909 381
54910 381
54911 381
54912 381
54913 381
54914 381
54915 381
54916 381
54917 381
54918 381
54919 381
54920 381
54921 381
54922 381
54923 381
54924 381
54925 381
54926 381
54927 381
54928 381
54929 381
54930 381
54931 381
54932 381
54933 381
54934 381
54935 381
54936 381
54937 381
54938 381
54939 381
54940 381
54941 381
54942 381
54943 381
54944 381
54945 381
54946 381
54947 381
54948 381
54949 381
54950 381
54951 381
54952 381
54953 381
54954 381
54955 381
54956 381
54957 381
54958 381
54959 381
54960 381
54961 381
54962 381
54963 381
54964 381
54965 381
54966 381
54967 381
54968 381
54969 381
54970 381
54971 381
54972 381
54973 381
54974 381
54975 381
54976 381
54977 381
54978 381
54979 381
54980 381
54981 381
54982 381
54983 381
54984 381
54985 381
54986 381
54987 381
54988 381
54989 381
54990 381
54991 381
54992 381
54993 381
54994 381
54995 381
54996 382
54997 382
54998 382
54999 382
55000 382
55001 382
55002 382
55003 382
55004 382
55005 382
55006 382
55007 382
55008 382
55009 382
55010 382
55011 382
55012 382
55013 382
55014 382
55015 382
55016 382
55017 382
55018 382
55019 382
55020 382
55021 382
55022 382
55023 382
55024 382
55025 382
55026 382
55027 382
55028 382
55029 382
55030 382
55031 382
55032 382
55033 382
55034 382
55035 382
55036 382
55037 382
55038 382
55039 382
55040 382
55041 382
55042 382
55043 382
55044 382
55045 382
55046 382
55047 382
55048 382
55049 382
55050 382
55051 382
55052 382
55053 382
55054 382
55055 382
55056 382
55057 382
55058 382
55059 382
55060 382
55061 382
55062 382
55063 382
55064 382
55065 382
55066 382
55067 382
55068 382
55069 382
55070 382
55071 382
55072 382
55073 382
55074 382
55075 382
55076 382
55077 382
55078 382
55079 382
55080 382
55081 382
55082 382
55083 382
55084 382
55085 382
55086 382
55087 382
55088 382
55089 382
55090 382
55091 382
55092 382
55093 382
55094 382
55095 382
55096 382
55097 382
55098 382
55099 382
55100 382
55101 382
55102 382
55103 382
55104 382
55105 382
55106 382
55107 382
55108 382
55109 382
55110 382
55111 382
55112 382
55113 382
55114 382
55115 382
55116 382
55117 382
55118 382
55119 382
55120 382
55121 382
55122 382
55123 382
55124 382
55125 382
55126 382
55127 382
55128 382
55129 382
55130 382
55131 382
55132 382
55133 382
55134 382
55135 382
55136 382
55137 382
55138 382
55139 382
55140 382
55141 382
55142 382
55143 382
55144 382
55145 382
55146 382
55147 382
55148 382
55149 382
55150 382
55151 382
55152 382
55153 382
55154 382
55155 382
55156 382
55157 382
55158 382
55159 382
55160 382
55161 382
55162 382
55163 382
55164 382
55165 382
55166 382
55167 382
55168 382
55169 382
55170 382
55171 382
55172 382
55173 382
55174 382
55175 382
55176 382
55177 382
55178 382
55179 382
55180 382
55181 382
55182 382
55183 382
55184 382
55185 382
55186 382
55187 382
55188 382
55189 382
55190 382
55191 382
55192 382
55193 382
55194 382
55195 382
55196 382
55197 382
55198 382
55199 382
55200 382
55201 382
55202 382
55203 382
55204 382
55205 382
55206 382
55207 382
55208 382
55209 382
55210 382
55211 382
55212 382
55213 382
55214 382
55215 382
55216 382
55217 382
55218 382
55219 382
55220 382
55221 382
55222 382
55223 382
55224 382
55225 382
55226 382
55227 382
55228 382
55229 382
55230 382
55231 382
55232 382
55233 382
55234 382
55235 382
55236 382
55237 382
55238 382
55239 382
55240 382
55241 382
55242 382
55243 382
55244 382
55245 382
55246 382
55247 382
55248 382
55249 382
55250 382
55251 382
55252 382
55253 382
55254 382
55255 382
55256 382
55257 382
55258 382
55259 382
55260 382
55261 382
55262 382
55263 382
55264 382
55265 382
55266 382
55267 382
55268 382
55269 382
55270 382
55271 382
55272 382
55273 382
55274 382
55275 382
55276 382
55277 382
55278 382
55279 382
55280 382
55281 382
55282 382
55283 382
55284 382
55285 382
55286 382
55287 382
55288 382
55289 382
55290 382
55291 382
55292 382
55293 382
55294 382
55295 382
55296 382
55297 382
55298 382
55299 382
55300 382
55301 382
55302 382
55303 382
55304 382
55305 382
55306 382
55307 382
55308 382
55309 382
55310 382
55311 382
55312 382
55313 382
55314 382
55315 382
55316 382
55317 382
55318 382
55319 382
55320 382
55321 382
55322 382
55323 382
55324 382
55325 382
55326 382
55327 382
55328 382
55329 382
55330 382
55331 382
55332 382
55333 382
55334 382
55335 382
55336 382
55337 382
55338 382
55339 382
55340 382
55341 382
55342 382
55343 382
55344 382
55345 382
55346 382
55347 382
55348 382
55349 382
55350 382
55351 382
55352 382
55353 382
55354 382
55355 382
55356 382
55357 382
55358 382
55359 382
55360 382
55361 382
55362 382
55363 382
55364 382
55365 382
55366 382
55367 382
55368 382
55369 382
55370 382
55371 382
55372 382
55373 382
55374 382
55375 382
55376 382
55377 382
55378 382
55379 382
55380 382
55381 382
55382 382
55383 382
55384 382
55385 382
55386 382
55387 382
55388 382
55389 382
55390 382
55391 382
55392 382
55393 382
55394 382
55395 382
55396 382
55397 382
55398 382
55399 382
55400 382
55401 382
55402 382
55403 382
55404 382
55405 382
55406 382
55407 382
55408 382
55409 382
55410 382
55411 382
55412 382
55413 382
55414 382
55415 382
55416 382
55417 382
55418 382
55419 382
55420 382
55421 382
55422 382
55423 382
55424 382
55425 382
55426 382
55427 382
55428 382
55429 382
55430 382
55431 382
55432 382
55433 382
55434 382
55435 382
55436 382
55437 382
55438 382
55439 382
55440 382
55441 382
55442 382
55443 382
55444 382
55445 382
55446 382
55447 382
55448 382
55449 382
55450 382
55451 382
55452 382
55453 382
55454 382
55455 382
55456 382
55457 382
55458 382
55459 382
55460 382
55461 382
55462 382
55463 382
55464 382
55465 382
55466 382
55467 382
55468 382
55469 382
55470 382
55471 382
55472 382
55473 382
55474 382
55475 382
55476 382
55477 382
55478 382
55479 382
55480 382
55481 382
55482 382
55483 382
55484 382
55485 382
55486 382
55487 382
55488 382
55489 382
55490 382
55491 382
55492 382
55493 382
55494 382
55495 382
55496 382
55497 382
55498 382
55499 382
55500 382
55501 382
55502 382
55503 382
55504 382
55505 382
55506 382
55507 382
55508 382
55509 382
55510 382
55511 382
55512 382
55513 382
55514 382
55515 382
55516 382
55517 382
55518 382
55519 382
55520 382
55521 383
55522 383
55523 383
55524 383
55525 383
55526 383
55527 383
55528 383
55529 383
55530 383
55531 383
55532 383
55533 383
55534 383
55535 383
55536 383
55537 383
55538 383
55539 383
55540 383
55541 383
55542 383
55543 383
55544 383
55545 383
55546 383
55547 383
55548 383
55549 383
55550 383
55551 383
55552 383
55553 383
55554 383
55555 383
55556 383
55557 383
55558 383
55559 383
55560 383
55561 383
55562 383
55563 383
55564 383
55565 383
55566 383
55567 383
55568 383
55569 383
55570 383
55571 383
55572 383
55573 383
55574 383
55575 383
55576 383
55577 383
55578 383
55579 383
55580 383
55581 383
55582 383
55583 383
55584 383
55585 383
55586 383
55587 383
55588 383
55589 383
55590 383
55591 383
55592 383
55593 383
55594 383
55595 383
55596 383
55597 383
55598 383
55599 383
55600 383
55601 383
55602 383
55603 383
55604 383
55605 383
55606 383
55607 383
55608 383
55609 383
55610 383
55611 383
55612 383
55613 383
55614 383
55615 383
55616 383
55617 383
55618 383
55619 383
55620 383
55621 383
55622 383
55623 383
55624 383
55625 383
55626 383
55627 383
55628 383
55629 383
55630 383
55631 383
55632 383
55633 383
55634 383
55635 383
55636 383
55637 383
55638 383
55639 383
55640 383
55641 383
55642 383
55643 383
55644 383
55645 383
55646 383
55647 383
55648 383
55649 383
55650 383
55651 383
55652 383
55653 383
55654 383
55655 383
55656 383
55657 383
55658 383
55659 383
55660 383
55661 383
55662 383
55663 383
55664 383
55665 383
55666 383
55667 383
55668 383
55669 383
55670 383
55671 383
55672 384
55673 384
55674 384
55675 384
55676 384
55677 384
55678 384
55679 384
55680 384
55681 384
55682 384
55683 384
55684 384
55685 384
55686 384
55687 384
55688 384
55689 384
55690 384
55691 384
55692 384
55693 384
55694 384
55695 384
55696 384
55697 384
55698 384
55699 384
55700 384
55701 384
55702 384
55703 384
55704 384
55705 384
55706 384
55707 384
55708 384
55709 384
55710 384
55711 384
55712 384
55713 384
55714 384
55715 384
55716 384
55717 384
55718 384
55719 384
55720 384
55721 384
55722 384
55723 384
55724 384
55725 384
55726 384
55727 384
55728 384
55729 384
55730 384
55731 384
55732 384
55733 384
55734 384
55735 384
55736 384
55737 384
55738 384
55739 384
55740 384
55741 384
55742 384
55743 384
55744 384
55745 384
55746 384
55747 384
55748 384
55749 384
55750 384
55751 384
55752 384
55753 384
55754 384
55755 384
55756 384
55757 384
55758 384
55759 384
55760 384
55761 384
55762 384
55763 384
55764 384
55765 384
55766 384
55767 384
55768 384
55769 384
55770 384
55771 384
55772 384
55773 384
55774 384
55775 384
55776 384
55777 384
55778 384
55779 384
55780 384
55781 384
55782 384
55783 384
55784 384
55785 384
55786 384
55787 384
55788 384
55789 384
55790 384
55791 384
55792 384
55793 384
55794 384
55795 384
55796 384
55797 384
55798 384
55799 384
55800 384
55801 384
55802 384
55803 384
55804 384
55805 384
55806 384
55807 384
55808 384
55809 384
55810 384
55811 384
55812 384
55813 384
55814 384
55815 384
55816 384
55817 384
55818 384
55819 384
55820 384
55821 384
55822 384
55823 384
55824 384
55825 384
55826 384
55827 384
55828 384
55829 384
55830 384
55831 384
55832 384
55833 384
55834 384
55835 384
55836 384
55837 384
55838 384
55839 384
55840 384
55841 384
55842 384
55843 384
55844 384
55845 384
55846 384
55847 384
55848 384
55849 384
55850 384
55851 384
55852 384
55853 384
55854 384
55855 384
55856 384
55857 384
55858 384
55859 384
55860 384
55861 384
55862 384
55863 384
55864 384
55865 384
55866 384
55867 384
55868 384
55869 384
55870 384
55871 384
55872 384
55873 384
55874 384
55875 384
55876 384
55877 384
55878 384
55879 384
55880 384
55881 384
55882 384
55883 384
55884 384
55885 384
55886 384
55887 384
55888 384
55889 384
55890 384
55891 384
55892 384
55893 384
55894 384
55895 384
55896 384
55897 384
55898 384
55899 384
55900 384
55901 384
55902 384
55903 384
55904 384
55905 384
55906 384
55907 384
55908 384
55909 384
55910 384
55911 384
55912 384
55913 384
55914 384
55915 384
55916 384
55917 384
55918 384
55919 384
55920 384
55921 384
55922 384
55923 384
55924 384
55925 384
55926 384
55927 384
55928 384
55929 384
55930 384
55931 384
55932 384
55933 384
55934 384
55935 384
55936 384
55937 384
55938 384
55939 384
55940 384
55941 384
55942 385
55943 385
55944 385
55945 385
55946 385
55947 385
55948 385
55949 385
55950 385
55951 385
55952 385
55953 385
55954 385
55955 385
55956 385
55957 385
55958 385
55959 385
55960 385
55961 385
55962 385
55963 385
55964 385
55965 385
55966 385
55967 385
55968 385
55969 385
55970 385
55971 385
55972 385
55973 385
55974 385
55975 385
55976 385
55977 385
55978 385
55979 385
55980 385
55981 385
55982 385
55983 385
55984 385
55985 385
55986 385
55987 385
55988 385
55989 385
55990 385
55991 385
55992 385
55993 385
55994 385
55995 385
55996 385
55997 385
55998 385
55999 385
56000 385
56001 385
56002 385
56003 385
56004 385
56005 385
56006 385
56007 385
56008 385
56009 385
56010 385
56011 385
56012 385
56013 385
56014 385
56015 385
56016 385
56017 385
56018 385
56019 385
56020 385
56021 385
56022 385
56023 385
56024 385
56025 385
56026 385
56027 385
56028 385
56029 385
56030 385
56031 385
56032 385
56033 385
56034 385
56035 385
56036 385
56037 385
56038 385
56039 385
56040 385
56041 385
56042 385
56043 385
56044 385
56045 385
56046 385
56047 385
56048 385
56049 385
56050 385
56051 385
56052 385
56053 385
56054 385
56055 385
56056 385
56057 385
56058 385
56059 385
56060 385
56061 385
56062 385
56063 385
56064 385
56065 385
56066 385
56067 385
56068 385
56069 385
56070 385
56071 385
56072 385
56073 385
56074 385
56075 385
56076 385
56077 385
56078 385
56079 385
56080 385
56081 385
56082 385
56083 385
56084 385
56085 385
56086 385
56087 385
56088 385
56089 385
56090 385
56091 385
56092 385
56093 385
56094 385
56095 385
56096 385
56097 385
56098 385
56099 385
56100 385
56101 385
56102 385
56103 385
56104 385
56105 385
56106 385
56107 385
56108 386
56109 386
56110 386
56111 386
56112 386
56113 386
56114 386
56115 386
56116 386
56117 386
56118 386
56119 386
56120 386
56121 386
56122 386
56123 386
56124 386
56125 386
56126 386
56127 386
56128 386
56129 386
56130 386
56131 386
56132 386
56133 386
56134 386
56135 386
56136 386
56137 386
56138 386
56139 386
56140 386
56141 386
56142 386
56143 386
56144 386
56145 386
56146 386
56147 386
56148 386
56149 386
56150 386
56151 386
56152 386
56153 386
56154 386
56155 386
56156 386
56157 386
56158 386
56159 386
56160 386
56161 386
56162 386
56163 386
56164 386
56165 386
56166 386
56167 386
56168 386
56169 386
56170 386
56171 386
56172 386
56173 386
56174 386
56175 386
56176 386
56177 386
56178 386
56179 386
56180 386
56181 386
56182 386
56183 386
56184 386
56185 386
56186 386
56187 386
56188 386
56189 386
56190 386
56191 386
56192 386
56193 386
56194 386
56195 386
56196 386
56197 386
56198 386
56199 386
56200 386
56201 386
56202 386
56203 386
56204 386
56205 386
56206 386
56207 386
56208 386
56209 386
56210 386
56211 386
56212 386
56213 386
56214 386
56215 386
56216 386
56217 386
56218 386
56219 386
56220 386
56221 386
56222 386
56223 386
56224 386
56225 386
56226 386
56227 386
56228 386
56229 386
56230 386
56231 386
56232 386
56233 386
56234 386
56235 386
56236 386
56237 386
56238 386
56239 386
56240 386
56241 386
56242 386
56243 386
56244 386
56245 386
56246 386
56247 386
56248 386
56249 386
56250 386
56251 386
56252 386
56253 387
56254 387
56255 387
56256 387
56257 387
56258 387
56259 387
56260 387
56261 387
56262 387
56263 387
56264 387
56265 387
56266 387
56267 387
56268 387
56269 387
56270 387
56271 387
56272 387
56273 387
56274 387
56275 387
56276 387
56277 387
56278 387
56279 387
56280 387
56281 387
56282 387
56283 387
56284 387
56285 387
56286 387
56287 387
56288 387
56289 387
56290 387
56291 387
56292 387
56293 387
56294 387
56295 387
56296 387
56297 387
56298 387
56299 387
56300 387
56301 387
56302 387
56303 387
56304 387
56305 387
56306 387
56307 387
56308 387
56309 387
56310 387
56311 387
56312 387
56313 387
56314 387
56315 387
56316 387
56317 387
56318 387
56319 387
56320 387
56321 387
56322 387
56323 387
56324 387
56325 387
56326 387
56327 387
56328 387
56329 387
56330 387
56331 387
56332 387
56333 387
56334 387
56335 387
56336 387
56337 387
56338 387
56339 387
56340 387
56341 387
56342 387
56343 387
56344 387
56345 387
56346 387
56347 387
56348 387
56349 387
56350 387
56351 387
56352 387
56353 387
56354 387
56355 388
56356 388
56357 388
56358 388
56359 388
56360 388
56361 388
56362 388
56363 388
56364 388
56365 388
56366 388
56367 388
56368 388
56369 388
56370 388
56371 388
56372 388
56373 388
56374 388
56375 388
56376 388
56377 388
56378 388
56379 388
56380 388
56381 388
56382 388
56383 388
56384 388
56385 388
56386 388
56387 388
56388 388
56389 388
56390 388
56391 388
56392 388
56393 388
56394 388
56395 388
56396 388
56397 388
56398 388
56399 388
56400 388
56401 388
56402 388
56403 388
56404 388
56405 388
56406 388
56407 388
56408 388
56409 388
56410 388
56411 388
56412 388
56413 388
56414 388
56415 388
56416 388
56417 388
56418 388
56419 388
56420 388
56421 388
56422 388
56423 388
56424 388
56425 388
56426 388
56427 388
56428 388
56429 388
56430 388
56431 388
56432 388
56433 388
56434 388
56435 388
56436 388
56437 388
56438 388
56439 388
56440 388
56441 388
56442 388
56443 388
56444 388
56445 388
56446 388
56447 388
56448 388
56449 388
56450 388
56451 388
56452 388
56453 388
56454 388
56455 388
56456 388
56457 388
56458 388
56459 388
56460 388
56461 388
56462 388
56463 388
56464 388
56465 388
56466 388
56467 388
56468 388
56469 388
56470 388
56471 388
56472 388
56473 388
56474 388
56475 388
56476 388
56477 388
56478 388
56479 388
56480 388
56481 388
56482 388
56483 388
56484 388
56485 388
56486 388
56487 388
56488 388
56489 388
56490 388
56491 388
56492 388
56493 388
56494 388
56495 388
56496 388
56497 388
56498 388
56499 388
56500 388
56501 388
56502 388
56503 388
56504 388
56505 389
56506 389
56507 389
56508 389
56509 389
56510 389
56511 389
56512 389
56513 389
56514 389
56515 389
56516 389
56517 389
56518 389
56519 389
56520 389
56521 389
56522 389
56523 389
56524 389
56525 389
56526 389
56527 389
56528 389
56529 389
56530 389
56531 389
56532 389
56533 389
56534 389
56535 389
56536 389
56537 389
56538 389
56539 389
56540 389
56541 389
56542 389
56543 389
56544 389
56545 389
56546 389
56547 389
56548 389
56549 389
56550 389
56551 389
56552 389
56553 389
56554 389
56555 389
56556 389
56557 389
56558 389
56559 389
56560 389
56561 389
56562 389
56563 389
56564 389
56565 389
56566 389
56567 389
56568 389
56569 389
56570 389
56571 389
56572 389
56573 389
56574 389
56575 389
56576 389
56577 389
56578 389
56579 389
56580 389
56581 389
56582 389
56583 389
56584 389
56585 389
56586 389
56587 389
56588 389
56589 389
56590 389
56591 389
56592 389
56593 389
56594 389
56595 389
56596 389
56597 389
56598 389
56599 389
56600 389
56601 389
56602 389
56603 389
56604 389
56605 389
56606 389
56607 389
56608 389
56609 389
56610 389
56611 389
56612 389
56613 389
56614 389
56615 389
56616 389
56617 389
56618 389
56619 389
56620 389
56621 389
56622 389
56623 389
56624 389
56625 389
56626 389
56627 389
56628 389
56629 389
56630 389
56631 389
56632 389
56633 389
56634 389
56635 389
56636 389
56637 389
56638 389
56639 389
56640 389
56641 389
56642 390
56643 390
56644 390
56645 390
56646 390
56647 390
56648 390
56649 390
56650 390
56651 390
56652 390
56653 390
56654 390
56655 390
56656 390
56657 390
56658 390
56659 390
56660 390
56661 390
56662 390
56663 390
56664 390
56665 390
56666 390
56667 390
56668 390
56669 390
56670 390
56671 390
56672 390
56673 390
56674 390
56675 390
56676 390
56677 390
56678 390
56679 390
56680 390
56681 390
56682 390
56683 390
56684 390
56685 390
56686 390
56687 390
56688 390
56689 390
56690 390
56691 390
56692 390
56693 390
56694 390
56695 390
56696 390
56697 390
56698 390
56699 390
56700 390
56701 390
56702 390
56703 390
56704 390
56705 390
56706 390
56707 390
56708 390
56709 390
56710 390
56711 390
56712 390
56713 390
56714 390
56715 390
56716 390
56717 390
56718 390
56719 390
56720 390
56721 390
56722 390
56723 390
56724 390
56725 390
56726 390
56727 390
56728 390
56729 390
56730 390
56731 390
56732 390
56733 390
56734 390
56735 390
56736 390
56737 390
56738 390
56739 390
56740 390
56741 390
56742 390
56743 390
56744 390
56745 390
56746 390
56747 390
56748 390
56749 390
56750 390
56751 390
56752 390
56753 390
56754 390
56755 390
56756 390
56757 390
56758 390
56759 390
56760 390
56761 390
56762 390
56763 390
56764 390
56765 390
56766 390
56767 390
56768 390
56769 390
56770 390
56771 390
56772 390
56773 390
56774 390
56775 390
56776 390
56777 390
56778 390
56779 390
56780 390
56781 390
56782 390
56783 390
56784 390
56785 390
56786 390
56787 390
56788 390
56789 390
56790 390
56791 390
56792 390
56793 390
56794 390
56795 390
56796 390
56797 390
56798 390
56799 390
56800 390
56801 390
56802 390
56803 390
56804 390
56805 390
56806 390
56807 390
56808 390
56809 390
56810 390
56811 390
56812 390
56813 390
56814 390
56815 390
56816 390
56817 390
56818 390
56819 390
56820 390
56821 390
56822 390
56823 390
56824 390
56825 390
56826 390
56827 390
56828 390
56829 390
56830 390
56831 390
56832 390
56833 390
56834 390
56835 390
56836 390
56837 390
56838 390
56839 390
56840 390
56841 390
56842 390
56843 390
56844 390
56845 390
56846 390
56847 390
56848 390
56849 390
56850 390
56851 390
56852 390
56853 390
56854 390
56855 390
56856 390
56857 390
56858 390
56859 390
56860 390
56861 390
56862 390
56863 390
56864 390
56865 390
56866 390
56867 390
56868 390
56869 390
56870 390
56871 390
56872 390
56873 390
56874 390
56875 390
56876 390
56877 390
56878 390
56879 390
56880 390
56881 390
56882 390
56883 390
56884 390
56885 390
56886 390
56887 390
56888 390
56889 390
56890 390
56891 390
56892 390
56893 390
56894 390
56895 390
56896 390
56897 390
56898 390
56899 390
56900 390
56901 390
56902 390
56903 390
56904 390
56905 390
56906 390
56907 390
56908 391
56909 391
56910 391
56911 391
56912 391
56913 391
56914 391
56915 391
56916 391
56917 391
56918 391
56919 391
56920 391
56921 391
56922 391
56923 391
56924 391
56925 391
56926 391
56927 391
56928 391
56929 391
56930 391
56931 391
56932 391
56933 391
56934 391
56935 391
56936 391
56937 391
56938 391
56939 391
56940 391
56941 391
56942 391
56943 391
56944 391
56945 391
56946 391
56947 391
56948 391
56949 391
56950 391
56951 391
56952 391
56953 391
56954 391
56955 391
56956 391
56957 391
56958 391
56959 391
56960 391
56961 391
56962 391
56963 391
56964 391
56965 391
56966 391
56967 391
56968 391
56969 391
56970 391
56971 391
56972 391
56973 391
56974 391
56975 391
56976 391
56977 391
56978 391
56979 391
56980 391
56981 391
56982 391
56983 391
56984 391
56985 391
56986 391
56987 391
56988 391
56989 391
56990 391
56991 391
56992 391
56993 391
56994 391
56995 391
56996 391
56997 391
56998 391
56999 391
57000 391
57001 391
57002 391
57003 391
57004 391
57005 391
57006 391
57007 391
57008 391
57009 391
57010 391
57011 391
57012 391
57013 392
57014 392
57015 392
57016 392
57017 392
57018 392
57019 392
57020 392
57021 392
57022 392
57023 392
57024 392
57025 392
57026 392
57027 392
57028 392
57029 392
57030 392
57031 392
57032 392
57033 392
57034 392
57035 392
57036 392
57037 392
57038 392
57039 392
57040 392
57041 392
57042 392
57043 392
57044 392
57045 392
57046 392
57047 392
57048 392
57049 392
57050 392
57051 392
57052 392
57053 392
57054 392
57055 392
57056 392
57057 392
57058 392
57059 392
57060 392
57061 392
57062 392
57063 392
57064 392
57065 392
57066 392
57067 392
57068 392
57069 392
57070 392
57071 392
57072 392
57073 392
57074 392
57075 392
57076 392
57077 392
57078 392
57079 392
57080 392
57081 392
57082 392
57083 392
57084 392
57085 392
57086 392
57087 392
57088 392
57089 392
57090 392
57091 392
57092 392
57093 392
57094 392
57095 392
57096 392
57097 392
57098 392
57099 392
57100 392
57101 392
57102 392
57103 392
57104 392
57105 392
57106 392
57107 392
57108 392
57109 392
57110 392
57111 392
57112 392
57113 392
57114 392
57115 392
57116 392
57117 392
57118 392
57119 392
57120 392
57121 392
57122 392
57123 392
57124 392
57125 392
57126 392
57127 392
57128 392
57129 392
57130 392
57131 392
57132 392
57133 392
57134 392
57135 392
57136 392
57137 392
57138 392
57139 392
57140 392
57141 392
57142 392
57143 392
57144 392
57145 392
57146 392
57147 392
57148 392
57149 392
57150 392
57151 392
57152 392
57153 392
57154 392
57155 392
57156 392
57157 392
57158 392
57159 392
57160 392
57161 392
57162 392
57163 392
57164 392
57165 392
57166 392
57167 392
57168 392
57169 392
57170 392
57171 392
57172 392
57173 392
57174 392
57175 392
57176 392
57177 392
57178 392
57179 392
57180 392
57181 392
57182 392
57183 392
57184 392
57185 392
57186 392
57187 392
57188 392
57189 392
57190 392
57191 392
57192 392
57193 392
57194 392
57195 392
57196 392
57197 392
57198 392
57199 392
57200 392
57201 392
57202 392
57203 392
57204 392
57205 392
57206 392
57207 392
57208 392
57209 392
57210 392
57211 392
57212 392
57213 392
57214 392
57215 392
57216 392
57217 392
57218 392
57219 392
57220 392
57221 392
57222 392
57223 392
57224 392
57225 392
57226 392
57227 392
57228 392
57229 392
57230 392
57231 392
57232 392
57233 392
57234 392
57235 392
57236 392
57237 392
57238 392
57239 392
57240 392
57241 393
57242 393
57243 393
57244 393
57245 393
57246 393
57247 393
57248 393
57249 393
57250 393
57251 393
57252 393
57253 393
57254 393
57255 393
57256 393
57257 393
57258 393
57259 393
57260 393
57261 393
57262 393
57263 393
57264 393
57265 393
57266 393
57267 393
57268 393
57269 393
57270 393
57271 393
57272 393
57273 393
57274 393
57275 393
57276 393
57277 393
57278 393
57279 393
57280 393
57281 393
57282 393
57283 393
57284 393
57285 393
57286 393
57287 393
57288 393
57289 393
57290 393
57291 393
57292 393
57293 393
57294 393
57295 393
57296 393
57297 393
57298 393
57299 393
57300 393
57301 393
57302 393
57303 393
57304 393
57305 393
57306 393
57307 393
57308 393
57309 393
57310 393
57311 393
57312 393
57313 393
57314 393
57315 393
57316 393
57317 393
57318 393
57319 393
57320 393
57321 393
57322 393
57323 393
57324 393
57325 393
57326 393
57327 393
57328 393
57329 393
57330 393
57331 393
57332 393
57333 393
57334 393
57335 393
57336 393
57337 393
57338 393
57339 393
57340 393
57341 393
57342 393
57343 393
57344 393
57345 393
57346 393
57347 393
57348 393
57349 393
57350 393
57351 393
57352 393
57353 393
57354 393
57355 393
57356 393
57357 393
57358 393
57359 393
57360 393
57361 393
57362 393
57363 393
57364 393
57365 393
57366 393
57367 393
57368 393
57369 393
57370 393
57371 393
57372 393
57373 393
57374 393
57375 393
57376 393
57377 393
57378 393
57379 393
57380 393
57381 393
57382 393
57383 393
57384 393
57385 393
57386 393
57387 393
57388 393
57389 393
57390 393
57391 393
57392 393
57393 393
57394 393
57395 394
57396 394
57397 394
57398 394
57399 394
57400 394
57401 394
57402 394
57403 394
57404 394
57405 394
57406 394
57407 394
57408 394
57409 394
57410 394
57411 394
57412 394
57413 394
57414 394
57415 394
57416 394
57417 394
57418 394
57419 394
57420 394
57421 394
57422 394
57423 394
57424 394
57425 394
57426 394
57427 394
57428 394
57429 394
57430 394
57431 394
57432 394
57433 394
57434 394
57435 394
57436 394
57437 394
57438 394
57439 394
57440 394
57441 394
57442 394
57443 394
57444 394
57445 394
57446 394
57447 394
57448 394
57449 394
57450 394
57451 394
57452 394
57453 394
57454 394
57455 394
57456 394
57457 394
57458 394
57459 394
57460 394
57461 394
57462 394
57463 394
57464 394
57465 394
57466 394
57467 394
57468 394
57469 394
57470 394
57471 394
57472 394
57473 394
57474 394
57475 394
57476 394
57477 394
57478 394
57479 394
57480 394
57481 394
57482 394
57483 394
57484 394
57485 394
57486 394
57487 394
57488 394
57489 394
57490 394
57491 394
57492 394
57493 394
57494 394
57495 394
57496 394
57497 394
57498 394
57499 394
57500 394
57501 394
57502 394
57503 394
57504 394
57505 394
57506 395
57507 395
57508 395
57509 395
57510 395
57511 395
57512 395
57513 395
57514 395
57515 395
57516 395
57517 395
57518 395
57519 395
57520 395
57521 395
57522 395
57523 395
57524 395
57525 395
57526 395
57527 395
57528 395
57529 395
57530 395
57531 395
57532 395
57533 395
57534 395
57535 395
57536 395
57537 395
57538 395
57539 395
57540 395
57541 395
57542 395
57543 395
57544 395
57545 395
57546 395
57547 395
57548 395
57549 395
57550 395
57551 395
57552 395
57553 395
57554 395
57555 395
57556 395
57557 395
57558 395
57559 395
57560 395
57561 395
57562 395
57563 395
57564 395
57565 395
57566 395
57567 395
57568 395
57569 395
57570 395
57571 395
57572 395
57573 395
57574 395
57575 395
57576 395
57577 395
57578 395
57579 395
57580 395
57581 395
57582 395
57583 395
57584 395
57585 395
57586 395
57587 395
57588 395
57589 395
57590 395
57591 395
57592 395
57593 395
57594 395
57595 395
57596 395
57597 395
57598 395
57599 395
57600 395
57601 395
57602 395
57603 395
57604 395
57605 395
57606 395
57607 395
57608 395
57609 395
57610 395
57611 395
57612 395
57613 395
57614 395
57615 395
57616 395
57617 395
57618 395
57619 395
57620 395
57621 395
57622 395
57623 395
57624 395
57625 395
57626 395
57627 395
57628 395
57629 395
57630 395
57631 395
57632 395
57633 395
57634 395
57635 395
57636 395
57637 395
57638 395
57639 395
57640 395
57641 395
57642 395
57643 395
57644 395
57645 395
57646 395
57647 395
57648 396
57649 396
57650 396
57651 396
57652 396
57653 396
57654 396
57655 396
57656 396
57657 396
57658 396
57659 396
57660 396
57661 396
57662 396
57663 396
57664 396
57665 396
57666 396
57667 396
57668 396
57669 396
57670 396
57671 396
57672 396
57673 396
57674 396
57675 396
57676 396
57677 396
57678 396
57679 396
57680 396
57681 396
57682 396
57683 396
57684 396
57685 396
57686 396
57687 396
57688 396
57689 396
57690 396
57691 396
57692 396
57693 396
57694 396
57695 396
57696 396
57697 396
57698 396
57699 396
57700 396
57701 396
57702 396
57703 396
57704 396
57705 396
57706 396
57707 396
57708 396
57709 396
57710 396
57711 396
57712 396
57713 396
57714 396
57715 396
57716 396
57717 396
57718 396
57719 396
57720 396
57721 396
57722 396
57723 396
57724 396
57725 396
57726 396
57727 396
57728 396
57729 396
57730 396
57731 396
57732 396
57733 396
57734 396
57735 396
57736 396
57737 396
57738 396
57739 396
57740 396
57741 396
57742 396
57743 396
57744 396
57745 396
57746 396
57747 396
57748 396
57749 396
57750 396
57751 396
57752 396
57753 396
57754 396
57755 396
57756 396
57757 396
57758 396
57759 396
57760 396
57761 396
57762 396
57763 396
57764 396
57765 396
57766 396
57767 396
57768 396
57769 396
57770 396
57771 396
57772 396
57773 396
57774 396
57775 396
57776 396
57777 396
57778 396
57779 396
57780 396
57781 396
57782 396
57783 396
57784 396
57785 396
57786 396
57787 396
57788 396
57789 396
57790 396
57791 396
57792 396
57793 396
57794 396
57795 396
57796 396
57797 396
57798 396
57799 396
57800 396
57801 396
57802 396
57803 396
57804 396
57805 396
57806 396
57807 396
57808 396
57809 396
57810 396
57811 396
57812 396
57813 396
57814 396
57815 396
57816 396
57817 396
57818 396
57819 396
57820 396
57821 396
57822 396
57823 396
57824 396
57825 396
57826 396
57827 396
57828 396
57829 396
57830 396
57831 396
57832 396
57833 396
57834 396
57835 396
57836 396
57837 396
57838 396
57839 396
57840 396
57841 396
57842 396
57843 396
57844 396
57845 396
57846 396
57847 396
57848 396
57849 396
57850 396
57851 396
57852 396
57853 396
57854 396
57855 396
57856 396
57857 396
57858 396
57859 396
57860 396
57861 396
57862 396
57863 396
57864 396
57865 396
57866 396
57867 396
57868 396
57869 396
57870 396
57871 396
57872 396
57873 396
57874 396
57875 396
57876 396
57877 396
57878 396
57879 396
57880 396
57881 396
57882 396
57883 396
57884 396
57885 396
57886 396
57887 396
57888 396
57889 396
57890 396
57891 396
57892 396
57893 396
57894 396
57895 396
57896 396
57897 396
57898 396
57899 396
57900 396
57901 396
57902 396
57903 396
57904 396
57905 396
57906 396
57907 396
57908 396
57909 396
57910 396
57911 396
57912 396
57913 396
57914 396
57915 396
57916 396
57917 396
57918 396
57919 396
57920 396
57921 396
57922 396
57923 396
57924 396
57925 396
57926 396
57927 396
57928 396
57929 396
57930 396
57931 396
57932 396
57933 396
57934 396
57935 396
57936 396
57937 396
57938 396
57939 396
57940 396
57941 396
57942 396
57943 396
57944 396
57945 396
57946 396
57947 396
57948 396
57949 396
57950 396
57951 396
57952 396
57953 396
57954 396
57955 396
57956 396
57957 396
57958 396
57959 396
57960 396
57961 396
57962 396
57963 396
57964 396
57965 396
57966 396
57967 396
57968 396
57969 396
57970 396
57971 396
57972 396
57973 396
57974 396
57975 396
57976 396
57977 396
57978 396
57979 396
57980 396
57981 396
57982 396
57983 396
57984 396
57985 396
57986 396
57987 396
57988 396
57989 396
57990 396
57991 396
57992 396
57993 396
57994 396
57995 396
57996 396
57997 396
57998 396
57999 396
58000 396
58001 396
58002 396
58003 396
58004 396
58005 396
58006 396
58007 396
58008 396
58009 396
58010 396
58011 396
58012 396
58013 396
58014 396
58015 396
58016 396
58017 396
58018 396
58019 396
58020 396
58021 396
58022 396
58023 396
58024 396
58025 396
58026 396
58027 396
58028 396
58029 396
58030 396
58031 396
58032 396
58033 396
58034 396
58035 396
58036 396
58037 396
58038 396
58039 396
58040 396
58041 396
58042 396
58043 396
58044 396
58045 396
58046 396
58047 396
58048 396
58049 396
58050 396
58051 396
58052 396
58053 396
58054 396
58055 396
58056 396
58057 396
58058 396
58059 396
58060 396
58061 396
58062 396
58063 396
58064 396
58065 396
58066 396
58067 396
58068 396
58069 396
58070 396
58071 396
58072 396
58073 396
58074 396
58075 396
58076 396
58077 396
58078 396
58079 396
58080 396
58081 396
58082 396
58083 396
58084 396
58085 396
58086 396
58087 396
58088 396
58089 396
58090 396
58091 396
58092 396
58093 396
58094 396
58095 396
58096 396
58097 396
58098 396
58099 396
58100 396
58101 396
58102 396
58103 396
58104 396
58105 396
58106 396
58107 396
58108 396
58109 396
58110 396
58111 396
58112 396
58113 396
58114 396
58115 396
58116 396
58117 396
58118 396
58119 396
58120 396
58121 396
58122 396
58123 396
58124 396
58125 396
58126 396
58127 396
58128 396
58129 396
58130 396
58131 396
58132 396
58133 396
58134 396
58135 396
58136 396
58137 396
58138 396
58139 396
58140 396
58141 396
58142 396
58143 396
58144 396
58145 396
58146 396
58147 396
58148 396
58149 396
58150 396
58151 396
58152 396
58153 396
58154 396
58155 396
58156 396
58157 396
58158 396
58159 396
58160 396
58161 396
58162 396
58163 396
58164 396
58165 396
58166 396
58167 396
58168 396
58169 396
58170 396
58171 396
58172 396
58173 396
58174 396
58175 396
58176 396
58177 396
58178 396
58179 396
58180 396
58181 396
58182 396
58183 396
58184 396
58185 396
58186 396
58187 396
58188 396
58189 396
58190 396
58191 396
58192 396
58193 396
58194 397
58195 397
58196 397
58197 397
58198 397
58199 397
58200 397
58201 397
58202 397
58203 397
58204 397
58205 397
58206 397
58207 397
58208 397
58209 397
58210 397
58211 397
58212 397
58213 397
58214 397
58215 397
58216 397
58217 397
58218 397
58219 397
58220 397
58221 397
58222 397
58223 397
58224 397
58225 397
58226 397
58227 397
58228 397
58229 397
58230 397
58231 397
58232 397
58233 397
58234 397
58235 397
58236 397
58237 397
58238 397
58239 397
58240 397
58241 397
58242 397
58243 397
58244 397
58245 397
58246 397
58247 397
58248 397
58249 397
58250 397
58251 397
58252 397
58253 397
58254 397
58255 397
58256 397
58257 397
58258 397
58259 397
58260 397
58261 397
58262 397
58263 397
58264 397
58265 397
58266 397
58267 397
58268 397
58269 397
58270 397
58271 397
58272 397
58273 397
58274 397
58275 397
58276 397
58277 397
58278 397
58279 397
58280 397
58281 397
58282 397
58283 397
58284 397
58285 397
58286 397
58287 397
58288 397
58289 397
58290 397
58291 397
58292 397
58293 397
58294 397
58295 397
58296 397
58297 397
58298 397
58299 397
58300 397
58301 397
58302 397
58303 397
58304 397
58305 397
58306 397
58307 397
58308 397
58309 397
58310 397
58311 397
58312 397
58313 397
58314 397
58315 397
58316 397
58317 397
58318 397
58319 397
58320 397
58321 397
58322 397
58323 397
58324 397
58325 397
58326 397
58327 397
58328 397
58329 397
58330 398
58331 398
58332 398
58333 398
58334 398
58335 398
58336 398
58337 398
58338 398
58339 398
58340 398
58341 398
58342 398
58343 398
58344 398
58345 398
58346 398
58347 398
58348 398
58349 398
58350 398
58351 398
58352 398
58353 398
58354 398
58355 398
58356 398
58357 398
58358 398
58359 398
58360 398
58361 398
58362 398
58363 398
58364 398
58365 398
58366 398
58367 398
58368 398
58369 398
58370 398
58371 398
58372 398
58373 398
58374 398
58375 398
58376 398
58377 398
58378 398
58379 398
58380 398
58381 398
58382 398
58383 398
58384 398
58385 398
58386 398
58387 398
58388 398
58389 398
58390 398
58391 398
58392 398
58393 398
58394 398
58395 398
58396 398
58397 398
58398 398
58399 398
58400 398
58401 398
58402 398
58403 398
58404 398
58405 398
58406 398
58407 398
58408 398
58409 398
58410 398
58411 398
58412 398
58413 398
58414 398
58415 398
58416 398
58417 398
58418 398
58419 398
58420 398
58421 398
58422 398
58423 398
58424 398
58425 398
58426 398
58427 398
58428 398
58429 398
58430 398
58431 398
58432 398
58433 398
58434 398
58435 398
58436 398
58437 398
58438 398
58439 398
58440 398
58441 398
58442 398
58443 398
58444 398
58445 398
58446 398
58447 398
58448 398
58449 398
58450 398
58451 398
58452 398
58453 398
58454 398
58455 398
58456 398
58457 398
58458 398
58459 398
58460 398
58461 399
58462 399
58463 399
58464 399
58465 399
58466 399
58467 399
58468 399
58469 399
58470 399
58471 399
58472 399
58473 399
58474 399
58475 399
58476 399
58477 399
58478 399
58479 399
58480 399
58481 399
58482 399
58483 399
58484 399
58485 399
58486 399
58487 399
58488 399
58489 399
58490 399
58491 399
58492 399
58493 399
58494 399
58495 399
58496 399
58497 399
58498 399
58499 399
58500 399
58501 399
58502 399
58503 399
58504 399
58505 399
58506 399
58507 399
58508 399
58509 399
58510 399
58511 399
58512 399
58513 399
58514 399
58515 399
58516 399
58517 399
58518 399
58519 399
58520 399
58521 399
58522 399
58523 399
58524 399
58525 399
58526 399
58527 399
58528 399
58529 399
58530 400
58531 400
58532 400
58533 400
58534 400
58535 400
58536 400
58537 400
58538 400
58539 400
58540 400
58541 400
58542 400
58543 400
58544 400
58545 400
58546 400
58547 400
58548 400
58549 400
58550 400
58551 400
58552 400
58553 400
58554 400
58555 400
58556 400
58557 400
58558 400
58559 400
58560 400
58561 400
58562 400
58563 400
58564 400
58565 400
58566 400
58567 400
58568 400
58569 400
58570 400
58571 400
58572 400
58573 400
58574 400
58575 400
58576 400
58577 400
58578 400
58579 400
58580 400
58581 400
58582 400
58583 400
58584 400
58585 400
58586 400
58587 400
58588 400
58589 400
58590 400
58591 400
58592 400
58593 400
58594 400
58595 400
58596 400
58597 400
58598 400
58599 400
58600 400
58601 400
58602 400
58603 400
58604 400
58605 400
58606 400
58607 400
58608 400
58609 400
58610 400
58611 400
58612 400
58613 400
58614 400
58615 400
58616 400
58617 400
58618 400
58619 400
58620 400
58621 400
58622 400
58623 400
58624 400
58625 400
58626 400
58627 400
58628 400
58629 400
58630 400
58631 400
58632 400
58633 400
58634 400
58635 400
58636 400
58637 400
58638 400
58639 400
58640 400
58641 400
58642 400
58643 400
58644 400
58645 400
58646 400
58647 400
58648 400
58649 400
58650 400
58651 400
58652 400
58653 400
58654 400
58655 400
58656 400
58657 400
58658 400
58659 400
58660 400
58661 400
58662 400
58663 400
58664 400
58665 400
58666 400
58667 400
58668 400
58669 400
58670 400
58671 400
58672 400
58673 400
58674 400
58675 400
58676 400
58677 400
58678 400
58679 400
58680 400
58681 400
58682 403
58683 403
58684 403
58685 403
58686 403
58687 403
58688 403
58689 403
58690 403
58691 403
58692 403
58693 403
58694 403
58695 403
58696 403
58697 403
58698 403
58699 403
58700 403
58701 403
58702 403
58703 403
58704 403
58705 403
58706 403
58707 403
58708 403
58709 403
58710 403
58711 403
58712 403
58713 403
58714 403
58715 403
58716 403
58717 403
58718 403
58719 403
58720 403
58721 403
58722 403
58723 403
58724 403
58725 403
58726 403
58727 403
58728 403
58729 403
58730 403
58731 403
58732 403
58733 403
58734 403
58735 403
58736 403
58737 403
58738 403
58739 403
58740 403
58741 403
58742 403
58743 403
58744 403
58745 403
58746 403
58747 403
58748 403
58749 403
58750 403
58751 403
58752 403
58753 403
58754 403
58755 403
58756 403
58757 403
58758 403
58759 403
58760 403
58761 403
58762 403
58763 403
58764 403
58765 403
58766 403
58767 403
58768 403
58769 403
58770 403
58771 403
58772 403
58773 403
58774 403
58775 403
58776 403
58777 403
58778 403
58779 403
58780 403
58781 403
58782 403
58783 403
58784 403
58785 403
58786 403
58787 403
58788 403
58789 403
58790 403
58791 403
58792 403
58793 403
58794 403
58795 403
58796 403
58797 403
58798 403
58799 403
58800 403
58801 403
58802 403
58803 403
58804 403
58805 403
58806 404
58807 404
58808 404
58809 404
58810 404
58811 404
58812 404
58813 404
58814 404
58815 404
58816 404
58817 404
58818 404
58819 404
58820 404
58821 404
58822 404
58823 404
58824 404
58825 404
58826 404
58827 404
58828 404
58829 404
58830 404
58831 404
58832 404
58833 404
58834 404
58835 404
58836 404
58837 404
58838 404
58839 404
58840 404
58841 404
58842 404
58843 404
58844 404
58845 404
58846 404
58847 404
58848 404
58849 404
58850 404
58851 404
58852 404
58853 404
58854 404
58855 404
58856 404
58857 404
58858 404
58859 404
58860 404
58861 404
58862 404
58863 404
58864 404
58865 404
58866 404
58867 404
58868 404
58869 404
58870 404
58871 404
58872 404
58873 404
58874 404
58875 404
58876 404
58877 404
58878 404
58879 404
58880 404
58881 404
58882 404
58883 404
58884 404
58885 404
58886 404
58887 404
58888 404
58889 404
58890 404
58891 404
58892 404
58893 404
58894 404
58895 404
58896 404
58897 404
58898 404
58899 404
58900 404
58901 404
58902 404
58903 404
58904 404
58905 404
58906 404
58907 404
58908 404
58909 404
58910 404
58911 404
58912 404
58913 404
58914 404
58915 404
58916 404
58917 404
58918 404
58919 404
58920 404
58921 404
58922 404
58923 404
58924 404
58925 404
58926 404
58927 404
58928 404
58929 404
58930 404
58931 404
58932 404
58933 404
58934 404
58935 404
58936 404
58937 404
58938 404
58939 404
58940 404
58941 404
58942 404
58943 404
58944 404
58945 404
58946 404
58947 404
58948 404
58949 404
58950 404
58951 404
58952 404
58953 404
58954 404
58955 404
58956 404
58957 404
58958 404
58959 404
58960 404
58961 404
58962 405
58963 405
58964 405
58965 405
58966 405
58967 405
58968 405
58969 405
58970 405
58971 405
58972 405
58973 405
58974 405
58975 405
58976 405
58977 405
58978 405
58979 405
58980 405
58981 405
58982 405
58983 405
58984 405
58985 405
58986 405
58987 405
58988 405
58989 405
58990 405
58991 405
58992 405
58993 405
58994 405
58995 405
58996 405
58997 405
58998 405
58999 405
59000 405
59001 405
59002 405
59003 405
59004 405
59005 405
59006 405
59007 405
59008 405
59009 405
59010 405
59011 405
59012 405
59013 405
59014 405
59015 405
59016 405
59017 405
59018 405
59019 405
59020 405
59021 405
59022 405
59023 405
59024 405
59025 405
59026 405
59027 405
59028 405
59029 405
59030 405
59031 405
59032 405
59033 405
59034 405
59035 405
59036 405
59037 405
59038 405
59039 405
59040 405
59041 405
59042 405
59043 405
59044 405
59045 405
59046 405
59047 405
59048 405
59049 405
59050 405
59051 405
59052 405
59053 405
59054 405
59055 405
59056 405
59057 405
59058 405
59059 405
59060 405
59061 405
59062 405
59063 405
59064 405
59065 405
59066 405
59067 405
59068 405
59069 405
59070 405
59071 405
59072 405
59073 405
59074 405
59075 405
59076 405
59077 405
59078 405
59079 405
59080 405
59081 405
59082 405
59083 405
59084 405
59085 405
59086 405
59087 405
59088 405
59089 405
59090 405
59091 405
59092 405
59093 405
59094 405
59095 405
59096 405
59097 405
59098 405
59099 405
59100 405
59101 405
59102 405
59103 405
59104 405
59105 405
59106 405
59107 405
59108 405
59109 405
59110 405
59111 405
59112 405
59113 405
59114 405
59115 405
59116 405
59117 405
59118 405
59119 405
59120 405
59121 405
59122 405
59123 405
59124 405
59125 405
59126 405
59127 405
59128 405
59129 405
59130 405
59131 405
59132 405
59133 405
59134 405
59135 406
59136 406
59137 406
59138 406
59139 406
59140 406
59141 406
59142 406
59143 406
59144 406
59145 406
59146 406
59147 406
59148 406
59149 406
59150 406
59151 406
59152 406
59153 406
59154 406
59155 406
59156 406
59157 406
59158 406
59159 406
59160 406
59161 406
59162 406
59163 406
59164 406
59165 406
59166 406
59167 406
59168 406
59169 406
59170 406
59171 406
59172 406
59173 406
59174 406
59175 406
59176 406
59177 406
59178 406
59179 406
59180 406
59181 406
59182 406
59183 406
59184 406
59185 406
59186 406
59187 406
59188 406
59189 406
59190 406
59191 406
59192 406
59193 406
59194 406
59195 406
59196 406
59197 407
59198 407
59199 407
59200 407
59201 407
59202 407
59203 407
59204 407
59205 407
59206 407
59207 407
59208 407
59209 407
59210 407
59211 407
59212 407
59213 407
59214 407
59215 407
59216 407
59217 407
59218 407
59219 407
59220 407
59221 407
59222 407
59223 407
59224 407
59225 407
59226 407
59227 407
59228 407
59229 407
59230 407
59231 407
59232 407
59233 407
59234 407
59235 407
59236 407
59237 407
59238 407
59239 407
59240 407
59241 407
59242 407
59243 407
59244 407
59245 407
59246 407
59247 407
59248 407
59249 407
59250 407
59251 407
59252 407
59253 407
59254 407
59255 407
59256 407
59257 407
59258 407
59259 407
59260 407
59261 407
59262 407
59263 407
59264 407
59265 407
59266 407
59267 407
59268 407
59269 407
59270 407
59271 407
59272 407
59273 407
59274 407
59275 407
59276 407
59277 407
59278 407
59279 407
59280 407
59281 407
59282 407
59283 407
59284 407
59285 407
59286 407
59287 407
59288 407
59289 407
59290 407
59291 407
59292 407
59293 407
59294 407
59295 407
59296 407
59297 407
59298 407
59299 407
59300 407
59301 407
59302 407
59303 407
59304 407
59305 407
59306 407
59307 407
59308 407
59309 407
59310 407
59311 407
59312 407
59313 407
59314 407
59315 407
59316 407
59317 407
59318 407
59319 407
59320 407
59321 407
59322 407
59323 407
59324 407
59325 407
59326 407
59327 407
59328 407
59329 407
59330 407
59331 407
59332 407
59333 407
59334 407
59335 407
59336 407
59337 407
59338 407
59339 407
59340 407
59341 407
59342 407
59343 407
59344 407
59345 407
59346 407
59347 407
59348 407
59349 407
59350 407
59351 407
59352 407
59353 407
59354 407
59355 407
59356 407
59357 407
59358 407
59359 407
59360 407
59361 407
59362 407
59363 407
59364 407
59365 407
59366 407
59367 407
59368 407
59369 407
59370 407
59371 407
59372 407
59373 407
59374 407
59375 407
59376 407
59377 407
59378 407
59379 407
59380 407
59381 407
59382 407
59383 407
59384 407
59385 407
59386 407
59387 407
59388 407
59389 407
59390 407
59391 407
59392 407
59393 407
59394 407
59395 407
59396 407
59397 407
59398 407
59399 407
59400 407
59401 407
59402 407
59403 407
59404 407
59405 407
59406 407
59407 407
59408 407
59409 407
59410 407
59411 407
59412 407
59413 407
59414 407
59415 407
59416 407
59417 407
59418 407
59419 407
59420 407
59421 407
59422 407
59423 407
59424 407
59425 407
59426 407
59427 407
59428 407
59429 407
59430 407
59431 407
59432 407
59433 407
59434 407
59435 407
59436 407
59437 407
59438 407
59439 407
59440 407
59441 407
59442 407
59443 407
59444 407
59445 407
59446 408
59447 408
59448 408
59449 408
59450 408
59451 408
59452 408
59453 408
59454 408
59455 408
59456 408
59457 408
59458 408
59459 408
59460 408
59461 408
59462 408
59463 408
59464 408
59465 408
59466 408
59467 408
59468 408
59469 408
59470 408
59471 408
59472 408
59473 408
59474 408
59475 408
59476 408
59477 408
59478 408
59479 408
59480 408
59481 408
59482 408
59483 408
59484 408
59485 408
59486 408
59487 408
59488 408
59489 408
59490 408
59491 408
59492 408
59493 408
59494 408
59495 408
59496 408
59497 408
59498 408
59499 408
59500 408
59501 408
59502 408
59503 408
59504 408
59505 408
59506 408
59507 408
59508 408
59509 408
59510 408
59511 408
59512 408
59513 408
59514 408
59515 408
59516 408
59517 408
59518 408
59519 408
59520 408
59521 408
59522 408
59523 408
59524 408
59525 408
59526 408
59527 408
59528 408
59529 408
59530 408
59531 408
59532 408
59533 408
59534 408
59535 408
59536 408
59537 408
59538 408
59539 408
59540 408
59541 408
59542 408
59543 408
59544 408
59545 408
59546 408
59547 408
59548 408
59549 408
59550 408
59551 408
59552 408
59553 408
59554 408
59555 408
59556 408
59557 408
59558 408
59559 408
59560 408
59561 408
59562 408
59563 408
59564 408
59565 408
59566 408
59567 408
59568 408
59569 408
59570 408
59571 408
59572 408
59573 408
59574 408
59575 408
59576 408
59577 408
59578 408
59579 408
59580 408
59581 408
59582 408
59583 408
59584 408
59585 408
59586 408
59587 408
59588 408
59589 408
59590 408
59591 408
59592 408
59593 408
59594 408
59595 408
59596 408
59597 408
59598 408
59599 408
59600 408
59601 408
59602 408
59603 408
59604 408
59605 408
59606 408
59607 408
59608 408
59609 408
59610 408
59611 408
59612 408
59613 408
59614 408
59615 408
59616 408
59617 408
59618 408
59619 408
59620 408
59621 408
59622 408
59623 408
59624 408
59625 408
59626 408
59627 408
59628 408
59629 408
59630 408
59631 408
59632 408
59633 408
59634 408
59635 408
59636 408
59637 408
59638 408
59639 408
59640 408
59641 408
59642 408
59643 408
59644 408
59645 408
59646 408
59647 409
59648 409
59649 409
59650 409
59651 409
59652 409
59653 409
59654 409
59655 409
59656 409
59657 409
59658 409
59659 409
59660 409
59661 409
59662 409
59663 409
59664 409
59665 409
59666 409
59667 409
59668 409
59669 409
59670 409
59671 409
59672 409
59673 409
59674 409
59675 409
59676 409
59677 409
59678 409
59679 409
59680 409
59681 409
59682 409
59683 409
59684 409
59685 409
59686 409
59687 409
59688 409
59689 409
59690 409
59691 409
59692 409
59693 409
59694 409
59695 409
59696 409
59697 409
59698 409
59699 409
59700 409
59701 409
59702 409
59703 409
59704 409
59705 409
59706 409
59707 409
59708 409
59709 409
59710 409
59711 409
59712 409
59713 409
59714 409
59715 409
59716 409
59717 409
59718 409
59719 409
59720 409
59721 409
59722 409
59723 409
59724 409
59725 409
59726 409
59727 409
59728 409
59729 409
59730 409
59731 409
59732 409
59733 409
59734 409
59735 409
59736 409
59737 409
59738 409
59739 409
59740 409
59741 409
59742 409
59743 409
59744 409
59745 409
59746 409
59747 409
59748 409
59749 409
59750 409
59751 409
59752 409
59753 409
59754 409
59755 409
59756 409
59757 409
59758 409
59759 409
59760 409
59761 409
59762 409
59763 409
59764 409
59765 409
59766 409
59767 409
59768 409
59769 409
59770 409
59771 409
59772 409
59773 409
59774 409
59775 409
59776 409
59777 409
59778 409
59779 409
59780 409
59781 409
59782 409
59783 409
59784 409
59785 409
59786 409
59787 409
59788 409
59789 409
59790 409
59791 409
59792 409
59793 409
59794 409
59795 409
59796 409
59797 409
59798 409
59799 409
59800 409
59801 409
59802 409
59803 409
59804 409
59805 409
59806 409
59807 409
59808 409
59809 410
59810 410
59811 410
59812 410
59813 410
59814 410
59815 410
59816 410
59817 410
59818 410
59819 410
59820 410
59821 410
59822 410
59823 410
59824 410
59825 410
59826 410
59827 410
59828 410
59829 410
59830 410
59831 410
59832 410
59833 410
59834 410
59835 410
59836 410
59837 410
59838 410
59839 410
59840 410
59841 410
59842 410
59843 410
59844 410
59845 410
59846 410
59847 410
59848 410
59849 410
59850 410
59851 410
59852 410
59853 410
59854 410
59855 410
59856 410
59857 410
59858 410
59859 410
59860 410
59861 410
59862 410
59863 410
59864 410
59865 410
59866 410
59867 410
59868 410
59869 410
59870 410
59871 410
59872 410
59873 410
59874 410
59875 410
59876 410
59877 410
59878 410
59879 410
59880 410
59881 410
59882 410
59883 410
59884 410
59885 410
59886 410
59887 410
59888 410
59889 410
59890 410
59891 410
59892 410
59893 410
59894 410
59895 410
59896 410
59897 410
59898 410
59899 410
59900 410
59901 410
59902 410
59903 410
59904 410
59905 410
59906 410
59907 410
59908 410
59909 410
59910 410
59911 410
59912 410
59913 410
59914 410
59915 410
59916 410
59917 410
59918 410
59919 410
59920 410
59921 410
59922 410
59923 410
59924 410
59925 410
59926 410
59927 410
59928 410
59929 410
59930 410
59931 410
59932 411
59933 411
59934 411
59935 411
59936 411
59937 411
59938 411
59939 411
59940 411
59941 411
59942 411
59943 411
59944 411
59945 411
59946 411
59947 411
59948 411
59949 411
59950 411
59951 411
59952 411
59953 411
59954 411
59955 411
59956 411
59957 411
59958 411
59959 411
59960 411
59961 411
59962 411
59963 411
59964 411
59965 411
59966 411
59967 411
59968 411
59969 411
59970 411
59971 411
59972 411
59973 411
59974 411
59975 411
59976 411
59977 411
59978 411
59979 411
59980 411
59981 411
59982 411
59983 411
59984 411
59985 411
59986 411
59987 411
59988 411
59989 411
59990 411
59991 411
59992 411
59993 411
59994 411
59995 411
59996 411
59997 411
59998 411
59999 411
60000 411
60001 411
60002 411
60003 411
60004 411
60005 411
60006 411
60007 411
60008 411
60009 411
60010 411
60011 411
60012 411
60013 411
60014 411
60015 411
60016 411
60017 411
60018 411
60019 411
60020 411
60021 411
60022 411
60023 411
60024 411
60025 411
60026 411
60027 411
60028 411
60029 411
60030 411
60031 411
60032 411
60033 411
60034 411
60035 412
60036 412
60037 412
60038 412
60039 412
60040 412
60041 412
60042 412
60043 412
60044 412
60045 412
60046 412
60047 412
60048 412
60049 412
60050 412
60051 412
60052 412
60053 412
60054 412
60055 412
60056 412
60057 412
60058 412
60059 412
60060 412
60061 412
60062 412
60063 412
60064 412
60065 412
60066 412
60067 412
60068 412
60069 412
60070 412
60071 412
60072 412
60073 412
60074 412
60075 412
60076 412
60077 412
60078 412
60079 412
60080 412
60081 412
60082 412
60083 412
60084 412
60085 412
60086 412
60087 412
60088 412
60089 412
60090 412
60091 412
60092 412
60093 412
60094 412
60095 412
60096 412
60097 412
60098 412
60099 412
60100 412
60101 412
60102 412
60103 412
60104 412
60105 412
60106 412
60107 412
60108 412
60109 412
60110 412
60111 412
60112 412
60113 412
60114 412
60115 412
60116 412
60117 412
60118 412
60119 412
60120 412
60121 412
60122 412
60123 412
60124 412
60125 412
60126 412
60127 412
60128 412
60129 412
60130 412
60131 412
60132 412
60133 412
60134 412
60135 412
60136 412
60137 412
60138 412
60139 412
60140 412
60141 412
60142 412
60143 412
60144 412
60145 412
60146 412
60147 412
60148 412
60149 412
60150 413
60151 413
60152 413
60153 413
60154 413
60155 413
60156 413
60157 413
60158 413
60159 413
60160 413
60161 413
60162 413
60163 413
60164 413
60165 413
60166 413
60167 413
60168 413
60169 413
60170 413
60171 413
60172 413
60173 413
60174 413
60175 413
60176 413
60177 413
60178 413
60179 413
60180 413
60181 413
60182 413
60183 413
60184 413
60185 413
60186 413
60187 413
60188 413
60189 413
60190 413
60191 413
60192 413
60193 413
60194 413
60195 413
60196 413
60197 413
60198 413
60199 413
60200 413
60201 413
60202 413
60203 413
60204 413
60205 413
60206 413
60207 413
60208 413
60209 413
60210 413
60211 413
60212 413
60213 413
60214 413
60215 413
60216 413
60217 413
60218 413
60219 413
60220 413
60221 413
60222 413
60223 413
60224 413
60225 413
60226 413
60227 413
60228 413
60229 413
60230 413
60231 413
60232 413
60233 413
60234 413
60235 413
60236 413
60237 413
60238 413
60239 413
60240 413
60241 413
60242 414
60243 414
60244 414
60245 414
60246 414
60247 414
60248 414
60249 415
60250 415
60251 415
60252 415
60253 415
60254 415
60255 415
60256 415
60257 415
60258 415
60259 415
60260 415
60261 415
60262 415
60263 415
60264 415
60265 415
60266 415
60267 415
60268 415
60269 415
60270 415
60271 415
60272 415
60273 415
60274 415
60275 415
60276 415
60277 415
60278 415
60279 415
60280 415
60281 415
60282 415
60283 415
60284 415
60285 415
60286 415
60287 415
60288 415
60289 415
60290 415
60291 415
60292 415
60293 415
60294 415
60295 415
60296 415
60297 415
60298 415
60299 415
60300 415
60301 415
60302 415
60303 415
60304 415
60305 415
60306 415
60307 415
60308 415
60309 415
60310 415
60311 415
60312 415
60313 415
60314 415
60315 415
60316 415
60317 415
60318 415
60319 415
60320 415
60321 415
60322 415
60323 415
60324 415
60325 415
60326 415
60327 415
60328 415
60329 415
60330 415
60331 415
60332 415
60333 415
60334 415
60335 415
60336 415
60337 415
60338 415
60339 415
60340 415
60341 415
60342 415
60343 415
60344 415
60345 416
60346 416
60347 416
60348 416
60349 416
60350 416
60351 416
60352 416
60353 416
60354 416
60355 416
60356 416
60357 416
60358 416
60359 416
60360 416
60361 416
60362 416
60363 416
60364 416
60365 416
60366 416
60367 416
60368 416
60369 416
60370 416
60371 416
60372 416
60373 416
60374 416
60375 416
60376 416
60377 416
60378 416
60379 416
60380 416
60381 416
60382 416
60383 416
60384 416
60385 416
60386 416
60387 416
60388 416
60389 416
60390 416
60391 416
60392 416
60393 416
60394 416
60395 416
60396 416
60397 416
60398 416
60399 416
60400 416
60401 416
60402 416
60403 416
60404 416
60405 416
60406 416
60407 416
60408 416
60409 416
60410 416
60411 416
60412 416
60413 416
60414 416
60415 416
60416 416
60417 416
60418 416
60419 416
60420 416
60421 416
60422 416
60423 416
60424 416
60425 416
60426 416
60427 416
60428 416
60429 416
60430 416
60431 416
60432 416
60433 416
60434 416
60435 416
60436 416
60437 416
60438 416
60439 416
60440 416
60441 416
60442 416
60443 416
60444 416
60445 416
60446 417
60447 417
60448 417
60449 417
60450 417
60451 417
60452 417
60453 417
60454 417
60455 417
60456 417
60457 417
60458 417
60459 417
60460 417
60461 417
60462 417
60463 417
60464 417
60465 417
60466 417
60467 417
60468 417
60469 417
60470 417
60471 417
60472 417
60473 417
60474 417
60475 417
60476 417
60477 417
60478 417
60479 417
60480 417
60481 417
60482 417
60483 417
60484 417
60485 417
60486 417
60487 417
60488 417
60489 417
60490 417
60491 417
60492 417
60493 417
60494 417
60495 417
60496 417
60497 417
60498 417
60499 417
60500 417
60501 417
60502 417
60503 417
60504 417
60505 417
60506 417
60507 417
60508 417
60509 417
60510 417
60511 417
60512 417
60513 417
60514 417
60515 417
60516 417
60517 417
60518 417
60519 417
60520 417
60521 417
60522 417
60523 417
60524 417
60525 417
60526 417
60527 417
60528 417
60529 417
60530 417
60531 417
60532 417
60533 417
60534 417
60535 417
60536 417
60537 417
60538 417
60539 417
60540 417
60541 417
60542 417
60543 417
60544 417
60545 417
60546 417
60547 417
60548 417
60549 417
60550 417
60551 417
60552 417
60553 417
60554 417
60555 417
60556 417
60557 417
60558 417
60559 417
60560 417
60561 417
60562 417
60563 417
60564 417
60565 417
60566 417
60567 417
60568 417
60569 417
60570 417
60571 417
60572 417
60573 417
60574 417
60575 417
60576 417
60577 417
60578 417
60579 417
60580 417
60581 417
60582 417
60583 417
60584 417
60585 417
60586 417
60587 417
60588 417
60589 417
60590 417
60591 417
60592 418
60593 418
60594 418
60595 418
60596 418
60597 418
60598 418
60599 418
60600 418
60601 418
60602 418
60603 418
60604 418
60605 418
60606 418
60607 418
60608 418
60609 418
60610 418
60611 418
60612 418
60613 418
60614 418
60615 418
60616 418
60617 418
60618 418
60619 418
60620 418
60621 418
60622 418
60623 418
60624 418
60625 418
60626 418
60627 418
60628 418
60629 418
60630 418
60631 418
60632 418
60633 418
60634 418
60635 418
60636 418
60637 418
60638 418
60639 418
60640 418
60641 418
60642 418
60643 418
60644 418
60645 418
60646 418
60647 418
60648 418
60649 418
60650 418
60651 418
60652 418
60653 418
60654 418
60655 418
60656 418
60657 418
60658 418
60659 418
60660 418
60661 418
60662 418
60663 418
60664 418
60665 418
60666 418
60667 418
60668 418
60669 418
60670 418
60671 418
60672 418
60673 418
60674 418
60675 418
60676 418
60677 418
60678 418
60679 418
60680 418
60681 418
60682 418
60683 418
60684 418
60685 418
60686 418
60687 418
60688 418
60689 418
60690 418
60691 418
60692 418
60693 418
60694 418
60695 418
60696 418
60697 418
60698 418
60699 418
60700 418
60701 418
60702 418
60703 418
60704 418
60705 418
60706 418
60707 418
60708 418
60709 418
60710 418
60711 418
60712 418
60713 418
60714 418
60715 418
60716 418
60717 418
60718 418
60719 418
60720 418
60721 418
60722 418
60723 418
60724 418
60725 418
60726 418
60727 418
60728 418
60729 418
60730 418
60731 418
60732 418
60733 418
60734 418
60735 418
60736 418
60737 418
60738 418
60739 418
60740 418
60741 418
60742 418
60743 418
60744 418
60745 418
60746 418
60747 418
60748 418
60749 418
60750 418
60751 418
60752 418
60753 418
60754 418
60755 418
60756 418
60757 418
60758 418
60759 418
60760 418
60761 418
60762 418
60763 418
60764 418
60765 418
60766 418
60767 418
60768 418
60769 418
60770 419
60771 419
60772 419
60773 419
60774 419
60775 419
60776 419
60777 419
60778 419
60779 419
60780 419
60781 419
60782 419
60783 419
60784 419
60785 419
60786 419
60787 419
60788 419
60789 419
60790 419
60791 419
60792 419
60793 419
60794 419
60795 419
60796 419
60797 419
60798 419
60799 419
60800 419
60801 419
60802 419
60803 419
60804 419
60805 419
60806 419
60807 419
60808 419
60809 419
60810 419
60811 419
60812 419
60813 419
60814 419
60815 419
60816 419
60817 419
60818 419
60819 419
60820 419
60821 419
60822 419
60823 419
60824 419
60825 419
60826 419
60827 419
60828 419
60829 419
60830 419
60831 419
60832 419
60833 419
60834 419
60835 419
60836 419
60837 419
60838 419
60839 419
60840 419
60841 419
60842 419
60843 419
60844 419
60845 419
60846 419
60847 419
60848 419
60849 419
60850 419
60851 419
60852 419
60853 419
60854 419
60855 419
60856 419
60857 419
60858 419
60859 419
60860 419
60861 419
60862 419
60863 419
60864 419
60865 419
60866 419
60867 419
60868 419
60869 419
60870 419
60871 419
60872 419
60873 419
60874 419
60875 419
60876 419
60877 419
60878 419
60879 419
60880 419
60881 419
60882 419
60883 419
60884 419
60885 419
60886 419
60887 419
60888 419
60889 419
60890 419
60891 419
60892 419
60893 419
60894 420
60895 420
60896 420
60897 420
60898 420
60899 420
60900 420
60901 420
60902 420
60903 420
60904 420
60905 420
60906 420
60907 420
60908 420
60909 420
60910 420
60911 420
60912 420
60913 420
60914 420
60915 420
60916 420
60917 420
60918 420
60919 420
60920 420
60921 420
60922 420
60923 420
60924 420
60925 420
60926 420
60927 420
60928 420
60929 420
60930 420
60931 420
60932 420
60933 420
60934 420
60935 420
60936 420
60937 420
60938 420
60939 420
60940 420
60941 420
60942 420
60943 420
60944 420
60945 420
60946 420
60947 420
60948 420
60949 420
60950 420
60951 420
60952 420
60953 420
60954 420
60955 420
60956 420
60957 420
60958 420
60959 420
60960 420
60961 420
60962 420
60963 420
60964 420
60965 420
60966 420
60967 420
60968 420
60969 420
60970 420
60971 420
60972 420
60973 420
60974 420
60975 420
60976 420
60977 420
60978 420
60979 420
60980 420
60981 420
60982 420
60983 420
60984 420
60985 420
60986 420
60987 420
60988 420
60989 420
60990 420
60991 420
60992 420
60993 420
60994 420
60995 420
60996 420
60997 420
60998 420
60999 420
61000 420
61001 420
61002 420
61003 420
61004 420
61005 420
61006 420
61007 420
61008 420
61009 420
61010 420
61011 420
61012 420
61013 420
61014 420
61015 420
61016 420
61017 420
61018 420
61019 420
61020 420
61021 420
61022 420
61023 420
61024 420
61025 420
61026 420
61027 420
61028 420
61029 420
61030 420
61031 420
61032 420
61033 420
61034 420
61035 420
61036 420
61037 420
61038 420
61039 420
61040 420
61041 420
61042 420
61043 420
61044 420
61045 420
61046 420
61047 420
61048 420
61049 420
61050 420
61051 420
61052 420
61053 420
61054 420
61055 420
61056 420
61057 420
61058 420
61059 420
61060 420
61061 420
61062 420
61063 420
61064 420
61065 420
61066 420
61067 420
61068 420
61069 421
61070 421
61071 421
61072 421
61073 421
61074 421
61075 421
61076 421
61077 421
61078 421
61079 421
61080 421
61081 421
61082 421
61083 421
61084 421
61085 421
61086 421
61087 421
61088 421
61089 421
61090 421
61091 421
61092 421
61093 421
61094 421
61095 421
61096 421
61097 421
61098 421
61099 421
61100 421
61101 421
61102 421
61103 421
61104 421
61105 421
61106 421
61107 421
61108 421
61109 421
61110 421
61111 421
61112 421
61113 421
61114 421
61115 421
61116 421
61117 421
61118 421
61119 421
61120 421
61121 421
61122 421
61123 421
61124 421
61125 421
61126 421
61127 421
61128 421
61129 421
61130 421
61131 421
61132 421
61133 421
61134 421
61135 421
61136 421
61137 421
61138 421
61139 421
61140 421
61141 421
61142 421
61143 421
61144 421
61145 421
61146 421
61147 421
61148 421
61149 421
61150 421
61151 421
61152 421
61153 421
61154 421
61155 421
61156 421
61157 421
61158 421
61159 421
61160 421
61161 421
61162 421
61163 421
61164 421
61165 421
61166 421
61167 421
61168 421
61169 421
61170 421
61171 421
61172 421
61173 421
61174 421
61175 421
61176 421
61177 421
61178 421
61179 421
61180 421
61181 421
61182 421
61183 421
61184 421
61185 421
61186 421
61187 421
61188 421
61189 421
61190 421
61191 421
61192 422
61193 422
61194 422
61195 422
61196 422
61197 422
61198 422
61199 422
61200 422
61201 422
61202 422
61203 422
61204 422
61205 422
61206 422
61207 422
61208 422
61209 422
61210 422
61211 422
61212 422
61213 422
61214 422
61215 422
61216 422
61217 422
61218 422
61219 422
61220 422
61221 422
61222 422
61223 422
61224 422
61225 422
61226 422
61227 422
61228 422
61229 422
61230 422
61231 422
61232 422
61233 422
61234 422
61235 422
61236 422
61237 422
61238 422
61239 422
61240 422
61241 422
61242 422
61243 422
61244 422
61245 422
61246 422
61247 422
61248 422
61249 422
61250 422
61251 422
61252 422
61253 422
61254 422
61255 422
61256 422
61257 422
61258 422
61259 422
61260 422
61261 422
61262 422
61263 422
61264 422
61265 422
61266 422
61267 422
61268 422
61269 422
61270 422
61271 422
61272 422
61273 422
61274 422
61275 422
61276 422
61277 422
61278 422
61279 422
61280 422
61281 422
61282 422
61283 422
61284 422
61285 422
61286 422
61287 422
61288 422
61289 422
61290 422
61291 422
61292 422
61293 422
61294 422
61295 422
61296 422
61297 422
61298 422
61299 422
61300 422
61301 422
61302 422
61303 422
61304 422
61305 422
61306 422
61307 422
61308 422
61309 422
61310 422
61311 422
61312 422
61313 422
61314 422
61315 422
61316 422
61317 422
61318 422
61319 422
61320 422
61321 422
61322 422
61323 422
61324 422
61325 422
61326 422
61327 422
61328 422
61329 422
61330 422
61331 422
61332 422
61333 422
61334 422
61335 422
61336 422
61337 422
61338 422
61339 422
61340 422
61341 422
61342 422
61343 422
61344 422
61345 422
61346 422
61347 422
61348 422
61349 422
61350 422
61351 422
61352 422
61353 422
61354 422
61355 422
61356 422
61357 422
61358 422
61359 422
61360 422
61361 422
61362 422
61363 422
61364 422
61365 422
61366 422
61367 422
61368 422
61369 422
61370 422
61371 422
61372 422
61373 422
61374 422
61375 422
61376 422
61377 422
61378 422
61379 422
61380 422
61381 422
61382 422
61383 422
61384 422
61385 422
61386 422
61387 422
61388 422
61389 422
61390 422
61391 422
61392 422
61393 422
61394 422
61395 422
61396 422
61397 422
61398 422
61399 422
61400 422
61401 422
61402 422
61403 422
61404 422
61405 422
61406 422
61407 422
61408 422
61409 422
61410 422
61411 422
61412 422
61413 422
61414 422
61415 422
61416 422
61417 422
61418 422
61419 422
61420 422
61421 422
61422 422
61423 422
61424 422
61425 422
61426 423
61427 423
61428 423
61429 423
61430 423
61431 423
61432 423
61433 423
61434 423
61435 423
61436 423
61437 423
61438 423
61439 423
61440 423
61441 423
61442 423
61443 423
61444 423
61445 423
61446 423
61447 423
61448 423
61449 423
61450 423
61451 423
61452 423
61453 423
61454 423
61455 423
61456 423
61457 423
61458 423
61459 423
61460 423
61461 423
61462 423
61463 423
61464 423
61465 423
61466 423
61467 423
61468 423
61469 423
61470 423
61471 423
61472 423
61473 423
61474 423
61475 423
61476 423
61477 423
61478 423
61479 423
61480 423
61481 423
61482 423
61483 423
61484 423
61485 423
61486 423
61487 423
61488 423
61489 423
61490 423
61491 423
61492 423
61493 423
61494 423
61495 423
61496 423
61497 423
61498 423
61499 423
61500 423
61501 423
61502 423
61503 423
61504 423
61505 423
61506 423
61507 423
61508 423
61509 423
61510 423
61511 423
61512 423
61513 423
61514 423
61515 423
61516 423
61517 423
61518 423
61519 423
61520 423
61521 423
61522 423
61523 423
61524 423
61525 423
61526 423
61527 423
61528 423
61529 423
61530 423
61531 423
61532 423
61533 423
61534 423
61535 423
61536 423
61537 423
61538 423
61539 423
61540 423
61541 423
61542 423
61543 423
61544 423
61545 423
61546 423
61547 423
61548 423
61549 423
61550 423
61551 423
61552 423
61553 423
61554 423
61555 423
61556 423
61557 423
61558 423
61559 423
61560 423
61561 423
61562 423
61563 423
61564 423
61565 423
61566 423
61567 423
61568 423
61569 423
61570 423
61571 423
61572 423
61573 423
61574 423
61575 423
61576 423
61577 423
61578 423
61579 423
61580 423
61581 423
61582 423
61583 423
61584 423
61585 423
61586 423
61587 423
61588 423
61589 423
61590 423
61591 423
61592 423
61593 423
61594 423
61595 423
61596 423
61597 423
61598 423
61599 423
61600 423
61601 423
61602 423
61603 423
61604 423
61605 423
61606 423
61607 423
61608 423
61609 423
61610 423
61611 423
61612 423
61613 423
61614 423
61615 423
61616 423
61617 423
61618 423
61619 423
61620 423
61621 423
61622 423
61623 423
61624 423
61625 423
61626 423
61627 423
61628 423
61629 423
61630 423
61631 423
61632 423
61633 423
61634 423
61635 423
61636 423
61637 423
61638 423
61639 423
61640 423
61641 423
61642 423
61643 423
61644 423
61645 423
61646 423
61647 423
61648 423
61649 423
61650 423
61651 423
61652 423
61653 423
61654 423
61655 423
61656 423
61657 423
61658 423
61659 423
61660 423
61661 423
61662 423
61663 423
61664 423
61665 423
61666 423
61667 423
61668 423
61669 423
61670 423
61671 423
61672 423
61673 423
61674 423
61675 423
61676 423
61677 423
61678 423
61679 423
61680 423
61681 423
61682 423
61683 423
61684 423
61685 423
61686 423
61687 423
61688 423
61689 423
61690 423
61691 423
61692 423
61693 423
61694 423
61695 423
61696 423
61697 423
61698 423
61699 423
61700 423
61701 423
61702 423
61703 423
61704 423
61705 423
61706 423
61707 423
61708 423
61709 423
61710 423
61711 423
61712 423
61713 423
61714 423
61715 423
61716 423
61717 423
61718 423
61719 423
61720 423
61721 423
61722 423
61723 423
61724 423
61725 423
61726 423
61727 423
61728 423
61729 423
61730 423
61731 423
61732 423
61733 423
61734 423
61735 423
61736 423
61737 423
61738 423
61739 423
61740 423
61741 423
61742 423
61743 423
61744 423
61745 423
61746 423
61747 423
61748 423
61749 423
61750 423
61751 423
61752 423
61753 423
61754 423
61755 423
61756 423
61757 423
61758 423
61759 423
61760 423
61761 423
61762 423
61763 423
61764 423
61765 423
61766 423
61767 423
61768 423
61769 423
61770 423
61771 423
61772 423
61773 423
61774 423
61775 423
61776 423
61777 423
61778 423
61779 424
61780 424
61781 424
61782 424
61783 424
61784 424
61785 424
61786 424
61787 424
61788 424
61789 424
61790 424
61791 424
61792 424
61793 424
61794 424
61795 424
61796 424
61797 424
61798 424
61799 424
61800 424
61801 424
61802 424
61803 424
61804 424
61805 424
61806 424
61807 424
61808 424
61809 424
61810 424
61811 424
61812 424
61813 424
61814 424
61815 424
61816 424
61817 424
61818 424
61819 424
61820 424
61821 424
61822 424
61823 424
61824 424
61825 424
61826 424
61827 424
61828 424
61829 424
61830 424
61831 424
61832 424
61833 424
61834 424
61835 424
61836 424
61837 424
61838 424
61839 424
61840 424
61841 424
61842 424
61843 424
61844 424
61845 424
61846 424
61847 424
61848 424
61849 424
61850 424
61851 424
61852 424
61853 424
61854 424
61855 424
61856 424
61857 424
61858 424
61859 424
61860 424
61861 424
61862 424
61863 424
61864 424
61865 424
61866 424
61867 424
61868 424
61869 424
61870 424
61871 424
61872 424
61873 424
61874 427
61875 427
61876 427
61877 427
61878 427
61879 427
61880 427
61881 427
61882 427
61883 427
61884 427
61885 427
61886 427
61887 427
61888 427
61889 427
61890 427
61891 427
61892 427
61893 427
61894 427
61895 427
61896 427
61897 427
61898 427
61899 427
61900 427
61901 427
61902 427
61903 427
61904 427
61905 427
61906 427
61907 427
61908 427
61909 427
61910 427
61911 427
61912 427
61913 427
61914 427
61915 427
61916 427
61917 427
61918 427
61919 427
61920 427
61921 427
61922 427
61923 427
61924 427
61925 427
61926 427
61927 427
61928 427
61929 427
61930 427
61931 427
61932 427
61933 427
61934 427
61935 427
61936 427
61937 427
61938 427
61939 427
61940 427
61941 427
61942 427
61943 427
61944 427
61945 427
61946 427
61947 427
61948 427
61949 427
61950 427
61951 427
61952 427
61953 427
61954 427
61955 427
61956 427
61957 427
61958 427
61959 427
61960 427
61961 427
61962 427
61963 427
61964 427
61965 427
61966 427
61967 427
61968 427
61969 427
61970 427
61971 427
61972 427
61973 427
61974 427
61975 427
61976 427
61977 427
61978 427
61979 427
61980 427
61981 427
61982 427
61983 427
61984 427
61985 428
61986 428
61987 428
61988 428
61989 428
61990 428
61991 428
61992 428
61993 428
61994 428
61995 428
61996 428
61997 428
61998 428
61999 428
62000 428
62001 428
62002 428
62003 428
62004 428
62005 428
62006 428
62007 428
62008 428
62009 428
62010 428
62011 428
62012 428
62013 428
62014 428
62015 428
62016 428
62017 428
62018 428
62019 428
62020 428
62021 428
62022 428
62023 428
62024 428
62025 428
62026 428
62027 428
62028 428
62029 428
62030 428
62031 428
62032 428
62033 428
62034 428
62035 428
62036 428
62037 428
62038 428
62039 428
62040 428
62041 428
62042 428
62043 428
62044 428
62045 428
62046 428
62047 428
62048 428
62049 428
62050 428
62051 428
62052 428
62053 428
62054 428
62055 428
62056 428
62057 428
62058 428
62059 428
62060 428
62061 428
62062 428
62063 428
62064 428
62065 428
62066 428
62067 428
62068 428
62069 428
62070 428
62071 428
62072 428
62073 428
62074 428
62075 428
62076 428
62077 428
62078 428
62079 428
62080 428
62081 428
62082 428
62083 428
62084 428
62085 428
62086 428
62087 428
62088 428
62089 428
62090 428
62091 428
62092 428
62093 428
62094 428
62095 428
62096 428
62097 428
62098 428
62099 428
62100 428
62101 428
62102 428
62103 428
62104 428
62105 428
62106 428
62107 428
62108 428
62109 428
62110 428
62111 428
62112 428
62113 428
62114 428
62115 428
62116 428
62117 428
62118 428
62119 428
62120 428
62121 428
62122 428
62123 428
62124 428
62125 428
62126 428
62127 428
62128 428
62129 428
62130 428
62131 428
62132 428
62133 428
62134 428
62135 428
62136 428
62137 428
62138 428
62139 428
62140 428
62141 428
62142 428
62143 428
62144 428
62145 428
62146 428
62147 428
62148 428
62149 428
62150 428
62151 428
62152 428
62153 428
62154 428
62155 428
62156 428
62157 428
62158 428
62159 428
62160 428
62161 428
62162 428
62163 428
62164 428
62165 428
62166 428
62167 428
62168 428
62169 428
62170 428
62171 428
62172 428
62173 428
62174 428
62175 428
62176 428
62177 428
62178 428
62179 428
62180 428
62181 429
62182 429
62183 429
62184 429
62185 429
62186 429
62187 429
62188 429
62189 429
62190 429
62191 429
62192 429
62193 429
62194 429
62195 429
62196 429
62197 429
62198 429
62199 429
62200 429
62201 429
62202 429
62203 429
62204 429
62205 429
62206 429
62207 429
62208 429
62209 429
62210 429
62211 429
62212 429
62213 429
62214 429
62215 429
62216 429
62217 429
62218 429
62219 429
62220 429
62221 429
62222 429
62223 429
62224 429
62225 429
62226 429
62227 429
62228 429
62229 429
62230 429
62231 429
62232 429
62233 429
62234 429
62235 429
62236 429
62237 429
62238 429
62239 429
62240 429
62241 429
62242 429
62243 429
62244 429
62245 429
62246 429
62247 429
62248 429
62249 429
62250 429
62251 429
62252 429
62253 429
62254 429
62255 429
62256 429
62257 429
62258 429
62259 429
62260 429
62261 429
62262 429
62263 429
62264 429
62265 429
62266 429
62267 429
62268 429
62269 429
62270 429
62271 429
62272 429
62273 429
62274 429
62275 429
62276 429
62277 429
62278 429
62279 429
62280 429
62281 429
62282 429
62283 429
62284 429
62285 429
62286 429
62287 429
62288 429
62289 429
62290 429
62291 429
62292 429
62293 429
62294 429
62295 429
62296 429
62297 429
62298 429
62299 429
62300 429
62301 429
62302 429
62303 429
62304 429
62305 429
62306 429
62307 429
62308 429
62309 429
62310 429
62311 429
62312 429
62313 429
62314 429
62315 429
62316 429
62317 429
62318 429
62319 429
62320 429
62321 429
62322 429
62323 429
62324 429
62325 429
62326 429
62327 429
62328 429
62329 429
62330 429
62331 429
62332 429
62333 429
62334 429
62335 429
62336 429
62337 429
62338 429
62339 429
62340 429
62341 429
62342 429
62343 429
62344 429
62345 429
62346 429
62347 429
62348 429
62349 429
62350 429
62351 429
62352 429
62353 429
62354 429
62355 429
62356 429
62357 429
62358 429
62359 429
62360 429
62361 429
62362 429
62363 429
62364 429
62365 429
62366 429
62367 429
62368 429
62369 430
62370 430
62371 430
62372 430
62373 430
62374 430
62375 430
62376 430
62377 430
62378 430
62379 430
62380 430
62381 430
62382 430
62383 430
62384 430
62385 430
62386 430
62387 430
62388 430
62389 430
62390 430
62391 430
62392 430
62393 430
62394 430
62395 430
62396 430
62397 430
62398 430
62399 430
62400 430
62401 430
62402 430
62403 430
62404 430
62405 430
62406 430
62407 430
62408 430
62409 430
62410 430
62411 430
62412 430
62413 430
62414 430
62415 430
62416 430
62417 430
62418 430
62419 430
62420 430
62421 430
62422 430
62423 430
62424 430
62425 430
62426 430
62427 430
62428 430
62429 430
62430 430
62431 430
62432 430
62433 430
62434 430
62435 430
62436 430
62437 430
62438 430
62439 430
62440 430
62441 430
62442 430
62443 430
62444 430
62445 430
62446 430
62447 430
62448 430
62449 430
62450 430
62451 430
62452 430
62453 430
62454 430
62455 430
62456 430
62457 430
62458 430
62459 430
62460 430
62461 430
62462 430
62463 430
62464 430
62465 430
62466 430
62467 430
62468 430
62469 430
62470 430
62471 430
62472 430
62473 430
62474 430
62475 430
62476 430
62477 430
62478 430
62479 430
62480 430
62481 430
62482 430
62483 430
62484 430
62485 430
62486 430
62487 430
62488 430
62489 430
62490 430
62491 430
62492 430
62493 430
62494 430
62495 430
62496 430
62497 430
62498 430
62499 430
62500 430
62501 430
62502 430
62503 430
62504 430
62505 430
62506 430
62507 430
62508 430
62509 430
62510 430
62511 430
62512 430
62513 430
62514 430
62515 430
62516 430
62517 430
62518 430
62519 430
62520 430
62521 430
62522 430
62523 430
62524 430
62525 430
62526 430
62527 430
62528 430
62529 430
62530 431
62531 431
62532 431
62533 431
62534 431
62535 431
62536 431
62537 431
62538 431
62539 431
62540 431
62541 431
62542 431
62543 431
62544 431
62545 431
62546 431
62547 431
62548 431
62549 431
62550 431
62551 431
62552 431
62553 431
62554 431
62555 431
62556 431
62557 431
62558 431
62559 431
62560 431
62561 431
62562 431
62563 431
62564 431
62565 431
62566 431
62567 431
62568 431
62569 431
62570 431
62571 431
62572 431
62573 431
62574 431
62575 431
62576 431
62577 431
62578 431
62579 431
62580 431
62581 431
62582 431
62583 431
62584 431
62585 431
62586 431
62587 431
62588 431
62589 431
62590 431
62591 431
62592 431
62593 431
62594 431
62595 431
62596 431
62597 431
62598 431
62599 431
62600 431
62601 431
62602 431
62603 431
62604 431
62605 431
62606 431
62607 431
62608 431
62609 431
62610 431
62611 431
62612 431
62613 431
62614 431
62615 431
62616 431
62617 431
62618 431
62619 431
62620 431
62621 431
62622 431
62623 431
62624 431
62625 431
62626 431
62627 431
62628 431
62629 431
62630 431
62631 431
62632 431
62633 431
62634 431
62635 431
62636 431
62637 431
62638 431
62639 431
62640 431
62641 431
62642 431
62643 431
62644 431
62645 431
62646 431
62647 431
62648 431
62649 431
62650 431
62651 431
62652 431
62653 431
62654 431
62655 431
62656 431
62657 431
62658 431
62659 431
62660 431
62661 431
62662 431
62663 432
62664 432
62665 432
62666 432
62667 432
62668 432
62669 432
62670 432
62671 432
62672 432
62673 432
62674 432
62675 432
62676 432
62677 432
62678 432
62679 432
62680 432
62681 432
62682 432
62683 432
62684 432
62685 432
62686 432
62687 432
62688 432
62689 432
62690 432
62691 432
62692 432
62693 432
62694 432
62695 432
62696 432
62697 432
62698 432
62699 432
62700 432
62701 432
62702 432
62703 432
62704 432
62705 432
62706 432
62707 432
62708 432
62709 432
62710 432
62711 432
62712 432
62713 432
62714 432
62715 432
62716 432
62717 432
62718 432
62719 432
62720 432
62721 432
62722 432
62723 432
62724 432
62725 432
62726 432
62727 432
62728 432
62729 432
62730 432
62731 432
62732 432
62733 432
62734 432
62735 432
62736 432
62737 432
62738 432
62739 432
62740 432
62741 432
62742 432
62743 432
62744 432
62745 432
62746 432
62747 432
62748 432
62749 432
62750 432
62751 432
62752 432
62753 432
62754 432
62755 432
62756 432
62757 432
62758 432
62759 432
62760 432
62761 432
62762 432
62763 432
62764 432
62765 432
62766 432
62767 432
62768 432
62769 432
62770 432
62771 432
62772 432
62773 432
62774 432
62775 432
62776 432
62777 432
62778 432
62779 432
62780 432
62781 432
62782 432
62783 432
62784 433
62785 433
62786 433
62787 433
62788 433
62789 433
62790 433
62791 433
62792 433
62793 433
62794 433
62795 433
62796 433
62797 433
62798 433
62799 433
62800 433
62801 433
62802 433
62803 433
62804 433
62805 433
62806 433
62807 433
62808 433
62809 433
62810 433
62811 433
62812 433
62813 433
62814 433
62815 433
62816 433
62817 433
62818 433
62819 433
62820 433
62821 433
62822 433
62823 433
62824 433
62825 433
62826 433
62827 433
62828 433
62829 433
62830 433
62831 433
62832 433
62833 433
62834 433
62835 433
62836 433
62837 433
62838 433
62839 433
62840 433
62841 433
62842 433
62843 433
62844 433
62845 433
62846 433
62847 433
62848 433
62849 433
62850 433
62851 433
62852 433
62853 433
62854 433
62855 433
62856 433
62857 433
62858 433
62859 433
62860 433
62861 433
62862 433
62863 433
62864 433
62865 433
62866 433
62867 433
62868 433
62869 433
62870 433
62871 433
62872 433
62873 433
62874 433
62875 433
62876 433
62877 433
62878 433
62879 433
62880 433
62881 433
62882 433
62883 433
62884 433
62885 433
62886 433
62887 433
62888 433
62889 433
62890 433
62891 433
62892 433
62893 433
62894 433
62895 433
62896 433
62897 433
62898 433
62899 433
62900 433
62901 433
62902 433
62903 433
62904 433
62905 433
62906 433
62907 433
62908 433
62909 433
62910 433
62911 433
62912 433
62913 433
62914 433
62915 433
62916 433
62917 433
62918 433
62919 433
62920 433
62921 433
62922 433
62923 433
62924 433
62925 433
62926 433
62927 433
62928 433
62929 433
62930 433
62931 433
62932 433
62933 433
62934 433
62935 433
62936 433
62937 433
62938 433
62939 433
62940 433
62941 433
62942 433
62943 434
62944 434
62945 434
62946 434
62947 434
62948 434
62949 434
62950 434
62951 434
62952 434
62953 434
62954 434
62955 434
62956 434
62957 434
62958 434
62959 434
62960 434
62961 434
62962 434
62963 434
62964 434
62965 434
62966 434
62967 434
62968 434
62969 434
62970 434
62971 434
62972 434
62973 434
62974 434
62975 434
62976 434
62977 434
62978 434
62979 434
62980 434
62981 434
62982 434
62983 434
62984 434
62985 434
62986 434
62987 434
62988 434
62989 434
62990 434
62991 434
62992 434
62993 434
62994 434
62995 434
62996 434
62997 434
62998 434
62999 434
63000 434
63001 434
63002 434
63003 434
63004 434
63005 434
63006 434
63007 434
63008 434
63009 434
63010 434
63011 434
63012 434
63013 434
63014 434
63015 434
63016 434
63017 434
63018 434
63019 434
63020 434
63021 434
63022 434
63023 434
63024 434
63025 434
63026 434
63027 434
63028 434
63029 434
63030 434
63031 434
63032 434
63033 434
63034 434
63035 434
63036 434
63037 434
63038 434
63039 434
63040 434
63041 434
63042 434
63043 434
63044 434
63045 434
63046 434
63047 434
63048 434
63049 434
63050 434
63051 434
63052 434
63053 434
63054 434
63055 434
63056 435
63057 435
63058 435
63059 435
63060 435
63061 435
63062 435
63063 435
63064 435
63065 435
63066 435
63067 435
63068 435
63069 435
63070 435
63071 435
63072 435
63073 435
63074 435
63075 435
63076 435
63077 435
63078 435
63079 435
63080 435
63081 435
63082 435
63083 435
63084 435
63085 435
63086 435
63087 435
63088 435
63089 435
63090 435
63091 435
63092 435
63093 435
63094 435
63095 435
63096 435
63097 435
63098 435
63099 435
63100 435
63101 435
63102 435
63103 435
63104 435
63105 435
63106 435
63107 435
63108 435
63109 435
63110 435
63111 435
63112 435
63113 435
63114 435
63115 435
63116 435
63117 435
63118 435
63119 435
63120 435
63121 435
63122 435
63123 435
63124 435
63125 435
63126 435
63127 435
63128 435
63129 435
63130 435
63131 435
63132 435
63133 435
63134 435
63135 435
63136 435
63137 435
63138 435
63139 435
63140 435
63141 435
63142 435
63143 435
63144 435
63145 435
63146 435
63147 435
63148 435
63149 435
63150 435
63151 435
63152 435
63153 435
63154 435
63155 435
63156 435
63157 435
63158 435
63159 435
63160 435
63161 435
63162 435
63163 435
63164 435
63165 435
63166 435
63167 435
63168 435
63169 435
63170 435
63171 435
63172 435
63173 435
63174 435
63175 435
63176 435
63177 435
63178 435
63179 435
63180 435
63181 435
63182 435
63183 435
63184 435
63185 435
63186 435
63187 435
63188 435
63189 435
63190 435
63191 435
63192 435
63193 435
63194 435
63195 435
63196 435
63197 435
63198 435
63199 435
63200 435
63201 435
63202 435
63203 435
63204 435
63205 435
63206 435
63207 435
63208 435
63209 435
63210 435
63211 435
63212 435
63213 435
63214 435
63215 435
63216 435
63217 435
63218 435
63219 435
63220 435
63221 435
63222 435
63223 435
63224 435
63225 435
63226 436
63227 436
63228 436
63229 436
63230 436
63231 436
63232 436
63233 436
63234 436
63235 436
63236 436
63237 436
63238 436
63239 436
63240 436
63241 436
63242 436
63243 436
63244 436
63245 436
63246 436
63247 436
63248 436
63249 436
63250 436
63251 436
63252 436
63253 436
63254 436
63255 436
63256 436
63257 436
63258 436
63259 436
63260 436
63261 436
63262 436
63263 436
63264 436
63265 436
63266 436
63267 436
63268 436
63269 436
63270 436
63271 436
63272 436
63273 436
63274 436
63275 436
63276 436
63277 436
63278 436
63279 436
63280 436
63281 436
63282 436
63283 436
63284 436
63285 436
63286 436
63287 436
63288 436
63289 436
63290 436
63291 436
63292 436
63293 436
63294 436
63295 436
63296 436
63297 436
63298 436
63299 436
63300 436
63301 436
63302 436
63303 436
63304 436
63305 436
63306 436
63307 436
63308 436
63309 436
63310 436
63311 436
63312 436
63313 436
63314 436
63315 436
63316 436
63317 436
63318 436
63319 436
63320 436
63321 436
63322 436
63323 436
63324 436
63325 436
63326 436
63327 436
63328 436
63329 436
63330 436
63331 436
63332 436
63333 436
63334 436
63335 436
63336 436
63337 436
63338 436
63339 436
63340 436
63341 436
63342 436
63343 436
63344 436
63345 436
63346 436
63347 436
63348 436
63349 436
63350 437
63351 437
63352 437
63353 437
63354 437
63355 437
63356 437
63357 437
63358 437
63359 437
63360 437
63361 437
63362 437
63363 437
63364 437
63365 437
63366 437
63367 437
63368 437
63369 437
63370 437
63371 437
63372 437
63373 437
63374 437
63375 437
63376 437
63377 437
63378 437
63379 437
63380 437
63381 437
63382 437
63383 437
63384 437
63385 437
63386 437
63387 437
63388 437
63389 437
63390 437
63391 437
63392 437
63393 437
63394 437
63395 437
63396 437
63397 437
63398 437
63399 437
63400 437
63401 437
63402 437
63403 437
63404 437
63405 437
63406 437
63407 437
63408 437
63409 437
63410 437
63411 437
63412 437
63413 437
63414 437
63415 437
63416 437
63417 437
63418 437
63419 437
63420 437
63421 437
63422 437
63423 437
63424 437
63425 437
63426 437
63427 437
63428 437
63429 437
63430 437
63431 437
63432 437
63433 437
63434 437
63435 437
63436 437
63437 437
63438 437
63439 437
63440 437
63441 437
63442 437
63443 437
63444 437
63445 437
63446 437
63447 437
63448 437
63449 437
63450 437
63451 437
63452 437
63453 437
63454 437
63455 437
63456 437
63457 437
63458 437
63459 437
63460 437
63461 437
63462 437
63463 437
63464 437
63465 437
63466 437
63467 437
63468 437
63469 437
63470 437
63471 437
63472 437
63473 437
63474 437
63475 437
63476 437
63477 437
63478 437
63479 437
63480 437
63481 437
63482 437
63483 437
63484 437
63485 437
63486 437
63487 437
63488 437
63489 437
63490 437
63491 437
63492 437
63493 437
63494 437
63495 437
63496 437
63497 437
63498 437
63499 437
63500 437
63501 437
63502 437
63503 437
63504 437
63505 437
63506 437
63507 437
63508 437
63509 438
63510 438
63511 438
63512 438
63513 438
63514 438
63515 438
63516 438
63517 438
63518 438
63519 438
63520 438
63521 438
63522 438
63523 438
63524 438
63525 438
63526 438
63527 438
63528 438
63529 438
63530 438
63531 438
63532 438
63533 438
63534 438
63535 438
63536 438
63537 438
63538 438
63539 438
63540 438
63541 438
63542 438
63543 438
63544 438
63545 438
63546 438
63547 438
63548 438
63549 438
63550 438
63551 438
63552 438
63553 438
63554 438
63555 438
63556 438
63557 438
63558 438
63559 438
63560 438
63561 438
63562 438
63563 438
63564 438
63565 438
63566 438
63567 438
63568 438
63569 438
63570 438
63571 438
63572 438
63573 438
63574 438
63575 438
63576 438
63577 438
63578 438
63579 438
63580 438
63581 438
63582 438
63583 438
63584 438
63585 438
63586 438
63587 438
63588 438
63589 438
63590 438
63591 438
63592 438
63593 438
63594 438
63595 438
63596 438
63597 438
63598 438
63599 438
63600 438
63601 438
63602 438
63603 438
63604 438
63605 438
63606 438
63607 438
63608 438
63609 438
63610 438
63611 438
63612 438
63613 438
63614 438
63615 438
63616 438
63617 438
63618 438
63619 438
63620 438
63621 438
63622 438
63623 438
63624 438
63625 438
63626 438
63627 438
63628 438
63629 438
63630 438
63631 438
63632 438
63633 438
63634 438
63635 438
63636 438
63637 438
63638 438
63639 438
63640 438
63641 438
63642 439
63643 439
63644 439
63645 439
63646 439
63647 439
63648 439
63649 439
63650 439
63651 439
63652 439
63653 439
63654 439
63655 439
63656 439
63657 439
63658 439
63659 439
63660 439
63661 439
63662 439
63663 439
63664 439
63665 439
63666 439
63667 439
63668 439
63669 439
63670 439
63671 439
63672 439
63673 439
63674 439
63675 439
63676 439
63677 439
63678 439
63679 439
63680 439
63681 439
63682 439
63683 439
63684 439
63685 439
63686 439
63687 439
63688 439
63689 439
63690 439
63691 439
63692 439
63693 439
63694 439
63695 439
63696 439
63697 439
63698 439
63699 439
63700 439
63701 439
63702 439
63703 439
63704 439
63705 439
63706 439
63707 439
63708 439
63709 439
63710 439
63711 439
63712 439
63713 439
63714 439
63715 439
63716 439
63717 439
63718 439
63719 439
63720 439
63721 439
63722 439
63723 439
63724 439
63725 439
63726 439
63727 439
63728 439
63729 439
63730 439
63731 439
63732 439
63733 439
63734 439
63735 439
63736 439
63737 439
63738 439
63739 439
63740 439
63741 439
63742 439
63743 439
63744 439
63745 439
63746 439
63747 439
63748 439
63749 439
63750 439
63751 439
63752 439
63753 439
63754 439
63755 439
63756 439
63757 439
63758 439
63759 439
63760 439
63761 439
63762 439
63763 439
63764 439
63765 439
63766 439
63767 439
63768 439
63769 439
63770 439
63771 439
63772 439
63773 439
63774 439
63775 439
63776 439
63777 439
63778 439
63779 439
63780 439
63781 439
63782 439
63783 439
63784 439
63785 439
63786 439
63787 439
63788 439
63789 439
63790 439
63791 439
63792 439
63793 439
63794 439
63795 439
63796 439
63797 439
63798 439
63799 439
63800 439
63801 439
63802 439
63803 439
63804 439
63805 439
63806 439
63807 439
63808 439
63809 439
63810 439
63811 439
63812 439
63813 439
63814 439
63815 439
63816 439
63817 439
63818 439
63819 439
63820 439
63821 439
63822 439
63823 439
63824 439
63825 439
63826 439
63827 439
63828 439
63829 439
63830 439
63831 439
63832 439
63833 439
63834 439
63835 439
63836 439
63837 440
63838 440
63839 440
63840 440
63841 440
63842 440
63843 440
63844 440
63845 440
63846 440
63847 440
63848 440
63849 440
63850 440
63851 440
63852 440
63853 440
63854 440
63855 440
63856 440
63857 440
63858 440
63859 440
63860 440
63861 440
63862 440
63863 440
63864 440
63865 440
63866 440
63867 440
63868 440
63869 440
63870 440
63871 440
63872 440
63873 440
63874 440
63875 440
63876 440
63877 440
63878 440
63879 440
63880 440
63881 440
63882 440
63883 440
63884 440
63885 440
63886 440
63887 440
63888 440
63889 440
63890 440
63891 440
63892 440
63893 440
63894 440
63895 440
63896 440
63897 440
63898 440
63899 440
63900 440
63901 440
63902 440
63903 440
63904 440
63905 440
63906 440
63907 440
63908 440
63909 440
63910 440
63911 440
63912 440
63913 440
63914 440
63915 440
63916 440
63917 440
63918 440
63919 440
63920 440
63921 440
63922 440
63923 440
63924 440
63925 440
63926 440
63927 440
63928 440
63929 440
63930 440
63931 440
63932 440
63933 440
63934 440
63935 440
63936 440
63937 440
63938 440
63939 440
63940 440
63941 440
63942 440
63943 440
63944 440
63945 440
63946 440
63947 440
63948 440
63949 440
63950 440
63951 440
63952 440
63953 440
63954 440
63955 440
63956 440
63957 440
63958 440
63959 440
63960 440
63961 440
63962 440
63963 440
63964 440
63965 440
63966 440
63967 440
63968 440
63969 440
63970 440
63971 440
63972 440
63973 440
63974 440
63975 440
63976 440
63977 440
63978 440
63979 441
63980 441
63981 441
63982 441
63983 441
63984 441
63985 441
63986 441
63987 441
63988 441
63989 441
63990 441
63991 441
63992 441
63993 441
63994 441
63995 441
63996 441
63997 441
63998 441
63999 441
64000 441
64001 441
64002 441
64003 441
64004 441
64005 441
64006 441
64007 441
64008 441
64009 441
64010 441
64011 441
64012 441
64013 441
64014 441
64015 441
64016 441
64017 441
64018 441
64019 441
64020 441
64021 441
64022 441
64023 441
64024 441
64025 441
64026 441
64027 441
64028 441
64029 441
64030 441
64031 441
64032 441
64033 441
64034 441
64035 441
64036 441
64037 441
64038 441
64039 441
64040 441
64041 441
64042 441
64043 441
64044 441
64045 441
64046 441
64047 441
64048 441
64049 441
64050 441
64051 441
64052 441
64053 441
64054 441
64055 441
64056 441
64057 441
64058 441
64059 441
64060 441
64061 441
64062 441
64063 441
64064 441
64065 441
64066 441
64067 441
64068 441
64069 441
64070 441
64071 441
64072 441
64073 441
64074 441
64075 441
64076 441
64077 441
64078 441
64079 441
64080 441
64081 441
64082 441
64083 441
64084 441
64085 441
64086 441
64087 441
64088 441
64089 441
64090 441
64091 441
64092 441
64093 441
64094 441
64095 441
64096 441
64097 441
64098 441
64099 441
64100 441
64101 441
64102 441
64103 441
64104 441
64105 441
64106 441
64107 441
64108 441
64109 441
64110 441
64111 441
64112 441
64113 441
64114 441
64115 441
64116 441
64117 441
64118 441
64119 441
64120 441
64121 441
64122 442
64123 442
64124 442
64125 442
64126 442
64127 442
64128 442
64129 442
64130 442
64131 442
64132 442
64133 442
64134 442
64135 442
64136 442
64137 442
64138 442
64139 442
64140 442
64141 442
64142 442
64143 442
64144 442
64145 442
64146 442
64147 442
64148 442
64149 442
64150 442
64151 442
64152 442
64153 442
64154 442
64155 442
64156 442
64157 442
64158 442
64159 442
64160 442
64161 442
64162 442
64163 442
64164 442
64165 442
64166 442
64167 442
64168 442
64169 442
64170 442
64171 442
64172 442
64173 442
64174 442
64175 442
64176 442
64177 442
64178 442
64179 442
64180 442
64181 442
64182 442
64183 442
64184 442
64185 442
64186 442
64187 442
64188 442
64189 442
64190 442
64191 442
64192 442
64193 442
64194 442
64195 442
64196 442
64197 442
64198 442
64199 442
64200 442
64201 442
64202 442
64203 442
64204 442
64205 442
64206 442
64207 442
64208 442
64209 442
64210 442
64211 442
64212 442
64213 442
64214 442
64215 442
64216 442
64217 442
64218 442
64219 442
64220 442
64221 442
64222 442
64223 442
64224 442
64225 442
64226 442
64227 442
64228 442
64229 442
64230 442
64231 442
64232 442
64233 442
64234 442
64235 442
64236 442
64237 442
64238 442
64239 442
64240 442
64241 442
64242 442
64243 442
64244 442
64245 442
64246 442
64247 442
64248 442
64249 442
64250 442
64251 442
64252 442
64253 442
64254 442
64255 442
64256 442
64257 442
64258 442
64259 442
64260 443
64261 443
64262 443
64263 443
64264 443
64265 443
64266 443
64267 443
64268 443
64269 443
64270 443
64271 443
64272 443
64273 443
64274 443
64275 443
64276 443
64277 443
64278 443
64279 443
64280 443
64281 443
64282 443
64283 443
64284 443
64285 443
64286 443
64287 443
64288 443
64289 443
64290 443
64291 443
64292 443
64293 443
64294 443
64295 443
64296 443
64297 443
64298 443
64299 443
64300 443
64301 443
64302 443
64303 443
64304 443
64305 443
64306 443
64307 443
64308 443
64309 443
64310 443
64311 443
64312 443
64313 443
64314 443
64315 443
64316 443
64317 443
64318 443
64319 443
64320 443
64321 443
64322 443
64323 443
64324 443
64325 443
64326 443
64327 443
64328 443
64329 443
64330 443
64331 443
64332 443
64333 443
64334 443
64335 443
64336 443
64337 443
64338 443
64339 443
64340 443
64341 443
64342 443
64343 443
64344 443
64345 443
64346 443
64347 443
64348 443
64349 443
64350 443
64351 443
64352 443
64353 443
64354 443
64355 443
64356 443
64357 443
64358 443
64359 443
64360 443
64361 443
64362 443
64363 443
64364 443
64365 443
64366 443
64367 443
64368 443
64369 443
64370 443
64371 443
64372 443
64373 443
64374 443
64375 443
64376 443
64377 443
64378 443
64379 443
64380 443
64381 443
64382 443
64383 443
64384 443
64385 443
64386 443
64387 443
64388 443
64389 443
64390 443
64391 443
64392 443
64393 443
64394 443
64395 443
64396 443
64397 443
64398 443
64399 443
64400 443
64401 443
64402 443
64403 443
64404 443
64405 443
64406 443
64407 443
64408 443
64409 443
64410 443
64411 443
64412 443
64413 443
64414 443
64415 443
64416 443
64417 443
64418 443
64419 443
64420 443
64421 443
64422 443
64423 443
64424 443
64425 443
64426 443
64427 443
64428 443
64429 443
64430 443
64431 443
64432 443
64433 443
64434 443
64435 443
64436 443
64437 443
64438 443
64439 443
64440 443
64441 443
64442 443
64443 443
64444 443
64445 443
64446 443
64447 443
64448 443
64449 443
64450 443
64451 443
64452 443
64453 443
64454 443
64455 443
64456 443
64457 443
64458 443
64459 443
64460 443
64461 443
64462 443
64463 443
64464 443
64465 443
64466 443
64467 443
64468 443
64469 443
64470 443
64471 443
64472 443
64473 443
64474 443
64475 443
64476 443
64477 443
64478 443
64479 443
64480 443
64481 443
64482 443
64483 443
64484 443
64485 443
64486 443
64487 443
64488 443
64489 443
64490 443
64491 443
64492 443
64493 443
64494 443
64495 443
64496 443
64497 443
64498 443
64499 443
64500 443
64501 443
64502 443
64503 443
64504 443
64505 443
64506 443
64507 443
64508 443
64509 443
64510 443
64511 443
64512 443
64513 443
64514 443
64515 443
64516 443
64517 443
64518 443
64519 443
64520 443
64521 443
64522 443
64523 443
64524 443
64525 443
64526 443
64527 443
64528 443
64529 443
64530 443
64531 443
64532 443
64533 443
64534 443
64535 443
64536 443
64537 443
64538 443
64539 443
64540 443
64541 443
64542 443
64543 443
64544 443
64545 443
64546 443
64547 443
64548 443
64549 443
64550 443
64551 443
64552 443
64553 443
64554 443
64555 443
64556 443
64557 443
64558 443
64559 443
64560 443
64561 443
64562 443
64563 443
64564 443
64565 443
64566 443
64567 443
64568 443
64569 443
64570 443
64571 443
64572 443
64573 443
64574 443
64575 443
64576 443
64577 443
64578 443
64579 443
64580 443
64581 443
64582 443
64583 443
64584 443
64585 443
64586 443
64587 443
64588 443
64589 443
64590 443
64591 443
64592 443
64593 443
64594 443
64595 443
64596 443
64597 443
64598 443
64599 443
64600 443
64601 443
64602 443
64603 443
64604 443
64605 443
64606 443
64607 443
64608 443
64609 443
64610 443
64611 443
64612 443
64613 443
64614 443
64615 443
64616 443
64617 443
64618 443
64619 443
64620 443
64621 443
64622 443
64623 443
64624 443
64625 443
64626 443
64627 443
64628 443
64629 443
64630 443
64631 443
64632 443
64633 443
64634 443
64635 443
64636 443
64637 443
64638 443
64639 443
64640 443
64641 443
64642 443
64643 443
64644 443
64645 443
64646 443
64647 443
64648 443
64649 443
64650 443
64651 443
64652 443
64653 443
64654 443
64655 443
64656 443
64657 443
64658 443
64659 443
64660 443
64661 443
64662 443
64663 443
64664 443
64665 443
64666 443
64667 443
64668 443
64669 443
64670 443
64671 443
64672 443
64673 443
64674 443
64675 443
64676 443
64677 443
64678 443
64679 443
64680 443
64681 443
64682 443
64683 443
64684 443
64685 443
64686 443
64687 443
64688 443
64689 443
64690 443
64691 443
64692 443
64693 443
64694 443
64695 443
64696 443
64697 443
64698 443
64699 443
64700 443
64701 443
64702 443
64703 443
64704 443
64705 443
64706 443
64707 443
64708 443
64709 443
64710 443
64711 443
64712 443
64713 443
64714 443
64715 443
64716 443
64717 443
64718 443
64719 443
64720 443
64721 443
64722 443
64723 443
64724 443
64725 443
64726 443
64727 443
64728 443
64729 443
64730 443
64731 443
64732 443
64733 443
64734 443
64735 443
64736 443
64737 443
64738 443
64739 443
64740 443
64741 443
64742 443
64743 443
64744 443
64745 443
64746 443
64747 443
64748 443
64749 443
64750 444
64751 444
64752 444
64753 444
64754 444
64755 444
64756 444
64757 444
64758 444
64759 444
64760 444
64761 444
64762 444
64763 444
64764 444
64765 444
64766 444
64767 444
64768 444
64769 444
64770 444
64771 444
64772 444
64773 444
64774 444
64775 444
64776 444
64777 444
64778 444
64779 444
64780 444
64781 444
64782 444
64783 444
64784 444
64785 444
64786 444
64787 444
64788 444
64789 444
64790 444
64791 444
64792 444
64793 444
64794 444
64795 444
64796 444
64797 444
64798 444
64799 444
64800 444
64801 444
64802 444
64803 444
64804 444
64805 444
64806 444
64807 444
64808 444
64809 444
64810 444
64811 444
64812 444
64813 444
64814 444
64815 444
64816 444
64817 444
64818 444
64819 444
64820 444
64821 444
64822 444
64823 444
64824 444
64825 444
64826 444
64827 444
64828 444
64829 444
64830 444
64831 444
64832 444
64833 444
64834 444
64835 444
64836 444
64837 444
64838 444
64839 444
64840 444
64841 444
64842 444
64843 444
64844 444
64845 444
64846 444
64847 444
64848 444
64849 444
64850 444
64851 444
64852 444
64853 444
64854 444
64855 444
64856 444
64857 444
64858 444
64859 444
64860 444
64861 444
64862 444
64863 444
64864 444
64865 444
64866 444
64867 444
64868 444
64869 444
64870 444
64871 444
64872 444
64873 444
64874 444
64875 444
64876 444
64877 444
64878 444
64879 444
64880 444
64881 444
64882 444
64883 444
64884 444
64885 444
64886 444
64887 444
64888 444
64889 444
64890 444
64891 444
64892 444
64893 444
64894 444
64895 444
64896 444
64897 444
64898 444
64899 444
64900 444
64901 444
64902 444
64903 444
64904 444
64905 444
64906 444
64907 444
64908 444
64909 444
64910 444
64911 444
64912 444
64913 444
64914 444
64915 444
64916 444
64917 444
64918 444
64919 444
64920 444
64921 444
64922 444
64923 444
64924 444
64925 444
64926 444
64927 444
64928 444
64929 444
64930 444
64931 444
64932 444
64933 444
64934 444
64935 444
64936 444
64937 444
64938 444
64939 444
64940 444
64941 444
64942 444
64943 444
64944 444
64945 444
64946 444
64947 444
64948 444
64949 444
64950 444
64951 444
64952 444
64953 444
64954 444
64955 444
64956 444
64957 444
64958 444
64959 444
64960 444
64961 444
64962 444
64963 444
64964 444
64965 444
64966 444
64967 444
64968 445
64969 445
64970 445
64971 445
64972 445
64973 445
64974 445
64975 445
64976 445
64977 445
64978 445
64979 445
64980 445
64981 445
64982 445
64983 445
64984 445
64985 445
64986 445
64987 445
64988 445
64989 445
64990 445
64991 445
64992 445
64993 445
64994 445
64995 445
64996 445
64997 445
64998 445
64999 445
65000 445
65001 445
65002 445
65003 445
65004 445
65005 445
65006 445
65007 445
65008 445
65009 445
65010 445
65011 445
65012 445
65013 445
65014 445
65015 445
65016 445
65017 445
65018 445
65019 445
65020 445
65021 445
65022 445
65023 445
65024 445
65025 445
65026 445
65027 445
65028 445
65029 445
65030 445
65031 445
65032 445
65033 445
65034 445
65035 445
65036 445
65037 445
65038 445
65039 445
65040 445
65041 445
65042 445
65043 445
65044 445
65045 445
65046 445
65047 445
65048 445
65049 445
65050 445
65051 445
65052 445
65053 445
65054 445
65055 445
65056 445
65057 445
65058 445
65059 445
65060 445
65061 445
65062 445
65063 445
65064 445
65065 445
65066 445
65067 445
65068 445
65069 445
65070 445
65071 445
65072 445
65073 445
65074 445
65075 445
65076 445
65077 445
65078 445
65079 445
65080 445
65081 445
65082 445
65083 445
65084 445
65085 445
65086 445
65087 445
65088 445
65089 445
65090 445
65091 445
65092 445
65093 445
65094 445
65095 445
65096 445
65097 445
65098 445
65099 445
65100 445
65101 445
65102 445
65103 445
65104 445
65105 445
65106 445
65107 445
65108 445
65109 445
65110 445
65111 445
65112 445
65113 445
65114 445
65115 445
65116 445
65117 445
65118 445
65119 445
65120 445
65121 445
65122 445
65123 445
65124 445
65125 445
65126 445
65127 445
65128 445
65129 445
65130 445
65131 445
65132 445
65133 445
65134 445
65135 445
65136 445
65137 445
65138 445
65139 445
65140 445
65141 445
65142 445
65143 445
65144 445
65145 445
65146 445
65147 445
65148 445
65149 445
65150 445
65151 445
65152 445
65153 445
65154 445
65155 445
65156 445
65157 445
65158 445
65159 446
65160 446
65161 446
65162 446
65163 446
65164 446
65165 446
65166 446
65167 446
65168 446
65169 446
65170 446
65171 446
65172 446
65173 446
65174 446
65175 446
65176 446
65177 446
65178 446
65179 446
65180 446
65181 446
65182 446
65183 446
65184 446
65185 446
65186 446
65187 446
65188 446
65189 446
65190 446
65191 446
65192 446
65193 446
65194 446
65195 446
65196 446
65197 446
65198 446
65199 446
65200 446
65201 446
65202 446
65203 446
65204 446
65205 446
65206 446
65207 446
65208 446
65209 446
65210 446
65211 446
65212 446
65213 446
65214 446
65215 446
65216 446
65217 446
65218 446
65219 446
65220 446
65221 446
65222 446
65223 446
65224 446
65225 446
65226 446
65227 446
65228 446
65229 446
65230 446
65231 446
65232 446
65233 446
65234 446
65235 446
65236 446
65237 446
65238 446
65239 446
65240 446
65241 446
65242 446
65243 446
65244 446
65245 446
65246 446
65247 446
65248 446
65249 446
65250 446
65251 446
65252 446
65253 446
65254 446
65255 446
65256 446
65257 446
65258 446
65259 446
65260 446
65261 446
65262 446
65263 446
65264 446
65265 446
65266 446
65267 446
65268 446
65269 446
65270 446
65271 446
65272 446
65273 446
65274 446
65275 446
65276 446
65277 446
65278 446
65279 446
65280 446
65281 446
65282 446
65283 446
65284 446
65285 446
65286 446
65287 446
65288 446
65289 446
65290 446
65291 446
65292 446
65293 446
65294 446
65295 446
65296 446
65297 446
65298 446
65299 446
65300 446
65301 446
65302 446
65303 446
65304 446
65305 446
65306 446
65307 446
65308 446
65309 446
65310 446
65311 446
65312 446
65313 446
65314 446
65315 446
65316 446
65317 446
65318 446
65319 446
65320 446
65321 446
65322 446
65323 446
65324 446
65325 446
65326 446
65327 446
65328 446
65329 446
65330 446
65331 446
65332 446
65333 446
65334 446
65335 446
65336 446
65337 446
65338 446
65339 446
65340 446
65341 446
65342 446
65343 446
65344 446
65345 446
65346 446
65347 446
65348 446
65349 446
65350 446
65351 446
65352 446
65353 446
65354 446
65355 446
65356 446
65357 446
65358 446
65359 446
65360 446
65361 446
65362 446
65363 446
65364 446
65365 446
65366 446
65367 446
65368 446
65369 446
65370 446
65371 446
65372 446
65373 446
65374 446
65375 446
65376 446
65377 446
65378 446
65379 446
65380 446
65381 446
65382 446
65383 446
65384 446
65385 446
65386 446
65387 446
65388 446
65389 446
65390 446
65391 446
65392 446
65393 446
65394 446
65395 446
65396 446
65397 446
65398 446
65399 446
65400 446
65401 446
65402 446
65403 446
65404 446
65405 446
65406 446
65407 446
65408 446
65409 446
65410 446
65411 446
65412 446
65413 446
65414 446
65415 446
65416 446
65417 446
65418 446
65419 446
65420 446
65421 446
65422 446
65423 446
65424 446
65425 446
65426 446
65427 446
65428 446
65429 446
65430 446
65431 446
65432 446
65433 446
65434 446
65435 446
65436 446
65437 446
65438 446
65439 446
65440 446
65441 446
65442 446
65443 446
65444 446
65445 446
65446 446
65447 446
65448 446
65449 446
65450 446
65451 446
65452 446
65453 446
65454 446
65455 446
65456 446
65457 446
65458 446
65459 446
65460 446
65461 446
65462 446
65463 446
65464 446
65465 446
65466 446
65467 446
65468 446
65469 446
65470 446
65471 446
65472 446
65473 446
65474 446
65475 446
65476 446
65477 446
65478 446
65479 446
65480 446
65481 446
65482 446
65483 446
65484 446
65485 446
65486 446
65487 446
65488 446
65489 446
65490 446
65491 446
65492 446
65493 446
65494 446
65495 446
65496 446
65497 446
65498 446
65499 446
65500 446
65501 446
65502 446
65503 446
65504 446
65505 446
65506 446
65507 446
65508 446
65509 446
65510 446
65511 446
65512 446
65513 446
65514 446
65515 446
65516 446
65517 446
65518 446
65519 446
65520 446
65521 446
65522 446
65523 446
65524 446
65525 446
65526 446
65527 446
65528 446
65529 446
65530 446
65531 446
65532 446
65533 446
65534 446
65535 446
65536 446
65537 446
65538 446
65539 446
65540 446
65541 446
65542 446
65543 446
65544 446
65545 446
65546 446
65547 446
65548 446
65549 446
65550 446
65551 446
65552 446
65553 446
65554 446
65555 446
65556 446
65557 446
65558 446
65559 446
65560 446
65561 446
65562 446
65563 446
65564 446
65565 446
65566 446
65567 446
65568 446
65569 446
65570 446
65571 446
65572 446
65573 446
65574 446
65575 446
65576 446
65577 446
65578 446
65579 446
65580 446
65581 446
65582 446
65583 446
65584 446
65585 446
65586 446
65587 446
65588 446
65589 446
65590 446
65591 446
65592 446
65593 446
65594 446
65595 446
65596 446
65597 446
65598 446
65599 446
65600 446
65601 446
65602 446
65603 446
65604 446
65605 446
65606 446
65607 446
65608 446
65609 446
65610 446
65611 446
65612 446
65613 446
65614 446
65615 446
65616 446
65617 446
65618 446
65619 446
65620 446
65621 446
65622 446
65623 446
65624 446
65625 446
65626 446
65627 446
65628 446
65629 446
65630 446
65631 447
65632 447
65633 447
65634 447
65635 447
65636 447
65637 447
65638 447
65639 447
65640 447
65641 447
65642 447
65643 447
65644 447
65645 447
65646 447
65647 447
65648 447
65649 447
65650 447
65651 447
65652 447
65653 447
65654 447
65655 447
65656 447
65657 447
65658 447
65659 447
65660 447
65661 447
65662 447
65663 447
65664 447
65665 447
65666 447
65667 447
65668 447
65669 447
65670 447
65671 447
65672 447
65673 447
65674 447
65675 447
65676 447
65677 447
65678 447
65679 447
65680 447
65681 447
65682 447
65683 447
65684 447
65685 447
65686 447
65687 447
65688 447
65689 447
65690 447
65691 447
65692 447
65693 447
65694 447
65695 447
65696 447
65697 447
65698 447
65699 447
65700 447
65701 447
65702 447
65703 447
65704 447
65705 447
65706 447
65707 447
65708 447
65709 447
65710 447
65711 447
65712 447
65713 447
65714 447
65715 447
65716 447
65717 447
65718 447
65719 447
65720 447
65721 447
65722 447
65723 447
65724 447
65725 447
65726 447
65727 447
65728 447
65729 447
65730 447
65731 447
65732 447
65733 447
65734 447
65735 447
65736 447
65737 447
65738 447
65739 447
65740 447
65741 447
65742 447
65743 447
65744 447
65745 447
65746 447
65747 447
65748 447
65749 447
65750 447
65751 447
65752 447
65753 447
65754 447
65755 448
65756 448
65757 448
65758 448
65759 448
65760 448
65761 448
65762 448
65763 448
65764 448
65765 448
65766 448
65767 448
65768 448
65769 448
65770 448
65771 448
65772 448
65773 448
65774 448
65775 448
65776 448
65777 448
65778 448
65779 448
65780 448
65781 448
65782 448
65783 448
65784 448
65785 448
65786 448
65787 448
65788 448
65789 448
65790 448
65791 448
65792 448
65793 448
65794 448
65795 448
65796 448
65797 448
65798 448
65799 448
65800 448
65801 448
65802 448
65803 448
65804 448
65805 448
65806 448
65807 448
65808 448
65809 448
65810 448
65811 448
65812 448
65813 448
65814 448
65815 448
65816 448
65817 448
65818 448
65819 448
65820 448
65821 448
65822 448
65823 448
65824 448
65825 448
65826 448
65827 448
65828 448
65829 448
65830 448
65831 448
65832 448
65833 448
65834 448
65835 448
65836 448
65837 448
65838 448
65839 448
65840 448
65841 448
65842 448
65843 448
65844 448
65845 448
65846 448
65847 448
65848 448
65849 448
65850 448
65851 448
65852 448
65853 448
65854 448
65855 448
65856 448
65857 448
65858 448
65859 448
65860 448
65861 448
65862 448
65863 448
65864 448
65865 448
65866 448
65867 448
65868 448
65869 448
65870 448
65871 448
65872 448
65873 448
65874 448
65875 448
65876 448
65877 448
65878 448
65879 448
65880 448
65881 448
65882 448
65883 448
65884 448
65885 448
65886 448
65887 448
65888 448
65889 448
65890 448
65891 448
65892 448
65893 448
65894 448
65895 448
65896 448
65897 448
65898 448
65899 448
65900 448
65901 448
65902 448
65903 448
65904 448
65905 448
65906 448
65907 448
65908 448
65909 448
65910 448
65911 448
65912 448
65913 448
65914 448
65915 448
65916 448
65917 448
65918 448
65919 448
65920 448
65921 448
65922 448
65923 448
65924 448
65925 448
65926 448
65927 448
65928 448
65929 448
65930 448
65931 448
65932 448
65933 448
65934 448
65935 448
65936 448
65937 448
65938 448
65939 448
65940 448
65941 448
65942 448
65943 448
65944 448
65945 448
65946 448
65947 448
65948 448
65949 448
65950 448
65951 448
65952 448
65953 448
65954 448
65955 449
65956 449
65957 449
65958 449
65959 449
65960 449
65961 449
65962 449
65963 449
65964 449
65965 449
65966 449
65967 449
65968 449
65969 449
65970 449
65971 449
65972 449
65973 449
65974 449
65975 449
65976 449
65977 449
65978 449
65979 449
65980 449
65981 449
65982 449
65983 449
65984 449
65985 449
65986 449
65987 449
65988 449
65989 449
65990 449
65991 449
65992 449
65993 449
65994 449
65995 449
65996 449
65997 449
65998 449
65999 449
66000 449
66001 449
66002 449
66003 449
66004 449
66005 449
66006 449
66007 449
66008 449
66009 449
66010 449
66011 449
66012 449
66013 449
66014 449
66015 449
66016 449
66017 449
66018 449
66019 449
66020 449
66021 449
66022 449
66023 449
66024 449
66025 449
66026 449
66027 449
66028 449
66029 449
66030 449
66031 449
66032 449
66033 449
66034 449
66035 449
66036 449
66037 449
66038 449
66039 449
66040 449
66041 449
66042 449
66043 449
66044 449
66045 449
66046 449
66047 449
66048 449
66049 449
66050 449
66051 449
66052 449
66053 449
66054 449
66055 449
66056 449
66057 449
66058 449
66059 449
66060 449
66061 449
66062 449
66063 449
66064 449
66065 449
66066 449
66067 449
66068 449
66069 449
66070 449
66071 449
66072 449
66073 449
66074 449
66075 449
66076 449
66077 449
66078 449
66079 449
66080 449
66081 449
66082 449
66083 449
66084 449
66085 449
66086 449
66087 449
66088 449
66089 449
66090 449
66091 449
66092 449
66093 449
66094 449
66095 449
66096 449
66097 449
66098 449
66099 449
66100 449
66101 449
66102 449
66103 449
66104 449
66105 449
66106 449
66107 449
66108 449
66109 449
66110 449
66111 449
66112 449
66113 449
66114 449
66115 449
66116 449
66117 449
66118 449
66119 449
66120 449
66121 449
66122 449
66123 449
66124 449
66125 449
66126 449
66127 449
66128 449
66129 449
66130 449
66131 449
66132 449
66133 449
66134 449
66135 449
66136 449
66137 449
66138 449
66139 449
66140 449
66141 449
66142 449
66143 449
66144 449
66145 449
66146 449
66147 449
66148 449
66149 449
66150 449
66151 449
66152 449
66153 449
66154 449
66155 449
66156 449
66157 449
66158 449
66159 449
66160 449
66161 449
66162 449
66163 449
66164 449
66165 449
66166 449
66167 449
66168 449
66169 449
66170 449
66171 449
66172 449
66173 449
66174 449
66175 449
66176 449
66177 449
66178 449
66179 449
66180 449
66181 449
66182 449
66183 449
66184 449
66185 449
66186 449
66187 449
66188 449
66189 449
66190 449
66191 449
66192 449
66193 449
66194 449
66195 449
66196 449
66197 449
66198 449
66199 449
66200 449
66201 449
66202 449
66203 449
66204 449
66205 449
66206 449
66207 449
66208 449
66209 449
66210 450
66211 450
66212 450
66213 450
66214 450
66215 450
66216 450
66217 450
66218 450
66219 450
66220 450
66221 450
66222 450
66223 450
66224 450
66225 450
66226 450
66227 450
66228 450
66229 450
66230 450
66231 450
66232 450
66233 450
66234 450
66235 450
66236 450
66237 450
66238 450
66239 450
66240 450
66241 450
66242 451
66243 451
66244 451
66245 451
66246 451
66247 451
66248 451
66249 451
66250 451
66251 451
66252 451
66253 451
66254 451
66255 451
66256 451
66257 451
66258 451
66259 451
66260 451
66261 451
66262 451
66263 451
66264 451
66265 451
66266 451
66267 451
66268 451
66269 451
66270 451
66271 451
66272 451
66273 451
66274 451
66275 451
66276 451
66277 451
66278 451
66279 451
66280 451
66281 451
66282 451
66283 451
66284 451
66285 451
66286 451
66287 451
66288 451
66289 451
66290 451
66291 451
66292 451
66293 451
66294 451
66295 451
66296 451
66297 451
66298 451
66299 451
66300 451
66301 451
66302 451
66303 451
66304 451
66305 451
66306 451
66307 451
66308 451
66309 451
66310 451
66311 451
66312 451
66313 451
66314 451
66315 451
66316 451
66317 451
66318 451
66319 451
66320 451
66321 451
66322 451
66323 451
66324 451
66325 451
66326 451
66327 451
66328 451
66329 451
66330 451
66331 451
66332 451
66333 451
66334 451
66335 451
66336 451
66337 451
66338 451
66339 451
66340 451
66341 451
66342 451
66343 451
66344 451
66345 451
66346 451
66347 451
66348 451
66349 451
66350 451
66351 451
66352 451
66353 451
66354 451
66355 451
66356 451
66357 451
66358 451
66359 451
66360 451
66361 451
66362 451
66363 451
66364 451
66365 451
66366 451
66367 451
66368 451
66369 451
66370 451
66371 451
66372 451
66373 451
66374 451
66375 451
66376 451
66377 451
66378 451
66379 451
66380 451
66381 451
66382 451
66383 451
66384 451
66385 451
66386 451
66387 451
66388 451
66389 451
66390 451
66391 452
66392 452
66393 452
66394 452
66395 452
66396 452
66397 452
66398 452
66399 452
66400 452
66401 452
66402 452
66403 452
66404 452
66405 452
66406 452
66407 452
66408 452
66409 452
66410 452
66411 452
66412 452
66413 452
66414 452
66415 452
66416 452
66417 452
66418 452
66419 452
66420 452
66421 452
66422 452
66423 452
66424 452
66425 452
66426 452
66427 452
66428 452
66429 452
66430 452
66431 452
66432 452
66433 452
66434 452
66435 452
66436 452
66437 452
66438 452
66439 452
66440 452
66441 452
66442 452
66443 452
66444 452
66445 452
66446 452
66447 452
66448 452
66449 452
66450 452
66451 452
66452 452
66453 452
66454 452
66455 452
66456 452
66457 452
66458 452
66459 452
66460 452
66461 452
66462 452
66463 452
66464 452
66465 452
66466 452
66467 452
66468 452
66469 452
66470 452
66471 452
66472 452
66473 452
66474 452
66475 452
66476 452
66477 452
66478 452
66479 452
66480 452
66481 452
66482 452
66483 452
66484 452
66485 452
66486 452
66487 452
66488 452
66489 452
66490 452
66491 452
66492 452
66493 452
66494 452
66495 452
66496 452
66497 452
66498 452
66499 452
66500 452
66501 452
66502 452
66503 452
66504 452
66505 452
66506 452
66507 452
66508 452
66509 452
66510 452
66511 452
66512 452
66513 452
66514 452
66515 452
66516 452
66517 452
66518 452
66519 452
66520 452
66521 452
66522 452
66523 452
66524 452
66525 452
66526 452
66527 452
66528 453
66529 453
66530 453
66531 453
66532 453
66533 453
66534 453
66535 453
66536 453
66537 453
66538 453
66539 453
66540 453
66541 453
66542 453
66543 453
66544 453
66545 453
66546 453
66547 453
66548 453
66549 453
66550 453
66551 453
66552 453
66553 453
66554 453
66555 453
66556 453
66557 453
66558 453
66559 453
66560 453
66561 453
66562 453
66563 453
66564 453
66565 453
66566 453
66567 453
66568 453
66569 453
66570 453
66571 453
66572 453
66573 453
66574 453
66575 453
66576 453
66577 453
66578 453
66579 453
66580 453
66581 453
66582 453
66583 453
66584 453
66585 453
66586 453
66587 453
66588 453
66589 453
66590 453
66591 453
66592 453
66593 453
66594 453
66595 453
66596 453
66597 453
66598 453
66599 453
66600 453
66601 453
66602 453
66603 453
66604 453
66605 453
66606 453
66607 453
66608 453
66609 453
66610 453
66611 453
66612 453
66613 453
66614 453
66615 453
66616 453
66617 453
66618 453
66619 453
66620 453
66621 453
66622 453
66623 453
66624 453
66625 453
66626 453
66627 453
66628 453
66629 453
66630 453
66631 453
66632 453
66633 453
66634 453
66635 453
66636 453
66637 453
66638 453
66639 453
66640 453
66641 453
66642 453
66643 453
66644 453
66645 453
66646 453
66647 453
66648 453
66649 453
66650 453
66651 453
66652 453
66653 453
66654 453
66655 453
66656 453
66657 453
66658 453
66659 453
66660 453
66661 453
66662 453
66663 453
66664 453
66665 453
66666 453
66667 453
66668 453
66669 453
66670 453
66671 453
66672 453
66673 453
66674 453
66675 453
66676 453
66677 453
66678 453
66679 453
66680 453
66681 453
66682 453
66683 453
66684 453
66685 453
66686 454
66687 454
66688 454
66689 454
66690 454
66691 454
66692 454
66693 454
66694 454
66695 454
66696 454
66697 454
66698 454
66699 454
66700 454
66701 454
66702 454
66703 454
66704 454
66705 454
66706 454
66707 454
66708 454
66709 454
66710 454
66711 454
66712 454
66713 454
66714 454
66715 454
66716 454
66717 454
66718 454
66719 454
66720 454
66721 454
66722 454
66723 454
66724 454
66725 454
66726 454
66727 454
66728 454
66729 454
66730 454
66731 454
66732 454
66733 454
66734 454
66735 454
66736 454
66737 454
66738 454
66739 454
66740 454
66741 454
66742 454
66743 454
66744 454
66745 454
66746 454
66747 454
66748 454
66749 454
66750 454
66751 454
66752 454
66753 454
66754 454
66755 454
66756 454
66757 454
66758 454
66759 454
66760 454
66761 454
66762 454
66763 454
66764 454
66765 454
66766 454
66767 454
66768 454
66769 454
66770 454
66771 454
66772 454
66773 454
66774 454
66775 454
66776 454
66777 454
66778 454
66779 454
66780 454
66781 454
66782 454
66783 454
66784 454
66785 454
66786 454
66787 454
66788 454
66789 454
66790 454
66791 454
66792 454
66793 454
66794 454
66795 454
66796 454
66797 454
66798 454
66799 454
66800 454
66801 454
66802 454
66803 454
66804 454
66805 454
66806 454
66807 454
66808 454
66809 454
66810 454
66811 454
66812 454
66813 454
66814 454
66815 454
66816 454
66817 454
66818 454
66819 454
66820 454
66821 454
66822 454
66823 454
66824 454
66825 454
66826 454
66827 454
66828 454
66829 454
66830 454
66831 454
66832 454
66833 454
66834 454
66835 454
66836 454
66837 454
66838 454
66839 454
66840 454
66841 454
66842 454
66843 454
66844 454
66845 454
66846 454
66847 454
66848 454
66849 454
66850 454
66851 454
66852 454
66853 454
66854 454
66855 454
66856 454
66857 454
66858 454
66859 454
66860 454
66861 454
66862 454
66863 454
66864 454
66865 454
66866 454
66867 454
66868 454
66869 455
66870 455
66871 455
66872 455
66873 455
66874 455
66875 455
66876 455
66877 455
66878 455
66879 455
66880 455
66881 455
66882 455
66883 455
66884 455
66885 455
66886 455
66887 455
66888 455
66889 455
66890 455
66891 455
66892 455
66893 455
66894 455
66895 455
66896 455
66897 455
66898 455
66899 455
66900 455
66901 455
66902 455
66903 455
66904 455
66905 455
66906 455
66907 455
66908 455
66909 455
66910 455
66911 455
66912 455
66913 455
66914 455
66915 455
66916 455
66917 455
66918 455
66919 455
66920 455
66921 455
66922 455
66923 455
66924 455
66925 455
66926 455
66927 455
66928 455
66929 455
66930 455
66931 455
66932 455
66933 455
66934 455
66935 455
66936 455
66937 455
66938 455
66939 455
66940 455
66941 455
66942 455
66943 455
66944 455
66945 455
66946 455
66947 455
66948 455
66949 455
66950 455
66951 455
66952 455
66953 455
66954 455
66955 455
66956 455
66957 455
66958 455
66959 455
66960 455
66961 455
66962 455
66963 455
66964 455
66965 455
66966 455
66967 455
66968 455
66969 455
66970 455
66971 455
66972 455
66973 455
66974 455
66975 455
66976 455
66977 455
66978 455
66979 455
66980 455
66981 455
66982 455
66983 455
66984 455
66985 455
66986 455
66987 455
66988 455
66989 455
66990 455
66991 455
66992 455
66993 455
66994 455
66995 455
66996 455
66997 455
66998 455
66999 455
67000 455
67001 455
67002 455
67003 455
67004 455
67005 455
67006 455
67007 455
67008 455
67009 455
67010 455
67011 455
67012 455
67013 455
67014 455
67015 455
67016 455
67017 455
67018 455
67019 455
67020 455
67021 455
67022 455
67023 455
67024 455
67025 455
67026 455
67027 455
67028 455
67029 455
67030 455
67031 455
67032 455
67033 455
67034 455
67035 455
67036 455
67037 455
67038 455
67039 455
67040 455
67041 455
67042 455
67043 455
67044 455
67045 455
67046 455
67047 455
67048 455
67049 455
67050 455
67051 455
67052 455
67053 455
67054 455
67055 455
67056 455
67057 455
67058 455
67059 455
67060 455
67061 455
67062 455
67063 455
67064 455
67065 455
67066 455
67067 455
67068 455
67069 455
67070 455
67071 455
67072 455
67073 455
67074 455
67075 455
67076 455
67077 455
67078 455
67079 455
67080 455
67081 455
67082 455
67083 455
67084 455
67085 455
67086 455
67087 455
67088 455
67089 455
67090 455
67091 455
67092 455
67093 455
67094 455
67095 455
67096 455
67097 455
67098 455
67099 455
67100 455
67101 455
67102 455
67103 455
67104 455
67105 455
67106 455
67107 455
67108 455
67109 455
67110 455
67111 455
67112 455
67113 455
67114 455
67115 455
67116 455
67117 455
67118 455
67119 455
67120 455
67121 455
67122 455
67123 455
67124 455
67125 455
67126 455
67127 455
67128 455
67129 455
67130 455
67131 455
67132 455
67133 455
67134 455
67135 455
67136 455
67137 455
67138 455
67139 455
67140 455
67141 455
67142 455
67143 455
67144 455
67145 455
67146 455
67147 455
67148 455
67149 455
67150 455
67151 455
67152 455
67153 455
67154 455
67155 455
67156 455
67157 455
67158 455
67159 455
67160 455
67161 455
67162 455
67163 455
67164 455
67165 455
67166 455
67167 455
67168 455
67169 455
67170 455
67171 455
67172 455
67173 455
67174 455
67175 455
67176 455
67177 455
67178 455
67179 455
67180 455
67181 455
67182 455
67183 455
67184 455
67185 455
67186 455
67187 455
67188 455
67189 455
67190 455
67191 455
67192 455
67193 455
67194 455
67195 455
67196 455
67197 455
67198 455
67199 455
67200 455
67201 455
67202 455
67203 455
67204 455
67205 455
67206 455
67207 455
67208 455
67209 456
67210 456
67211 456
67212 456
67213 456
67214 456
67215 456
67216 456
67217 456
67218 456
67219 456
67220 456
67221 456
67222 456
67223 456
67224 456
67225 456
67226 456
67227 456
67228 456
67229 456
67230 456
67231 456
67232 456
67233 456
67234 456
67235 456
67236 456
67237 456
67238 456
67239 456
67240 456
67241 456
67242 456
67243 456
67244 456
67245 456
67246 456
67247 456
67248 456
67249 456
67250 456
67251 456
67252 456
67253 456
67254 456
67255 456
67256 456
67257 456
67258 456
67259 456
67260 456
67261 456
67262 456
67263 456
67264 456
67265 456
67266 456
67267 456
67268 456
67269 456
67270 456
67271 456
67272 456
67273 456
67274 456
67275 456
67276 456
67277 456
67278 456
67279 456
67280 456
67281 456
67282 456
67283 456
67284 456
67285 456
67286 456
67287 456
67288 456
67289 456
67290 456
67291 456
67292 456
67293 456
67294 456
67295 456
67296 456
67297 456
67298 456
67299 456
67300 456
67301 456
67302 456
67303 456
67304 456
67305 456
67306 456
67307 456
67308 456
67309 456
67310 456
67311 456
67312 456
67313 456
67314 456
67315 456
67316 456
67317 456
67318 456
67319 456
67320 456
67321 456
67322 456
67323 456
67324 456
67325 456
67326 456
67327 456
67328 456
67329 456
67330 456
67331 456
67332 456
67333 456
67334 456
67335 456
67336 456
67337 456
67338 456
67339 456
67340 456
67341 456
67342 456
67343 456
67344 456
67345 456
67346 456
67347 456
67348 456
67349 456
67350 456
67351 456
67352 456
67353 456
67354 456
67355 456
67356 457
67357 457
67358 457
67359 457
67360 457
67361 457
67362 457
67363 457
67364 457
67365 457
67366 457
67367 457
67368 457
67369 457
67370 457
67371 457
67372 457
67373 457
67374 457
67375 457
67376 457
67377 457
67378 457
67379 457
67380 457
67381 457
67382 457
67383 457
67384 457
67385 457
67386 457
67387 457
67388 457
67389 457
67390 457
67391 457
67392 457
67393 457
67394 457
67395 457
67396 457
67397 457
67398 457
67399 457
67400 457
67401 457
67402 457
67403 457
67404 457
67405 457
67406 457
67407 457
67408 457
67409 457
67410 457
67411 457
67412 457
67413 457
67414 457
67415 457
67416 457
67417 457
67418 457
67419 457
67420 457
67421 457
67422 457
67423 457
67424 457
67425 457
67426 457
67427 457
67428 457
67429 457
67430 457
67431 457
67432 457
67433 457
67434 457
67435 457
67436 457
67437 457
67438 457
67439 457
67440 457
67441 457
67442 457
67443 457
67444 457
67445 457
67446 457
67447 457
67448 457
67449 457
67450 457
67451 457
67452 457
67453 457
67454 457
67455 457
67456 457
67457 457
67458 457
67459 457
67460 457
67461 457
67462 457
67463 457
67464 457
67465 457
67466 457
67467 457
67468 457
67469 457
67470 457
67471 457
67472 457
67473 457
67474 457
67475 457
67476 457
67477 457
67478 457
67479 457
67480 457
67481 457
67482 457
67483 457
67484 457
67485 457
67486 457
67487 457
67488 457
67489 457
67490 457
67491 457
67492 457
67493 457
67494 457
67495 457
67496 457
67497 457
67498 457
67499 457
67500 457
67501 457
67502 457
67503 457
67504 457
67505 457
67506 457
67507 457
67508 457
67509 457
67510 458
67511 458
67512 458
67513 458
67514 458
67515 458
67516 458
67517 458
67518 458
67519 458
67520 458
67521 458
67522 458
67523 458
67524 458
67525 458
67526 458
67527 458
67528 458
67529 458
67530 458
67531 458
67532 458
67533 458
67534 458
67535 458
67536 458
67537 458
67538 458
67539 458
67540 458
67541 458
67542 458
67543 458
67544 458
67545 458
67546 458
67547 458
67548 458
67549 458
67550 458
67551 458
67552 458
67553 458
67554 458
67555 458
67556 458
67557 458
67558 458
67559 458
67560 458
67561 458
67562 458
67563 458
67564 458
67565 458
67566 458
67567 458
67568 458
67569 458
67570 458
67571 458
67572 458
67573 458
67574 458
67575 458
67576 458
67577 458
67578 458
67579 458
67580 458
67581 458
67582 458
67583 458
67584 458
67585 458
67586 458
67587 458
67588 458
67589 458
67590 458
67591 458
67592 458
67593 458
67594 458
67595 458
67596 458
67597 458
67598 458
67599 458
67600 458
67601 458
67602 458
67603 458
67604 458
67605 458
67606 458
67607 458
67608 458
67609 458
67610 458
67611 458
67612 458
67613 458
67614 458
67615 458
67616 458
67617 458
67618 458
67619 458
67620 458
67621 458
67622 458
67623 458
67624 458
67625 458
67626 458
67627 458
67628 458
67629 458
67630 458
67631 458
67632 458
67633 458
67634 458
67635 458
67636 458
67637 458
67638 459
67639 459
67640 459
67641 459
67642 459
67643 459
67644 459
67645 459
67646 459
67647 459
67648 459
67649 459
67650 459
67651 459
67652 459
67653 459
67654 459
67655 459
67656 459
67657 459
67658 459
67659 459
67660 459
67661 459
67662 459
67663 459
67664 459
67665 459
67666 459
67667 459
67668 459
67669 459
67670 459
67671 459
67672 459
67673 459
67674 459
67675 459
67676 459
67677 459
67678 459
67679 459
67680 459
67681 459
67682 459
67683 459
67684 459
67685 459
67686 459
67687 459
67688 459
67689 459
67690 459
67691 459
67692 459
67693 459
67694 459
67695 459
67696 459
67697 459
67698 459
67699 459
67700 459
67701 459
67702 459
67703 459
67704 459
67705 459
67706 459
67707 459
67708 459
67709 459
67710 459
67711 459
67712 459
67713 459
67714 459
67715 459
67716 459
67717 459
67718 459
67719 459
67720 459
67721 459
67722 459
67723 459
67724 459
67725 459
67726 459
67727 459
67728 459
67729 459
67730 459
67731 459
67732 459
67733 459
67734 459
67735 459
67736 459
67737 459
67738 459
67739 459
67740 459
67741 459
67742 459
67743 459
67744 459
67745 459
67746 459
67747 459
67748 459
67749 459
67750 459
67751 459
67752 459
67753 459
67754 459
67755 459
67756 459
67757 459
67758 459
67759 459
67760 459
67761 459
67762 459
67763 459
67764 459
67765 459
67766 459
67767 459
67768 459
67769 459
67770 459
67771 459
67772 459
67773 459
67774 459
67775 459
67776 459
67777 459
67778 459
67779 459
67780 459
67781 459
67782 459
67783 459
67784 459
67785 459
67786 459
67787 459
67788 459
67789 459
67790 459
67791 459
67792 459
67793 459
67794 459
67795 459
67796 459
67797 459
67798 459
67799 459
67800 459
67801 459
67802 459
67803 459
67804 459
67805 459
67806 459
67807 459
67808 459
67809 459
67810 459
67811 459
67812 459
67813 459
67814 459
67815 459
67816 459
67817 459
67818 459
67819 459
67820 459
67821 459
67822 459
67823 459
67824 459
67825 459
67826 459
67827 460
67828 460
67829 460
67830 460
67831 460
67832 460
67833 460
67834 460
67835 460
67836 460
67837 460
67838 460
67839 460
67840 460
67841 460
67842 460
67843 460
67844 460
67845 460
67846 460
67847 460
67848 460
67849 460
67850 460
67851 460
67852 460
67853 460
67854 460
67855 460
67856 460
67857 460
67858 460
67859 460
67860 460
67861 460
67862 460
67863 460
67864 460
67865 460
67866 460
67867 460
67868 460
67869 460
67870 460
67871 460
67872 460
67873 460
67874 460
67875 460
67876 460
67877 460
67878 460
67879 460
67880 460
67881 460
67882 460
67883 460
67884 460
67885 460
67886 460
67887 460
67888 460
67889 460
67890 460
67891 460
67892 460
67893 460
67894 460
67895 460
67896 460
67897 460
67898 460
67899 460
67900 460
67901 460
67902 460
67903 460
67904 460
67905 460
67906 460
67907 460
67908 460
67909 460
67910 460
67911 460
67912 460
67913 460
67914 460
67915 460
67916 460
67917 460
67918 460
67919 460
67920 460
67921 460
67922 460
67923 460
67924 460
67925 460
67926 460
67927 460
67928 460
67929 460
67930 460
67931 460
67932 460
67933 460
67934 460
67935 460
67936 460
67937 460
67938 460
67939 460
67940 460
67941 460
67942 460
67943 460
67944 460
67945 460
67946 460
67947 460
67948 460
67949 460
67950 460
67951 460
67952 460
67953 460
67954 460
67955 460
67956 460
67957 460
67958 460
67959 460
67960 460
67961 460
67962 460
67963 460
67964 460
67965 460
67966 460
67967 460
67968 460
67969 460
67970 460
67971 460
67972 460
67973 460
67974 460
67975 460
67976 460
67977 460
67978 460
67979 460
67980 460
67981 460
67982 460
67983 460
67984 460
67985 460
67986 460
67987 460
67988 460
67989 460
67990 460
67991 460
67992 460
67993 460
67994 460
67995 460
67996 460
67997 460
67998 460
67999 460
68000 460
68001 460
68002 460
68003 460
68004 460
68005 460
68006 460
68007 460
68008 460
68009 460
68010 460
68011 460
68012 460
68013 460
68014 460
68015 460
68016 461
68017 461
68018 461
68019 461
68020 461
68021 461
68022 461
68023 461
68024 461
68025 461
68026 461
68027 461
68028 461
68029 461
68030 461
68031 461
68032 461
68033 461
68034 461
68035 461
68036 461
68037 461
68038 461
68039 461
68040 461
68041 461
68042 461
68043 461
68044 461
68045 461
68046 461
68047 461
68048 461
68049 461
68050 461
68051 465
68052 465
68053 465
68054 465
68055 465
68056 465
68057 465
68058 465
68059 465
68060 465
68061 465
68062 465
68063 465
68064 465
68065 465
68066 465
68067 465
68068 465
68069 465
68070 465
68071 465
68072 465
68073 465
68074 465
68075 465
68076 465
68077 465
68078 465
68079 465
68080 465
68081 465
68082 465
68083 465
68084 465
68085 465
68086 465
68087 465
68088 465
68089 465
68090 465
68091 465
68092 465
68093 465
68094 465
68095 465
68096 465
68097 465
68098 465
68099 465
68100 465
68101 465
68102 465
68103 465
68104 465
68105 465
68106 465
68107 465
68108 465
68109 465
68110 465
68111 465
68112 465
68113 465
68114 465
68115 465
68116 465
68117 465
68118 465
68119 465
68120 465
68121 465
68122 465
68123 465
68124 465
68125 465
68126 465
68127 465
68128 465
68129 465
68130 465
68131 465
68132 465
68133 465
68134 465
68135 465
68136 465
68137 465
68138 465
68139 465
68140 465
68141 465
68142 465
68143 465
68144 465
68145 465
68146 465
68147 465
68148 465
68149 465
68150 465
68151 465
68152 465
68153 465
68154 465
68155 465
68156 465
68157 465
68158 465
68159 465
68160 465
68161 465
68162 465
68163 465
68164 465
68165 465
68166 465
68167 465
68168 465
68169 465
68170 465
68171 465
68172 465
68173 465
68174 465
68175 465
68176 465
68177 465
68178 465
68179 465
68180 465
68181 465
68182 465
68183 465
68184 465
68185 465
68186 465
68187 465
68188 465
68189 465
68190 465
68191 465
68192 465
68193 468
68194 468
68195 468
68196 468
68197 468
68198 468
68199 468
68200 468
68201 468
68202 471
68203 471
68204 471
68205 471
68206 471
68207 471
68208 471
68209 471
68210 472
68211 472
68212 472
68213 472
68214 472
68215 472
68216 472
68217 472
68218 472
68219 472
68220 472
68221 472
68222 472
68223 472
68224 472
68225 472
68226 472
68227 472
68228 472
68229 472
68230 472
68231 472
68232 472
68233 472
68234 472
68235 472
68236 472
68237 472
68238 472
68239 472
68240 472
68241 472
68242 472
68243 472
68244 472
68245 472
68246 472
68247 472
68248 472
68249 472
68250 472
68251 472
68252 472
68253 472
68254 474
68255 474
68256 474
68257 474
68258 474
68259 474
68260 477
68261 477
68262 477
68263 477
68264 477
68265 477
68266 477
68267 477
68268 477
68269 477
68270 480
68271 480
68272 480
68273 480
68274 480
68275 480
68276 480
68277 480
68278 480
68279 480
68280 480
68281 480
68282 480
68283 481
68284 481
68285 481
68286 481
68287 481
68288 481
68289 481
68290 481
68291 484
68292 484
68293 484
68294 484
68295 484
68296 484
68297 484
68298 484
68299 487
68300 487
68301 487
68302 487
68303 487
68304 487
68305 487
68306 487
68307 490
68308 490
68309 490
68310 490
68311 490
68312 492
68313 492
68314 492
68315 492
68316 492
68317 492
68318 492
68319 492
68320 492
68321 492
68322 492
68323 492
68324 492
68325 492
68326 492
68327 492
68328 492
68329 492
68330 492
68331 492
68332 492
68333 492
68334 492
68335 492
68336 492
68337 492
68338 492
68339 492
68340 492
68341 492
68342 492
68343 492
68344 492
68345 492
68346 492
68347 492
68348 492
68349 492
68350 492
68351 492
68352 492
68353 492
68354 492
68355 492
68356 492
68357 492
68358 492
68359 492
68360 492
68361 492
68362 492
68363 492
68364 492
68365 492
68366 492
68367 492
68368 492
68369 492
68370 492
68371 492
68372 492
68373 492
68374 492
68375 492
68376 492
68377 492
68378 492
68379 492
68380 492
68381 492
68382 492
68383 492
68384 492
68385 492
68386 492
68387 492
68388 492
68389 492
68390 492
68391 492
68392 492
68393 492
68394 492
68395 492
68396 492
68397 492
68398 492
68399 492
68400 492
68401 492
68402 492
68403 492
68404 492
68405 492
68406 492
68407 492
68408 492
68409 492
68410 492
68411 492
68412 492
68413 492
68414 492
68415 492
68416 492
68417 492
68418 492
68419 492
68420 492
68421 492
68422 492
68423 492
68424 492
68425 492
68426 492
68427 492
68428 492
68429 492
68430 492
68431 492
68432 492
68433 492
68434 492
68435 492
68436 492
68437 492
68438 492
68439 492
68440 492
68441 492
68442 492
68443 492
68444 492
68445 492
68446 492
68447 492
68448 492
68449 492
68450 492
68451 492
68452 492
68453 492
68454 492
68455 492
68456 492
68457 492
68458 492
68459 492
68460 492
68461 492
68462 492
68463 492
68464 492
68465 492
68466 492
68467 492
68468 492
68469 492
68470 492
68471 492
68472 492
68473 492
68474 492
68475 492
68476 492
68477 492
68478 492
68479 492
68480 492
68481 492
68482 492
68483 492
68484 492
68485 492
68486 492
68487 492
68488 492
68489 492
68490 492
68491 492
68492 492
68493 492
68494 492
68495 492
68496 492
68497 492
68498 492
68499 492
68500 492
68501 492
68502 492
68503 492
68504 492
68505 492
68506 492
68507 492
68508 492
68509 492
68510 492
68511 492
68512 492
68513 492
68514 492
68515 492
68516 492
68517 492
68518 492
68519 492
68520 492
68521 492
68522 492
68523 492
68524 492
68525 492
68526 492
68527 492
68528 492
68529 492
68530 492
68531 492
68532 492
68533 492
68534 492
68535 492
68536 492
68537 492
68538 492
68539 492
68540 492
68541 492
68542 492
68543 492
68544 492
68545 492
68546 492
68547 492
68548 492
68549 492
68550 492
68551 492
68552 492
68553 492
68554 492
68555 492
68556 492
68557 492
68558 492
68559 492
68560 492
68561 492
68562 492
68563 492
68564 492
68565 492
68566 492
68567 492
68568 492
68569 492
68570 492
68571 492
68572 492
68573 492
68574 492
68575 492
68576 492
68577 492
68578 492
68579 492
68580 492
68581 492
68582 492
68583 492
68584 492
68585 492
68586 492
68587 492
68588 492
68589 492
68590 492
68591 492
68592 492
68593 492
68594 492
68595 492
68596 492
68597 492
68598 492
68599 492
68600 492
68601 492
68602 492
68603 492
68604 492
68605 492
68606 492
68607 492
68608 492
68609 492
68610 492
68611 492
68612 492
68613 492
68614 492
68615 492
68616 492
68617 492
68618 492
68619 492
68620 492
68621 492
68622 492
68623 492
68624 492
68625 492
68626 492
68627 492
68628 492
68629 492
68630 492
68631 492
68632 492
68633 492
68634 492
68635 492
68636 492
68637 492
68638 492
68639 492
68640 492
68641 492
68642 492
68643 492
68644 492
68645 492
68646 492
68647 492
68648 492
68649 492
68650 492
68651 492
68652 492
68653 492
68654 492
68655 492
68656 492
68657 492
68658 492
68659 492
68660 492
68661 492
68662 492
68663 492
68664 492
68665 492
68666 492
68667 492
68668 492
68669 492
68670 492
68671 492
68672 492
68673 492
68674 492
68675 492
68676 492
68677 492
68678 492
68679 492
68680 492
68681 492
68682 492
68683 492
68684 492
68685 492
68686 492
68687 492
68688 492
68689 492
68690 492
68691 492
68692 492
68693 492
68694 492
68695 492
68696 492
68697 492
68698 492
68699 492
68700 492
68701 492
68702 492
68703 492
68704 492
68705 492
68706 492
68707 492
68708 492
68709 492
68710 492
68711 492
68712 492
68713 492
68714 492
68715 492
68716 492
68717 492
68718 492
68719 492
68720 492
68721 492
68722 492
68723 492
68724 492
68725 492
68726 492
68727 492
68728 492
68729 492
68730 492
68731 492
68732 492
68733 492
68734 492
68735 492
68736 492
68737 492
68738 492
68739 492
68740 492
68741 492
68742 492
68743 492
68744 492
68745 492
68746 492
68747 492
68748 492
68749 492
68750 492
68751 492
68752 492
68753 492
68754 492
68755 492
68756 492
68757 492
68758 492
68759 492
68760 492
68761 492
68762 492
68763 492
68764 492
68765 492
68766 492
68767 492
68768 492
68769 492
68770 492
68771 492
68772 492
68773 492
68774 492
68775 492
68776 492
68777 492
68778 492
68779 492
68780 492
68781 492
68782 492
68783 492
68784 492
68785 492
68786 492
68787 492
68788 492
68789 492
68790 492
68791 492
68792 492
68793 492
68794 492
68795 492
68796 492
68797 492
68798 492
68799 492
68800 492
68801 492
68802 492
68803 492
68804 492
68805 492
68806 492
68807 492
68808 492
68809 492
68810 492
68811 492
68812 492
68813 492
68814 492
68815 492
68816 492
68817 492
68818 492
68819 492
68820 492
68821 492
68822 492
68823 492
68824 492
68825 492
68826 492
68827 492
68828 492
68829 492
68830 492
68831 492
68832 492
68833 492
68834 492
68835 492
68836 492
68837 492
68838 492
68839 492
68840 494
68841 494
68842 494
68843 494
68844 494
68845 494
68846 494
68847 494
68848 494
68849 494
68850 494
68851 495
68852 495
68853 495
68854 495
68855 495
68856 495
68857 495
68858 496
68859 496
68860 496
68861 496
68862 496
68863 496
68864 496
68865 496
68866 496
68867 496
68868 496
68869 496
68870 496
68871 496
68872 496
68873 496
68874 496
68875 496
68876 496
68877 496
68878 496
68879 496
68880 496
68881 496
68882 496
68883 496
68884 496
68885 496
68886 496
68887 496
68888 496
68889 496
68890 496
68891 496
68892 496
68893 496
68894 496
68895 496
68896 496
68897 496
68898 496
68899 496
68900 496
68901 496
68902 496
68903 496
68904 496
68905 496
68906 496
68907 496
68908 496
68909 496
68910 496
68911 496
68912 496
68913 496
68914 496
68915 496
68916 496
68917 496
68918 496
68919 496
68920 496
68921 496
68922 496
68923 496
68924 496
68925 496
68926 496
68927 496
68928 496
68929 496
68930 496
68931 496
68932 496
68933 496
68934 496
68935 496
68936 496
68937 496
68938 496
68939 496
68940 496
68941 496
68942 496
68943 496
68944 496
68945 496
68946 496
68947 496
68948 496
68949 496
68950 496
68951 496
68952 496
68953 496
68954 496
68955 496
68956 496
68957 496
68958 496
68959 496
68960 496
68961 496
68962 496
68963 496
68964 496
68965 496
68966 496
68967 496
68968 496
68969 496
68970 496
68971 496
68972 496
68973 496
68974 496
68975 496
68976 496
68977 496
68978 496
68979 496
68980 496
68981 496
68982 496
68983 496
68984 496
68985 496
68986 496
68987 496
68988 496
68989 496
68990 496
68991 497
68992 497
68993 497
68994 497
68995 497
68996 497
68997 497
68998 497
68999 497
69000 497
69001 497
69002 497
69003 497
69004 497
69005 497
69006 497
69007 497
69008 497
69009 497
69010 497
69011 497
69012 497
69013 497
69014 497
69015 497
69016 497
69017 497
69018 497
69019 497
69020 497
69021 497
69022 497
69023 497
69024 497
69025 497
69026 497
69027 497
69028 497
69029 497
69030 497
69031 497
69032 497
69033 497
69034 497
69035 497
69036 497
69037 497
69038 497
69039 497
69040 497
69041 497
69042 497
69043 497
69044 497
69045 497
69046 497
69047 497
69048 497
69049 497
69050 497
69051 497
69052 497
69053 497
69054 497
69055 497
69056 497
69057 497
69058 497
69059 497
69060 497
69061 497
69062 497
69063 497
69064 497
69065 497
69066 497
69067 497
69068 497
69069 497
69070 497
69071 497
69072 497
69073 497
69074 497
69075 497
69076 497
69077 497
69078 497
69079 497
69080 497
69081 497
69082 497
69083 497
69084 497
69085 497
69086 497
69087 497
69088 497
69089 497
69090 497
69091 497
69092 497
69093 497
69094 497
69095 497
69096 497
69097 497
69098 497
69099 497
69100 497
69101 497
69102 497
69103 497
69104 497
69105 497
69106 497
69107 497
69108 497
69109 497
69110 497
69111 497
69112 497
69113 497
69114 497
69115 497
69116 497
69117 497
69118 497
69119 497
69120 497
69121 497
69122 497
69123 497
69124 497
69125 497
69126 497
69127 497
69128 497
69129 497
69130 497
69131 497
69132 497
69133 497
69134 497
69135 497
69136 497
69137 497
69138 497
69139 497
69140 497
69141 497
69142 497
69143 497
69144 497
69145 497
69146 497
69147 497
69148 497
69149 497
69150 497
69151 497
69152 497
69153 497
69154 497
69155 497
69156 497
69157 497
69158 497
69159 497
69160 497
69161 497
69162 497
69163 497
69164 497
69165 497
69166 497
69167 497
69168 497
69169 497
69170 497
69171 497
69172 497
69173 497
69174 497
69175 497
69176 497
69177 497
69178 497
69179 497
69180 497
69181 497
69182 497
69183 497
69184 497
69185 497
69186 497
69187 497
69188 497
69189 497
69190 497
69191 497
69192 497
69193 497
69194 497
69195 497
69196 497
69197 497
69198 497
69199 497
69200 497
69201 497
69202 497
69203 497
69204 497
69205 497
69206 497
69207 497
69208 497
69209 497
69210 497
69211 497
69212 497
69213 497
69214 497
69215 497
69216 497
69217 497
69218 497
69219 497
69220 497
69221 497
69222 497
69223 497
69224 497
69225 497
69226 497
69227 497
69228 497
69229 497
69230 497
69231 497
69232 497
69233 497
69234 497
69235 497
69236 497
69237 497
69238 497
69239 497
69240 497
69241 497
69242 497
69243 497
69244 497
69245 497
69246 497
69247 497
69248 497
69249 497
69250 497
69251 497
69252 497
69253 497
69254 497
69255 497
69256 497
69257 497
69258 497
69259 497
69260 497
69261 497
69262 497
69263 497
69264 497
69265 497
69266 497
69267 497
69268 497
69269 497
69270 497
69271 497
69272 497
69273 497
69274 497
69275 497
69276 497
69277 497
69278 497
69279 497
69280 497
69281 497
69282 497
69283 497
69284 497
69285 497
69286 497
69287 497
69288 497
69289 497
69290 497
69291 497
69292 497
69293 497
69294 497
69295 497
69296 497
69297 497
69298 497
69299 497
69300 497
69301 497
69302 497
69303 497
69304 497
69305 497
69306 497
69307 497
69308 497
69309 497
69310 497
69311 497
69312 497
69313 497
69314 497
69315 497
69316 497
69317 497
69318 497
69319 498
69320 498
69321 498
69322 498
69323 498
69324 498
69325 498
69326 498
69327 498
69328 498
69329 498
69330 498
69331 498
69332 498
69333 498
69334 498
69335 498
69336 498
69337 498
69338 498
69339 498
69340 498
69341 498
69342 498
69343 498
69344 499
69345 499
69346 499
69347 499
69348 499
69349 499
69350 499
69351 499
69352 499
69353 499
69354 499
69355 499
69356 499
69357 499
69358 499
69359 499
69360 499
69361 499
69362 499
69363 499
69364 499
69365 499
69366 499
69367 499
69368 499
69369 499
69370 499
69371 499
69372 499
69373 499
69374 499
69375 499
69376 499
69377 499
69378 499
69379 499
69380 499
69381 499
69382 499
69383 499
69384 499
69385 499
69386 499
69387 499
69388 499
69389 499
69390 499
69391 499
69392 499
69393 499
69394 499
69395 499
69396 499
69397 499
69398 499
69399 499
69400 499
69401 499
69402 499
69403 499
69404 499
69405 499
69406 499
69407 499
69408 499
69409 499
69410 499
69411 499
69412 499
69413 499
69414 499
69415 499
69416 499
69417 499
69418 499
69419 499
69420 499
69421 499
69422 499
69423 499
69424 499
69425 499
69426 499
69427 499
69428 499
69429 499
69430 499
69431 499
69432 499
69433 499
69434 499
69435 499
69436 499
69437 499
69438 499
69439 499
69440 499
69441 499
69442 499
69443 499
69444 499
69445 499
69446 499
69447 499
69448 499
69449 499
69450 499
69451 499
69452 499
69453 499
69454 499
69455 499
69456 499
69457 499
69458 499
69459 499
69460 499
69461 499
69462 499
69463 499
69464 499
69465 499
69466 499
69467 499
69468 499
69469 499
69470 499
69471 499
69472 499
69473 499
69474 499
69475 499
69476 499
69477 499
69478 499
69479 499
69480 499
69481 499
69482 499
69483 499
69484 499
69485 499
69486 499
69487 499
69488 499
69489 499
69490 499
69491 499
69492 499
69493 499
69494 499
69495 499
69496 499
69497 499
69498 499
69499 499
69500 499
69501 499
69502 499
69503 499
69504 499
69505 499
69506 499
69507 499
69508 499
69509 499
69510 499
69511 499
69512 499
69513 499
69514 499
69515 499
69516 499
69517 499
69518 499
69519 499
69520 499
69521 499
69522 499
69523 499
69524 499
69525 499
69526 499
69527 499
69528 499
69529 499
69530 499
69531 499
69532 499
69533 499
69534 499
69535 499
69536 499
69537 499
69538 499
69539 499
69540 499
69541 499
69542 499
69543 499
69544 499
69545 499
69546 499
69547 499
69548 499
69549 499
69550 499
69551 499
69552 499
69553 499
69554 499
69555 499
69556 499
69557 499
69558 499
69559 499
69560 499
69561 499
69562 500
69563 500
69564 500
69565 500
69566 500
69567 500
69568 500
69569 500
69570 500
69571 500
69572 500
69573 500
69574 500
69575 500
69576 500
69577 500
69578 500
69579 500
69580 500
69581 500
69582 500
69583 500
69584 500
69585 500
69586 500
69587 500
69588 500
69589 500
69590 500
69591 500
69592 500
69593 500
69594 500
69595 500
69596 500
69597 500
69598 500
69599 500
69600 500
69601 500
69602 500
69603 500
69604 500
69605 500
69606 500
69607 500
69608 500
69609 500
69610 500
69611 500
69612 500
69613 500
69614 500
69615 500
69616 500
69617 500
69618 500
69619 500
69620 500
69621 500
69622 500
69623 500
69624 500
69625 500
69626 500
69627 500
69628 500
69629 500
69630 500
69631 500
69632 500
69633 500
69634 500
69635 500
69636 500
69637 500
69638 500
69639 500
69640 500
69641 500
69642 500
69643 500
69644 500
69645 500
69646 500
69647 500
69648 500
69649 500
69650 500
69651 500
69652 500
69653 500
69654 500
69655 500
69656 500
69657 500
69658 500
69659 500
69660 500
69661 500
69662 500
69663 500
69664 500
69665 500
69666 500
69667 500
69668 500
69669 500
69670 500
69671 500
69672 500
69673 500
69674 500
69675 500
69676 500
69677 500
69678 500
69679 500
69680 500
69681 500
69682 500
69683 500
69684 500
69685 500
69686 500
69687 500
69688 500
69689 500
69690 500
69691 500
69692 500
69693 500
69694 500
69695 500
69696 500
69697 500
69698 500
69699 500
69700 500
69701 500
69702 500
69703 500
69704 500
69705 500
69706 500
69707 500
69708 500
69709 500
69710 500
69711 500
69712 500
69713 500
69714 500
69715 500
69716 500
69717 500
69718 500
69719 500
69720 500
69721 500
69722 500
69723 500
69724 500
69725 500
69726 500
69727 500
69728 500
69729 500
69730 500
69731 500
69732 500
69733 500
69734 500
69735 500
69736 500
69737 500
69738 500
69739 500
69740 500
69741 500
69742 500
69743 500
69744 501
69745 501
69746 501
69747 501
69748 501
69749 501
69750 501
69751 501
69752 501
69753 501
69754 501
69755 501
69756 501
69757 501
69758 501
69759 501
69760 501
69761 501
69762 501
69763 501
69764 501
69765 501
69766 501
69767 501
69768 501
69769 501
69770 501
69771 501
69772 501
69773 501
69774 501
69775 501
69776 501
69777 501
69778 501
69779 501
69780 501
69781 501
69782 501
69783 501
69784 501
69785 501
69786 501
69787 501
69788 501
69789 501
69790 501
69791 501
69792 501
69793 501
69794 501
69795 501
69796 501
69797 501
69798 501
69799 501
69800 501
69801 501
69802 501
69803 501
69804 501
69805 501
69806 501
69807 501
69808 501
69809 501
69810 501
69811 501
69812 501
69813 501
69814 501
69815 501
69816 501
69817 501
69818 501
69819 501
69820 501
69821 501
69822 501
69823 501
69824 501
69825 501
69826 501
69827 501
69828 501
69829 501
69830 501
69831 501
69832 501
69833 501
69834 501
69835 501
69836 501
69837 501
69838 501
69839 501
69840 501
69841 501
69842 501
69843 501
69844 501
69845 501
69846 501
69847 501
69848 501
69849 501
69850 501
69851 501
69852 501
69853 501
69854 501
69855 501
69856 501
69857 501
69858 501
69859 501
69860 501
69861 501
69862 501
69863 501
69864 501
69865 501
69866 501
69867 501
69868 501
69869 501
69870 501
69871 501
69872 501
69873 501
69874 501
69875 501
69876 501
69877 501
69878 501
69879 501
69880 501
69881 501
69882 501
69883 501
69884 501
69885 501
69886 501
69887 501
69888 501
69889 501
69890 501
69891 501
69892 501
69893 501
69894 501
69895 501
69896 501
69897 501
69898 501
69899 501
69900 501
69901 501
69902 501
69903 501
69904 501
69905 501
69906 501
69907 501
69908 501
69909 501
69910 501
69911 501
69912 501
69913 501
69914 501
69915 501
69916 501
69917 501
69918 501
69919 501
69920 501
69921 501
69922 501
69923 501
69924 501
69925 501
69926 501
69927 501
69928 501
69929 501
69930 501
69931 501
69932 501
69933 501
69934 501
69935 501
69936 501
69937 501
69938 501
69939 501
69940 501
69941 501
69942 501
69943 501
69944 501
69945 501
69946 501
69947 501
69948 501
69949 501
69950 501
69951 501
69952 501
69953 501
69954 501
69955 501
69956 501
69957 501
69958 501
69959 501
69960 501
69961 501
69962 501
69963 501
69964 501
69965 501
69966 501
69967 501
69968 501
69969 501
69970 501
69971 501
69972 501
69973 501
69974 501
69975 501
69976 501
69977 501
69978 501
69979 501
69980 501
69981 501
69982 501
69983 501
69984 501
69985 501
69986 501
69987 501
69988 501
69989 501
69990 501
69991 501
69992 501
69993 501
69994 501
69995 501
69996 501
69997 501
69998 501
69999 501
70000 501
70001 501
70002 501
70003 501
70004 501
70005 501
70006 501
70007 501
70008 501
70009 501
70010 501
70011 501
70012 501
70013 501
70014 502
70015 502
70016 502
70017 502
70018 502
70019 502
70020 502
70021 502
70022 502
70023 502
70024 502
70025 502
70026 502
70027 502
70028 502
70029 502
70030 502
70031 502
70032 502
70033 502
70034 502
70035 502
70036 502
70037 502
70038 502
70039 502
70040 502
70041 502
70042 502
70043 502
70044 502
70045 502
70046 502
70047 502
70048 502
70049 502
70050 502
70051 502
70052 502
70053 502
70054 502
70055 502
70056 502
70057 502
70058 502
70059 502
70060 502
70061 502
70062 502
70063 502
70064 502
70065 502
70066 502
70067 502
70068 502
70069 502
70070 502
70071 502
70072 502
70073 502
70074 502
70075 502
70076 502
70077 502
70078 502
70079 502
70080 502
70081 502
70082 502
70083 502
70084 502
70085 502
70086 502
70087 502
70088 502
70089 502
70090 502
70091 502
70092 502
70093 502
70094 502
70095 502
70096 502
70097 502
70098 502
70099 502
70100 502
70101 502
70102 502
70103 502
70104 502
70105 502
70106 502
70107 502
70108 502
70109 502
70110 502
70111 502
70112 502
70113 502
70114 502
70115 502
70116 502
70117 502
70118 502
70119 502
70120 502
70121 502
70122 502
70123 502
70124 502
70125 502
70126 502
70127 502
70128 502
70129 502
70130 502
70131 502
70132 502
70133 502
70134 502
70135 502
70136 503
70137 503
70138 503
70139 503
70140 503
70141 503
70142 503
70143 503
70144 503
70145 503
70146 503
70147 503
70148 503
70149 503
70150 503
70151 503
70152 503
70153 503
70154 503
70155 503
70156 503
70157 503
70158 503
70159 503
70160 503
70161 503
70162 503
70163 503
70164 503
70165 503
70166 503
70167 503
70168 503
70169 503
70170 503
70171 503
70172 503
70173 503
70174 503
70175 503
70176 503
70177 503
70178 503
70179 503
70180 503
70181 503
70182 503
70183 503
70184 503
70185 503
70186 503
70187 503
70188 503
70189 503
70190 503
70191 503
70192 503
70193 503
70194 503
70195 503
70196 503
70197 503
70198 503
70199 503
70200 503
70201 503
70202 503
70203 503
70204 503
70205 503
70206 503
70207 503
70208 503
70209 503
70210 503
70211 503
70212 503
70213 503
70214 503
70215 503
70216 503
70217 503
70218 503
70219 503
70220 503
70221 503
70222 503
70223 503
70224 503
70225 503
70226 503
70227 503
70228 503
70229 503
70230 503
70231 503
70232 503
70233 503
70234 503
70235 503
70236 503
70237 503
70238 503
70239 503
70240 503
70241 503
70242 503
70243 503
70244 503
70245 503
70246 503
70247 503
70248 503
70249 503
70250 503
70251 503
70252 503
70253 503
70254 503
70255 503
70256 503
70257 503
70258 503
70259 503
70260 503
70261 503
70262 503
70263 503
70264 503
70265 503
70266 503
70267 503
70268 503
70269 503
70270 503
70271 503
70272 503
70273 503
70274 503
70275 503
70276 503
70277 503
70278 503
70279 503
70280 503
70281 503
70282 503
70283 503
70284 503
70285 503
70286 503
70287 503
70288 503
70289 503
70290 503
70291 503
70292 503
70293 503
70294 503
70295 503
70296 503
70297 503
70298 503
70299 503
70300 503
70301 503
70302 503
70303 503
70304 503
70305 503
70306 503
70307 503
70308 503
70309 503
70310 503
70311 503
70312 503
70313 503
70314 503
70315 503
70316 503
70317 503
70318 503
70319 503
70320 503
70321 503
70322 503
70323 503
70324 503
70325 503
70326 503
70327 503
70328 503
70329 503
70330 503
70331 503
70332 503
70333 503
70334 503
70335 503
70336 503
70337 503
70338 503
70339 503
70340 503
70341 503
70342 503
70343 503
70344 503
70345 503
70346 503
70347 503
70348 503
70349 503
70350 503
70351 503
70352 503
70353 503
70354 503
70355 503
70356 503
70357 503
70358 503
70359 503
70360 503
70361 503
70362 503
70363 503
70364 503
70365 503
70366 503
70367 503
70368 503
70369 503
70370 503
70371 503
70372 503
70373 503
70374 503
70375 503
70376 503
70377 503
70378 503
70379 503
70380 503
70381 503
70382 503
70383 503
70384 503
70385 503
70386 503
70387 503
70388 503
70389 503
70390 503
70391 503
70392 503
70393 503
70394 503
70395 503
70396 503
70397 503
70398 503
70399 503
70400 503
70401 503
70402 503
70403 503
70404 503
70405 503
70406 503
70407 503
70408 504
70409 504
70410 504
70411 504
70412 504
70413 504
70414 504
70415 504
70416 504
70417 504
70418 504
70419 504
70420 504
70421 504
70422 504
70423 504
70424 504
70425 504
70426 504
70427 504
70428 504
70429 504
70430 504
70431 504
70432 504
70433 504
70434 504
70435 504
70436 504
70437 504
70438 504
70439 504
70440 504
70441 504
70442 504
70443 504
70444 504
70445 504
70446 504
70447 504
70448 504
70449 504
70450 504
70451 504
70452 504
70453 504
70454 504
70455 504
70456 504
70457 504
70458 504
70459 504
70460 504
70461 504
70462 504
70463 504
70464 504
70465 504
70466 504
70467 504
70468 504
70469 504
70470 504
70471 504
70472 504
70473 504
70474 504
70475 504
70476 504
70477 504
70478 504
70479 504
70480 504
70481 504
70482 504
70483 504
70484 504
70485 504
70486 504
70487 504
70488 504
70489 504
70490 504
70491 504
70492 504
70493 504
70494 504
70495 504
70496 504
70497 504
70498 504
70499 504
70500 504
70501 504
70502 504
70503 504
70504 504
70505 504
70506 504
70507 504
70508 504
70509 504
70510 504
70511 504
70512 504
70513 504
70514 504
70515 504
70516 504
70517 504
70518 504
70519 504
70520 504
70521 504
70522 504
70523 504
70524 504
70525 504
70526 504
70527 504
70528 504
70529 504
70530 504
70531 504
70532 504
70533 504
70534 504
70535 504
70536 504
70537 504
70538 504
70539 504
70540 504
70541 504
70542 504
70543 504
70544 504
70545 504
70546 504
70547 504
70548 504
70549 504
70550 504
70551 504
70552 504
70553 504
70554 504
70555 504
70556 504
70557 504
70558 504
70559 504
70560 504
70561 504
70562 504
70563 504
70564 504
70565 504
70566 504
70567 504
70568 504
70569 504
70570 504
70571 504
70572 504
70573 504
70574 504
70575 504
70576 504
70577 504
70578 504
70579 504
70580 504
70581 504
70582 504
70583 504
70584 504
70585 504
70586 504
70587 504
70588 504
70589 504
70590 504
70591 504
70592 504
70593 504
70594 504
70595 504
70596 504
70597 505
70598 505
70599 505
70600 505
70601 505
70602 505
70603 505
70604 505
70605 505
70606 505
70607 505
70608 505
70609 505
70610 505
70611 505
70612 505
70613 505
70614 505
70615 505
70616 505
70617 505
70618 505
70619 505
70620 505
70621 505
70622 505
70623 505
70624 505
70625 505
70626 505
70627 505
70628 505
70629 505
70630 505
70631 505
70632 505
70633 505
70634 505
70635 505
70636 505
70637 505
70638 505
70639 505
70640 505
70641 505
70642 505
70643 505
70644 505
70645 505
70646 505
70647 505
70648 505
70649 505
70650 505
70651 505
70652 505
70653 505
70654 505
70655 505
70656 505
70657 505
70658 505
70659 505
70660 505
70661 505
70662 505
70663 505
70664 505
70665 505
70666 505
70667 505
70668 505
70669 505
70670 505
70671 505
70672 505
70673 505
70674 505
70675 505
70676 505
70677 505
70678 505
70679 505
70680 505
70681 505
70682 505
70683 505
70684 505
70685 505
70686 505
70687 505
70688 505
70689 505
70690 505
70691 505
70692 505
70693 505
70694 505
70695 505
70696 505
70697 505
70698 505
70699 505
70700 505
70701 505
70702 505
70703 505
70704 505
70705 505
70706 505
70707 505
70708 505
70709 505
70710 505
70711 505
70712 505
70713 505
70714 505
70715 505
70716 505
70717 505
70718 505
70719 505
70720 505
70721 505
70722 505
70723 505
70724 505
70725 505
70726 505
70727 505
70728 505
70729 505
70730 505
70731 505
70732 505
70733 505
70734 505
70735 505
70736 505
70737 505
70738 505
70739 505
70740 505
70741 505
70742 505
70743 505
70744 505
70745 505
70746 505
70747 505
70748 505
70749 505
70750 505
70751 505
70752 505
70753 505
70754 505
70755 505
70756 505
70757 505
70758 505
70759 505
70760 505
70761 505
70762 505
70763 505
70764 505
70765 505
70766 505
70767 505
70768 505
70769 505
70770 505
70771 505
70772 505
70773 505
70774 505
70775 505
70776 505
70777 505
70778 505
70779 505
70780 505
70781 505
70782 506
70783 506
70784 506
70785 506
70786 506
70787 506
70788 506
70789 506
70790 506
70791 506
70792 506
70793 506
70794 506
70795 506
70796 506
70797 506
70798 506
70799 506
70800 506
70801 506
70802 506
70803 506
70804 506
70805 506
70806 506
70807 506
70808 506
70809 506
70810 506
70811 506
70812 506
70813 506
70814 506
70815 506
70816 506
70817 506
70818 506
70819 506
70820 506
70821 506
70822 506
70823 506
70824 506
70825 506
70826 506
70827 506
70828 506
70829 506
70830 506
70831 506
70832 506
70833 506
70834 506
70835 506
70836 506
70837 506
70838 506
70839 506
70840 506
70841 506
70842 506
70843 506
70844 506
70845 506
70846 506
70847 506
70848 506
70849 506
70850 506
70851 506
70852 506
70853 506
70854 506
70855 506
70856 506
70857 506
70858 506
70859 506
70860 506
70861 506
70862 506
70863 506
70864 506
70865 506
70866 506
70867 506
70868 506
70869 506
70870 506
70871 506
70872 506
70873 506
70874 506
70875 506
70876 506
70877 506
70878 506
70879 506
70880 506
70881 506
70882 506
70883 506
70884 506
70885 506
70886 506
70887 506
70888 506
70889 506
70890 506
70891 506
70892 506
70893 506
70894 506
70895 506
70896 506
70897 506
70898 506
70899 506
70900 506
70901 506
70902 506
70903 506
70904 506
70905 506
70906 506
70907 506
70908 506
70909 506
70910 506
70911 506
70912 506
70913 506
70914 506
70915 506
70916 506
70917 506
70918 506
70919 506
70920 506
70921 506
70922 506
70923 506
70924 506
70925 506
70926 506
70927 506
70928 506
70929 506
70930 506
70931 506
70932 506
70933 506
70934 506
70935 506
70936 506
70937 506
70938 506
70939 506
70940 506
70941 506
70942 506
70943 506
70944 506
70945 506
70946 506
70947 506
70948 506
70949 506
70950 506
70951 506
70952 506
70953 506
70954 506
70955 506
70956 506
70957 506
70958 506
70959 506
70960 506
70961 506
70962 506
70963 506
70964 506
70965 506
70966 506
70967 506
70968 506
70969 506
70970 506
70971 506
70972 506
70973 506
70974 506
70975 506
70976 506
70977 506
70978 506
70979 506
70980 506
70981 506
70982 506
70983 506
70984 506
70985 506
70986 506
70987 506
70988 506
70989 506
70990 506
70991 506
70992 506
70993 506
70994 506
70995 506
70996 506
70997 506
70998 506
70999 506
71000 506
71001 506
71002 506
71003 506
71004 506
71005 506
71006 506
71007 506
71008 506
71009 506
71010 506
71011 506
71012 506
71013 506
71014 506
71015 506
71016 506
71017 506
71018 506
71019 506
71020 506
71021 506
71022 506
71023 506
71024 506
71025 506
71026 506
71027 506
71028 506
71029 506
71030 506
71031 506
71032 506
71033 506
71034 506
71035 506
71036 506
71037 506
71038 506
71039 506
71040 506
71041 506
71042 506
71043 506
71044 506
71045 506
71046 506
71047 506
71048 506
71049 506
71050 506
71051 506
71052 506
71053 506
71054 506
71055 506
71056 506
71057 506
71058 506
71059 506
71060 506
71061 506
71062 506
71063 506
71064 506
71065 506
71066 506
71067 506
71068 506
71069 506
71070 506
71071 506
71072 506
71073 506
71074 506
71075 506
71076 506
71077 506
71078 506
71079 506
71080 506
71081 506
71082 506
71083 506
71084 506
71085 506
71086 506
71087 506
71088 506
71089 506
71090 506
71091 506
71092 506
71093 506
71094 506
71095 506
71096 506
71097 506
71098 506
71099 506
71100 506
71101 506
71102 506
71103 506
71104 506
71105 506
71106 506
71107 506
71108 506
71109 506
71110 506
71111 506
71112 506
71113 506
71114 506
71115 506
71116 506
71117 506
71118 506
71119 506
71120 506
71121 506
71122 506
71123 506
71124 506
71125 506
71126 506
71127 506
71128 506
71129 506
71130 506
71131 506
71132 506
71133 506
71134 506
71135 506
71136 506
71137 506
71138 506
71139 506
71140 506
71141 506
71142 506
71143 506
71144 506
71145 506
71146 506
71147 506
71148 506
71149 506
71150 506
71151 506
71152 506
71153 506
71154 506
71155 506
71156 506
71157 506
71158 506
71159 506
71160 506
71161 506
71162 506
71163 506
71164 506
71165 506
71166 506
71167 506
71168 506
71169 506
71170 506
71171 506
71172 506
71173 506
71174 506
71175 506
71176 506
71177 506
71178 506
71179 506
71180 506
71181 506
71182 506
71183 506
71184 506
71185 506
71186 506
71187 506
71188 506
71189 506
71190 506
71191 506
71192 506
71193 506
71194 506
71195 506
71196 506
71197 506
71198 506
71199 506
71200 506
71201 506
71202 506
71203 506
71204 506
71205 506
71206 506
71207 506
71208 506
71209 506
71210 506
71211 506
71212 506
71213 506
71214 506
71215 506
71216 506
71217 506
71218 506
71219 506
71220 506
71221 506
71222 506
71223 506
71224 506
71225 506
71226 506
71227 506
71228 506
71229 506
71230 506
71231 506
71232 506
71233 506
71234 506
71235 506
71236 506
71237 506
71238 506
71239 506
71240 506
71241 506
71242 506
71243 506
71244 506
71245 506
71246 506
71247 506
71248 506
71249 506
71250 506
71251 506
71252 506
71253 506
71254 506
71255 506
71256 506
71257 506
71258 506
71259 506
71260 506
71261 506
71262 506
71263 506
71264 506
71265 506
71266 506
71267 506
71268 506
71269 506
71270 506
71271 506
71272 506
71273 506
71274 506
71275 506
71276 506
71277 506
71278 506
71279 506
71280 506
71281 506
71282 506
71283 506
71284 506
71285 506
71286 506
71287 506
71288 506
71289 506
71290 506
71291 506
71292 506
71293 506
71294 506
71295 506
71296 506
71297 506
71298 506
71299 506
71300 506
71301 506
71302 506
71303 506
71304 506
71305 506
71306 506
71307 506
71308 506
71309 506
71310 506
71311 506
71312 506
71313 506
71314 506
71315 506
71316 506
71317 506
71318 506
71319 506
71320 506
71321 506
71322 506
71323 506
71324 506
71325 506
71326 506
71327 506
71328 506
71329 506
71330 506
71331 506
71332 506
71333 506
71334 507
71335 507
71336 507
71337 507
71338 507
71339 507
71340 507
71341 507
71342 507
71343 507
71344 507
71345 507
71346 507
71347 507
71348 507
71349 507
71350 507
71351 507
71352 507
71353 507
71354 507
71355 507
71356 507
71357 507
71358 507
71359 507
71360 507
71361 507
71362 507
71363 507
71364 507
71365 507
71366 507
71367 507
71368 507
71369 507
71370 507
71371 507
71372 507
71373 507
71374 507
71375 507
71376 507
71377 507
71378 507
71379 507
71380 507
71381 507
71382 507
71383 507
71384 507
71385 507
71386 507
71387 507
71388 507
71389 507
71390 507
71391 507
71392 507
71393 507
71394 507
71395 507
71396 507
71397 507
71398 507
71399 507
71400 507
71401 507
71402 507
71403 507
71404 507
71405 507
71406 507
71407 507
71408 507
71409 507
71410 507
71411 507
71412 507
71413 507
71414 507
71415 507
71416 507
71417 507
71418 507
71419 507
71420 507
71421 507
71422 507
71423 507
71424 507
71425 507
71426 507
71427 507
71428 507
71429 507
71430 507
71431 507
71432 507
71433 507
71434 507
71435 507
71436 507
71437 507
71438 507
71439 507
71440 507
71441 507
71442 507
71443 507
71444 507
71445 507
71446 507
71447 507
71448 507
71449 507
71450 507
71451 507
71452 507
71453 507
71454 507
71455 507
71456 507
71457 507
71458 507
71459 507
71460 507
71461 507
71462 507
71463 507
71464 507
71465 507
71466 507
71467 507
71468 507
71469 507
71470 507
71471 507
71472 507
71473 507
71474 507
71475 507
71476 507
71477 507
71478 507
71479 507
71480 507
71481 507
71482 507
71483 507
71484 507
71485 507
71486 507
71487 507
71488 507
71489 507
71490 507
71491 507
71492 507
71493 507
71494 507
71495 507
71496 507
71497 507
71498 507
71499 507
71500 507
71501 507
71502 507
71503 507
71504 507
71505 507
71506 507
71507 507
71508 507
71509 507
71510 507
71511 507
71512 507
71513 507
71514 507
71515 507
71516 507
71517 507
71518 507
71519 507
71520 507
71521 507
71522 507
71523 507
71524 507
71525 507
71526 507
71527 507
71528 507
71529 507
71530 507
71531 507
71532 507
71533 507
71534 507
71535 507
71536 507
71537 507
71538 507
71539 507
71540 507
71541 507
71542 507
71543 507
71544 507
71545 507
71546 507
71547 507
71548 507
71549 507
71550 507
71551 507
71552 507
71553 507
71554 507
71555 507
71556 507
71557 507
71558 507
71559 507
71560 507
71561 507
71562 507
71563 507
71564 507
71565 507
71566 507
71567 508
71568 508
71569 508
71570 508
71571 508
71572 508
71573 508
71574 508
71575 508
71576 508
71577 508
71578 508
71579 508
71580 508
71581 508
71582 508
71583 508
71584 508
71585 508
71586 508
71587 508
71588 508
71589 508
71590 508
71591 508
71592 508
71593 508
71594 508
71595 508
71596 508
71597 508
71598 508
71599 508
71600 508
71601 508
71602 508
71603 510
71604 510
71605 510
71606 510
71607 510
71608 510
71609 510
71610 511
71611 511
71612 511
71613 511
71614 511
71615 511
71616 511
71617 511
71618 511
71619 511
71620 511
71621 511
71622 511
71623 511
71624 511
71625 511
71626 511
71627 511
71628 511
71629 511
71630 511
71631 511
71632 511
71633 511
71634 511
71635 511
71636 511
71637 511
71638 511
71639 511
71640 511
71641 511
71642 511
71643 511
71644 511
71645 511
71646 511
71647 511
71648 511
71649 511
71650 511
71651 511
71652 511
71653 511
71654 511
71655 511
71656 511
71657 511
71658 511
71659 511
71660 511
71661 511
71662 511
71663 511
71664 511
71665 511
71666 511
71667 511
71668 511
71669 511
71670 511
71671 511
71672 511
71673 511
71674 511
71675 511
71676 511
71677 511
71678 511
71679 511
71680 511
71681 511
71682 511
71683 511
71684 511
71685 511
71686 511
71687 511
71688 511
71689 511
71690 511
71691 511
71692 511
71693 511
71694 511
71695 511
71696 511
71697 511
71698 511
71699 511
71700 511
71701 511
71702 511
71703 511
71704 511
71705 511
71706 511
71707 511
71708 511
71709 511
71710 511
71711 511
71712 511
71713 511
71714 511
71715 511
71716 511
71717 511
71718 511
71719 511
71720 511
71721 511
71722 511
71723 511
71724 511
71725 511
71726 511
71727 511
71728 512
71729 512
71730 512
71731 512
71732 512
71733 512
71734 512
71735 512
71736 512
71737 512
71738 512
71739 512
71740 512
71741 512
71742 512
71743 512
71744 512
71745 512
71746 512
71747 512
71748 512
71749 512
71750 512
71751 512
71752 512
71753 512
71754 512
71755 512
71756 512
71757 512
71758 512
71759 512
71760 512
71761 512
71762 512
71763 512
71764 512
71765 512
71766 512
71767 512
71768 512
71769 512
71770 512
71771 512
71772 512
71773 512
71774 512
71775 512
71776 512
71777 512
71778 512
71779 512
71780 512
71781 512
71782 512
71783 512
71784 512
71785 512
71786 512
71787 512
71788 512
71789 512
71790 512
71791 512
71792 512
71793 512
71794 512
71795 512
71796 512
71797 512
71798 512
71799 512
71800 512
71801 512
71802 512
71803 512
71804 512
71805 512
71806 512
71807 512
71808 512
71809 512
71810 512
71811 512
71812 512
71813 512
71814 512
71815 512
71816 512
71817 512
71818 512
71819 512
71820 512
71821 512
71822 512
71823 512
71824 512
71825 512
71826 512
71827 512
71828 512
71829 512
71830 512
71831 512
71832 512
71833 512
71834 512
71835 512
71836 512
71837 512
71838 512
71839 512
71840 512
71841 512
71842 512
71843 512
71844 512
71845 512
71846 512
71847 512
71848 512
71849 512
71850 512
71851 512
71852 512
71853 512
71854 512
71855 512
71856 512
71857 512
71858 512
71859 512
71860 512
71861 512
71862 512
71863 512
71864 512
71865 512
71866 512
71867 512
71868 512
71869 512
71870 512
71871 512
71872 512
71873 512
71874 512
71875 512
71876 512
71877 512
71878 512
71879 512
71880 512
71881 512
71882 512
71883 512
71884 512
71885 512
71886 512
71887 512
71888 512
71889 512
71890 512
71891 512
71892 512
71893 512
71894 512
71895 512
71896 512
71897 512
71898 512
71899 512
71900 512
71901 512
71902 512
71903 512
71904 512
71905 512
71906 512
71907 512
71908 512
71909 512
71910 512
71911 512
71912 512
71913 512
71914 512
71915 512
71916 512
71917 512
71918 512
71919 512
71920 512
71921 512
71922 512
71923 512
71924 512
71925 512
71926 512
71927 512
71928 512
71929 512
71930 512
71931 512
71932 512
71933 512
71934 513
71935 513
71936 513
71937 513
71938 513
71939 513
71940 513
71941 513
71942 513
71943 513
71944 513
71945 513
71946 513
71947 513
71948 513
71949 513
71950 513
71951 513
71952 513
71953 513
71954 513
71955 513
71956 513
71957 513
71958 513
71959 513
71960 513
71961 513
71962 513
71963 513
71964 513
71965 513
71966 513
71967 513
71968 513
71969 513
71970 513
71971 513
71972 513
71973 513
71974 513
71975 513
71976 513
71977 513
71978 513
71979 513
71980 513
71981 513
71982 513
71983 513
71984 513
71985 513
71986 513
71987 513
71988 513
71989 513
71990 513
71991 513
71992 513
71993 513
71994 513
71995 513
71996 513
71997 513
71998 513
71999 513
72000 513
72001 513
72002 513
72003 513
72004 513
72005 513
72006 513
72007 513
72008 513
72009 513
72010 513
72011 513
72012 513
72013 513
72014 513
72015 513
72016 513
72017 513
72018 513
72019 513
72020 513
72021 513
72022 513
72023 513
72024 513
72025 513
72026 513
72027 513
72028 513
72029 513
72030 513
72031 513
72032 513
72033 513
72034 513
72035 513
72036 513
72037 513
72038 513
72039 513
72040 513
72041 513
72042 513
72043 513
72044 513
72045 513
72046 513
72047 513
72048 513
72049 513
72050 513
72051 513
72052 513
72053 513
72054 513
72055 513
72056 513
72057 513
72058 513
72059 513
72060 513
72061 513
72062 513
72063 513
72064 513
72065 513
72066 513
72067 513
72068 513
72069 513
72070 513
72071 513
72072 513
72073 513
72074 513
72075 513
72076 513
72077 513
72078 513
72079 513
72080 513
72081 513
72082 513
72083 513
72084 513
72085 513
72086 513
72087 513
72088 513
72089 513
72090 513
72091 513
72092 513
72093 513
72094 513
72095 513
72096 513
72097 513
72098 513
72099 513
72100 513
72101 513
72102 513
72103 513
72104 513
72105 513
72106 513
72107 513
72108 513
72109 513
72110 513
72111 513
72112 513
72113 513
72114 513
72115 513
72116 513
72117 513
72118 513
72119 513
72120 513
72121 513
72122 513
72123 513
72124 513
72125 513
72126 513
72127 513
72128 513
72129 513
72130 513
72131 513
72132 513
72133 513
72134 513
72135 513
72136 513
72137 513
72138 513
72139 513
72140 513
72141 513
72142 513
72143 513
72144 513
72145 513
72146 513
72147 513
72148 513
72149 513
72150 513
72151 513
72152 513
72153 513
72154 513
72155 513
72156 513
72157 513
72158 513
72159 513
72160 513
72161 513
72162 513
72163 513
72164 513
72165 513
72166 513
72167 513
72168 513
72169 513
72170 513
72171 513
72172 513
72173 513
72174 513
72175 513
72176 513
72177 513
72178 513
72179 513
72180 513
72181 513
72182 513
72183 513
72184 513
72185 513
72186 513
72187 513
72188 513
72189 513
72190 513
72191 513
72192 513
72193 513
72194 513
72195 513
72196 513
72197 513
72198 513
72199 513
72200 513
72201 513
72202 513
72203 513
72204 513
72205 513
72206 513
72207 513
72208 513
72209 513
72210 513
72211 513
72212 513
72213 513
72214 513
72215 513
72216 513
72217 513
72218 513
72219 513
72220 513
72221 513
72222 513
72223 513
72224 513
72225 513
72226 513
72227 513
72228 513
72229 513
72230 513
72231 513
72232 513
72233 513
72234 513
72235 513
72236 513
72237 513
72238 513
72239 513
72240 513
72241 513
72242 513
72243 513
72244 513
72245 513
72246 513
72247 513
72248 513
72249 513
72250 513
72251 513
72252 513
72253 513
72254 513
72255 513
72256 513
72257 513
72258 513
72259 513
72260 513
72261 513
72262 513
72263 513
72264 513
72265 513
72266 513
72267 513
72268 513
72269 513
72270 513
72271 513
72272 513
72273 513
72274 513
72275 513
72276 513
72277 513
72278 514
72279 514
72280 514
72281 514
72282 514
72283 514
72284 514
72285 514
72286 514
72287 514
72288 514
72289 514
72290 514
72291 514
72292 514
72293 514
72294 514
72295 514
72296 514
72297 514
72298 514
72299 514
72300 514
72301 514
72302 514
72303 514
72304 514
72305 514
72306 514
72307 514
72308 514
72309 514
72310 514
72311 514
72312 514
72313 514
72314 514
72315 514
72316 514
72317 514
72318 514
72319 514
72320 514
72321 514
72322 514
72323 514
72324 514
72325 514
72326 514
72327 514
72328 514
72329 514
72330 514
72331 514
72332 514
72333 514
72334 514
72335 514
72336 514
72337 514
72338 514
72339 514
72340 514
72341 514
72342 514
72343 514
72344 514
72345 514
72346 514
72347 514
72348 514
72349 514
72350 514
72351 514
72352 514
72353 514
72354 514
72355 514
72356 514
72357 514
72358 514
72359 514
72360 514
72361 514
72362 514
72363 514
72364 514
72365 514
72366 514
72367 514
72368 514
72369 514
72370 514
72371 514
72372 514
72373 514
72374 514
72375 514
72376 514
72377 514
72378 514
72379 514
72380 514
72381 514
72382 514
72383 514
72384 514
72385 514
72386 514
72387 514
72388 514
72389 514
72390 514
72391 514
72392 514
72393 514
72394 514
72395 514
72396 514
72397 514
72398 514
72399 514
72400 514
72401 514
72402 514
72403 514
72404 514
72405 514
72406 514
72407 514
72408 514
72409 514
72410 514
72411 514
72412 514
72413 514
72414 514
72415 514
72416 514
72417 514
72418 514
72419 514
72420 514
72421 514
72422 514
72423 514
72424 514
72425 514
72426 514
72427 514
72428 514
72429 514
72430 514
72431 514
72432 514
72433 514
72434 514
72435 514
72436 514
72437 514
72438 514
72439 514
72440 514
72441 514
72442 514
72443 514
72444 514
72445 514
72446 514
72447 514
72448 514
72449 514
72450 514
72451 514
72452 514
72453 514
72454 514
72455 514
72456 514
72457 514
72458 514
72459 514
72460 514
72461 514
72462 514
72463 514
72464 514
72465 514
72466 514
72467 514
72468 514
72469 514
72470 514
72471 514
72472 514
72473 514
72474 514
72475 514
72476 514
72477 514
72478 514
72479 514
72480 514
72481 514
72482 514
72483 514
72484 514
72485 514
72486 514
72487 514
72488 514
72489 514
72490 514
72491 514
72492 514
72493 514
72494 514
72495 514
72496 514
72497 514
72498 514
72499 514
72500 514
72501 514
72502 514
72503 514
72504 514
72505 514
72506 514
72507 514
72508 514
72509 514
72510 514
72511 514
72512 514
72513 514
72514 514
72515 514
72516 514
72517 514
72518 514
72519 514
72520 514
72521 514
72522 514
72523 514
72524 514
72525 514
72526 514
72527 514
72528 514
72529 514
72530 514
72531 514
72532 514
72533 514
72534 514
72535 514
72536 514
72537 514
72538 514
72539 514
72540 514
72541 514
72542 514
72543 514
72544 514
72545 514
72546 514
72547 514
72548 514
72549 514
72550 514
72551 514
72552 514
72553 514
72554 514
72555 514
72556 514
72557 514
72558 514
72559 514
72560 514
72561 514
72562 514
72563 514
72564 514
72565 514
72566 514
72567 514
72568 514
72569 514
72570 514
72571 514
72572 514
72573 514
72574 514
72575 514
72576 514
72577 514
72578 514
72579 514
72580 514
72581 514
72582 514
72583 514
72584 514
72585 514
72586 514
72587 514
72588 514
72589 514
72590 514
72591 514
72592 514
72593 514
72594 514
72595 514
72596 514
72597 514
72598 514
72599 514
72600 514
72601 514
72602 514
72603 514
72604 514
72605 514
72606 514
72607 514
72608 514
72609 514
72610 514
72611 514
72612 514
72613 514
72614 514
72615 514
72616 514
72617 514
72618 514
72619 514
72620 514
72621 514
72622 514
72623 514
72624 514
72625 514
72626 514
72627 514
72628 514
72629 514
72630 514
72631 514
72632 514
72633 514
72634 514
72635 514
72636 514
72637 514
72638 514
72639 514
72640 514
72641 514
72642 514
72643 514
72644 514
72645 514
72646 514
72647 514
72648 514
72649 514
72650 514
72651 514
72652 514
72653 514
72654 514
72655 514
72656 514
72657 514
72658 514
72659 514
72660 514
72661 514
72662 514
72663 514
72664 514
72665 514
72666 514
72667 514
72668 514
72669 514
72670 514
72671 514
72672 514
72673 514
72674 514
72675 514
72676 514
72677 514
72678 514
72679 514
72680 514
72681 514
72682 514
72683 514
72684 514
72685 514
72686 514
72687 514
72688 514
72689 514
72690 514
72691 514
72692 514
72693 514
72694 514
72695 514
72696 514
72697 514
72698 514
72699 514
72700 514
72701 514
72702 514
72703 514
72704 514
72705 514
72706 514
72707 514
72708 514
72709 514
72710 514
72711 514
72712 514
72713 514
72714 514
72715 514
72716 514
72717 514
72718 514
72719 514
72720 514
72721 514
72722 514
72723 514
72724 514
72725 514
72726 514
72727 514
72728 514
72729 514
72730 514
72731 514
72732 514
72733 514
72734 514
72735 514
72736 514
72737 514
72738 514
72739 514
72740 514
72741 514
72742 514
72743 514
72744 514
72745 514
72746 514
72747 514
72748 514
72749 514
72750 514
72751 514
72752 514
72753 514
72754 514
72755 514
72756 514
72757 514
72758 514
72759 514
72760 514
72761 514
72762 514
72763 514
72764 514
72765 514
72766 514
72767 514
72768 514
72769 514
72770 514
72771 514
72772 514
72773 514
72774 514
72775 514
72776 514
72777 514
72778 514
72779 514
72780 514
72781 514
72782 514
72783 514
72784 514
72785 514
72786 514
72787 514
72788 514
72789 514
72790 514
72791 514
72792 514
72793 514
72794 514
72795 514
72796 514
72797 514
72798 514
72799 514
72800 514
72801 514
72802 514
72803 514
72804 514
72805 515
72806 515
72807 515
72808 515
72809 515
72810 515
72811 515
72812 515
72813 515
72814 515
72815 515
72816 515
72817 515
72818 515
72819 515
72820 515
72821 515
72822 515
72823 515
72824 515
72825 515
72826 515
72827 515
72828 515
72829 515
72830 515
72831 515
72832 515
72833 515
72834 515
72835 515
72836 515
72837 515
72838 515
72839 515
72840 515
72841 515
72842 515
72843 515
72844 515
72845 515
72846 515
72847 515
72848 515
72849 515
72850 515
72851 515
72852 515
72853 515
72854 515
72855 515
72856 515
72857 515
72858 515
72859 515
72860 515
72861 515
72862 515
72863 515
72864 515
72865 515
72866 515
72867 515
72868 515
72869 515
72870 515
72871 515
72872 515
72873 515
72874 515
72875 515
72876 515
72877 515
72878 515
72879 515
72880 515
72881 515
72882 515
72883 515
72884 515
72885 515
72886 515
72887 515
72888 515
72889 515
72890 515
72891 515
72892 515
72893 515
72894 515
72895 515
72896 515
72897 515
72898 515
72899 515
72900 515
72901 515
72902 515
72903 515
72904 515
72905 515
72906 515
72907 515
72908 515
72909 515
72910 515
72911 515
72912 515
72913 515
72914 515
72915 515
72916 515
72917 515
72918 515
72919 515
72920 515
72921 515
72922 515
72923 515
72924 515
72925 516
72926 516
72927 516
72928 516
72929 516
72930 516
72931 516
72932 516
72933 516
72934 516
72935 516
72936 516
72937 516
72938 516
72939 516
72940 516
72941 516
72942 516
72943 516
72944 516
72945 516
72946 516
72947 516
72948 516
72949 516
72950 516
72951 516
72952 516
72953 516
72954 516
72955 516
72956 516
72957 516
72958 516
72959 516
72960 516
72961 516
72962 516
72963 516
72964 516
72965 516
72966 516
72967 516
72968 516
72969 516
72970 516
72971 516
72972 516
72973 516
72974 516
72975 516
72976 516
72977 516
72978 516
72979 516
72980 516
72981 516
72982 516
72983 516
72984 516
72985 516
72986 516
72987 516
72988 516
72989 516
72990 516
72991 516
72992 516
72993 516
72994 516
72995 516
72996 516
72997 516
72998 516
72999 516
73000 516
73001 516
73002 516
73003 516
73004 516
73005 516
73006 516
73007 516
73008 516
73009 516
73010 516
73011 516
73012 516
73013 516
73014 516
73015 516
73016 516
73017 516
73018 516
73019 516
73020 516
73021 516
73022 516
73023 516
73024 516
73025 516
73026 516
73027 516
73028 516
73029 516
73030 516
73031 516
73032 516
73033 516
73034 516
73035 516
73036 516
73037 516
73038 516
73039 516
73040 516
73041 516
73042 516
73043 516
73044 516
73045 516
73046 516
73047 516
73048 516
73049 516
73050 516
73051 516
73052 516
73053 516
73054 516
73055 516
73056 516
73057 516
73058 516
73059 516
73060 516
73061 516
73062 516
73063 516
73064 516
73065 516
73066 516
73067 516
73068 516
73069 517
73070 517
73071 517
73072 517
73073 517
73074 517
73075 517
73076 517
73077 517
73078 517
73079 517
73080 517
73081 517
73082 517
73083 517
73084 517
73085 517
73086 517
73087 517
73088 517
73089 517
73090 517
73091 517
73092 517
73093 517
73094 517
73095 517
73096 517
73097 517
73098 517
73099 517
73100 517
73101 517
73102 517
73103 517
73104 517
73105 517
73106 517
73107 517
73108 517
73109 517
73110 517
73111 517
73112 517
73113 517
73114 517
73115 517
73116 517
73117 517
73118 517
73119 517
73120 517
73121 517
73122 517
73123 517
73124 517
73125 517
73126 517
73127 517
73128 517
73129 517
73130 517
73131 517
73132 517
73133 517
73134 517
73135 517
73136 517
73137 517
73138 517
73139 517
73140 517
73141 517
73142 517
73143 517
73144 517
73145 517
73146 517
73147 517
73148 517
73149 517
73150 517
73151 517
73152 517
73153 517
73154 517
73155 517
73156 517
73157 517
73158 517
73159 517
73160 517
73161 517
73162 517
73163 517
73164 517
73165 517
73166 517
73167 517
73168 517
73169 517
73170 517
73171 517
73172 517
73173 517
73174 517
73175 517
73176 517
73177 517
73178 517
73179 517
73180 517
73181 517
73182 517
73183 517
73184 517
73185 517
73186 517
73187 517
73188 517
73189 517
73190 517
73191 517
73192 517
73193 517
73194 517
73195 517
73196 517
73197 517
73198 517
73199 517
73200 517
73201 517
73202 517
73203 517
73204 517
73205 517
73206 517
73207 518
73208 518
73209 518
73210 518
73211 518
73212 518
73213 518
73214 518
73215 518
73216 518
73217 518
73218 518
73219 518
73220 518
73221 518
73222 518
73223 518
73224 518
73225 518
73226 518
73227 518
73228 518
73229 518
73230 518
73231 518
73232 518
73233 518
73234 518
73235 518
73236 518
73237 518
73238 518
73239 518
73240 518
73241 518
73242 518
73243 518
73244 518
73245 518
73246 518
73247 518
73248 518
73249 518
73250 518
73251 518
73252 518
73253 518
73254 518
73255 518
73256 518
73257 518
73258 518
73259 518
73260 518
73261 518
73262 518
73263 518
73264 518
73265 518
73266 518
73267 518
73268 518
73269 518
73270 518
73271 518
73272 518
73273 518
73274 518
73275 518
73276 518
73277 518
73278 518
73279 518
73280 518
73281 518
73282 518
73283 518
73284 518
73285 518
73286 518
73287 518
73288 518
73289 518
73290 518
73291 518
73292 518
73293 518
73294 518
73295 518
73296 518
73297 518
73298 518
73299 518
73300 518
73301 518
73302 518
73303 518
73304 518
73305 518
73306 518
73307 518
73308 518
73309 518
73310 518
73311 518
73312 518
73313 518
73314 518
73315 518
73316 518
73317 518
73318 518
73319 518
73320 518
73321 518
73322 518
73323 518
73324 518
73325 518
73326 518
73327 518
73328 518
73329 518
73330 518
73331 518
73332 518
73333 518
73334 518
73335 518
73336 518
73337 518
73338 518
73339 518
73340 518
73341 518
73342 518
73343 518
73344 519
73345 519
73346 519
73347 519
73348 519
73349 519
73350 519
73351 519
73352 519
73353 519
73354 519
73355 519
73356 519
73357 519
73358 519
73359 519
73360 519
73361 519
73362 519
73363 519
73364 519
73365 519
73366 519
73367 519
73368 519
73369 519
73370 519
73371 519
73372 519
73373 519
73374 519
73375 519
73376 519
73377 519
73378 519
73379 519
73380 519
73381 519
73382 519
73383 519
73384 519
73385 519
73386 519
73387 519
73388 519
73389 519
73390 519
73391 519
73392 519
73393 519
73394 519
73395 519
73396 519
73397 519
73398 519
73399 519
73400 519
73401 519
73402 519
73403 519
73404 519
73405 519
73406 519
73407 519
73408 519
73409 519
73410 519
73411 519
73412 519
73413 519
73414 519
73415 519
73416 519
73417 519
73418 519
73419 519
73420 519
73421 519
73422 519
73423 519
73424 519
73425 519
73426 519
73427 519
73428 519
73429 519
73430 519
73431 519
73432 519
73433 519
73434 519
73435 519
73436 519
73437 519
73438 519
73439 519
73440 519
73441 519
73442 519
73443 519
73444 519
73445 519
73446 519
73447 519
73448 519
73449 519
73450 519
73451 519
73452 519
73453 519
73454 519
73455 519
73456 519
73457 519
73458 519
73459 519
73460 519
73461 519
73462 519
73463 519
73464 519
73465 519
73466 520
73467 520
73468 520
73469 520
73470 520
73471 520
73472 520
73473 520
73474 520
73475 520
73476 520
73477 520
73478 520
73479 520
73480 520
73481 520
73482 520
73483 520
73484 520
73485 520
73486 520
73487 520
73488 520
73489 520
73490 520
73491 520
73492 520
73493 520
73494 520
73495 520
73496 520
73497 520
73498 520
73499 520
73500 520
73501 520
73502 520
73503 520
73504 520
73505 520
73506 520
73507 520
73508 520
73509 520
73510 520
73511 520
73512 520
73513 520
73514 520
73515 520
73516 520
73517 520
73518 520
73519 520
73520 520
73521 520
73522 520
73523 520
73524 520
73525 520
73526 520
73527 520
73528 520
73529 520
73530 520
73531 520
73532 520
73533 520
73534 520
73535 520
73536 520
73537 520
73538 520
73539 520
73540 520
73541 520
73542 520
73543 520
73544 520
73545 520
73546 520
73547 520
73548 520
73549 520
73550 520
73551 520
73552 520
73553 520
73554 520
73555 520
73556 520
73557 520
73558 520
73559 520
73560 520
73561 520
73562 520
73563 520
73564 520
73565 520
73566 520
73567 520
73568 520
73569 520
73570 520
73571 520
73572 520
73573 520
73574 520
73575 520
73576 520
73577 520
73578 520
73579 520
73580 520
73581 520
73582 520
73583 520
73584 520
73585 520
73586 520
73587 520
73588 520
73589 520
73590 520
73591 520
73592 520
73593 520
73594 520
73595 520
73596 520
73597 520
73598 520
73599 520
73600 520
73601 520
73602 520
73603 520
73604 520
73605 520
73606 520
73607 521
73608 521
73609 521
73610 521
73611 521
73612 521
73613 521
73614 521
73615 521
73616 521
73617 521
73618 521
73619 521
73620 521
73621 521
73622 521
73623 521
73624 521
73625 521
73626 521
73627 521
73628 521
73629 521
73630 521
73631 521
73632 521
73633 521
73634 521
73635 521
73636 521
73637 521
73638 521
73639 521
73640 521
73641 521
73642 521
73643 521
73644 521
73645 521
73646 521
73647 521
73648 521
73649 521
73650 521
73651 521
73652 521
73653 521
73654 521
73655 521
73656 521
73657 521
73658 521
73659 521
73660 521
73661 521
73662 521
73663 521
73664 521
73665 521
73666 521
73667 521
73668 521
73669 521
73670 521
73671 521
73672 521
73673 521
73674 521
73675 521
73676 521
73677 521
73678 521
73679 521
73680 521
73681 521
73682 521
73683 521
73684 521
73685 521
73686 521
73687 521
73688 521
73689 521
73690 521
73691 521
73692 521
73693 521
73694 521
73695 521
73696 521
73697 521
73698 521
73699 521
73700 521
73701 521
73702 521
73703 521
73704 521
73705 521
73706 521
73707 522
73708 522
73709 522
73710 522
73711 522
73712 522
73713 522
73714 522
73715 522
73716 522
73717 522
73718 522
73719 522
73720 522
73721 522
73722 522
73723 522
73724 522
73725 522
73726 522
73727 522
73728 522
73729 522
73730 522
73731 522
73732 522
73733 522
73734 522
73735 522
73736 522
73737 522
73738 522
73739 522
73740 522
73741 522
73742 522
73743 522
73744 522
73745 522
73746 522
73747 522
73748 522
73749 522
73750 522
73751 522
73752 522
73753 522
73754 522
73755 522
73756 522
73757 522
73758 522
73759 522
73760 522
73761 522
73762 522
73763 522
73764 522
73765 522
73766 522
73767 522
73768 522
73769 522
73770 522
73771 522
73772 522
73773 522
73774 522
73775 522
73776 522
73777 522
73778 522
73779 522
73780 522
73781 522
73782 522
73783 522
73784 522
73785 522
73786 522
73787 522
73788 522
73789 522
73790 522
73791 522
73792 522
73793 522
73794 522
73795 522
73796 522
73797 522
73798 522
73799 522
73800 522
73801 522
73802 522
73803 522
73804 522
73805 522
73806 522
73807 522
73808 522
73809 522
73810 522
73811 522
73812 522
73813 522
73814 522
73815 522
73816 522
73817 522
73818 522
73819 522
73820 522
73821 522
73822 522
73823 522
73824 522
73825 522
73826 522
73827 522
73828 522
73829 522
73830 522
73831 522
73832 522
73833 522
73834 522
73835 522
73836 522
73837 522
73838 522
73839 522
73840 522
73841 522
73842 522
73843 522
73844 522
73845 522
73846 522
73847 522
73848 522
73849 522
73850 522
73851 522
73852 522
73853 522
73854 522
73855 522
73856 522
73857 522
73858 522
73859 522
73860 522
73861 522
73862 522
73863 522
73864 522
73865 522
73866 522
73867 522
73868 522
73869 522
73870 522
73871 522
73872 522
73873 522
73874 522
73875 522
73876 522
73877 522
73878 522
73879 522
73880 522
73881 522
73882 522
73883 522
73884 522
73885 522
73886 522
73887 522
73888 522
73889 522
73890 522
73891 522
73892 522
73893 522
73894 522
73895 522
73896 522
73897 522
73898 522
73899 522
73900 522
73901 522
73902 522
73903 522
73904 522
73905 522
73906 522
73907 522
73908 522
73909 522
73910 522
73911 522
73912 522
73913 522
73914 522
73915 522
73916 522
73917 522
73918 522
73919 522
73920 522
73921 522
73922 522
73923 522
73924 525
73925 525
73926 525
73927 525
73928 525
73929 525
73930 525
73931 525
73932 525
73933 525
73934 525
73935 525
73936 525
73937 525
73938 525
73939 525
73940 525
73941 525
73942 525
73943 525
73944 525
73945 525
73946 525
73947 525
73948 525
73949 525
73950 525
73951 525
73952 525
73953 525
73954 525
73955 525
73956 525
73957 525
73958 525
73959 525
73960 525
73961 525
73962 525
73963 525
73964 525
73965 525
73966 525
73967 525
73968 525
73969 525
73970 525
73971 525
73972 525
73973 525
73974 525
73975 525
73976 525
73977 525
73978 525
73979 525
73980 525
73981 525
73982 525
73983 525
73984 525
73985 525
73986 525
73987 525
73988 525
73989 525
73990 525
73991 525
73992 525
73993 525
73994 525
73995 525
73996 525
73997 525
73998 525
73999 525
74000 525
74001 525
74002 525
74003 525
74004 525
74005 525
74006 525
74007 525
74008 525
74009 525
74010 525
74011 525
74012 525
74013 525
74014 525
74015 525
74016 525
74017 525
74018 525
74019 525
74020 525
74021 525
74022 525
74023 525
74024 525
74025 525
74026 525
74027 525
74028 525
74029 525
74030 525
74031 525
74032 525
74033 525
74034 525
74035 525
74036 525
74037 525
74038 525
74039 525
74040 525
74041 525
74042 525
74043 525
74044 525
74045 525
74046 525
74047 525
74048 525
74049 525
74050 525
74051 525
74052 525
74053 525
74054 525
74055 525
74056 525
74057 525
74058 525
74059 525
74060 525
74061 525
74062 525
74063 525
74064 525
74065 525
74066 525
74067 525
74068 525
74069 525
74070 525
74071 525
74072 525
74073 525
74074 525
74075 525
74076 525
74077 525
74078 525
74079 525
74080 525
74081 525
74082 525
74083 525
74084 525
74085 525
74086 525
74087 525
74088 525
74089 525
74090 525
74091 525
74092 525
74093 525
74094 525
74095 525
74096 525
74097 525
74098 525
74099 525
74100 525
74101 525
74102 525
74103 525
74104 525
74105 525
74106 525
74107 525
74108 525
74109 525
74110 525
74111 525
74112 525
74113 525
74114 525
74115 525
74116 525
74117 525
74118 525
74119 525
74120 525
74121 525
74122 525
74123 525
74124 525
74125 525
74126 525
74127 525
74128 525
74129 525
74130 525
74131 525
74132 525
74133 525
74134 525
74135 525
74136 525
74137 525
74138 525
74139 525
74140 525
74141 525
74142 525
74143 525
74144 525
74145 525
74146 525
74147 525
74148 525
74149 525
74150 525
74151 525
74152 525
74153 525
74154 525
74155 525
74156 525
74157 525
74158 525
74159 525
74160 525
74161 525
74162 525
74163 525
74164 525
74165 525
74166 525
74167 525
74168 525
74169 525
74170 525
74171 525
74172 525
74173 525
74174 525
74175 525
74176 525
74177 525
74178 525
74179 525
74180 525
74181 525
74182 525
74183 525
74184 525
74185 525
74186 525
74187 525
74188 525
74189 525
74190 525
74191 525
74192 525
74193 525
74194 525
74195 525
74196 525
74197 525
74198 525
74199 525
74200 525
74201 525
74202 525
74203 525
74204 525
74205 525
74206 525
74207 525
74208 525
74209 525
74210 525
74211 525
74212 525
74213 525
74214 525
74215 525
74216 525
74217 525
74218 525
74219 525
74220 525
74221 525
74222 525
74223 525
74224 525
74225 525
74226 525
74227 525
74228 525
74229 525
74230 525
74231 525
74232 525
74233 525
74234 525
74235 525
74236 525
74237 525
74238 525
74239 525
74240 525
74241 525
74242 525
74243 525
74244 525
74245 525
74246 525
74247 525
74248 525
74249 525
74250 525
74251 525
74252 525
74253 525
74254 525
74255 525
74256 525
74257 525
74258 525
74259 525
74260 525
74261 525
74262 525
74263 525
74264 525
74265 525
74266 525
74267 525
74268 525
74269 525
74270 525
74271 525
74272 525
74273 525
74274 525
74275 525
74276 525
74277 525
74278 525
74279 525
74280 525
74281 525
74282 525
74283 525
74284 525
74285 525
74286 525
74287 525
74288 525
74289 525
74290 525
74291 525
74292 525
74293 525
74294 525
74295 525
74296 525
74297 525
74298 525
74299 525
74300 525
74301 525
74302 525
74303 525
74304 525
74305 525
74306 525
74307 525
74308 525
74309 525
74310 525
74311 525
74312 525
74313 525
74314 525
74315 525
74316 525
74317 525
74318 525
74319 525
74320 525
74321 525
74322 525
74323 525
74324 525
74325 525
74326 525
74327 525
74328 525
74329 525
74330 525
74331 525
74332 525
74333 525
74334 525
74335 525
74336 525
74337 525
74338 525
74339 525
74340 525
74341 525
74342 525
74343 525
74344 525
74345 525
74346 525
74347 525
74348 525
74349 525
74350 525
74351 525
74352 525
74353 525
74354 525
74355 525
74356 525
74357 525
74358 525
74359 525
74360 525
74361 525
74362 525
74363 525
74364 525
74365 525
74366 525
74367 525
74368 525
74369 525
74370 525
74371 525
74372 525
74373 525
74374 525
74375 525
74376 525
74377 525
74378 525
74379 525
74380 525
74381 525
74382 525
74383 525
74384 525
74385 525
74386 525
74387 525
74388 525
74389 525
74390 525
74391 525
74392 525
74393 525
74394 525
74395 525
74396 525
74397 525
74398 525
74399 525
74400 525
74401 525
74402 525
74403 525
74404 525
74405 525
74406 525
74407 525
74408 525
74409 525
74410 525
74411 525
74412 525
74413 526
74414 526
74415 526
74416 526
74417 526
74418 526
74419 526
74420 526
74421 526
74422 526
74423 526
74424 526
74425 526
74426 526
74427 526
74428 526
74429 526
74430 526
74431 526
74432 526
74433 526
74434 526
74435 526
74436 526
74437 526
74438 526
74439 526
74440 526
74441 526
74442 526
74443 526
74444 526
74445 526
74446 526
74447 526
74448 526
74449 526
74450 526
74451 526
74452 526
74453 526
74454 526
74455 526
74456 526
74457 526
74458 526
74459 526
74460 526
74461 526
74462 526
74463 526
74464 526
74465 526
74466 526
74467 526
74468 526
74469 526
74470 526
74471 526
74472 526
74473 526
74474 526
74475 526
74476 526
74477 526
74478 526
74479 526
74480 526
74481 526
74482 526
74483 526
74484 526
74485 526
74486 526
74487 526
74488 526
74489 526
74490 526
74491 526
74492 526
74493 526
74494 526
74495 526
74496 526
74497 526
74498 526
74499 526
74500 526
74501 526
74502 526
74503 526
74504 526
74505 526
74506 526
74507 526
74508 526
74509 526
74510 526
74511 526
74512 526
74513 526
74514 526
74515 526
74516 526
74517 526
74518 526
74519 526
74520 526
74521 526
74522 526
74523 526
74524 526
74525 526
74526 526
74527 526
74528 526
74529 526
74530 526
74531 526
74532 526
74533 526
74534 526
74535 526
74536 526
74537 526
74538 526
74539 526
74540 526
74541 526
74542 526
74543 526
74544 526
74545 526
74546 526
74547 526
74548 526
74549 526
74550 526
74551 526
74552 526
74553 526
74554 526
74555 526
74556 526
74557 526
74558 526
74559 526
74560 526
74561 526
74562 526
74563 526
74564 526
74565 526
74566 526
74567 526
74568 526
74569 526
74570 529
74571 529
74572 529
74573 529
74574 529
74575 529
74576 529
74577 529
74578 529
74579 529
74580 529
74581 529
74582 529
74583 529
74584 529
74585 529
74586 529
74587 529
74588 529
74589 529
74590 529
74591 529
74592 529
74593 529
74594 529
74595 529
74596 529
74597 529
74598 529
74599 529
74600 529
74601 529
74602 529
74603 529
74604 529
74605 529
74606 529
74607 529
74608 529
74609 529
74610 529
74611 529
74612 530
74613 530
74614 530
74615 530
74616 530
74617 530
74618 530
74619 530
74620 530
74621 530
74622 530
74623 530
74624 530
74625 530
74626 530
74627 530
74628 530
74629 530
74630 530
74631 530
74632 530
74633 530
74634 530
74635 530
74636 530
74637 530
74638 530
74639 530
74640 530
74641 530
74642 530
74643 530
74644 530
74645 530
74646 530
74647 530
74648 530
74649 530
74650 530
74651 530
74652 530
74653 530
74654 530
74655 530
74656 530
74657 530
74658 530
74659 530
74660 530
74661 530
74662 530
74663 530
74664 530
74665 530
74666 530
74667 530
74668 530
74669 530
74670 530
74671 530
74672 530
74673 530
74674 530
74675 530
74676 530
74677 530
74678 530
74679 530
74680 530
74681 530
74682 530
74683 530
74684 530
74685 530
74686 530
74687 530
74688 530
74689 530
74690 530
74691 530
74692 530
74693 530
74694 530
74695 530
74696 530
74697 530
74698 530
74699 530
74700 530
74701 530
74702 530
74703 530
74704 530
74705 530
74706 530
74707 530
74708 530
74709 530
74710 530
74711 530
74712 530
74713 530
74714 530
74715 530
74716 530
74717 530
74718 530
74719 530
74720 530
74721 530
74722 530
74723 530
74724 530
74725 530
74726 530
74727 530
74728 530
74729 530
74730 530
74731 530
74732 530
74733 530
74734 530
74735 530
74736 530
74737 530
74738 530
74739 530
74740 530
74741 530
74742 530
74743 530
74744 530
74745 530
74746 530
74747 530
74748 530
74749 530
74750 530
74751 530
74752 530
74753 530
74754 530
74755 530
74756 530
74757 530
74758 530
74759 530
74760 530
74761 530
74762 530
74763 530
74764 530
74765 530
74766 530
74767 530
74768 530
74769 530
74770 530
74771 530
74772 530
74773 530
74774 530
74775 530
74776 530
74777 530
74778 530
74779 530
74780 530
74781 530
74782 530
74783 530
74784 530
74785 530
74786 530
74787 530
74788 530
74789 530
74790 530
74791 530
74792 530
74793 530
74794 530
74795 530
74796 530
74797 530
74798 530
74799 530
74800 530
74801 530
74802 530
74803 530
74804 530
74805 530
74806 530
74807 530
74808 530
74809 530
74810 530
74811 530
74812 530
74813 530
74814 530
74815 530
74816 530
74817 530
74818 530
74819 530
74820 530
74821 530
74822 530
74823 530
74824 530
74825 530
74826 530
74827 530
74828 530
74829 530
74830 530
74831 530
74832 530
74833 530
74834 530
74835 530
74836 530
74837 530
74838 530
74839 530
74840 530
74841 530
74842 530
74843 530
74844 530
74845 530
74846 530
74847 530
74848 530
74849 530
74850 530
74851 530
74852 530
74853 530
74854 530
74855 530
74856 530
74857 530
74858 530
74859 530
74860 530
74861 530
74862 530
74863 530
74864 530
74865 530
74866 530
74867 530
74868 530
74869 530
74870 530
74871 530
74872 530
74873 530
74874 530
74875 530
74876 530
74877 530
74878 530
74879 530
74880 530
74881 530
74882 530
74883 530
74884 530
74885 530
74886 530
74887 530
74888 530
74889 530
74890 530
74891 530
74892 530
74893 530
74894 530
74895 530
74896 530
74897 530
74898 530
74899 530
74900 530
74901 530
74902 530
74903 530
74904 530
74905 530
74906 530
74907 530
74908 530
74909 530
74910 530
74911 530
74912 530
74913 530
74914 530
74915 530
74916 530
74917 530
74918 530
74919 530
74920 530
74921 530
74922 530
74923 530
74924 530
74925 530
74926 530
74927 530
74928 530
74929 530
74930 530
74931 530
74932 530
74933 530
74934 530
74935 530
74936 530
74937 530
74938 530
74939 530
74940 530
74941 530
74942 530
74943 530
74944 530
74945 530
74946 530
74947 530
74948 530
74949 530
74950 530
74951 530
74952 530
74953 530
74954 530
74955 530
74956 530
74957 530
74958 530
74959 530
74960 530
74961 530
74962 530
74963 530
74964 530
74965 530
74966 530
74967 530
74968 530
74969 530
74970 530
74971 530
74972 530
74973 530
74974 530
74975 530
74976 530
74977 530
74978 530
74979 530
74980 530
74981 530
74982 530
74983 531
74984 531
74985 531
74986 531
74987 531
74988 531
74989 531
74990 531
74991 531
74992 531
74993 531
74994 531
74995 531
74996 531
74997 531
74998 531
74999 531
75000 531
75001 531
75002 531
75003 531
75004 531
75005 531
75006 531
75007 531
75008 531
75009 531
75010 531
75011 531
75012 531
75013 531
75014 531
75015 531
75016 531
75017 531
75018 531
75019 531
75020 531
75021 531
75022 531
75023 531
75024 531
75025 531
75026 531
75027 531
75028 531
75029 531
75030 531
75031 531
75032 531
75033 531
75034 531
75035 531
75036 531
75037 531
75038 531
75039 531
75040 531
75041 531
75042 531
75043 531
75044 531
75045 531
75046 531
75047 531
75048 531
75049 531
75050 531
75051 531
75052 531
75053 531
75054 531
75055 531
75056 531
75057 531
75058 531
75059 531
75060 531
75061 531
75062 531
75063 531
75064 531
75065 531
75066 531
75067 531
75068 531
75069 531
75070 531
75071 531
75072 531
75073 531
75074 531
75075 531
75076 531
75077 531
75078 531
75079 531
75080 531
75081 531
75082 531
75083 531
75084 531
75085 531
75086 531
75087 531
75088 531
75089 531
75090 531
75091 531
75092 531
75093 531
75094 531
75095 531
75096 531
75097 531
75098 531
75099 531
75100 531
75101 531
75102 531
75103 531
75104 531
75105 531
75106 531
75107 531
75108 531
75109 531
75110 531
75111 531
75112 531
75113 531
75114 531
75115 531
75116 531
75117 531
75118 531
75119 531
75120 531
75121 531
75122 531
75123 531
75124 531
75125 531
75126 531
75127 531
75128 531
75129 531
75130 531
75131 531
75132 531
75133 531
75134 531
75135 531
75136 531
75137 531
75138 531
75139 531
75140 531
75141 531
75142 531
75143 531
75144 531
75145 531
75146 531
75147 531
75148 531
75149 531
75150 531
75151 531
75152 531
75153 531
75154 531
75155 531
75156 531
75157 531
75158 531
75159 531
75160 531
75161 531
75162 531
75163 531
75164 531
75165 531
75166 531
75167 531
75168 531
75169 531
75170 531
75171 531
75172 531
75173 531
75174 531
75175 531
75176 531
75177 531
75178 531
75179 531
75180 531
75181 531
75182 531
75183 531
75184 531
75185 531
75186 531
75187 531
75188 531
75189 531
75190 531
75191 531
75192 531
75193 531
75194 531
75195 531
75196 531
75197 531
75198 531
75199 531
75200 531
75201 531
75202 531
75203 531
75204 531
75205 531
75206 531
75207 531
75208 531
75209 531
75210 531
75211 531
75212 531
75213 531
75214 531
75215 531
75216 531
75217 531
75218 531
75219 531
75220 531
75221 531
75222 531
75223 531
75224 531
75225 531
75226 531
75227 531
75228 531
75229 531
75230 531
75231 531
75232 531
75233 531
75234 531
75235 531
75236 531
75237 531
75238 531
75239 531
75240 531
75241 531
75242 531
75243 531
75244 531
75245 531
75246 531
75247 531
75248 531
75249 531
75250 531
75251 531
75252 531
75253 531
75254 531
75255 531
75256 531
75257 531
75258 531
75259 531
75260 531
75261 531
75262 531
75263 531
75264 531
75265 531
75266 531
75267 531
75268 531
75269 531
75270 531
75271 531
75272 531
75273 531
75274 531
75275 531
75276 531
75277 531
75278 531
75279 531
75280 531
75281 531
75282 531
75283 531
75284 531
75285 531
75286 531
75287 531
75288 531
75289 531
75290 531
75291 531
75292 531
75293 531
75294 531
75295 531
75296 531
75297 531
75298 531
75299 531
75300 531
75301 531
75302 531
75303 531
75304 531
75305 531
75306 531
75307 531
75308 531
75309 531
75310 531
75311 531
75312 531
75313 531
75314 531
75315 531
75316 531
75317 531
75318 531
75319 531
75320 531
75321 531
75322 531
75323 531
75324 531
75325 531
75326 531
75327 531
75328 531
75329 531
75330 531
75331 531
75332 531
75333 531
75334 531
75335 531
75336 531
75337 531
75338 531
75339 531
75340 531
75341 531
75342 531
75343 531
75344 531
75345 531
75346 531
75347 531
75348 531
75349 531
75350 531
75351 531
75352 531
75353 531
75354 531
75355 531
75356 531
75357 531
75358 531
75359 531
75360 531
75361 531
75362 531
75363 531
75364 531
75365 531
75366 531
75367 531
75368 531
75369 531
75370 531
75371 531
75372 531
75373 531
75374 531
75375 531
75376 531
75377 531
75378 531
75379 531
75380 531
75381 531
75382 531
75383 531
75384 531
75385 531
75386 531
75387 531
75388 531
75389 531
75390 531
75391 531
75392 531
75393 531
75394 531
75395 531
75396 531
75397 531
75398 531
75399 531
75400 531
75401 531
75402 531
75403 531
75404 531
75405 531
75406 531
75407 531
75408 531
75409 531
75410 531
75411 531
75412 531
75413 531
75414 531
75415 531
75416 531
75417 531
75418 531
75419 531
75420 531
75421 531
75422 531
75423 531
75424 531
75425 531
75426 531
75427 531
75428 531
75429 531
75430 531
75431 531
75432 531
75433 531
75434 531
75435 531
75436 531
75437 531
75438 531
75439 531
75440 531
75441 531
75442 531
75443 531
75444 531
75445 531
75446 531
75447 531
75448 531
75449 531
75450 531
75451 531
75452 531
75453 531
75454 531
75455 531
75456 531
75457 531
75458 531
75459 531
75460 531
75461 531
75462 531
75463 531
75464 531
75465 531
75466 531
75467 531
75468 531
75469 531
75470 531
75471 531
75472 531
75473 531
75474 531
75475 531
75476 531
75477 531
75478 531
75479 531
75480 531
75481 531
75482 531
75483 531
75484 531
75485 531
75486 531
75487 531
75488 531
75489 531
75490 531
75491 531
75492 531
75493 531
75494 531
75495 531
75496 531
75497 531
75498 531
75499 531
75500 531
75501 531
75502 531
75503 531
75504 531
75505 531
75506 532
75507 532
75508 532
75509 532
75510 532
75511 532
75512 532
75513 532
75514 532
75515 532
75516 532
75517 532
75518 532
75519 532
75520 532
75521 532
75522 532
75523 532
75524 532
75525 532
75526 532
75527 532
75528 532
75529 532
75530 532
75531 532
75532 532
75533 532
75534 532
75535 532
75536 532
75537 532
75538 532
75539 532
75540 532
75541 532
75542 532
75543 532
75544 532
75545 532
75546 532
75547 532
75548 532
75549 532
75550 532
75551 532
75552 532
75553 532
75554 532
75555 532
75556 532
75557 532
75558 532
75559 532
75560 532
75561 532
75562 532
75563 532
75564 532
75565 532
75566 532
75567 532
75568 532
75569 532
75570 532
75571 532
75572 532
75573 532
75574 532
75575 532
75576 532
75577 532
75578 532
75579 532
75580 532
75581 532
75582 532
75583 532
75584 532
75585 532
75586 532
75587 532
75588 532
75589 532
75590 532
75591 532
75592 532
75593 532
75594 532
75595 532
75596 532
75597 532
75598 532
75599 532
75600 532
75601 532
75602 532
75603 532
75604 532
75605 532
75606 532
75607 532
75608 532
75609 532
75610 532
75611 532
75612 532
75613 532
75614 532
75615 532
75616 532
75617 532
75618 532
75619 532
75620 532
75621 532
75622 532
75623 532
75624 532
75625 532
75626 532
75627 532
75628 532
75629 532
75630 532
75631 532
75632 532
75633 532
75634 532
75635 532
75636 532
75637 532
75638 532
75639 532
75640 532
75641 532
75642 532
75643 532
75644 532
75645 532
75646 532
75647 532
75648 532
75649 532
75650 532
75651 532
75652 532
75653 532
75654 532
75655 532
75656 532
75657 532
75658 532
75659 532
75660 532
75661 532
75662 532
75663 532
75664 532
75665 532
75666 532
75667 532
75668 532
75669 532
75670 532
75671 532
75672 532
75673 532
75674 532
75675 532
75676 532
75677 532
75678 532
75679 532
75680 532
75681 532
75682 532
75683 532
75684 532
75685 532
75686 532
75687 532
75688 532
75689 532
75690 532
75691 532
75692 532
75693 532
75694 532
75695 532
75696 532
75697 532
75698 532
75699 532
75700 532
75701 532
75702 532
75703 532
75704 532
75705 532
75706 532
75707 532
75708 532
75709 532
75710 532
75711 532
75712 532
75713 532
75714 532
75715 532
75716 532
75717 532
75718 532
75719 532
75720 532
75721 532
75722 532
75723 532
75724 532
75725 532
75726 532
75727 532
75728 532
75729 532
75730 532
75731 532
75732 532
75733 532
75734 532
75735 532
75736 532
75737 532
75738 532
75739 532
75740 532
75741 532
75742 532
75743 532
75744 532
75745 532
75746 532
75747 532
75748 532
75749 532
75750 532
75751 532
75752 532
75753 532
75754 532
75755 532
75756 532
75757 532
75758 532
75759 532
75760 532
75761 532
75762 532
75763 532
75764 532
75765 532
75766 532
75767 532
75768 532
75769 532
75770 532
75771 532
75772 532
75773 532
75774 532
75775 532
75776 532
75777 532
75778 532
75779 532
75780 532
75781 532
75782 532
75783 532
75784 532
75785 532
75786 532
75787 532
75788 532
75789 532
75790 532
75791 532
75792 532
75793 532
75794 532
75795 532
75796 532
75797 532
75798 532
75799 532
75800 532
75801 532
75802 532
75803 532
75804 532
75805 532
75806 532
75807 532
75808 532
75809 532
75810 532
75811 532
75812 532
75813 532
75814 532
75815 532
75816 532
75817 532
75818 532
75819 532
75820 532
75821 532
75822 532
75823 532
75824 532
75825 532
75826 532
75827 532
75828 532
75829 532
75830 532
75831 532
75832 532
75833 532
75834 532
75835 532
75836 532
75837 532
75838 532
75839 532
75840 532
75841 532
75842 532
75843 532
75844 532
75845 532
75846 532
75847 532
75848 532
75849 532
75850 532
75851 532
75852 532
75853 532
75854 532
75855 532
75856 532
75857 532
75858 532
75859 532
75860 532
75861 532
75862 532
75863 532
75864 532
75865 532
75866 532
75867 532
75868 532
75869 532
75870 532
75871 532
75872 532
75873 532
75874 532
75875 532
75876 532
75877 532
75878 532
75879 532
75880 532
75881 532
75882 532
75883 532
75884 532
75885 532
75886 532
75887 532
75888 532
75889 532
75890 532
75891 532
75892 532
75893 532
75894 532
75895 532
75896 532
75897 532
75898 532
75899 532
75900 532
75901 532
75902 532
75903 532
75904 532
75905 532
75906 532
75907 532
75908 532
75909 532
75910 532
75911 532
75912 532
75913 532
75914 532
75915 532
75916 532
75917 532
75918 532
75919 532
75920 532
75921 532
75922 532
75923 532
75924 532
75925 532
75926 532
75927 532
75928 532
75929 532
75930 532
75931 532
75932 532
75933 532
75934 532
75935 532
75936 532
75937 532
75938 532
75939 532
75940 532
75941 532
75942 532
75943 532
75944 532
75945 532
75946 532
75947 532
75948 532
75949 532
75950 532
75951 532
75952 532
75953 532
75954 532
75955 532
75956 532
75957 532
75958 532
75959 532
75960 532
75961 532
75962 532
75963 532
75964 532
75965 532
75966 532
75967 532
75968 532
75969 532
75970 532
75971 532
75972 532
75973 532
75974 532
75975 532
75976 532
75977 532
75978 532
75979 532
75980 532
75981 532
75982 532
75983 532
75984 532
75985 532
75986 532
75987 532
75988 532
75989 532
75990 532
75991 532
75992 532
75993 532
75994 532
75995 532
75996 532
75997 532
75998 532
75999 532
76000 532
76001 532
76002 532
76003 532
76004 532
76005 532
76006 532
76007 532
76008 532
76009 532
76010 532
76011 532
76012 532
76013 532
76014 532
76015 532
76016 532
76017 532
76018 532
76019 532
76020 532
76021 532
76022 532
76023 532
76024 532
76025 532
76026 532
76027 532
76028 532
76029 532
76030 532
76031 532
76032 532
76033 532
76034 532
76035 532
76036 532
76037 532
76038 532
76039 532
76040 532
76041 532
76042 532
76043 532
76044 532
76045 532
76046 532
76047 532
76048 532
76049 532
76050 532
76051 532
76052 532
76053 532
76054 532
76055 532
76056 532
76057 532
76058 532
76059 532
76060 532
76061 532
76062 532
76063 532
76064 533
76065 533
76066 533
76067 533
76068 533
76069 533
76070 533
76071 533
76072 533
76073 533
76074 533
76075 533
76076 533
76077 533
76078 533
76079 533
76080 533
76081 533
76082 533
76083 533
76084 533
76085 533
76086 533
76087 533
76088 533
76089 533
76090 533
76091 533
76092 533
76093 533
76094 533
76095 533
76096 533
76097 533
76098 533
76099 533
76100 533
76101 533
76102 533
76103 533
76104 533
76105 533
76106 533
76107 533
76108 533
76109 533
76110 533
76111 533
76112 533
76113 533
76114 533
76115 533
76116 533
76117 533
76118 533
76119 533
76120 533
76121 533
76122 533
76123 533
76124 533
76125 533
76126 533
76127 533
76128 533
76129 533
76130 533
76131 533
76132 533
76133 533
76134 533
76135 533
76136 533
76137 533
76138 533
76139 533
76140 533
76141 533
76142 533
76143 533
76144 533
76145 533
76146 533
76147 533
76148 533
76149 533
76150 533
76151 533
76152 533
76153 533
76154 533
76155 533
76156 533
76157 533
76158 533
76159 533
76160 533
76161 533
76162 533
76163 533
76164 533
76165 533
76166 533
76167 533
76168 533
76169 533
76170 533
76171 533
76172 533
76173 533
76174 533
76175 533
76176 533
76177 533
76178 533
76179 533
76180 533
76181 533
76182 533
76183 533
76184 533
76185 533
76186 533
76187 533
76188 533
76189 533
76190 533
76191 533
76192 533
76193 533
76194 533
76195 533
76196 533
76197 533
76198 533
76199 533
76200 533
76201 533
76202 533
76203 533
76204 533
76205 533
76206 533
76207 533
76208 533
76209 533
76210 533
76211 533
76212 533
76213 533
76214 533
76215 533
76216 533
76217 533
76218 533
76219 533
76220 534
76221 534
76222 534
76223 534
76224 534
76225 534
76226 534
76227 534
76228 534
76229 534
76230 534
76231 534
76232 534
76233 534
76234 534
76235 534
76236 534
76237 534
76238 534
76239 534
76240 534
76241 534
76242 534
76243 534
76244 534
76245 534
76246 534
76247 534
76248 534
76249 534
76250 534
76251 534
76252 534
76253 534
76254 534
76255 534
76256 534
76257 534
76258 534
76259 534
76260 534
76261 534
76262 534
76263 534
76264 534
76265 534
76266 534
76267 534
76268 534
76269 534
76270 534
76271 534
76272 534
76273 534
76274 534
76275 534
76276 534
76277 534
76278 534
76279 534
76280 534
76281 534
76282 534
76283 534
76284 534
76285 534
76286 534
76287 534
76288 534
76289 534
76290 534
76291 534
76292 534
76293 534
76294 534
76295 534
76296 534
76297 534
76298 534
76299 534
76300 534
76301 534
76302 534
76303 534
76304 534
76305 534
76306 534
76307 534
76308 534
76309 534
76310 534
76311 534
76312 534
76313 534
76314 534
76315 534
76316 534
76317 534
76318 534
76319 534
76320 534
76321 534
76322 534
76323 534
76324 534
76325 534
76326 534
76327 534
76328 534
76329 534
76330 534
76331 534
76332 534
76333 534
76334 534
76335 534
76336 534
76337 534
76338 534
76339 534
76340 534
76341 534
76342 534
76343 534
76344 534
76345 534
76346 534
76347 534
76348 534
76349 534
76350 534
76351 534
76352 534
76353 534
76354 534
76355 534
76356 534
76357 534
76358 534
76359 534
76360 534
76361 534
76362 534
76363 534
76364 534
76365 534
76366 534
76367 534
76368 534
76369 534
76370 534
76371 534
76372 534
76373 534
76374 534
76375 534
76376 534
76377 534
76378 534
76379 534
76380 534
76381 534
76382 534
76383 534
76384 534
76385 534
76386 534
76387 534
76388 534
76389 534
76390 534
76391 534
76392 534
76393 534
76394 534
76395 534
76396 534
76397 534
76398 534
76399 534
76400 534
76401 534
76402 535
76403 535
76404 535
76405 535
76406 535
76407 535
76408 535
76409 535
76410 535
76411 535
76412 535
76413 535
76414 535
76415 535
76416 535
76417 535
76418 535
76419 535
76420 535
76421 535
76422 535
76423 535
76424 535
76425 535
76426 535
76427 535
76428 535
76429 535
76430 535
76431 535
76432 535
76433 535
76434 535
76435 535
76436 535
76437 535
76438 535
76439 535
76440 535
76441 535
76442 535
76443 535
76444 535
76445 535
76446 535
76447 535
76448 535
76449 535
76450 535
76451 535
76452 535
76453 535
76454 535
76455 535
76456 535
76457 535
76458 535
76459 535
76460 535
76461 535
76462 535
76463 535
76464 535
76465 535
76466 535
76467 535
76468 535
76469 535
76470 535
76471 535
76472 535
76473 535
76474 535
76475 535
76476 535
76477 535
76478 535
76479 535
76480 535
76481 535
76482 535
76483 535
76484 535
76485 535
76486 535
76487 535
76488 535
76489 535
76490 535
76491 535
76492 535
76493 535
76494 535
76495 535
76496 535
76497 535
76498 535
76499 535
76500 535
76501 535
76502 535
76503 535
76504 535
76505 535
76506 535
76507 535
76508 535
76509 535
76510 535
76511 535
76512 535
76513 535
76514 535
76515 535
76516 535
76517 535
76518 535
76519 535
76520 535
76521 535
76522 535
76523 535
76524 535
76525 535
76526 535
76527 535
76528 535
76529 535
76530 535
76531 535
76532 535
76533 535
76534 535
76535 535
76536 535
76537 535
76538 535
76539 535
76540 535
76541 535
76542 535
76543 535
76544 535
76545 535
76546 535
76547 535
76548 535
76549 535
76550 535
76551 535
76552 535
76553 535
76554 535
76555 535
76556 535
76557 535
76558 535
76559 535
76560 535
76561 535
76562 535
76563 535
76564 535
76565 535
76566 535
76567 535
76568 535
76569 535
76570 535
76571 535
76572 535
76573 535
76574 535
76575 535
76576 535
76577 535
76578 535
76579 535
76580 535
76581 535
76582 535
76583 535
76584 535
76585 535
76586 535
76587 535
76588 535
76589 535
76590 535
76591 535
76592 535
76593 535
76594 535
76595 535
76596 535
76597 535
76598 535
76599 535
76600 535
76601 535
76602 535
76603 535
76604 535
76605 535
76606 535
76607 535
76608 535
76609 535
76610 535
76611 535
76612 535
76613 535
76614 535
76615 535
76616 535
76617 535
76618 535
76619 535
76620 535
76621 535
76622 535
76623 535
76624 535
76625 535
76626 535
76627 535
76628 535
76629 535
76630 535
76631 535
76632 535
76633 535
76634 535
76635 535
76636 535
76637 535
76638 535
76639 535
76640 535
76641 535
76642 535
76643 535
76644 535
76645 535
76646 535
76647 535
76648 535
76649 535
76650 535
76651 535
76652 535
76653 535
76654 535
76655 535
76656 535
76657 535
76658 535
76659 535
76660 535
76661 535
76662 535
76663 535
76664 535
76665 535
76666 535
76667 535
76668 535
76669 535
76670 535
76671 535
76672 535
76673 535
76674 536
76675 536
76676 536
76677 536
76678 536
76679 536
76680 536
76681 536
76682 536
76683 536
76684 536
76685 536
76686 536
76687 536
76688 536
76689 536
76690 536
76691 536
76692 536
76693 536
76694 536
76695 536
76696 536
76697 536
76698 536
76699 536
76700 536
76701 536
76702 536
76703 536
76704 536
76705 536
76706 536
76707 536
76708 536
76709 536
76710 536
76711 536
76712 536
76713 536
76714 536
76715 536
76716 536
76717 536
76718 536
76719 536
76720 536
76721 536
76722 536
76723 536
76724 536
76725 536
76726 536
76727 536
76728 536
76729 536
76730 536
76731 536
76732 536
76733 536
76734 536
76735 536
76736 536
76737 536
76738 536
76739 536
76740 536
76741 536
76742 536
76743 536
76744 536
76745 536
76746 536
76747 536
76748 536
76749 536
76750 536
76751 536
76752 536
76753 536
76754 536
76755 536
76756 536
76757 536
76758 536
76759 536
76760 536
76761 536
76762 536
76763 536
76764 536
76765 536
76766 536
76767 536
76768 536
76769 536
76770 536
76771 536
76772 536
76773 536
76774 536
76775 536
76776 536
76777 536
76778 536
76779 536
76780 536
76781 536
76782 536
76783 536
76784 536
76785 536
76786 536
76787 536
76788 536
76789 536
76790 536
76791 536
76792 536
76793 536
76794 536
76795 536
76796 536
76797 536
76798 536
76799 536
76800 536
76801 536
76802 536
76803 536
76804 536
76805 536
76806 536
76807 536
76808 536
76809 536
76810 536
76811 536
76812 536
76813 536
76814 536
76815 536
76816 536
76817 536
76818 536
76819 536
76820 536
76821 536
76822 536
76823 536
76824 536
76825 536
76826 536
76827 536
76828 536
76829 536
76830 536
76831 536
76832 536
76833 536
76834 536
76835 536
76836 536
76837 536
76838 536
76839 536
76840 536
76841 536
76842 536
76843 536
76844 536
76845 536
76846 536
76847 536
76848 536
76849 536
76850 536
76851 536
76852 536
76853 536
76854 536
76855 536
76856 536
76857 536
76858 536
76859 536
76860 536
76861 536
76862 536
76863 536
76864 536
76865 536
76866 536
76867 536
76868 536
76869 536
76870 536
76871 536
76872 536
76873 536
76874 536
76875 536
76876 536
76877 536
76878 536
76879 536
76880 536
76881 536
76882 536
76883 536
76884 536
76885 536
76886 536
76887 536
76888 536
76889 536
76890 536
76891 536
76892 536
76893 536
76894 536
76895 536
76896 536
76897 536
76898 536
76899 536
76900 536
76901 536
76902 536
76903 536
76904 536
76905 536
76906 536
76907 536
76908 536
76909 536
76910 536
76911 536
76912 536
76913 536
76914 536
76915 536
76916 536
76917 536
76918 536
76919 536
76920 536
76921 536
76922 536
76923 536
76924 536
76925 537
76926 537
76927 537
76928 537
76929 537
76930 537
76931 537
76932 537
76933 537
76934 537
76935 537
76936 537
76937 537
76938 537
76939 537
76940 537
76941 537
76942 537
76943 537
76944 537
76945 537
76946 537
76947 537
76948 537
76949 537
76950 537
76951 537
76952 537
76953 537
76954 537
76955 537
76956 537
76957 537
76958 537
76959 537
76960 537
76961 537
76962 537
76963 537
76964 537
76965 537
76966 537
76967 537
76968 537
76969 537
76970 537
76971 537
76972 537
76973 537
76974 537
76975 537
76976 539
76977 539
76978 539
76979 539
76980 539
76981 539
76982 539
76983 539
76984 539
76985 539
76986 539
76987 539
76988 539
76989 539
76990 539
76991 539
76992 539
76993 539
76994 539
76995 539
76996 539
76997 539
76998 539
76999 539
77000 539
77001 539
77002 539
77003 539
77004 539
77005 539
77006 539
77007 539
77008 539
77009 539
77010 539
77011 539
77012 539
77013 539
77014 539
77015 539
77016 539
77017 539
77018 539
77019 539
77020 539
77021 539
77022 539
77023 539
77024 539
77025 539
77026 539
77027 539
77028 539
77029 539
77030 539
77031 539
77032 539
77033 539
77034 539
77035 539
77036 539
77037 539
77038 539
77039 539
77040 539
77041 539
77042 539
77043 539
77044 539
77045 539
77046 539
77047 539
77048 540
77049 540
77050 540
77051 540
77052 540
77053 540
77054 540
77055 540
77056 540
77057 540
77058 540
77059 540
77060 540
77061 540
77062 540
77063 540
77064 540
77065 540
77066 540
77067 540
77068 540
77069 540
77070 540
77071 540
77072 540
77073 540
77074 540
77075 540
77076 540
77077 540
77078 540
77079 540
77080 540
77081 540
77082 540
77083 540
77084 540
77085 540
77086 540
77087 540
77088 540
77089 540
77090 540
77091 540
77092 540
77093 540
77094 540
77095 540
77096 540
77097 540
77098 540
77099 540
77100 540
77101 540
77102 540
77103 540
77104 540
77105 540
77106 540
77107 540
77108 540
77109 540
77110 540
77111 540
77112 540
77113 540
77114 540
77115 540
77116 540
77117 540
77118 540
77119 540
77120 540
77121 540
77122 540
77123 540
77124 540
77125 540
77126 540
77127 540
77128 540
77129 540
77130 540
77131 540
77132 540
77133 540
77134 540
77135 540
77136 540
77137 540
77138 540
77139 540
77140 540
77141 540
77142 540
77143 540
77144 540
77145 540
77146 540
77147 540
77148 540
77149 540
77150 540
77151 540
77152 540
77153 540
77154 540
77155 540
77156 540
77157 540
77158 540
77159 540
77160 540
77161 540
77162 540
77163 540
77164 540
77165 540
77166 540
77167 540
77168 540
77169 540
77170 540
77171 540
77172 540
77173 540
77174 540
77175 540
77176 540
77177 540
77178 540
77179 540
77180 540
77181 540
77182 540
77183 540
77184 540
77185 540
77186 540
77187 540
77188 540
77189 540
77190 540
77191 540
77192 540
77193 540
77194 540
77195 540
77196 540
77197 540
77198 540
77199 540
77200 540
77201 540
77202 540
77203 540
77204 540
77205 540
77206 541
77207 541
77208 541
77209 541
77210 541
77211 541
77212 541
77213 541
77214 541
77215 541
77216 541
77217 541
77218 541
77219 541
77220 541
77221 541
77222 541
77223 541
77224 541
77225 541
77226 541
77227 541
77228 541
77229 541
77230 541
77231 541
77232 541
77233 541
77234 541
77235 541
77236 541
77237 541
77238 541
77239 541
77240 541
77241 541
77242 541
77243 541
77244 541
77245 541
77246 541
77247 541
77248 541
77249 541
77250 541
77251 541
77252 541
77253 541
77254 541
77255 541
77256 541
77257 541
77258 541
77259 541
77260 541
77261 541
77262 541
77263 541
77264 541
77265 541
77266 541
77267 541
77268 541
77269 541
77270 541
77271 541
77272 541
77273 541
77274 541
77275 541
77276 541
77277 541
77278 541
77279 541
77280 541
77281 541
77282 541
77283 541
77284 541
77285 541
77286 541
77287 541
77288 541
77289 541
77290 541
77291 541
77292 541
77293 541
77294 541
77295 541
77296 541
77297 541
77298 541
77299 541
77300 541
77301 541
77302 541
77303 541
77304 541
77305 541
77306 541
77307 541
77308 541
77309 541
77310 541
77311 541
77312 541
77313 541
77314 541
77315 541
77316 541
77317 541
77318 541
77319 541
77320 541
77321 541
77322 541
77323 541
77324 541
77325 541
77326 541
77327 541
77328 541
77329 541
77330 541
77331 541
77332 541
77333 541
77334 541
77335 541
77336 541
77337 541
77338 541
77339 541
77340 541
77341 541
77342 541
77343 541
77344 541
77345 541
77346 541
77347 541
77348 541
77349 541
77350 541
77351 541
77352 541
77353 541
77354 541
77355 541
77356 541
77357 541
77358 541
77359 541
77360 541
77361 541
77362 541
77363 541
77364 541
77365 541
77366 541
77367 541
77368 541
77369 541
77370 541
77371 541
77372 541
77373 541
77374 541
77375 541
77376 541
77377 541
77378 541
77379 541
77380 541
77381 541
77382 542
77383 542
77384 542
77385 542
77386 542
77387 542
77388 542
77389 542
77390 542
77391 542
77392 542
77393 542
77394 542
77395 542
77396 542
77397 542
77398 542
77399 542
77400 542
77401 542
77402 542
77403 542
77404 542
77405 542
77406 542
77407 542
77408 542
77409 542
77410 542
77411 542
77412 542
77413 542
77414 542
77415 542
77416 542
77417 542
77418 542
77419 542
77420 542
77421 542
77422 542
77423 542
77424 542
77425 542
77426 542
77427 542
77428 542
77429 542
77430 542
77431 542
77432 542
77433 542
77434 542
77435 542
77436 542
77437 542
77438 542
77439 542
77440 542
77441 542
77442 542
77443 542
77444 542
77445 542
77446 542
77447 542
77448 542
77449 542
77450 542
77451 542
77452 542
77453 542
77454 542
77455 542
77456 542
77457 542
77458 542
77459 542
77460 542
77461 542
77462 542
77463 542
77464 542
77465 542
77466 542
77467 542
77468 542
77469 542
77470 542
77471 542
77472 542
77473 542
77474 542
77475 542
77476 542
77477 542
77478 542
77479 542
77480 542
77481 542
77482 542
77483 542
77484 542
77485 542
77486 542
77487 542
77488 542
77489 542
77490 542
77491 542
77492 542
77493 542
77494 542
77495 542
77496 542
77497 542
77498 542
77499 542
77500 542
77501 542
77502 542
77503 542
77504 542
77505 542
77506 542
77507 542
77508 542
77509 542
77510 543
77511 543
77512 543
77513 543
77514 543
77515 543
77516 543
77517 543
77518 543
77519 543
77520 543
77521 543
77522 543
77523 543
77524 543
77525 543
77526 543
77527 543
77528 543
77529 543
77530 543
77531 543
77532 543
77533 543
77534 543
77535 543
77536 543
77537 543
77538 543
77539 543
77540 543
77541 543
77542 543
77543 543
77544 543
77545 543
77546 543
77547 543
77548 543
77549 543
77550 543
77551 543
77552 543
77553 543
77554 543
77555 543
77556 543
77557 543
77558 543
77559 543
77560 543
77561 543
77562 543
77563 543
77564 543
77565 543
77566 543
77567 543
77568 543
77569 543
77570 543
77571 543
77572 543
77573 543
77574 543
77575 543
77576 543
77577 543
77578 543
77579 543
77580 543
77581 543
77582 543
77583 543
77584 543
77585 543
77586 543
77587 543
77588 543
77589 543
77590 543
77591 543
77592 543
77593 543
77594 543
77595 543
77596 543
77597 543
77598 543
77599 543
77600 543
77601 543
77602 543
77603 543
77604 543
77605 543
77606 543
77607 543
77608 543
77609 543
77610 543
77611 543
77612 543
77613 543
77614 543
77615 543
77616 543
77617 543
77618 543
77619 543
77620 543
77621 543
77622 543
77623 543
77624 543
77625 543
77626 543
77627 543
77628 543
77629 543
77630 543
77631 543
77632 543
77633 543
77634 543
77635 543
77636 543
77637 543
77638 543
77639 543
77640 543
77641 543
77642 543
77643 543
77644 543
77645 543
77646 543
77647 543
77648 543
77649 543
77650 543
77651 543
77652 543
77653 543
77654 543
77655 543
77656 543
77657 543
77658 543
77659 543
77660 543
77661 543
77662 543
77663 543
77664 543
77665 543
77666 543
77667 543
77668 543
77669 543
77670 543
77671 543
77672 543
77673 543
77674 543
77675 543
77676 543
77677 543
77678 543
77679 543
77680 543
77681 543
77682 543
77683 543
77684 543
77685 543
77686 543
77687 543
77688 543
77689 543
77690 543
77691 543
77692 543
77693 543
77694 543
77695 543
77696 543
77697 543
77698 543
77699 543
77700 543
77701 543
77702 543
77703 543
77704 543
77705 543
77706 543
77707 543
77708 543
77709 543
77710 543
77711 543
77712 543
77713 543
77714 543
77715 543
77716 543
77717 543
77718 543
77719 543
77720 543
77721 543
77722 543
77723 543
77724 543
77725 543
77726 543
77727 543
77728 543
77729 543
77730 543
77731 543
77732 543
77733 543
77734 543
77735 543
77736 543
77737 543
77738 543
77739 543
77740 543
77741 543
77742 543
77743 543
77744 543
77745 543
77746 543
77747 543
77748 543
77749 543
77750 543
77751 543
77752 543
77753 543
77754 543
77755 543
77756 543
77757 543
77758 543
77759 543
77760 543
77761 543
77762 543
77763 543
77764 543
77765 543
77766 543
77767 543
77768 543
77769 543
77770 543
77771 543
77772 543
77773 543
77774 543
77775 543
77776 543
77777 543
77778 543
77779 543
77780 543
77781 543
77782 543
77783 543
77784 543
77785 543
77786 543
77787 543
77788 543
77789 543
77790 543
77791 543
77792 543
77793 543
77794 543
77795 543
77796 543
77797 543
77798 543
77799 543
77800 543
77801 543
77802 543
77803 543
77804 543
77805 543
77806 544
77807 544
77808 544
77809 544
77810 544
77811 544
77812 544
77813 544
77814 544
77815 544
77816 544
77817 544
77818 544
77819 544
77820 544
77821 544
77822 544
77823 544
77824 544
77825 544
77826 544
77827 544
77828 544
77829 544
77830 544
77831 544
77832 544
77833 544
77834 544
77835 544
77836 544
77837 544
77838 544
77839 544
77840 544
77841 544
77842 544
77843 544
77844 544
77845 544
77846 544
77847 544
77848 544
77849 544
77850 544
77851 544
77852 544
77853 544
77854 544
77855 544
77856 544
77857 544
77858 544
77859 544
77860 544
77861 544
77862 544
77863 544
77864 544
77865 544
77866 544
77867 544
77868 544
77869 544
77870 544
77871 544
77872 544
77873 544
77874 544
77875 544
77876 544
77877 544
77878 544
77879 544
77880 544
77881 544
77882 544
77883 544
77884 544
77885 544
77886 544
77887 544
77888 544
77889 544
77890 544
77891 544
77892 544
77893 544
77894 544
77895 544
77896 544
77897 544
77898 544
77899 544
77900 544
77901 544
77902 544
77903 544
77904 544
77905 544
77906 544
77907 544
77908 544
77909 544
77910 544
77911 544
77912 544
77913 544
77914 544
77915 544
77916 544
77917 544
77918 544
77919 544
77920 544
77921 544
77922 544
77923 544
77924 544
77925 544
77926 544
77927 544
77928 544
77929 544
77930 544
77931 544
77932 544
77933 544
77934 544
77935 544
77936 544
77937 544
77938 544
77939 544
77940 544
77941 544
77942 544
77943 544
77944 544
77945 544
77946 544
77947 544
77948 544
77949 544
77950 544
77951 544
77952 544
77953 544
77954 544
77955 544
77956 544
77957 544
77958 544
77959 544
77960 544
77961 544
77962 544
77963 544
77964 544
77965 544
77966 544
77967 544
77968 544
77969 544
77970 544
77971 544
77972 544
77973 544
77974 544
77975 544
77976 544
77977 544
77978 544
77979 544
77980 544
77981 544
77982 544
77983 544
77984 544
77985 544
77986 544
77987 545
77988 545
77989 545
77990 545
77991 545
77992 545
77993 545
77994 545
77995 545
77996 545
77997 545
77998 545
77999 545
78000 545
78001 545
78002 545
78003 545
78004 545
78005 545
78006 545
78007 545
78008 545
78009 545
78010 545
78011 545
78012 545
78013 545
78014 545
78015 545
78016 545
78017 545
78018 545
78019 545
78020 545
78021 545
78022 545
78023 545
78024 545
78025 545
78026 545
78027 545
78028 545
78029 545
78030 545
78031 545
78032 545
78033 545
78034 545
78035 545
78036 545
78037 545
78038 545
78039 545
78040 545
78041 545
78042 545
78043 545
78044 545
78045 545
78046 545
78047 545
78048 545
78049 545
78050 545
78051 545
78052 545
78053 545
78054 545
78055 545
78056 545
78057 545
78058 545
78059 545
78060 545
78061 545
78062 545
78063 545
78064 545
78065 545
78066 545
78067 545
78068 545
78069 545
78070 545
78071 545
78072 545
78073 545
78074 545
78075 545
78076 545
78077 545
78078 545
78079 545
78080 545
78081 545
78082 545
78083 545
78084 546
78085 546
78086 546
78087 546
78088 546
78089 546
78090 546
78091 546
78092 546
78093 546
78094 546
78095 546
78096 546
78097 546
78098 546
78099 546
78100 546
78101 546
78102 546
78103 546
78104 546
78105 546
78106 546
78107 546
78108 546
78109 546
78110 546
78111 546
78112 546
78113 546
78114 546
78115 546
78116 546
78117 546
78118 546
78119 546
78120 546
78121 546
78122 546
78123 546
78124 546
78125 546
78126 546
78127 546
78128 546
78129 546
78130 546
78131 546
78132 546
78133 546
78134 546
78135 546
78136 546
78137 546
78138 546
78139 546
78140 546
78141 546
78142 546
78143 546
78144 546
78145 546
78146 546
78147 546
78148 546
78149 546
78150 546
78151 546
78152 546
78153 546
78154 546
78155 546
78156 546
78157 546
78158 546
78159 546
78160 546
78161 546
78162 546
78163 546
78164 546
78165 546
78166 546
78167 546
78168 546
78169 546
78170 546
78171 546
78172 546
78173 546
78174 546
78175 546
78176 546
78177 546
78178 546
78179 546
78180 546
78181 546
78182 546
78183 546
78184 546
78185 546
78186 546
78187 546
78188 546
78189 546
78190 546
78191 546
78192 546
78193 546
78194 546
78195 546
78196 546
78197 546
78198 546
78199 546
78200 546
78201 546
78202 546
78203 546
78204 546
78205 546
78206 546
78207 546
78208 546
78209 546
78210 546
78211 546
78212 546
78213 546
78214 546
78215 546
78216 546
78217 546
78218 546
78219 546
78220 546
78221 546
78222 546
78223 546
78224 546
78225 546
78226 546
78227 546
78228 546
78229 546
78230 546
78231 546
78232 546
78233 546
78234 546
78235 546
78236 546
78237 546
78238 547
78239 547
78240 547
78241 547
78242 547
78243 547
78244 547
78245 547
78246 547
78247 547
78248 547
78249 547
78250 547
78251 547
78252 547
78253 547
78254 547
78255 547
78256 547
78257 547
78258 547
78259 547
78260 547
78261 547
78262 547
78263 547
78264 547
78265 547
78266 547
78267 547
78268 547
78269 547
78270 547
78271 547
78272 547
78273 547
78274 547
78275 547
78276 547
78277 547
78278 547
78279 547
78280 547
78281 547
78282 547
78283 547
78284 547
78285 547
78286 547
78287 547
78288 547
78289 547
78290 547
78291 547
78292 547
78293 547
78294 547
78295 547
78296 547
78297 547
78298 547
78299 547
78300 547
78301 547
78302 547
78303 547
78304 547
78305 547
78306 547
78307 547
78308 547
78309 547
78310 547
78311 547
78312 547
78313 547
78314 547
78315 547
78316 547
78317 547
78318 547
78319 547
78320 547
78321 547
78322 547
78323 547
78324 547
78325 547
78326 547
78327 547
78328 547
78329 547
78330 547
78331 547
78332 547
78333 547
78334 547
78335 547
78336 547
78337 547
78338 547
78339 547
78340 547
78341 547
78342 547
78343 547
78344 547
78345 547
78346 547
78347 547
78348 547
78349 547
78350 547
78351 547
78352 547
78353 547
78354 547
78355 547
78356 547
78357 547
78358 547
78359 547
78360 547
78361 547
78362 547
78363 547
78364 547
78365 547
78366 547
78367 547
78368 547
78369 547
78370 547
78371 547
78372 547
78373 547
78374 547
78375 547
78376 547
78377 547
78378 547
78379 547
78380 547
78381 547
78382 547
78383 547
78384 547
78385 547
78386 547
78387 547
78388 547
78389 547
78390 547
78391 547
78392 547
78393 547
78394 547
78395 547
78396 547
78397 547
78398 547
78399 547
78400 547
78401 547
78402 547
78403 547
78404 548
78405 548
78406 548
78407 548
78408 548
78409 548
78410 548
78411 548
78412 548
78413 548
78414 548
78415 548
78416 548
78417 548
78418 548
78419 548
78420 548
78421 548
78422 548
78423 548
78424 548
78425 548
78426 548
78427 548
78428 548
78429 548
78430 548
78431 548
78432 548
78433 548
78434 548
78435 548
78436 548
78437 548
78438 548
78439 548
78440 548
78441 548
78442 548
78443 548
78444 548
78445 548
78446 548
78447 548
78448 548
78449 548
78450 548
78451 548
78452 548
78453 548
78454 548
78455 548
78456 548
78457 548
78458 548
78459 548
78460 548
78461 548
78462 548
78463 548
78464 548
78465 548
78466 548
78467 548
78468 548
78469 548
78470 548
78471 548
78472 548
78473 548
78474 548
78475 548
78476 548
78477 548
78478 548
78479 548
78480 548
78481 548
78482 548
78483 548
78484 548
78485 548
78486 548
78487 548
78488 548
78489 548
78490 548
78491 548
78492 548
78493 548
78494 548
78495 548
78496 548
78497 548
78498 548
78499 548
78500 548
78501 548
78502 548
78503 548
78504 548
78505 548
78506 548
78507 548
78508 548
78509 548
78510 548
78511 548
78512 548
78513 548
78514 548
78515 548
78516 548
78517 548
78518 548
78519 548
78520 548
78521 548
78522 548
78523 548
78524 548
78525 548
78526 548
78527 548
78528 548
78529 548
78530 548
78531 548
78532 548
78533 548
78534 548
78535 548
78536 548
78537 548
78538 548
78539 548
78540 548
78541 548
78542 548
78543 548
78544 548
78545 549
78546 549
78547 549
78548 549
78549 549
78550 549
78551 549
78552 549
78553 549
78554 549
78555 549
78556 549
78557 549
78558 549
78559 549
78560 549
78561 549
78562 549
78563 549
78564 549
78565 549
78566 549
78567 549
78568 549
78569 549
78570 549
78571 549
78572 549
78573 549
78574 549
78575 549
78576 549
78577 549
78578 549
78579 549
78580 549
78581 549
78582 549
78583 549
78584 549
78585 549
78586 549
78587 549
78588 549
78589 549
78590 549
78591 549
78592 549
78593 549
78594 549
78595 549
78596 549
78597 549
78598 549
78599 549
78600 549
78601 549
78602 549
78603 549
78604 549
78605 549
78606 549
78607 549
78608 549
78609 549
78610 549
78611 549
78612 549
78613 549
78614 549
78615 549
78616 549
78617 549
78618 549
78619 549
78620 549
78621 549
78622 549
78623 549
78624 549
78625 549
78626 549
78627 549
78628 549
78629 549
78630 549
78631 549
78632 549
78633 549
78634 549
78635 549
78636 549
78637 549
78638 549
78639 549
78640 549
78641 549
78642 549
78643 549
78644 549
78645 549
78646 549
78647 549
78648 549
78649 549
78650 549
78651 549
78652 549
78653 549
78654 549
78655 549
78656 549
78657 549
78658 549
78659 549
78660 549
78661 549
78662 549
78663 549
78664 549
78665 549
78666 549
78667 549
78668 549
78669 549
78670 549
78671 549
78672 549
78673 549
78674 549
78675 549
78676 549
78677 549
78678 549
78679 549
78680 549
78681 549
78682 549
78683 549
78684 549
78685 549
78686 549
78687 549
78688 549
78689 549
78690 549
78691 549
78692 549
78693 549
78694 549
78695 549
78696 549
78697 549
78698 549
78699 549
78700 549
78701 549
78702 549
78703 549
78704 549
78705 549
78706 549
78707 549
78708 549
78709 549
78710 549
78711 549
78712 549
78713 549
78714 549
78715 549
78716 549
78717 549
78718 549
78719 549
78720 550
78721 550
78722 550
78723 550
78724 550
78725 550
78726 550
78727 550
78728 550
78729 550
78730 550
78731 550
78732 550
78733 550
78734 550
78735 550
78736 550
78737 550
78738 550
78739 550
78740 550
78741 550
78742 550
78743 550
78744 550
78745 550
78746 550
78747 550
78748 550
78749 550
78750 550
78751 550
78752 550
78753 550
78754 550
78755 550
78756 550
78757 550
78758 550
78759 550
78760 550
78761 550
78762 550
78763 550
78764 550
78765 550
78766 550
78767 550
78768 550
78769 550
78770 550
78771 550
78772 550
78773 550
78774 550
78775 550
78776 550
78777 550
78778 550
78779 550
78780 550
78781 550
78782 550
78783 550
78784 550
78785 550
78786 550
78787 550
78788 550
78789 550
78790 550
78791 550
78792 550
78793 550
78794 550
78795 550
78796 550
78797 550
78798 550
78799 550
78800 550
78801 550
78802 550
78803 550
78804 550
78805 550
78806 550
78807 550
78808 550
78809 550
78810 550
78811 550
78812 550
78813 550
78814 550
78815 550
78816 550
78817 550
78818 550
78819 550
78820 550
78821 550
78822 550
78823 550
78824 550
78825 550
78826 550
78827 550
78828 550
78829 550
78830 550
78831 550
78832 550
78833 550
78834 550
78835 550
78836 550
78837 550
78838 550
78839 550
78840 550
78841 550
78842 550
78843 550
78844 550
78845 550
78846 550
78847 550
78848 550
78849 550
78850 550
78851 550
78852 550
78853 550
78854 550
78855 550
78856 550
78857 550
78858 550
78859 550
78860 550
78861 550
78862 550
78863 550
78864 550
78865 550
78866 550
78867 550
78868 550
78869 550
78870 550
78871 550
78872 550
78873 550
78874 550
78875 550
78876 550
78877 550
78878 550
78879 550
78880 550
78881 550
78882 550
78883 550
78884 550
78885 550
78886 550
78887 550
78888 550
78889 550
78890 551
78891 551
78892 551
78893 551
78894 551
78895 551
78896 551
78897 551
78898 551
78899 551
78900 551
78901 551
78902 551
78903 551
78904 551
78905 551
78906 551
78907 551
78908 551
78909 551
78910 551
78911 551
78912 551
78913 551
78914 551
78915 551
78916 551
78917 551
78918 551
78919 551
78920 551
78921 551
78922 551
78923 551
78924 551
78925 551
78926 551
78927 551
78928 551
78929 551
78930 551
78931 551
78932 551
78933 551
78934 551
78935 551
78936 551
78937 551
78938 551
78939 551
78940 551
78941 551
78942 551
78943 551
78944 551
78945 551
78946 551
78947 551
78948 551
78949 551
78950 551
78951 551
78952 551
78953 551
78954 551
78955 551
78956 551
78957 551
78958 551
78959 551
78960 551
78961 551
78962 551
78963 551
78964 551
78965 551
78966 551
78967 551
78968 551
78969 551
78970 551
78971 551
78972 551
78973 551
78974 551
78975 551
78976 551
78977 551
78978 551
78979 551
78980 551
78981 551
78982 551
78983 551
78984 551
78985 551
78986 551
78987 551
78988 551
78989 551
78990 551
78991 551
78992 551
78993 551
78994 551
78995 551
78996 551
78997 551
78998 551
78999 551
79000 551
79001 551
79002 551
79003 551
79004 551
79005 551
79006 551
79007 551
79008 551
79009 551
79010 551
79011 551
79012 551
79013 551
79014 551
79015 551
79016 551
79017 551
79018 551
79019 551
79020 551
79021 551
79022 551
79023 551
79024 551
79025 551
79026 551
79027 551
79028 551
79029 551
79030 551
79031 551
79032 551
79033 551
79034 551
79035 551
79036 551
79037 551
79038 551
79039 551
79040 551
79041 551
79042 551
79043 551
79044 551
79045 551
79046 551
79047 551
79048 551
79049 551
79050 551
79051 551
79052 551
79053 551
79054 551
79055 551
79056 551
79057 551
79058 551
79059 551
79060 551
79061 551
79062 551
79063 551
79064 551
79065 551
79066 551
79067 551
79068 551
79069 551
79070 551
79071 551
79072 551
79073 551
79074 551
79075 551
79076 551
79077 552
79078 552
79079 552
79080 552
79081 552
79082 552
79083 552
79084 552
79085 552
79086 552
79087 552
79088 552
79089 552
79090 552
79091 552
79092 552
79093 552
79094 552
79095 552
79096 552
79097 552
79098 552
79099 552
79100 552
79101 552
79102 552
79103 552
79104 552
79105 552
79106 552
79107 552
79108 552
79109 552
79110 552
79111 552
79112 552
79113 552
79114 552
79115 552
79116 552
79117 552
79118 552
79119 552
79120 552
79121 552
79122 552
79123 552
79124 552
79125 552
79126 552
79127 552
79128 552
79129 552
79130 552
79131 552
79132 552
79133 552
79134 552
79135 552
79136 552
79137 552
79138 552
79139 552
79140 552
79141 552
79142 552
79143 552
79144 552
79145 552
79146 552
79147 552
79148 552
79149 552
79150 552
79151 552
79152 552
79153 552
79154 552
79155 552
79156 552
79157 552
79158 552
79159 552
79160 552
79161 552
79162 552
79163 552
79164 552
79165 552
79166 552
79167 552
79168 552
79169 552
79170 552
79171 552
79172 552
79173 552
79174 552
79175 552
79176 552
79177 552
79178 552
79179 552
79180 552
79181 552
79182 552
79183 552
79184 552
79185 552
79186 552
79187 552
79188 552
79189 552
79190 552
79191 552
79192 552
79193 552
79194 552
79195 552
79196 552
79197 552
79198 552
79199 552
79200 552
79201 552
79202 552
79203 552
79204 552
79205 552
79206 552
79207 552
79208 552
79209 552
79210 552
79211 552
79212 552
79213 552
79214 552
79215 552
79216 552
79217 552
79218 552
79219 552
79220 552
79221 552
79222 552
79223 552
79224 552
79225 552
79226 552
79227 552
79228 552
79229 552
79230 552
79231 552
79232 552
79233 552
79234 552
79235 552
79236 552
79237 552
79238 552
79239 552
79240 552
79241 552
79242 552
79243 552
79244 552
79245 552
79246 552
79247 552
79248 552
79249 552
79250 552
79251 552
79252 552
79253 552
79254 552
79255 552
79256 552
79257 552
79258 552
79259 552
79260 552
79261 552
79262 552
79263 552
79264 552
79265 552
79266 552
79267 552
79268 552
79269 552
79270 552
79271 552
79272 553
79273 553
79274 553
79275 553
79276 553
79277 553
79278 553
79279 553
79280 553
79281 553
79282 553
79283 553
79284 553
79285 553
79286 553
79287 553
79288 553
79289 553
79290 553
79291 553
79292 553
79293 553
79294 553
79295 553
79296 553
79297 553
79298 553
79299 553
79300 553
79301 553
79302 553
79303 553
79304 553
79305 553
79306 553
79307 553
79308 553
79309 553
79310 553
79311 553
79312 553
79313 553
79314 553
79315 553
79316 553
79317 553
79318 553
79319 553
79320 553
79321 553
79322 553
79323 553
79324 553
79325 553
79326 553
79327 553
79328 553
79329 553
79330 553
79331 553
79332 553
79333 553
79334 553
79335 553
79336 553
79337 553
79338 553
79339 553
79340 553
79341 553
79342 553
79343 553
79344 553
79345 553
79346 553
79347 553
79348 553
79349 553
79350 553
79351 553
79352 553
79353 553
79354 553
79355 553
79356 553
79357 553
79358 553
79359 553
79360 553
79361 553
79362 553
79363 553
79364 553
79365 553
79366 553
79367 553
79368 553
79369 553
79370 553
79371 553
79372 553
79373 553
79374 553
79375 553
79376 553
79377 553
79378 553
79379 553
79380 553
79381 553
79382 553
79383 553
79384 553
79385 553
79386 553
79387 553
79388 553
79389 553
79390 553
79391 553
79392 553
79393 553
79394 553
79395 553
79396 553
79397 553
79398 553
79399 553
79400 553
79401 553
79402 553
79403 553
79404 553
79405 553
79406 553
79407 553
79408 553
79409 553
79410 553
79411 553
79412 553
79413 553
79414 553
79415 553
79416 553
79417 553
79418 553
79419 553
79420 553
79421 553
79422 553
79423 553
79424 553
79425 553
79426 553
79427 553
79428 553
79429 553
79430 553
79431 553
79432 553
79433 553
79434 553
79435 553
79436 553
79437 553
79438 553
79439 553
79440 553
79441 553
79442 553
79443 553
79444 553
79445 553
79446 553
79447 553
79448 553
79449 553
79450 553
79451 553
79452 553
79453 553
79454 553
79455 553
79456 553
79457 553
79458 553
79459 553
79460 553
79461 553
79462 553
79463 553
79464 553
79465 553
79466 553
79467 553
79468 553
79469 553
79470 553
79471 553
79472 553
79473 553
79474 553
79475 553
79476 553
79477 553
79478 553
79479 553
79480 553
79481 553
79482 553
79483 553
79484 553
79485 553
79486 553
79487 553
79488 553
79489 553
79490 553
79491 553
79492 553
79493 553
79494 553
79495 553
79496 553
79497 553
79498 553
79499 553
79500 553
79501 553
79502 553
79503 553
79504 553
79505 553
79506 553
79507 553
79508 553
79509 553
79510 553
79511 553
79512 553
79513 553
79514 553
79515 553
79516 553
79517 553
79518 553
79519 553
79520 553
79521 553
79522 553
79523 553
79524 553
79525 553
79526 553
79527 553
79528 553
79529 553
79530 553
79531 553
79532 553
79533 553
79534 553
79535 553
79536 553
79537 553
79538 553
79539 553
79540 553
79541 553
79542 553
79543 553
79544 553
79545 553
79546 553
79547 553
79548 553
79549 553
79550 553
79551 553
79552 553
79553 553
79554 553
79555 553
79556 553
79557 553
79558 553
79559 553
79560 553
79561 553
79562 553
79563 553
79564 553
79565 553
79566 553
79567 553
79568 553
79569 553
79570 553
79571 553
79572 553
79573 554
79574 554
79575 554
79576 554
79577 554
79578 554
79579 554
79580 554
79581 554
79582 554
79583 554
79584 554
79585 554
79586 554
79587 554
79588 554
79589 554
79590 554
79591 554
79592 554
79593 554
79594 554
79595 554
79596 554
79597 554
79598 554
79599 554
79600 554
79601 554
79602 554
79603 554
79604 554
79605 554
79606 554
79607 554
79608 554
79609 554
79610 554
79611 554
79612 554
79613 554
79614 554
79615 554
79616 554
79617 554
79618 554
79619 554
79620 554
79621 554
79622 554
79623 554
79624 554
79625 554
79626 554
79627 554
79628 554
79629 554
79630 554
79631 554
79632 554
79633 554
79634 554
79635 554
79636 554
79637 554
79638 554
79639 554
79640 554
79641 554
79642 554
79643 554
79644 554
79645 554
79646 554
79647 554
79648 554
79649 554
79650 554
79651 554
79652 554
79653 554
79654 554
79655 554
79656 554
79657 554
79658 554
79659 554
79660 554
79661 554
79662 554
79663 554
79664 554
79665 554
79666 554
79667 554
79668 554
79669 554
79670 554
79671 554
79672 554
79673 554
79674 554
79675 554
79676 554
79677 554
79678 554
79679 554
79680 554
79681 554
79682 554
79683 554
79684 554
79685 554
79686 554
79687 554
79688 554
79689 554
79690 554
79691 554
79692 554
79693 554
79694 554
79695 554
79696 554
79697 554
79698 554
79699 554
79700 554
79701 554
79702 554
79703 554
79704 554
79705 554
79706 554
79707 554
79708 554
79709 554
79710 554
79711 554
79712 554
79713 554
79714 554
79715 554
79716 554
79717 554
79718 554
79719 554
79720 554
79721 554
79722 554
79723 554
79724 554
79725 554
79726 554
79727 554
79728 554
79729 554
79730 554
79731 554
79732 554
79733 554
79734 554
79735 555
79736 555
79737 555
79738 555
79739 555
79740 555
79741 555
79742 555
79743 555
79744 555
79745 555
79746 555
79747 555
79748 555
79749 555
79750 555
79751 555
79752 555
79753 555
79754 555
79755 555
79756 555
79757 555
79758 555
79759 555
79760 555
79761 555
79762 555
79763 555
79764 555
79765 555
79766 555
79767 555
79768 555
79769 555
79770 555
79771 555
79772 555
79773 555
79774 555
79775 555
79776 555
79777 555
79778 555
79779 555
79780 555
79781 555
79782 555
79783 555
79784 555
79785 555
79786 555
79787 555
79788 555
79789 555
79790 555
79791 555
79792 555
79793 555
79794 555
79795 555
79796 555
79797 555
79798 555
79799 555
79800 555
79801 555
79802 555
79803 555
79804 555
79805 555
79806 555
79807 555
79808 555
79809 555
79810 555
79811 555
79812 555
79813 555
79814 555
79815 555
79816 555
79817 555
79818 555
79819 555
79820 555
79821 555
79822 555
79823 555
79824 555
79825 555
79826 555
79827 555
79828 555
79829 555
79830 555
79831 555
79832 555
79833 555
79834 555
79835 555
79836 555
79837 555
79838 555
79839 555
79840 555
79841 555
79842 555
79843 555
79844 555
79845 555
79846 555
79847 555
79848 555
79849 555
79850 555
79851 555
79852 555
79853 555
79854 555
79855 555
79856 555
79857 555
79858 555
79859 555
79860 555
79861 555
79862 555
79863 555
79864 555
79865 555
79866 555
79867 555
79868 555
79869 555
79870 555
79871 555
79872 555
79873 555
79874 555
79875 555
79876 555
79877 555
79878 555
79879 555
79880 555
79881 556
79882 556
79883 556
79884 556
79885 556
79886 556
79887 556
79888 556
79889 556
79890 556
79891 556
79892 556
79893 556
79894 556
79895 556
79896 556
79897 556
79898 556
79899 556
79900 556
79901 556
79902 556
79903 556
79904 556
79905 556
79906 556
79907 556
79908 556
79909 556
79910 556
79911 556
79912 556
79913 556
79914 556
79915 556
79916 556
79917 556
79918 556
79919 556
79920 556
79921 556
79922 556
79923 556
79924 556
79925 556
79926 556
79927 556
79928 556
79929 556
79930 556
79931 556
79932 556
79933 556
79934 556
79935 556
79936 556
79937 556
79938 556
79939 556
79940 556
79941 556
79942 556
79943 556
79944 556
79945 556
79946 556
79947 556
79948 556
79949 556
79950 556
79951 556
79952 556
79953 556
79954 556
79955 556
79956 556
79957 556
79958 556
79959 556
79960 556
79961 556
79962 556
79963 556
79964 556
79965 556
79966 556
79967 556
79968 556
79969 556
79970 556
79971 556
79972 556
79973 556
79974 556
79975 556
79976 556
79977 556
79978 556
79979 556
79980 556
79981 556
79982 556
79983 556
79984 556
79985 556
79986 556
79987 556
79988 556
79989 556
79990 556
79991 556
79992 556
79993 556
79994 556
79995 556
79996 556
79997 556
79998 556
79999 556
80000 556
80001 556
80002 556
80003 556
80004 556
80005 556
80006 556
80007 556
80008 556
80009 556
80010 556
80011 556
80012 556
80013 556
80014 556
80015 556
80016 556
80017 556
80018 556
80019 556
80020 556
80021 556
80022 556
80023 556
80024 556
80025 556
80026 556
80027 556
80028 556
80029 556
80030 556
80031 556
80032 556
80033 556
80034 556
80035 556
80036 556
80037 556
80038 556
80039 556
80040 556
80041 556
80042 556
80043 556
80044 556
80045 556
80046 556
80047 556
80048 556
80049 556
80050 556
80051 556
80052 556
80053 556
80054 556
80055 556
80056 556
80057 556
80058 556
80059 556
80060 556
80061 556
80062 556
80063 556
80064 556
80065 556
80066 556
80067 556
80068 556
80069 556
80070 556
80071 556
80072 556
80073 556
80074 556
80075 556
80076 556
80077 556
80078 556
80079 556
80080 556
80081 556
80082 556
80083 556
80084 556
80085 556
80086 556
80087 556
80088 556
80089 556
80090 556
80091 556
80092 556
80093 556
80094 556
80095 556
80096 556
80097 556
80098 556
80099 556
80100 556
80101 556
80102 556
80103 556
80104 556
80105 556
80106 556
80107 556
80108 556
80109 556
80110 556
80111 556
80112 556
80113 556
80114 556
80115 556
80116 556
80117 556
80118 556
80119 556
80120 556
80121 556
80122 556
80123 556
80124 556
80125 556
80126 556
80127 556
80128 556
80129 556
80130 556
80131 556
80132 556
80133 556
80134 556
80135 556
80136 556
80137 556
80138 556
80139 556
80140 556
80141 556
80142 556
80143 556
80144 556
80145 556
80146 556
80147 556
80148 556
80149 556
80150 556
80151 556
80152 556
80153 556
80154 556
80155 556
80156 556
80157 556
80158 556
80159 556
80160 556
80161 556
80162 556
80163 556
80164 556
80165 556
80166 556
80167 556
80168 556
80169 556
80170 556
80171 556
80172 556
80173 556
80174 556
80175 556
80176 556
80177 556
80178 556
80179 556
80180 556
80181 556
80182 556
80183 556
80184 556
80185 556
80186 556
80187 556
80188 556
80189 556
80190 556
80191 556
80192 556
80193 556
80194 556
80195 556
80196 556
80197 556
80198 556
80199 556
80200 556
80201 556
80202 556
80203 556
80204 556
80205 556
80206 556
80207 556
80208 556
80209 556
80210 556
80211 556
80212 556
80213 556
80214 556
80215 556
80216 556
80217 556
80218 556
80219 556
80220 556
80221 556
80222 556
80223 556
80224 556
80225 556
80226 556
80227 556
80228 556
80229 556
80230 556
80231 556
80232 556
80233 556
80234 556
80235 556
80236 556
80237 556
80238 556
80239 556
80240 556
80241 556
80242 556
80243 556
80244 556
80245 556
80246 556
80247 556
80248 556
80249 556
80250 556
80251 556
80252 556
80253 556
80254 556
80255 556
80256 556
80257 556
80258 556
80259 556
80260 556
80261 556
80262 556
80263 556
80264 556
80265 556
80266 556
80267 556
80268 556
80269 556
80270 556
80271 556
80272 556
80273 556
80274 556
80275 556
80276 556
80277 556
80278 556
80279 556
80280 556
80281 556
80282 556
80283 556
80284 556
80285 556
80286 556
80287 556
80288 556
80289 556
80290 556
80291 556
80292 556
80293 556
80294 556
80295 556
80296 556
80297 556
80298 556
80299 556
80300 556
80301 556
80302 556
80303 556
80304 556
80305 556
80306 556
80307 556
80308 556
80309 556
80310 556
80311 556
80312 556
80313 556
80314 556
80315 556
80316 556
80317 556
80318 556
80319 556
80320 556
80321 556
80322 556
80323 556
80324 556
80325 556
80326 556
80327 556
80328 556
80329 556
80330 556
80331 556
80332 557
80333 557
80334 557
80335 557
80336 557
80337 557
80338 557
80339 557
80340 557
80341 557
80342 557
80343 557
80344 557
80345 557
80346 557
80347 557
80348 557
80349 557
80350 557
80351 557
80352 557
80353 557
80354 557
80355 557
80356 557
80357 557
80358 557
80359 557
80360 557
80361 557
80362 557
80363 557
80364 557
80365 557
80366 557
80367 557
80368 557
80369 557
80370 557
80371 557
80372 557
80373 557
80374 557
80375 557
80376 557
80377 557
80378 557
80379 557
80380 557
80381 557
80382 557
80383 557
80384 557
80385 557
80386 557
80387 557
80388 557
80389 557
80390 557
80391 557
80392 557
80393 557
80394 557
80395 557
80396 557
80397 557
80398 557
80399 557
80400 557
80401 557
80402 557
80403 557
80404 557
80405 557
80406 557
80407 557
80408 557
80409 557
80410 557
80411 557
80412 557
80413 557
80414 557
80415 557
80416 557
80417 557
80418 557
80419 557
80420 557
80421 557
80422 557
80423 557
80424 557
80425 557
80426 557
80427 557
80428 557
80429 557
80430 557
80431 557
80432 557
80433 557
80434 557
80435 557
80436 557
80437 557
80438 557
80439 557
80440 557
80441 557
80442 557
80443 557
80444 557
80445 557
80446 557
80447 557
80448 557
80449 557
80450 557
80451 557
80452 557
80453 557
80454 557
80455 557
80456 557
80457 557
80458 557
80459 557
80460 557
80461 557
80462 557
80463 557
80464 557
80465 557
80466 557
80467 557
80468 557
80469 557
80470 557
80471 557
80472 557
80473 557
80474 557
80475 557
80476 557
80477 557
80478 557
80479 557
80480 557
80481 557
80482 557
80483 557
80484 557
80485 557
80486 557
80487 557
80488 557
80489 557
80490 557
80491 557
80492 557
80493 557
80494 557
80495 557
80496 557
80497 557
80498 557
80499 557
80500 557
80501 557
80502 557
80503 557
80504 557
80505 557
80506 557
80507 557
80508 557
80509 557
80510 557
80511 557
80512 557
80513 557
80514 557
80515 557
80516 557
80517 557
80518 557
80519 557
80520 557
80521 557
80522 557
80523 557
80524 557
80525 557
80526 557
80527 557
80528 557
80529 557
80530 557
80531 557
80532 557
80533 557
80534 557
80535 557
80536 557
80537 557
80538 557
80539 557
80540 557
80541 557
80542 557
80543 557
80544 557
80545 557
80546 557
80547 557
80548 557
80549 557
80550 557
80551 557
80552 557
80553 557
80554 557
80555 557
80556 557
80557 557
80558 557
80559 557
80560 557
80561 557
80562 557
80563 557
80564 557
80565 557
80566 557
80567 557
80568 557
80569 557
80570 557
80571 557
80572 557
80573 557
80574 557
80575 557
80576 557
80577 557
80578 557
80579 557
80580 557
80581 557
80582 557
80583 557
80584 557
80585 557
80586 557
80587 557
80588 557
80589 557
80590 557
80591 557
80592 557
80593 557
80594 557
80595 557
80596 557
80597 557
80598 557
80599 557
80600 557
80601 557
80602 557
80603 557
80604 557
80605 557
80606 558
80607 558
80608 558
80609 558
80610 558
80611 558
80612 558
80613 558
80614 558
80615 558
80616 558
80617 558
80618 558
80619 558
80620 558
80621 558
80622 558
80623 558
80624 558
80625 558
80626 558
80627 558
80628 558
80629 558
80630 558
80631 558
80632 558
80633 558
80634 558
80635 558
80636 558
80637 558
80638 558
80639 558
80640 558
80641 558
80642 558
80643 558
80644 558
80645 558
80646 558
80647 558
80648 558
80649 558
80650 558
80651 558
80652 558
80653 558
80654 558
80655 558
80656 558
80657 558
80658 558
80659 558
80660 558
80661 558
80662 558
80663 558
80664 558
80665 558
80666 558
80667 558
80668 558
80669 558
80670 558
80671 558
80672 558
80673 558
80674 558
80675 558
80676 558
80677 558
80678 558
80679 558
80680 558
80681 558
80682 558
80683 558
80684 558
80685 558
80686 558
80687 558
80688 558
80689 558
80690 558
80691 558
80692 558
80693 558
80694 558
80695 558
80696 558
80697 558
80698 558
80699 558
80700 558
80701 558
80702 558
80703 558
80704 558
80705 558
80706 558
80707 558
80708 558
80709 558
80710 558
80711 558
80712 558
80713 558
80714 558
80715 558
80716 558
80717 558
80718 558
80719 558
80720 558
80721 558
80722 558
80723 558
80724 558
80725 558
80726 558
80727 558
80728 558
80729 558
80730 558
80731 558
80732 558
80733 558
80734 558
80735 558
80736 558
80737 558
80738 558
80739 558
80740 558
80741 558
80742 558
80743 558
80744 558
80745 558
80746 558
80747 558
80748 558
80749 558
80750 558
80751 558
80752 558
80753 558
80754 558
80755 558
80756 558
80757 558
80758 558
80759 558
80760 559
80761 559
80762 559
80763 559
80764 559
80765 559
80766 559
80767 559
80768 559
80769 559
80770 559
80771 559
80772 559
80773 559
80774 559
80775 559
80776 559
80777 559
80778 559
80779 559
80780 559
80781 559
80782 559
80783 559
80784 559
80785 559
80786 559
80787 559
80788 559
80789 559
80790 559
80791 559
80792 559
80793 559
80794 559
80795 559
80796 559
80797 559
80798 559
80799 559
80800 559
80801 559
80802 559
80803 559
80804 559
80805 559
80806 559
80807 559
80808 559
80809 559
80810 559
80811 559
80812 559
80813 559
80814 559
80815 559
80816 559
80817 559
80818 559
80819 559
80820 559
80821 559
80822 559
80823 559
80824 559
80825 559
80826 559
80827 559
80828 559
80829 559
80830 559
80831 559
80832 559
80833 559
80834 559
80835 559
80836 559
80837 559
80838 559
80839 559
80840 559
80841 559
80842 559
80843 559
80844 559
80845 559
80846 559
80847 559
80848 559
80849 559
80850 559
80851 559
80852 559
80853 559
80854 559
80855 559
80856 559
80857 559
80858 559
80859 559
80860 559
80861 559
80862 559
80863 559
80864 559
80865 559
80866 559
80867 559
80868 559
80869 559
80870 559
80871 559
80872 559
80873 559
80874 559
80875 559
80876 559
80877 559
80878 559
80879 559
80880 559
80881 559
80882 559
80883 559
80884 559
80885 559
80886 559
80887 559
80888 559
80889 559
80890 559
80891 559
80892 559
80893 559
80894 559
80895 559
80896 559
80897 559
80898 559
80899 559
80900 559
80901 559
80902 559
80903 559
80904 559
80905 559
80906 559
80907 559
80908 559
80909 559
80910 559
80911 559
80912 559
80913 559
80914 559
80915 559
80916 559
80917 559
80918 559
80919 559
80920 559
80921 559
80922 559
80923 559
80924 559
80925 559
80926 559
80927 559
80928 559
80929 560
80930 560
80931 560
80932 560
80933 560
80934 560
80935 560
80936 563
80937 563
80938 563
80939 563
80940 563
80941 563
80942 563
80943 563
80944 563
80945 563
80946 563
80947 563
80948 563
80949 563
80950 563
80951 563
80952 563
80953 563
80954 566
80955 566
80956 566
80957 566
80958 566
80959 566
80960 566
80961 566
80962 566
80963 566
80964 566
80965 566
80966 566
80967 566
80968 566
80969 566
80970 566
80971 566
80972 566
80973 566
80974 566
80975 566
80976 566
80977 566
80978 566
80979 566
80980 566
80981 566
80982 566
80983 566
80984 566
80985 566
80986 566
80987 566
80988 566
80989 566
80990 566
80991 566
80992 566
80993 566
80994 566
80995 566
80996 566
80997 566
80998 566
80999 566
81000 566
81001 566
81002 566
81003 566
81004 566
81005 566
81006 566
81007 566
81008 566
81009 566
81010 566
81011 566
81012 566
81013 566
81014 566
81015 566
81016 566
81017 566
81018 566
81019 566
81020 566
81021 566
81022 566
81023 566
81024 566
81025 566
81026 566
81027 566
81028 566
81029 566
81030 566
81031 566
81032 566
81033 566
81034 566
81035 566
81036 566
81037 566
81038 566
81039 566
81040 566
81041 566
81042 566
81043 566
81044 566
81045 566
81046 569
81047 569
81048 569
81049 569
81050 569
81051 569
81052 569
81053 569
81054 569
81055 572
81056 572
81057 572
81058 572
81059 572
81060 572
81061 572
81062 575
81063 575
81064 575
81065 575
81066 575
81067 575
81068 575
81069 575
81070 575
81071 575
81072 575
81073 575
81074 575
81075 575
81076 575
81077 575
81078 578
81079 578
81080 581
81081 581
81082 581
81083 581
81084 581
81085 581
81086 584
81087 584
81088 584
81089 584
81090 584
81091 584
81092 584
81093 587
81094 587
81095 587
81096 587
81097 587
81098 587
81099 587
81100 587
81101 589
81102 589
81103 589
81104 589
81105 589
81106 589
81107 589
81108 589
81109 589
81110 589
81111 589
81112 589
81113 589
81114 589
81115 589
81116 589
81117 590
81118 590
81119 590
81120 590
81121 590
81122 590
81123 590
81124 590
81125 590
81126 590
81127 590
81128 590
81129 590
81130 590
81131 590
81132 590
81133 590
81134 590
81135 590
81136 590
81137 590
81138 590
81139 590
81140 591
81141 591
81142 591
81143 591
81144 591
81145 591
81146 591
81147 591
81148 591
81149 591
81150 591
81151 591
81152 591
81153 591
81154 591
81155 591
81156 591
81157 591
81158 591
81159 591
81160 591
81161 591
81162 591
81163 591
81164 591
81165 591
81166 591
81167 591
81168 591
81169 591
81170 591
81171 591
81172 591
81173 591
81174 591
81175 591
81176 591
81177 591
81178 591
81179 591
81180 591
81181 591
81182 591
81183 591
81184 591
81185 591
81186 591
81187 591
81188 591
81189 591
81190 591
81191 591
81192 591
81193 591
81194 591
81195 591
81196 591
81197 591
81198 591
81199 591
81200 591
81201 591
81202 591
81203 591
81204 591
81205 591
81206 591
81207 591
81208 591
81209 591
81210 591
81211 591
81212 591
81213 591
81214 591
81215 591
81216 591
81217 591
81218 591
81219 591
81220 591
81221 591
81222 591
81223 591
81224 591
81225 591
81226 591
81227 591
81228 591
81229 591
81230 591
81231 591
81232 591
81233 591
81234 591
81235 591
81236 591
81237 591
81238 591
81239 591
81240 591
81241 591
81242 591
81243 591
81244 591
81245 591
81246 591
81247 591
81248 593
81249 593
81250 593
81251 593
81252 593
81253 593
81254 593
81255 593
81256 593
81257 593
81258 593
81259 593
81260 593
81261 593
81262 593
81263 593
81264 593
81265 593
81266 593
81267 593
81268 593
81269 593
81270 593
81271 593
81272 593
81273 593
81274 593
81275 593
81276 593
81277 593
81278 593
81279 593
81280 593
81281 593
81282 593
81283 593
81284 593
81285 593
81286 593
81287 593
81288 593
81289 593
81290 593
81291 593
81292 593
81293 593
81294 593
81295 593
81296 593
81297 593
81298 593
81299 593
81300 593
81301 593
81302 593
81303 593
81304 593
81305 593
81306 593
81307 593
81308 593
81309 593
81310 593
81311 593
81312 593
81313 593
81314 593
81315 593
81316 593
81317 593
81318 593
81319 593
81320 593
81321 593
81322 593
81323 593
81324 593
81325 593
81326 593
81327 593
81328 593
81329 593
81330 593
81331 593
81332 593
81333 593
81334 593
81335 593
81336 593
81337 593
81338 593
81339 593
81340 593
81341 593
81342 593
81343 593
81344 593
81345 593
81346 593
81347 593
81348 593
81349 593
81350 593
81351 593
81352 593
81353 593
81354 593
81355 593
81356 593
81357 593
81358 593
81359 593
81360 593
81361 593
81362 593
81363 593
81364 593
81365 593
81366 593
81367 593
81368 593
81369 593
81370 593
81371 593
81372 593
81373 593
81374 593
81375 593
81376 593
81377 593
81378 593
81379 593
81380 593
81381 593
81382 593
81383 593
81384 593
81385 593
81386 593
81387 593
81388 593
81389 593
81390 593
81391 593
81392 593
81393 593
81394 593
81395 593
81396 593
81397 593
81398 593
81399 593
81400 593
81401 593
81402 593
81403 593
81404 593
81405 593
81406 593
81407 593
81408 593
81409 593
81410 593
81411 593
81412 593
81413 593
81414 593
81415 593
81416 593
81417 593
81418 593
81419 593
81420 593
81421 593
81422 593
81423 593
81424 593
81425 593
81426 593
81427 593
81428 593
81429 593
81430 593
81431 593
81432 593
81433 593
81434 593
81435 593
81436 593
81437 593
81438 593
81439 593
81440 593
81441 593
81442 593
81443 593
81444 593
81445 593
81446 593
81447 593
81448 594
81449 594
81450 594
81451 594
81452 594
81453 594
81454 594
81455 594
81456 594
81457 594
81458 594
81459 594
81460 594
81461 594
81462 594
81463 594
81464 594
81465 594
81466 594
81467 594
81468 594
81469 594
81470 594
81471 594
81472 594
81473 594
81474 594
81475 594
81476 594
81477 594
81478 594
81479 594
81480 594
81481 594
81482 594
81483 594
81484 594
81485 594
81486 594
81487 594
81488 594
81489 594
81490 594
81491 594
81492 594
81493 594
81494 594
81495 594
81496 594
81497 594
81498 594
81499 594
81500 594
81501 594
81502 594
81503 594
81504 594
81505 594
81506 594
81507 594
81508 594
81509 594
81510 594
81511 594
81512 594
81513 594
81514 594
81515 594
81516 594
81517 594
81518 594
81519 594
81520 594
81521 594
81522 594
81523 594
81524 594
81525 594
81526 594
81527 594
81528 594
81529 594
81530 594
81531 594
81532 594
81533 594
81534 594
81535 594
81536 595
81537 595
81538 595
81539 595
81540 595
81541 595
81542 595
81543 595
81544 595
81545 595
81546 595
81547 595
81548 595
81549 595
81550 595
81551 595
81552 595
81553 595
81554 595
81555 595
81556 595
81557 595
81558 595
81559 595
81560 595
81561 595
81562 595
81563 595
81564 595
81565 595
81566 595
81567 595
81568 595
81569 595
81570 595
81571 595
81572 595
81573 595
81574 595
81575 595
81576 595
81577 595
81578 595
81579 595
81580 595
81581 595
81582 595
81583 595
81584 595
81585 595
81586 595
81587 595
81588 595
81589 595
81590 595
81591 595
81592 595
81593 595
81594 595
81595 595
81596 595
81597 595
81598 595
81599 595
81600 595
81601 595
81602 595
81603 595
81604 595
81605 595
81606 595
81607 595
81608 595
81609 596
81610 596
81611 596
81612 596
81613 596
81614 596
81615 596
81616 596
81617 596
81618 596
81619 596
81620 596
81621 596
81622 596
81623 596
81624 596
81625 596
81626 596
81627 596
81628 596
81629 596
81630 596
81631 596
81632 596
81633 596
81634 596
81635 596
81636 596
81637 596
81638 596
81639 596
81640 596
81641 596
81642 596
81643 596
81644 596
81645 596
81646 596
81647 596
81648 596
81649 596
81650 596
81651 596
81652 596
81653 596
81654 596
81655 596
81656 596
81657 596
81658 596
81659 596
81660 596
81661 596
81662 596
81663 596
81664 596
81665 596
81666 596
81667 596
81668 596
81669 596
81670 596
81671 596
81672 596
81673 596
81674 596
81675 596
81676 596
81677 596
81678 596
81679 596
81680 596
81681 596
81682 596
81683 596
81684 596
81685 596
81686 596
81687 596
81688 596
81689 596
81690 596
81691 596
81692 596
81693 596
81694 596
81695 596
81696 596
81697 596
81698 596
81699 596
81700 596
81701 596
81702 596
81703 596
81704 596
81705 596
81706 596
81707 596
81708 596
81709 596
81710 596
81711 596
81712 596
81713 596
81714 596
81715 596
81716 596
81717 596
81718 596
81719 596
81720 596
81721 596
81722 596
81723 596
81724 596
81725 596
81726 596
81727 596
81728 596
81729 596
81730 597
81731 597
81732 597
81733 597
81734 597
81735 597
81736 597
81737 597
81738 597
81739 597
81740 598
81741 598
81742 598
81743 598
81744 598
81745 598
81746 598
81747 598
81748 598
81749 598
81750 598
81751 604
81752 604
81753 604
81754 604
81755 604
81756 604
81757 604
81758 604
81759 604
81760 604
81761 604
81762 604
81763 604
81764 604
81765 604
81766 604
81767 604
81768 604
81769 604
81770 604
81771 604
81772 604
81773 604
81774 604
81775 605
81776 605
81777 605
81778 605
81779 605
81780 605
81781 605
81782 605
81783 605
81784 605
81785 605
81786 605
81787 605
81788 605
81789 605
81790 605
81791 605
81792 605
81793 605
81794 605
81795 605
81796 605
81797 605
81798 605
81799 605
81800 605
81801 605
81802 605
81803 605
81804 605
81805 605
81806 605
81807 605
81808 605
81809 605
81810 605
81811 605
81812 605
81813 605
81814 605
81815 605
81816 605
81817 605
81818 605
81819 605
81820 605
81821 605
81822 605
81823 605
81824 605
81825 605
81826 605
81827 605
81828 605
81829 605
81830 605
81831 605
81832 605
81833 605
81834 605
81835 605
81836 605
81837 605
81838 605
81839 605
81840 605
81841 605
81842 606
81843 606
81844 606
81845 606
81846 606
81847 606
81848 606
81849 606
81850 606
81851 606
81852 606
81853 606
81854 606
81855 606
81856 606
81857 606
81858 606
81859 606
81860 606
81861 606
81862 606
81863 606
81864 606
81865 606
81866 606
81867 606
81868 606
81869 606
81870 606
81871 606
81872 606
81873 606
81874 606
81875 606
81876 606
81877 606
81878 606
81879 606
81880 606
81881 606
81882 606
81883 606
81884 606
81885 606
81886 606
81887 606
81888 606
81889 606
81890 606
81891 606
81892 606
81893 606
81894 606
81895 606
81896 606
81897 606
81898 606
81899 606
81900 606
81901 606
81902 606
81903 606
81904 606
81905 606
81906 606
81907 606
81908 606
81909 606
81910 606
81911 606
81912 606
81913 606
81914 606
81915 606
81916 606
81917 606
81918 606
81919 606
81920 606
81921 606
81922 606
81923 606
81924 606
81925 606
81926 606
81927 606
81928 606
81929 606
81930 606
81931 606
81932 606
81933 606
81934 606
81935 606
81936 606
81937 606
81938 606
81939 606
81940 606
81941 606
81942 606
81943 606
81944 606
81945 606
81946 606
81947 606
81948 606
81949 607
81950 607
81951 607
81952 607
81953 607
81954 607
81955 607
81956 607
81957 607
81958 607
81959 607
81960 607
81961 607
81962 607
81963 607
81964 607
81965 607
81966 607
81967 607
81968 607
81969 607
81970 607
81971 607
81972 607
81973 607
81974 607
81975 607
81976 607
81977 607
81978 607
81979 607
81980 607
81981 607
81982 607
81983 607
81984 607
81985 607
81986 607
81987 607
81988 607
81989 607
81990 607
81991 607
81992 607
81993 607
81994 607
81995 607
81996 607
81997 607
81998 607
81999 607
82000 607
82001 607
82002 607
82003 607
82004 607
82005 607
82006 607
82007 607
82008 607
82009 607
82010 607
82011 607
82012 607
82013 607
82014 607
82015 607
82016 607
82017 607
82018 607
82019 607
82020 607
82021 607
82022 607
82023 607
82024 607
82025 607
82026 607
82027 607
82028 607
82029 607
82030 607
82031 607
82032 607
82033 607
82034 607
82035 607
82036 607
82037 607
82038 607
82039 607
82040 607
82041 607
82042 608
82043 608
82044 608
82045 608
82046 608
82047 608
82048 608
82049 608
82050 608
82051 608
82052 608
82053 608
82054 608
82055 608
82056 608
82057 608
82058 608
82059 608
82060 608
82061 608
82062 608
82063 608
82064 608
82065 608
82066 608
82067 608
82068 608
82069 608
82070 608
82071 608
82072 608
82073 608
82074 608
82075 608
82076 608
82077 608
82078 608
82079 608
82080 608
82081 608
82082 608
82083 608
82084 608
82085 608
82086 608
82087 608
82088 608
82089 608
82090 608
82091 608
82092 608
82093 608
82094 608
82095 608
82096 608
82097 608
82098 608
82099 608
82100 608
82101 608
82102 608
82103 608
82104 608
82105 608
82106 608
82107 608
82108 608
82109 608
82110 608
82111 608
82112 608
82113 608
82114 609
82115 609
82116 609
82117 609
82118 609
82119 609
82120 609
82121 609
82122 609
82123 609
82124 609
82125 609
82126 609
82127 609
82128 609
82129 609
82130 609
82131 609
82132 609
82133 609
82134 609
82135 609
82136 609
82137 609
82138 609
82139 609
82140 609
82141 609
82142 609
82143 609
82144 609
82145 609
82146 609
82147 609
82148 609
82149 609
82150 609
82151 609
82152 609
82153 609
82154 609
82155 609
82156 609
82157 609
82158 609
82159 609
82160 609
82161 609
82162 609
82163 609
82164 609
82165 609
82166 609
82167 609
82168 609
82169 609
82170 609
82171 609
82172 609
82173 609
82174 609
82175 609
82176 609
82177 609
82178 609
82179 609
82180 609
82181 609
82182 609
82183 609
82184 609
82185 609
82186 609
82187 609
82188 609
82189 609
82190 611
82191 611
82192 611
82193 611
82194 611
82195 611
82196 611
82197 611
82198 611
82199 611
82200 611
82201 611
82202 611
82203 611
82204 611
82205 611
82206 611
82207 611
82208 611
82209 611
82210 611
82211 611
82212 611
82213 611
82214 611
82215 611
82216 611
82217 611
82218 611
82219 611
82220 611
82221 611
82222 611
82223 611
82224 611
82225 611
82226 611
82227 611
82228 611
82229 611
82230 611
82231 611
82232 611
82233 611
82234 611
82235 611
82236 611
82237 611
82238 611
82239 611
82240 611
82241 611
82242 611
82243 611
82244 611
82245 611
82246 611
82247 611
82248 611
82249 611
82250 611
82251 611
82252 611
82253 611
82254 611
82255 611
82256 611
82257 611
82258 611
82259 611
82260 611
82261 611
82262 611
82263 611
82264 611
82265 611
82266 611
82267 611
82268 611
82269 611
82270 611
82271 611
82272 611
82273 611
82274 611
82275 611
82276 611
82277 611
82278 611
82279 611
82280 611
82281 611
82282 611
82283 611
82284 611
82285 611
82286 611
82287 611
82288 611
82289 611
82290 611
82291 611
82292 611
82293 611
82294 611
82295 611
82296 611
82297 611
82298 611
82299 611
82300 611
82301 611
82302 611
82303 611
82304 611
82305 611
82306 611
82307 611
82308 611
82309 611
82310 611
82311 611
82312 611
82313 611
82314 611
82315 611
82316 611
82317 611
82318 611
82319 611
82320 611
82321 611
82322 611
82323 611
82324 611
82325 611
82326 611
82327 611
82328 611
82329 611
82330 611
82331 611
82332 611
82333 612
82334 612
82335 612
82336 612
82337 612
82338 612
82339 612
82340 612
82341 612
82342 612
82343 612
82344 612
82345 612
82346 612
82347 612
82348 612
82349 612
82350 612
82351 612
82352 612
82353 612
82354 612
82355 612
82356 612
82357 612
82358 612
82359 612
82360 612
82361 612
82362 612
82363 612
82364 612
82365 612
82366 612
82367 612
82368 612
82369 612
82370 612
82371 612
82372 612
82373 612
82374 612
82375 612
82376 612
82377 612
82378 612
82379 612
82380 612
82381 612
82382 612
82383 612
82384 612
82385 612
82386 612
82387 612
82388 612
82389 612
82390 612
82391 612
82392 612
82393 612
82394 612
82395 612
82396 612
82397 612
82398 612
82399 612
82400 612
82401 612
82402 612
82403 612
82404 612
82405 612
82406 612
82407 612
82408 612
82409 612
82410 612
82411 612
82412 612
82413 612
82414 612
82415 612
82416 612
82417 612
82418 612
82419 612
82420 612
82421 612
82422 612
82423 612
82424 612
82425 612
82426 612
82427 612
82428 612
82429 612
82430 612
82431 612
82432 612
82433 612
82434 612
82435 612
82436 612
82437 612
82438 612
82439 612
82440 612
82441 612
82442 612
82443 612
82444 612
82445 612
82446 612
82447 612
82448 612
82449 612
82450 612
82451 612
82452 612
82453 612
82454 612
82455 612
82456 612
82457 612
82458 612
82459 612
82460 612
82461 612
82462 612
82463 612
82464 612
82465 612
82466 612
82467 612
82468 612
82469 612
82470 612
82471 612
82472 612
82473 612
82474 612
82475 612
82476 612
82477 612
82478 612
82479 612
82480 612
82481 612
82482 612
82483 612
82484 612
82485 612
82486 612
82487 612
82488 612
82489 612
82490 612
82491 612
82492 612
82493 612
82494 612
82495 612
82496 612
82497 612
82498 612
82499 612
82500 612
82501 612
82502 612
82503 612
82504 612
82505 612
82506 612
82507 612
82508 612
82509 612
82510 612
82511 612
82512 612
82513 612
82514 612
82515 612
82516 612
82517 612
82518 612
82519 612
82520 612
82521 612
82522 612
82523 612
82524 612
82525 612
82526 612
82527 612
82528 612
82529 612
82530 612
82531 612
82532 612
82533 612
82534 612
82535 612
82536 612
82537 612
82538 612
82539 612
82540 612
82541 612
82542 612
82543 612
82544 612
82545 612
82546 612
82547 612
82548 612
82549 612
82550 612
82551 613
82552 613
82553 613
82554 613
82555 613
82556 613
82557 613
82558 613
82559 613
82560 613
82561 613
82562 613
82563 613
82564 613
82565 613
82566 613
82567 613
82568 613
82569 613
82570 613
82571 613
82572 613
82573 613
82574 613
82575 613
82576 613
82577 613
82578 613
82579 613
82580 613
82581 613
82582 613
82583 613
82584 613
82585 613
82586 613
82587 613
82588 613
82589 613
82590 613
82591 613
82592 613
82593 613
82594 613
82595 613
82596 613
82597 613
82598 613
82599 613
82600 613
82601 613
82602 613
82603 613
82604 613
82605 614
82606 614
82607 614
82608 614
82609 614
82610 614
82611 614
82612 614
82613 614
82614 614
82615 616
82616 618
82617 618
82618 618
82619 618
82620 618
82621 618
82622 618
82623 618
82624 618
82625 619
82626 619
82627 619
82628 619
82629 619
82630 619
82631 619
82632 619
82633 619
82634 619
82635 619
82636 619
82637 619
82638 619
82639 619
82640 619
82641 619
82642 619
82643 619
82644 619
82645 619
82646 619
82647 619
82648 619
82649 619
82650 619
82651 619
82652 619
82653 619
82654 619
82655 619
82656 619
82657 619
82658 619
82659 619
82660 619
82661 619
82662 619
82663 619
82664 619
82665 619
82666 619
82667 619
82668 619
82669 619
82670 619
82671 619
82672 619
82673 619
82674 619
82675 619
82676 619
82677 619
82678 619
82679 619
82680 619
82681 619
82682 619
82683 619
82684 619
82685 619
82686 619
82687 619
82688 619
82689 619
82690 619
82691 619
82692 619
82693 619
82694 619
82695 619
82696 619
82697 619
82698 619
82699 619
82700 619
82701 619
82702 619
82703 619
82704 620
82705 620
82706 620
82707 620
82708 620
82709 620
82710 621
82711 621
82712 621
82713 621
82714 621
82715 621
82716 621
82717 621
82718 621
82719 621
82720 621
82721 621
82722 621
82723 621
82724 621
82725 621
82726 621
82727 621
82728 621
82729 621
82730 621
82731 621
82732 621
82733 621
82734 621
82735 621
82736 621
82737 621
82738 621
82739 621
82740 621
82741 621
82742 621
82743 621
82744 621
82745 621
82746 621
82747 621
82748 621
82749 621
82750 621
82751 621
82752 621
82753 621
82754 621
82755 621
82756 621
82757 621
82758 621
82759 621
82760 621
82761 621
82762 621
82763 621
82764 621
82765 621
82766 621
82767 621
82768 621
82769 621
82770 621
82771 621
82772 621
82773 621
82774 621
82775 621
82776 621
82777 621
82778 621
82779 621
82780 621
82781 621
82782 621
82783 621
82784 621
82785 621
82786 621
82787 621
82788 621
82789 621
82790 621
82791 621
82792 621
82793 621
82794 621
82795 621
82796 621
82797 621
82798 621
82799 621
82800 621
82801 621
82802 621
82803 621
82804 621
82805 621
82806 622
82807 622
82808 622
82809 622
82810 622
82811 622
82812 622
82813 622
82814 622
82815 622
82816 622
82817 622
82818 622
82819 622
82820 622
82821 622
82822 622
82823 622
82824 622
82825 622
82826 622
82827 622
82828 622
82829 622
82830 622
82831 622
82832 622
82833 622
82834 622
82835 622
82836 622
82837 622
82838 622
82839 622
82840 622
82841 622
82842 622
82843 622
82844 622
82845 622
82846 622
82847 622
82848 622
82849 623
82850 623
82851 623
82852 623
82853 623
82854 623
82855 624
82856 624
82857 624
82858 624
82859 624
82860 624
82861 624
82862 624
82863 624
82864 624
82865 624
82866 625
82867 625
82868 625
82869 625
82870 625
82871 625
82872 625
82873 625
82874 625
82875 626
82876 626
82877 626
82878 626
82879 626
82880 626
82881 626
82882 626
82883 626
82884 626
82885 626
82886 626
82887 626
82888 626
82889 626
82890 626
82891 626
82892 627
82893 627
82894 627
82895 627
82896 627
82897 627
82898 627
82899 627
82900 627
82901 627
82902 627
82903 627
82904 627
82905 627
82906 627
82907 627
82908 627
82909 627
82910 628
82911 628
82912 628
82913 628
82914 628
82915 628
82916 628
82917 628
82918 628
82919 628
82920 628
82921 628
82922 628
82923 628
82924 628
82925 628
82926 628
82927 628
82928 628
82929 628
82930 628
82931 628
82932 628
82933 628
82934 628
82935 628
82936 628
82937 628
82938 628
82939 628
82940 628
82941 629
82942 629
82943 629
82944 629
82945 629
82946 629
82947 629
82948 629
82949 629
82950 629
82951 629
82952 629
82953 629
82954 629
82955 629
82956 629
82957 629
82958 629
82959 629
82960 629
82961 629
82962 629
82963 629
82964 629
82965 629
82966 629
82967 629
82968 629
82969 629
82970 629
82971 629
82972 629
82973 629
82974 629
82975 629
82976 629
82977 629
82978 629
82979 629
82980 629
82981 629
82982 629
82983 629
82984 629
82985 629
82986 629
82987 629
82988 631
82989 631
82990 631
82991 631
82992 631
82993 631
82994 631
82995 631
82996 631
82997 631
82998 631
82999 631
83000 631
83001 631
83002 631
83003 631
83004 631
83005 631
83006 631
83007 631
83008 631
83009 631
83010 631
83011 631
83012 631
83013 631
83014 631
83015 631
83016 631
83017 631
83018 631
83019 631
83020 631
83021 631
83022 631
83023 631
83024 631
83025 631
83026 631
83027 631
83028 631
83029 631
83030 631
83031 631
83032 631
83033 631
83034 631
83035 631
83036 631
83037 631
83038 631
83039 631
83040 631
83041 631
83042 631
83043 631
83044 631
83045 631
83046 631
83047 631
83048 631
83049 631
83050 631
83051 631
83052 631
83053 631
83054 631
83055 631
83056 631
83057 631
83058 631
83059 631
83060 631
83061 631
83062 631
83063 631
83064 631
83065 631
83066 631
83067 631
83068 631
83069 631
83070 631
83071 631
83072 631
83073 631
83074 631
83075 631
83076 631
83077 631
83078 631
83079 631
83080 631
83081 631
83082 631
83083 631
83084 631
83085 631
83086 631
83087 631
83088 631
83089 631
83090 631
83091 631
83092 631
83093 631
83094 631
83095 631
83096 631
83097 631
83098 631
83099 631
83100 631
83101 631
83102 631
83103 631
83104 631
83105 632
83106 632
83107 632
83108 632
83109 632
83110 632
83111 632
83112 632
83113 632
83114 632
83115 632
83116 632
83117 632
83118 632
83119 632
83120 632
83121 632
83122 632
83123 632
83124 632
83125 632
83126 632
83127 632
83128 632
83129 632
83130 632
83131 632
83132 632
83133 632
83134 632
83135 632
83136 632
83137 632
83138 632
83139 632
83140 632
83141 632
83142 632
83143 632
83144 632
83145 632
83146 632
83147 632
83148 632
83149 632
83150 632
83151 632
83152 632
83153 632
83154 632
83155 632
83156 632
83157 632
83158 632
83159 632
83160 632
83161 632
83162 632
83163 632
83164 632
83165 632
83166 632
83167 632
83168 632
83169 632
83170 632
83171 632
83172 632
83173 632
83174 632
83175 632
83176 632
83177 632
83178 632
83179 632
83180 632
83181 632
83182 632
83183 632
83184 632
83185 632
83186 632
83187 632
83188 632
83189 632
83190 632
83191 632
83192 632
83193 632
83194 632
83195 632
83196 632
83197 632
83198 632
83199 632
83200 632
83201 632
83202 632
83203 632
83204 637
83205 637
83206 637
83207 637
83208 637
83209 637
83210 637
83211 637
83212 637
83213 637
83214 637
83215 637
83216 637
83217 637
83218 637
83219 637
83220 637
83221 637
83222 637
83223 637
83224 637
83225 637
83226 637
83227 637
83228 637
83229 637
83230 637
83231 637
83232 637
83233 637
83234 637
83235 637
83236 637
83237 637
83238 637
83239 637
83240 637
83241 637
83242 637
83243 637
83244 637
83245 637
83246 637
83247 637
83248 637
83249 637
83250 637
83251 637
83252 637
83253 637
83254 637
83255 637
83256 637
83257 637
83258 637
83259 637
83260 637
83261 637
83262 637
83263 637
83264 637
83265 637
83266 637
83267 637
83268 637
83269 637
83270 637
83271 637
83272 637
83273 637
83274 637
83275 637
83276 637
83277 637
83278 637
83279 637
83280 637
83281 637
83282 637
83283 637
83284 637
83285 637
83286 637
83287 637
83288 637
83289 637
83290 637
83291 637
83292 637
83293 637
83294 637
83295 637
83296 637
83297 637
83298 637
83299 637
83300 637
83301 637
83302 637
83303 637
83304 637
83305 637
83306 637
83307 637
83308 637
83309 637
83310 637
83311 637
83312 637
83313 637
83314 637
83315 637
83316 637
83317 637
83318 637
83319 637
83320 637
83321 637
83322 637
83323 637
83324 637
83325 637
83326 637
83327 637
83328 637
83329 637
83330 637
83331 637
83332 637
83333 637
83334 637
83335 637
83336 637
83337 637
83338 637
83339 637
83340 637
83341 637
83342 637
83343 637
83344 637
83345 637
83346 637
83347 637
83348 637
83349 637
83350 637
83351 637
83352 637
83353 637
83354 637
83355 637
83356 637
83357 637
83358 637
83359 637
83360 637
83361 637
83362 637
83363 637
83364 637
83365 637
83366 637
83367 637
83368 637
83369 637
83370 637
83371 637
83372 637
83373 637
83374 637
83375 637
83376 637
83377 637
83378 637
83379 637
83380 637
83381 637
83382 637
83383 637
83384 637
83385 637
83386 637
83387 637
83388 637
83389 637
83390 637
83391 637
83392 637
83393 637
83394 637
83395 637
83396 637
83397 637
83398 637
83399 637
83400 637
83401 637
83402 637
83403 637
83404 637
83405 637
83406 637
83407 637
83408 637
83409 637
83410 637
83411 637
83412 637
83413 637
83414 637
83415 637
83416 637
83417 637
83418 637
83419 637
83420 637
83421 637
83422 637
83423 637
83424 637
83425 637
83426 637
83427 642
83428 642
83429 642
83430 642
83431 642
83432 642
83433 642
83434 642
83435 642
83436 642
83437 642
83438 642
83439 642
83440 642
83441 642
83442 642
83443 642
83444 642
83445 642
83446 642
83447 642
83448 642
83449 642
83450 642
83451 642
83452 642
83453 642
83454 642
83455 642
83456 642
83457 642
83458 642
83459 642
83460 642
83461 642
83462 642
83463 642
83464 642
83465 642
83466 642
83467 642
83468 642
83469 642
83470 642
83471 642
83472 642
83473 642
83474 642
83475 642
83476 642
83477 642
83478 642
83479 642
83480 642
83481 642
83482 642
83483 642
83484 642
83485 642
83486 642
83487 642
83488 642
83489 642
83490 642
83491 642
83492 642
83493 642
83494 642
83495 642
83496 642
83497 642
83498 642
83499 642
83500 642
83501 642
83502 642
83503 642
83504 642
83505 642
83506 642
83507 642
83508 642
83509 642
83510 642
83511 642
83512 642
83513 642
83514 642
83515 642
83516 642
83517 642
83518 642
83519 642
83520 642
83521 642
83522 642
83523 642
83524 642
83525 642
83526 642
83527 642
83528 642
83529 642
83530 642
83531 642
83532 642
83533 642
83534 642
83535 642
83536 642
83537 642
83538 642
83539 642
83540 642
83541 642
83542 642
83543 642
83544 642
83545 642
83546 642
83547 642
83548 642
83549 642
83550 642
83551 642
83552 642
83553 642
83554 642
83555 642
83556 642
83557 642
83558 642
83559 642
83560 642
83561 642
83562 642
83563 642
83564 642
83565 642
83566 642
83567 642
83568 642
83569 642
83570 642
83571 642
83572 642
83573 642
83574 642
83575 642
83576 642
83577 642
83578 642
83579 642
83580 642
83581 642
83582 642
83583 642
83584 642
83585 642
83586 642
83587 642
83588 642
83589 642
83590 642
83591 642
83592 642
83593 642
83594 642
83595 642
83596 642
83597 642
83598 642
83599 642
83600 642
83601 642
83602 642
83603 642
83604 642
83605 642
83606 642
83607 642
83608 642
83609 642
83610 642
83611 642
83612 642
83613 642
83614 642
83615 642
83616 642
83617 642
83618 642
83619 642
83620 642
83621 642
83622 642
83623 642
83624 642
83625 642
83626 642
83627 642
83628 642
83629 642
83630 642
83631 642
83632 642
83633 642
83634 642
83635 642
83636 642
83637 642
83638 642
83639 642
83640 642
83641 642
83642 642
83643 642
83644 642
83645 642
83646 642
83647 642
83648 642
83649 642
83650 642
83651 642
83652 642
83653 642
83654 642
83655 642
83656 642
83657 642
83658 642
83659 642
83660 642
83661 642
83662 642
83663 642
83664 642
83665 642
83666 642
83667 642
83668 642
83669 642
83670 642
83671 642
83672 642
83673 642
83674 642
83675 642
83676 642
83677 642
83678 642
83679 642
83680 642
83681 642
83682 642
83683 642
83684 642
83685 642
83686 642
83687 642
83688 642
83689 642
83690 642
83691 642
83692 642
83693 642
83694 642
83695 642
83696 642
83697 642
83698 642
83699 642
83700 642
83701 642
83702 642
83703 642
83704 642
83705 642
83706 642
83707 642
83708 642
83709 642
83710 642
83711 642
83712 642
83713 642
83714 642
83715 642
83716 642
83717 642
83718 642
83719 642
83720 642
83721 642
83722 642
83723 642
83724 642
83725 642
83726 642
83727 642
83728 642
83729 642
83730 642
83731 642
83732 642
83733 642
83734 642
83735 642
83736 642
83737 642
83738 642
83739 642
83740 642
83741 642
83742 642
83743 642
83744 642
83745 642
83746 642
83747 642
83748 642
83749 642
83750 642
83751 642
83752 642
83753 642
83754 642
83755 642
83756 642
83757 642
83758 642
83759 642
83760 642
83761 642
83762 642
83763 642
83764 642
83765 642
83766 642
83767 642
83768 642
83769 642
83770 642
83771 642
83772 643
83773 643
83774 643
83775 643
83776 643
83777 643
83778 643
83779 643
83780 643
83781 643
83782 643
83783 643
83784 643
83785 643
83786 643
83787 643
83788 643
83789 643
83790 643
83791 643
83792 643
83793 644
83794 644
83795 644
83796 644
83797 644
83798 644
83799 644
83800 644
83801 644
83802 644
83803 644
83804 644
83805 644
83806 644
83807 644
83808 644
83809 644
83810 644
83811 644
83812 644
83813 644
83814 644
83815 644
83816 644
83817 644
83818 644
83819 644
83820 644
83821 644
83822 644
83823 644
83824 644
83825 644
83826 644
83827 644
83828 644
83829 644
83830 644
83831 644
83832 644
83833 644
83834 644
83835 644
83836 644
83837 644
83838 644
83839 644
83840 644
83841 644
83842 644
83843 644
83844 644
83845 644
83846 644
83847 644
83848 644
83849 644
83850 644
83851 644
83852 644
83853 644
83854 644
83855 644
83856 644
83857 644
83858 644
83859 644
83860 644
83861 644
83862 644
83863 644
83864 644
83865 644
83866 644
83867 644
83868 644
83869 644
83870 644
83871 644
83872 644
83873 644
83874 644
83875 644
83876 644
83877 645
83878 645
83879 645
83880 645
83881 645
83882 645
83883 645
83884 645
83885 645
83886 645
83887 645
83888 645
83889 645
83890 645
83891 645
83892 645
83893 645
83894 645
83895 645
83896 645
83897 645
83898 645
83899 645
83900 645
83901 645
83902 645
83903 645
83904 645
83905 645
83906 645
83907 645
83908 646
83909 646
83910 646
83911 646
83912 646
83913 646
83914 646
83915 646
83916 646
83917 646
83918 646
83919 646
83920 646
83921 646
83922 646
83923 646
83924 646
83925 646
83926 646
83927 646
83928 646
83929 646
83930 646
83931 646
83932 646
83933 646
83934 646
83935 646
83936 646
83937 646
83938 646
83939 646
83940 646
83941 646
83942 646
83943 646
83944 646
83945 646
83946 646
83947 646
83948 646
83949 646
83950 646
83951 646
83952 646
83953 646
83954 646
83955 646
83956 646
83957 646
83958 646
83959 646
83960 646
83961 646
83962 646
83963 646
83964 646
83965 646
83966 646
83967 646
83968 646
83969 646
83970 646
83971 646
83972 646
83973 646
83974 646
83975 646
83976 646
83977 646
83978 646
83979 646
83980 646
83981 646
83982 646
83983 646
83984 646
83985 646
83986 646
83987 646
83988 646
83989 646
83990 646
83991 648
83992 648
83993 651
83994 651
83995 651
83996 651
83997 651
83998 651
83999 651
84000 653
84001 654
84002 654
84003 654
84004 657
84005 657
84006 657
84007 657
84008 657
84009 657
84010 662
84011 662
84012 662
84013 662
84014 663
84015 663
84016 663
84017 663
84018 663
84019 663
84020 663
84021 663
84022 663
84023 663
84024 663
84025 663
84026 663
84027 663
84028 663
84029 663
84030 663
84031 663
84032 663
84033 663
84034 663
84035 663
84036 663
84037 663
84038 663
84039 663
84040 663
84041 664
84042 664
84043 664
84044 664
84045 664
84046 664
84047 664
84048 664
84049 664
84050 664
84051 664
84052 664
84053 664
84054 664
84055 664
84056 664
84057 664
84058 664
84059 664
84060 664
84061 664
84062 664
84063 665
84064 665
84065 665
84066 665
84067 665
84068 665
84069 665
84070 665
84071 665
84072 665
84073 665
84074 665
84075 665
84076 665
84077 665
84078 665
84079 665
84080 665
84081 665
84082 665
84083 665
84084 665
84085 665
84086 665
84087 665
84088 665
84089 665
84090 665
84091 665
84092 665
84093 665
84094 665
84095 665
84096 665
84097 665
84098 665
84099 665
84100 665
84101 665
84102 665
84103 665
84104 665
84105 665
84106 666
84107 666
84108 666
84109 666
84110 666
84111 666
84112 666
84113 666
84114 666
84115 666
84116 666
84117 666
84118 666
84119 666
84120 666
84121 666
84122 666
84123 666
84124 666
84125 666
84126 666
84127 666
84128 666
84129 666
84130 666
84131 666
84132 666
84133 666
84134 666
84135 666
84136 666
84137 666
84138 666
84139 666
84140 666
84141 666
84142 666
84143 666
84144 666
84145 666
84146 666
84147 666
84148 666
84149 666
84150 666
84151 666
84152 666
84153 666
84154 666
84155 668
84156 668
84157 668
84158 669
84159 669
84160 669
84161 669
84162 669
84163 669
84164 669
84165 669
84166 669
84167 669
84168 669
84169 669
84170 669
84171 669
84172 669
84173 669
84174 669
84175 669
84176 669
84177 669
84178 669
84179 669
84180 669
84181 669
84182 669
84183 669
84184 669
84185 669
84186 669
84187 669
84188 669
84189 669
84190 669
84191 669
84192 669
84193 669
84194 669
84195 669
84196 669
84197 669
84198 669
84199 669
84200 669
84201 669
84202 669
84203 669
84204 669
84205 669
84206 669
84207 669
84208 669
84209 669
84210 669
84211 669
84212 669
84213 669
84214 669
84215 669
84216 669
84217 669
84218 669
84219 669
84220 669
84221 669
84222 669
84223 669
84224 669
84225 669
84226 670
84227 670
84228 670
84229 670
84230 670
84231 670
84232 670
84233 670
84234 670
84235 670
84236 670
84237 670
84238 670
84239 670
84240 670
84241 670
84242 670
84243 670
84244 670
84245 670
84246 670
84247 670
84248 670
84249 670
84250 670
84251 670
84252 670
84253 670
84254 670
84255 670
84256 670
84257 670
84258 670
84259 670
84260 670
84261 670
84262 670
84263 670
84264 670
84265 670
84266 670
84267 670
84268 670
84269 670
84270 671
84271 671
84272 671
84273 671
84274 671
84275 671
84276 671
84277 671
84278 671
84279 671
84280 671
84281 671
84282 671
84283 671
84284 671
84285 671
84286 671
84287 671
84288 671
84289 671
84290 671
84291 671
84292 671
84293 671
84294 671
84295 671
84296 671
84297 671
84298 671
84299 671
84300 671
84301 671
84302 671
84303 671
84304 671
84305 671
84306 671
84307 671
84308 671
84309 671
84310 671
84311 671
84312 671
84313 671
84314 671
84315 671
84316 671
84317 671
84318 671
84319 671
84320 671
84321 671
84322 671
84323 671
84324 671
84325 671
84326 671
84327 671
84328 671
84329 671
84330 671
84331 671
84332 671
84333 671
84334 671
84335 671
84336 671
84337 671
84338 671
84339 671
84340 671
84341 671
84342 671
84343 671
84344 671
84345 671
84346 671
84347 671
84348 671
84349 671
84350 671
84351 671
84352 671
84353 671
84354 671
84355 671
84356 671
84357 671
84358 671
84359 671
84360 671
84361 671
84362 671
84363 671
84364 671
84365 671
84366 671
84367 671
84368 671
84369 671
84370 671
84371 671
84372 671
84373 671
84374 671
84375 671
84376 671
84377 671
84378 671
84379 671
84380 671
84381 671
84382 671
84383 671
84384 671
84385 671
84386 671
84387 671
84388 671
84389 671
84390 671
84391 671
84392 671
84393 671
84394 671
84395 671
84396 671
84397 671
84398 671
84399 671
84400 671
84401 671
84402 671
84403 671
84404 671
84405 671
84406 671
84407 671
84408 671
84409 671
84410 671
84411 671
84412 671
84413 671
84414 671
84415 671
84416 671
84417 671
84418 671
84419 671
84420 671
84421 671
84422 671
84423 671
84424 671
84425 671
84426 671
84427 671
84428 671
84429 671
84430 671
84431 671
84432 671
84433 671
84434 671
84435 671
84436 671
84437 671
84438 671
84439 671
84440 671
84441 671
84442 671
84443 671
84444 671
84445 671
84446 671
84447 671
84448 671
84449 671
84450 671
84451 671
84452 671
84453 671
84454 671
84455 671
84456 671
84457 671
84458 671
84459 671
84460 671
84461 671
84462 671
84463 671
84464 671
84465 671
84466 671
84467 671
84468 671
84469 671
84470 671
84471 671
84472 671
84473 671
84474 671
84475 671
84476 671
84477 671
84478 671
84479 671
84480 671
84481 671
84482 671
84483 671
84484 671
84485 671
84486 671
84487 671
84488 671
84489 671
84490 671
84491 671
84492 671
84493 671
84494 671
84495 671
84496 671
84497 671
84498 671
84499 671
84500 671
84501 671
84502 671
84503 671
84504 671
84505 671
84506 671
84507 671
84508 671
84509 671
84510 671
84511 671
84512 671
84513 671
84514 671
84515 671
84516 671
84517 671
84518 671
84519 671
84520 671
84521 671
84522 671
84523 671
84524 671
84525 671
84526 671
84527 671
84528 671
84529 671
84530 671
84531 671
84532 671
84533 671
84534 671
84535 671
84536 671
84537 671
84538 671
84539 671
84540 671
84541 671
84542 671
84543 671
84544 671
84545 671
84546 671
84547 671
84548 671
84549 671
84550 671
84551 671
84552 671
84553 671
84554 671
84555 671
84556 671
84557 671
84558 671
84559 671
84560 671
84561 671
84562 671
84563 671
84564 671
84565 671
84566 671
84567 671
84568 671
84569 671
84570 671
84571 671
84572 671
84573 671
84574 671
84575 671
84576 671
84577 671
84578 671
84579 671
84580 671
84581 671
84582 671
84583 671
84584 671
84585 671
84586 671
84587 671
84588 671
84589 671
84590 671
84591 671
84592 671
84593 671
84594 671
84595 671
84596 671
84597 671
84598 671
84599 671
84600 671
84601 671
84602 671
84603 671
84604 671
84605 671
84606 671
84607 671
84608 671
84609 671
84610 672
84611 672
84612 672
84613 672
84614 672
84615 672
84616 672
84617 672
84618 672
84619 672
84620 672
84621 672
84622 672
84623 672
84624 672
84625 672
84626 672
84627 672
84628 672
84629 672
84630 672
84631 672
84632 672
84633 672
84634 672
84635 672
84636 672
84637 672
84638 672
84639 672
84640 672
84641 672
84642 672
84643 672
84644 672
84645 672
84646 672
84647 672
84648 672
84649 672
84650 672
84651 672
84652 672
84653 672
84654 672
84655 672
84656 672
84657 672
84658 672
84659 672
84660 672
84661 672
84662 672
84663 672
84664 672
84665 672
84666 672
84667 672
84668 672
84669 672
84670 672
84671 672
84672 672
84673 672
84674 672
84675 672
84676 672
84677 672
84678 672
84679 672
84680 672
84681 672
84682 672
84683 672
84684 672
84685 672
84686 672
84687 672
84688 672
84689 672
84690 672
84691 672
84692 672
84693 672
84694 672
84695 672
84696 672
84697 672
84698 672
84699 672
84700 672
84701 672
84702 672
84703 672
84704 672
84705 672
84706 672
84707 672
84708 672
84709 672
84710 672
84711 672
84712 672
84713 672
84714 672
84715 672
84716 672
84717 672
84718 672
84719 672
84720 672
84721 672
84722 672
84723 672
84724 672
84725 672
84726 672
84727 672
84728 672
84729 672
84730 672
84731 672
84732 672
84733 672
84734 672
84735 672
84736 672
84737 672
84738 672
84739 672
84740 672
84741 672
84742 672
84743 672
84744 672
84745 672
84746 672
84747 672
84748 672
84749 672
84750 672
84751 672
84752 672
84753 672
84754 672
84755 672
84756 672
84757 672
84758 672
84759 672
84760 672
84761 672
84762 672
84763 672
84764 672
84765 672
84766 672
84767 672
84768 672
84769 672
84770 672
84771 672
84772 672
84773 672
84774 672
84775 672
84776 672
84777 672
84778 672
84779 672
84780 672
84781 672
84782 672
84783 672
84784 672
84785 672
84786 672
84787 672
84788 672
84789 672
84790 672
84791 672
84792 672
84793 672
84794 672
84795 672
84796 672
84797 672
84798 672
84799 672
84800 672
84801 672
84802 672
84803 672
84804 672
84805 672
84806 672
84807 672
84808 672
84809 672
84810 672
84811 672
84812 672
84813 672
84814 672
84815 672
84816 672
84817 672
84818 672
84819 672
84820 672
84821 672
84822 672
84823 672
84824 672
84825 672
84826 672
84827 672
84828 672
84829 672
84830 672
84831 672
84832 672
84833 672
84834 672
84835 672
84836 672
84837 672
84838 672
84839 672
84840 672
84841 672
84842 672
84843 672
84844 672
84845 672
84846 672
84847 672
84848 672
84849 672
84850 672
84851 672
84852 672
84853 672
84854 672
84855 672
84856 672
84857 672
84858 672
84859 672
84860 672
84861 672
84862 672
84863 672
84864 672
84865 672
84866 672
84867 672
84868 672
84869 672
84870 672
84871 672
84872 672
84873 672
84874 672
84875 672
84876 672
84877 672
84878 672
84879 672
84880 672
84881 672
84882 672
84883 672
84884 672
84885 672
84886 672
84887 672
84888 672
84889 672
84890 672
84891 672
84892 672
84893 672
84894 672
84895 672
84896 672
84897 672
84898 672
84899 672
84900 672
84901 672
84902 672
84903 672
84904 672
84905 672
84906 672
84907 672
84908 672
84909 672
84910 672
84911 672
84912 672
84913 672
84914 672
84915 672
84916 672
84917 672
84918 672
84919 672
84920 672
84921 672
84922 672
84923 672
84924 672
84925 672
84926 672
84927 672
84928 672
84929 672
84930 672
84931 672
84932 672
84933 672
84934 672
84935 672
84936 672
84937 672
84938 672
84939 672
84940 672
84941 672
84942 672
84943 672
84944 672
84945 672
84946 672
84947 672
84948 672
84949 672
84950 672
84951 672
84952 672
84953 672
84954 672
84955 672
84956 672
84957 672
84958 672
84959 672
84960 672
84961 672
84962 672
84963 672
84964 672
84965 672
84966 672
84967 672
84968 672
84969 672
84970 672
84971 672
84972 672
84973 672
84974 672
84975 672
84976 672
84977 672
84978 672
84979 672
84980 672
84981 672
84982 672
84983 672
84984 672
84985 672
84986 672
84987 672
84988 672
84989 672
84990 672
84991 672
84992 672
84993 672
84994 672
84995 672
84996 672
84997 672
84998 672
84999 672
85000 672
85001 672
85002 672
85003 672
85004 672
85005 672
85006 672
85007 672
85008 672
85009 672
85010 672
85011 672
85012 672
85013 672
85014 672
85015 672
85016 672
85017 672
85018 672
85019 672
85020 672
85021 672
85022 672
85023 672
85024 672
85025 672
85026 672
85027 672
85028 672
85029 672
85030 672
85031 672
85032 672
85033 672
85034 672
85035 672
85036 672
85037 672
85038 672
85039 672
85040 672
85041 672
85042 672
85043 672
85044 672
85045 672
85046 672
85047 672
85048 672
85049 672
85050 672
85051 672
85052 672
85053 672
85054 672
85055 672
85056 672
85057 672
85058 672
85059 672
85060 672
85061 672
85062 672
85063 672
85064 672
85065 672
85066 672
85067 672
85068 672
85069 672
85070 672
85071 672
85072 672
85073 672
85074 672
85075 672
85076 672
85077 672
85078 672
85079 672
85080 672
85081 672
85082 672
85083 672
85084 672
85085 672
85086 672
85087 672
85088 672
85089 672
85090 672
85091 672
85092 672
85093 672
85094 672
85095 672
85096 672
85097 672
85098 672
85099 672
85100 672
85101 672
85102 672
85103 672
85104 672
85105 672
85106 672
85107 672
85108 672
85109 672
85110 672
85111 672
85112 672
85113 672
85114 672
85115 672
85116 672
85117 672
85118 672
85119 672
85120 672
85121 672
85122 672
85123 672
85124 672
85125 672
85126 672
85127 672
85128 672
85129 672
85130 672
85131 672
85132 672
85133 672
85134 672
85135 672
85136 672
85137 672
85138 672
85139 672
85140 672
85141 672
85142 672
85143 672
85144 672
85145 672
85146 672
85147 672
85148 672
85149 672
85150 672
85151 672
85152 672
85153 672
85154 672
85155 672
85156 672
85157 672
85158 672
85159 672
85160 672
85161 672
85162 672
85163 672
85164 672
85165 672
85166 672
85167 672
85168 672
85169 672
85170 672
85171 672
85172 672
85173 672
85174 672
85175 672
85176 672
85177 672
85178 672
85179 672
85180 672
85181 672
85182 672
85183 672
85184 672
85185 672
85186 672
85187 672
85188 672
85189 672
85190 672
85191 672
85192 672
85193 672
85194 672
85195 672
85196 672
85197 672
85198 672
85199 672
85200 672
85201 672
85202 672
85203 672
85204 672
85205 672
85206 672
85207 672
85208 672
85209 672
85210 672
85211 672
85212 672
85213 672
85214 672
85215 672
85216 672
85217 672
85218 672
85219 672
85220 672
85221 672
85222 672
85223 672
85224 672
85225 672
85226 672
85227 672
85228 672
85229 672
85230 672
85231 672
85232 672
85233 672
85234 672
85235 672
85236 672
85237 672
85238 672
85239 672
85240 672
85241 672
85242 672
85243 672
85244 672
85245 672
85246 672
85247 672
85248 672
85249 672
85250 672
85251 672
85252 672
85253 672
85254 672
85255 672
85256 672
85257 672
85258 672
85259 672
85260 672
85261 672
85262 672
85263 672
85264 672
85265 672
85266 672
85267 672
85268 672
85269 672
85270 672
85271 672
85272 672
85273 672
85274 672
85275 672
85276 672
85277 672
85278 672
85279 672
85280 672
85281 672
85282 672
85283 672
85284 672
85285 672
85286 672
85287 672
85288 672
85289 672
85290 672
85291 672
85292 672
85293 672
85294 672
85295 672
85296 672
85297 672
85298 672
85299 672
85300 672
85301 672
85302 672
85303 672
85304 672
85305 672
85306 672
85307 672
85308 672
85309 672
85310 672
85311 672
85312 672
85313 672
85314 672
85315 672
85316 672
85317 672
85318 672
85319 672
85320 672
85321 672
85322 672
85323 672
85324 672
85325 672
85326 672
85327 672
85328 672
85329 672
85330 672
85331 672
85332 672
85333 672
85334 672
85335 672
85336 672
85337 672
85338 672
85339 672
85340 672
85341 672
85342 672
85343 672
85344 672
85345 672
85346 672
85347 672
85348 672
85349 672
85350 672
85351 672
85352 672
85353 672
85354 672
85355 672
85356 672
85357 672
85358 672
85359 672
85360 672
85361 672
85362 672
85363 672
85364 672
85365 672
85366 672
85367 672
85368 672
85369 672
85370 672
85371 672
85372 672
85373 672
85374 672
85375 672
85376 672
85377 672
85378 672
85379 672
85380 672
85381 672
85382 672
85383 672
85384 672
85385 672
85386 672
85387 672
85388 672
85389 672
85390 672
85391 672
85392 672
85393 672
85394 672
85395 672
85396 672
85397 672
85398 672
85399 672
85400 672
85401 672
85402 672
85403 672
85404 672
85405 672
85406 672
85407 672
85408 672
85409 672
85410 672
85411 672
85412 672
85413 672
85414 672
85415 672
85416 672
85417 672
85418 672
85419 672
85420 672
85421 672
85422 672
85423 672
85424 672
85425 672
85426 672
85427 672
85428 672
85429 672
85430 672
85431 672
85432 672
85433 672
85434 672
85435 672
85436 672
85437 672
85438 672
85439 672
85440 672
85441 672
85442 672
85443 672
85444 672
85445 672
85446 672
85447 672
85448 672
85449 672
85450 672
85451 672
85452 672
85453 672
85454 672
85455 672
85456 672
85457 672
85458 672
85459 672
85460 672
85461 672
85462 672
85463 672
85464 672
85465 672
85466 672
85467 672
85468 672
85469 672
85470 672
85471 672
85472 672
85473 672
85474 672
85475 672
85476 672
85477 672
85478 672
85479 672
85480 672
85481 672
85482 672
85483 672
85484 674
85485 674
85486 674
85487 674
85488 674
85489 674
85490 674
85491 674
85492 674
85493 674
85494 674
85495 674
85496 674
85497 674
85498 674
85499 674
85500 674
85501 674
85502 674
85503 674
85504 674
85505 674
85506 674
85507 674
85508 674
85509 674
85510 674
85511 674
85512 674
85513 674
85514 674
85515 674
85516 674
85517 674
85518 674
85519 674
85520 674
85521 674
85522 674
85523 674
85524 674
85525 674
85526 674
85527 674
85528 674
85529 674
85530 674
85531 674
85532 674
85533 674
85534 674
85535 674
85536 674
85537 674
85538 674
85539 674
85540 674
85541 674
85542 674
85543 674
85544 674
85545 674
85546 674
85547 674
85548 674
85549 674
85550 674
85551 674
85552 674
85553 674
85554 674
85555 674
85556 674
85557 674
85558 674
85559 674
85560 674
85561 674
85562 674
85563 674
85564 674
85565 674
85566 674
85567 674
85568 674
85569 674
85570 674
85571 674
85572 674
85573 674
85574 674
85575 674
85576 674
85577 674
85578 674
85579 674
85580 674
85581 674
85582 674
85583 674
85584 674
85585 674
85586 674
85587 674
85588 674
85589 674
85590 674
85591 674
85592 674
85593 674
85594 674
85595 674
85596 674
85597 674
85598 674
85599 674
85600 674
85601 674
85602 674
85603 674
85604 674
85605 674
85606 674
85607 674
85608 674
85609 674
85610 674
85611 674
85612 674
85613 674
85614 674
85615 674
85616 674
85617 674
85618 674
85619 674
85620 674
85621 674
85622 674
85623 674
85624 674
85625 674
85626 674
85627 674
85628 674
85629 674
85630 674
85631 674
85632 674
85633 674
85634 674
85635 674
85636 674
85637 674
85638 674
85639 674
85640 674
85641 674
85642 674
85643 674
85644 674
85645 674
85646 674
85647 674
85648 674
85649 674
85650 674
85651 674
85652 674
85653 674
85654 674
85655 674
85656 674
85657 674
85658 674
85659 674
85660 674
85661 674
85662 674
85663 674
85664 674
85665 674
85666 674
85667 674
85668 674
85669 674
85670 674
85671 674
85672 674
85673 674
85674 674
85675 674
85676 674
85677 674
85678 674
85679 674
85680 674
85681 674
85682 674
85683 674
85684 674
85685 674
85686 674
85687 674
85688 674
85689 674
85690 674
85691 674
85692 674
85693 674
85694 674
85695 674
85696 674
85697 674
85698 674
85699 674
85700 674
85701 674
85702 674
85703 674
85704 674
85705 674
85706 674
85707 674
85708 674
85709 674
85710 674
85711 674
85712 674
85713 674
85714 674
85715 674
85716 674
85717 674
85718 674
85719 674
85720 674
85721 674
85722 674
85723 674
85724 674
85725 674
85726 674
85727 674
85728 674
85729 674
85730 674
85731 674
85732 674
85733 674
85734 674
85735 674
85736 674
85737 674
85738 674
85739 674
85740 674
85741 674
85742 674
85743 674
85744 674
85745 674
85746 674
85747 674
85748 674
85749 674
85750 674
85751 674
85752 674
85753 674
85754 674
85755 674
85756 674
85757 674
85758 674
85759 674
85760 674
85761 674
85762 674
85763 674
85764 674
85765 674
85766 674
85767 674
85768 674
85769 674
85770 674
85771 674
85772 674
85773 674
85774 674
85775 674
85776 674
85777 674
85778 674
85779 674
85780 674
85781 674
85782 674
85783 674
85784 674
85785 674
85786 674
85787 674
85788 674
85789 674
85790 674
85791 674
85792 674
85793 674
85794 674
85795 674
85796 674
85797 674
85798 674
85799 674
85800 674
85801 674
85802 674
85803 674
85804 674
85805 675
85806 675
85807 675
85808 675
85809 675
85810 675
85811 675
85812 675
85813 675
85814 675
85815 675
85816 675
85817 675
85818 675
85819 675
85820 675
85821 675
85822 675
85823 675
85824 675
85825 675
85826 675
85827 675
85828 675
85829 675
85830 675
85831 675
85832 675
85833 675
85834 675
85835 675
85836 675
85837 675
85838 675
85839 675
85840 675
85841 675
85842 675
85843 675
85844 675
85845 675
85846 675
85847 675
85848 675
85849 675
85850 675
85851 675
85852 675
85853 675
85854 675
85855 675
85856 675
85857 675
85858 675
85859 675
85860 675
85861 675
85862 675
85863 675
85864 675
85865 675
85866 675
85867 675
85868 675
85869 675
85870 675
85871 675
85872 675
85873 675
85874 675
85875 675
85876 675
85877 675
85878 675
85879 675
85880 675
85881 675
85882 675
85883 675
85884 675
85885 675
85886 675
85887 675
85888 675
85889 675
85890 675
85891 675
85892 675
85893 675
85894 675
85895 675
85896 675
85897 675
85898 675
85899 675
85900 675
85901 675
85902 675
85903 675
85904 675
85905 675
85906 675
85907 675
85908 675
85909 675
85910 675
85911 675
85912 675
85913 675
85914 675
85915 675
85916 675
85917 675
85918 675
85919 675
85920 675
85921 675
85922 675
85923 675
85924 675
85925 675
85926 675
85927 675
85928 675
85929 675
85930 675
85931 675
85932 675
85933 675
85934 675
85935 675
85936 675
85937 675
85938 675
85939 675
85940 675
85941 675
85942 675
85943 675
85944 675
85945 675
85946 675
85947 675
85948 675
85949 675
85950 675
85951 675
85952 675
85953 675
85954 675
85955 675
85956 675
85957 675
85958 675
85959 675
85960 675
85961 675
85962 675
85963 675
85964 675
85965 675
85966 675
85967 675
85968 675
85969 675
85970 675
85971 675
85972 675
85973 675
85974 675
85975 675
85976 675
85977 675
85978 675
85979 675
85980 675
85981 675
85982 675
85983 675
85984 675
85985 675
85986 675
85987 675
85988 675
85989 675
85990 675
85991 675
85992 675
85993 675
85994 675
85995 675
85996 675
85997 675
85998 675
85999 675
86000 675
86001 675
86002 675
86003 675
86004 675
86005 675
86006 675
86007 675
86008 675
86009 675
86010 675
86011 675
86012 675
86013 675
86014 675
86015 675
86016 675
86017 675
86018 675
86019 675
86020 675
86021 675
86022 675
86023 675
86024 675
86025 675
86026 675
86027 675
86028 675
86029 675
86030 675
86031 675
86032 675
86033 675
86034 675
86035 675
86036 675
86037 675
86038 675
86039 675
86040 675
86041 675
86042 675
86043 675
86044 675
86045 675
86046 675
86047 675
86048 675
86049 675
86050 675
86051 675
86052 675
86053 675
86054 675
86055 675
86056 675
86057 675
86058 675
86059 675
86060 675
86061 675
86062 675
86063 675
86064 675
86065 675
86066 675
86067 675
86068 675
86069 675
86070 675
86071 675
86072 675
86073 675
86074 675
86075 675
86076 675
86077 675
86078 675
86079 675
86080 675
86081 675
86082 675
86083 675
86084 675
86085 675
86086 675
86087 675
86088 675
86089 675
86090 675
86091 675
86092 675
86093 675
86094 675
86095 675
86096 675
86097 675
86098 675
86099 675
86100 675
86101 675
86102 675
86103 675
86104 675
86105 675
86106 675
86107 675
86108 675
86109 675
86110 675
86111 675
86112 675
86113 675
86114 675
86115 675
86116 675
86117 675
86118 675
86119 675
86120 675
86121 675
86122 675
86123 675
86124 675
86125 675
86126 675
86127 675
86128 675
86129 675
86130 675
86131 675
86132 675
86133 675
86134 675
86135 675
86136 675
86137 675
86138 675
86139 675
86140 675
86141 675
86142 675
86143 675
86144 675
86145 675
86146 675
86147 675
86148 675
86149 675
86150 675
86151 675
86152 675
86153 675
86154 675
86155 675
86156 675
86157 675
86158 675
86159 675
86160 675
86161 675
86162 675
86163 675
86164 675
86165 675
86166 675
86167 675
86168 675
86169 675
86170 675
86171 675
86172 675
86173 675
86174 675
86175 675
86176 675
86177 675
86178 675
86179 675
86180 675
86181 675
86182 675
86183 675
86184 675
86185 675
86186 675
86187 675
86188 675
86189 675
86190 675
86191 675
86192 675
86193 675
86194 675
86195 675
86196 675
86197 675
86198 675
86199 675
86200 675
86201 675
86202 675
86203 675
86204 675
86205 675
86206 675
86207 675
86208 675
86209 675
86210 675
86211 675
86212 675
86213 675
86214 675
86215 675
86216 675
86217 675
86218 675
86219 675
86220 675
86221 675
86222 675
86223 675
86224 675
86225 675
86226 675
86227 675
86228 675
86229 675
86230 675
86231 675
86232 675
86233 675
86234 675
86235 675
86236 675
86237 675
86238 675
86239 675
86240 675
86241 675
86242 675
86243 675
86244 675
86245 675
86246 675
86247 675
86248 675
86249 675
86250 675
86251 675
86252 675
86253 675
86254 675
86255 675
86256 675
86257 675
86258 675
86259 675
86260 675
86261 675
86262 675
86263 675
86264 675
86265 675
86266 675
86267 675
86268 675
86269 675
86270 675
86271 675
86272 675
86273 675
86274 675
86275 675
86276 675
86277 675
86278 675
86279 675
86280 675
86281 675
86282 675
86283 675
86284 675
86285 675
86286 675
86287 675
86288 675
86289 675
86290 675
86291 675
86292 675
86293 675
86294 675
86295 675
86296 675
86297 675
86298 675
86299 675
86300 675
86301 675
86302 675
86303 675
86304 675
86305 675
86306 675
86307 675
86308 675
86309 675
86310 675
86311 675
86312 675
86313 675
86314 675
86315 675
86316 675
86317 675
86318 675
86319 675
86320 675
86321 675
86322 675
86323 675
86324 675
86325 675
86326 675
86327 675
86328 675
86329 675
86330 675
86331 675
86332 675
86333 675
86334 675
86335 675
86336 675
86337 675
86338 675
86339 675
86340 675
86341 675
86342 675
86343 675
86344 675
86345 675
86346 675
86347 675
86348 675
86349 675
86350 675
86351 675
86352 675
86353 675
86354 675
86355 675
86356 675
86357 675
86358 675
86359 675
86360 675
86361 675
86362 675
86363 675
86364 675
86365 675
86366 675
86367 675
86368 675
86369 675
86370 675
86371 675
86372 675
86373 675
86374 675
86375 675
86376 675
86377 675
86378 675
86379 675
86380 675
86381 675
86382 675
86383 675
86384 675
86385 675
86386 675
86387 675
86388 675
86389 675
86390 675
86391 675
86392 675
86393 675
86394 675
86395 675
86396 675
86397 675
86398 675
86399 675
86400 675
86401 675
86402 675
86403 675
86404 675
86405 675
86406 675
86407 675
86408 675
86409 675
86410 675
86411 675
86412 675
86413 675
86414 675
86415 675
86416 675
86417 675
86418 675
86419 675
86420 675
86421 675
86422 675
86423 675
86424 675
86425 675
86426 675
86427 675
86428 675
86429 675
86430 675
86431 675
86432 675
86433 675
86434 675
86435 675
86436 675
86437 675
86438 675
86439 675
86440 675
86441 675
86442 675
86443 675
86444 675
86445 675
86446 675
86447 675
86448 675
86449 675
86450 675
86451 675
86452 675
86453 675
86454 675
86455 675
86456 675
86457 675
86458 675
86459 675
86460 675
86461 675
86462 675
86463 675
86464 675
86465 675
86466 675
86467 675
86468 675
86469 675
86470 675
86471 675
86472 675
86473 675
86474 675
86475 675
86476 675
86477 675
86478 675
86479 675
86480 675
86481 675
86482 675
86483 675
86484 675
86485 675
86486 675
86487 675
86488 675
86489 675
86490 675
86491 675
86492 675
86493 675
86494 675
86495 675
86496 675
86497 675
86498 675
86499 675
86500 675
86501 675
86502 675
86503 675
86504 675
86505 675
86506 675
86507 675
86508 675
86509 675
86510 675
86511 675
86512 675
86513 675
86514 675
86515 675
86516 675
86517 675
86518 675
86519 675
86520 675
86521 675
86522 675
86523 675
86524 675
86525 675
86526 675
86527 675
86528 675
86529 675
86530 675
86531 675
86532 675
86533 675
86534 675
86535 675
86536 675
86537 675
86538 675
86539 675
86540 675
86541 675
86542 675
86543 675
86544 675
86545 675
86546 675
86547 675
86548 675
86549 675
86550 675
86551 675
86552 675
86553 675
86554 675
86555 675
86556 675
86557 675
86558 675
86559 675
86560 675
86561 675
86562 675
86563 675
86564 675
86565 675
86566 675
86567 675
86568 675
86569 675
86570 675
86571 675
86572 676
86573 676
86574 676
86575 676
86576 676
86577 676
86578 676
86579 676
86580 676
86581 676
86582 676
86583 676
86584 676
86585 676
86586 676
86587 676
86588 676
86589 676
86590 676
86591 676
86592 676
86593 676
86594 676
86595 676
86596 676
86597 676
86598 676
86599 676
86600 676
86601 676
86602 676
86603 676
86604 676
86605 676
86606 676
86607 676
86608 676
86609 676
86610 676
86611 676
86612 676
86613 676
86614 676
86615 676
86616 676
86617 676
86618 676
86619 676
86620 676
86621 676
86622 676
86623 676
86624 676
86625 676
86626 676
86627 676
86628 676
86629 676
86630 676
86631 676
86632 676
86633 676
86634 676
86635 676
86636 676
86637 676
86638 676
86639 676
86640 676
86641 676
86642 676
86643 676
86644 676
86645 676
86646 676
86647 676
86648 676
86649 676
86650 676
86651 676
86652 676
86653 676
86654 676
86655 676
86656 676
86657 676
86658 676
86659 676
86660 676
86661 676
86662 676
86663 676
86664 676
86665 676
86666 676
86667 676
86668 676
86669 676
86670 676
86671 676
86672 676
86673 676
86674 676
86675 676
86676 676
86677 676
86678 676
86679 676
86680 676
86681 676
86682 676
86683 676
86684 676
86685 676
86686 676
86687 676
86688 676
86689 676
86690 676
86691 676
86692 676
86693 676
86694 676
86695 676
86696 676
86697 676
86698 676
86699 676
86700 676
86701 676
86702 676
86703 676
86704 676
86705 676
86706 676
86707 676
86708 676
86709 676
86710 676
86711 676
86712 676
86713 676
86714 676
86715 676
86716 676
86717 676
86718 676
86719 676
86720 676
86721 676
86722 676
86723 676
86724 676
86725 676
86726 676
86727 676
86728 676
86729 676
86730 676
86731 676
86732 676
86733 676
86734 677
86735 677
86736 677
86737 677
86738 677
86739 677
86740 677
86741 677
86742 677
86743 677
86744 677
86745 677
86746 677
86747 677
86748 677
86749 677
86750 677
86751 677
86752 677
86753 677
86754 677
86755 677
86756 677
86757 677
86758 677
86759 677
86760 677
86761 677
86762 677
86763 677
86764 677
86765 677
86766 677
86767 677
86768 677
86769 677
86770 677
86771 677
86772 677
86773 677
86774 677
86775 677
86776 677
86777 677
86778 677
86779 677
86780 677
86781 677
86782 677
86783 677
86784 677
86785 677
86786 677
86787 677
86788 677
86789 677
86790 677
86791 677
86792 677
86793 677
86794 677
86795 677
86796 677
86797 677
86798 677
86799 677
86800 677
86801 677
86802 677
86803 677
86804 677
86805 677
86806 677
86807 677
86808 677
86809 677
86810 677
86811 677
86812 677
86813 677
86814 677
86815 677
86816 677
86817 677
86818 677
86819 677
86820 677
86821 677
86822 677
86823 677
86824 677
86825 677
86826 677
86827 677
86828 677
86829 677
86830 677
86831 677
86832 677
86833 677
86834 677
86835 677
86836 677
86837 677
86838 677
86839 677
86840 677
86841 677
86842 677
86843 677
86844 677
86845 677
86846 677
86847 677
86848 677
86849 677
86850 677
86851 677
86852 677
86853 677
86854 677
86855 677
86856 677
86857 677
86858 677
86859 677
86860 677
86861 677
86862 677
86863 677
86864 677
86865 677
86866 677
86867 677
86868 677
86869 677
86870 677
86871 677
86872 677
86873 677
86874 677
86875 677
86876 677
86877 677
86878 677
86879 677
86880 677
86881 677
86882 677
86883 677
86884 677
86885 677
86886 677
86887 677
86888 677
86889 677
86890 677
86891 677
86892 677
86893 677
86894 677
86895 677
86896 677
86897 677
86898 677
86899 677
86900 677
86901 677
86902 677
86903 677
86904 677
86905 677
86906 677
86907 677
86908 677
86909 677
86910 677
86911 677
86912 677
86913 677
86914 677
86915 677
86916 677
86917 677
86918 677
86919 677
86920 677
86921 677
86922 677
86923 677
86924 677
86925 677
86926 677
86927 677
86928 677
86929 677
86930 677
86931 677
86932 677
86933 677
86934 677
86935 677
86936 677
86937 677
86938 677
86939 677
86940 677
86941 677
86942 677
86943 677
86944 677
86945 677
86946 677
86947 677
86948 677
86949 677
86950 677
86951 677
86952 677
86953 677
86954 677
86955 677
86956 677
86957 677
86958 677
86959 677
86960 677
86961 677
86962 677
86963 677
86964 677
86965 677
86966 677
86967 677
86968 677
86969 677
86970 677
86971 677
86972 677
86973 677
86974 677
86975 677
86976 677
86977 677
86978 677
86979 677
86980 677
86981 677
86982 677
86983 677
86984 677
86985 677
86986 677
86987 677
86988 677
86989 677
86990 677
86991 677
86992 677
86993 677
86994 677
86995 677
86996 677
86997 677
86998 677
86999 677
87000 677
87001 677
87002 677
87003 677
87004 677
87005 677
87006 677
87007 677
87008 677
87009 677
87010 677
87011 677
87012 677
87013 677
87014 677
87015 677
87016 677
87017 677
87018 677
87019 677
87020 677
87021 677
87022 677
87023 677
87024 677
87025 677
87026 677
87027 677
87028 677
87029 677
87030 677
87031 677
87032 677
87033 677
87034 677
87035 677
87036 678
87037 678
87038 678
87039 678
87040 678
87041 678
87042 678
87043 678
87044 678
87045 678
87046 678
87047 678
87048 678
87049 678
87050 678
87051 678
87052 678
87053 678
87054 678
87055 678
87056 678
87057 678
87058 678
87059 678
87060 678
87061 678
87062 678
87063 678
87064 678
87065 678
87066 678
87067 678
87068 678
87069 678
87070 678
87071 678
87072 678
87073 678
87074 678
87075 678
87076 678
87077 678
87078 678
87079 678
87080 678
87081 678
87082 678
87083 678
87084 678
87085 678
87086 678
87087 678
87088 678
87089 678
87090 678
87091 678
87092 678
87093 678
87094 678
87095 678
87096 678
87097 678
87098 678
87099 678
87100 678
87101 678
87102 678
87103 678
87104 678
87105 678
87106 678
87107 678
87108 678
87109 678
87110 678
87111 678
87112 678
87113 678
87114 678
87115 678
87116 678
87117 678
87118 678
87119 678
87120 678
87121 678
87122 678
87123 678
87124 678
87125 678
87126 678
87127 678
87128 678
87129 678
87130 678
87131 678
87132 678
87133 678
87134 678
87135 678
87136 678
87137 678
87138 678
87139 678
87140 678
87141 678
87142 678
87143 678
87144 678
87145 678
87146 678
87147 678
87148 678
87149 678
87150 678
87151 678
87152 678
87153 678
87154 678
87155 678
87156 678
87157 678
87158 678
87159 678
87160 678
87161 678
87162 678
87163 678
87164 678
87165 678
87166 678
87167 678
87168 678
87169 678
87170 678
87171 678
87172 678
87173 678
87174 678
87175 678
87176 678
87177 678
87178 678
87179 678
87180 678
87181 678
87182 678
87183 678
87184 678
87185 678
87186 678
87187 678
87188 678
87189 678
87190 678
87191 678
87192 678
87193 678
87194 678
87195 678
87196 678
87197 678
87198 678
87199 678
87200 678
87201 678
87202 678
87203 678
87204 678
87205 678
87206 678
87207 678
87208 678
87209 678
87210 678
87211 678
87212 678
87213 678
87214 678
87215 678
87216 678
87217 678
87218 678
87219 678
87220 678
87221 678
87222 678
87223 678
87224 678
87225 678
87226 678
87227 678
87228 678
87229 678
87230 678
87231 678
87232 678
87233 678
87234 678
87235 678
87236 678
87237 678
87238 678
87239 678
87240 678
87241 678
87242 678
87243 678
87244 678
87245 678
87246 678
87247 678
87248 678
87249 678
87250 678
87251 678
87252 678
87253 678
87254 678
87255 678
87256 678
87257 678
87258 678
87259 678
87260 678
87261 678
87262 678
87263 678
87264 678
87265 678
87266 678
87267 678
87268 678
87269 678
87270 678
87271 678
87272 678
87273 678
87274 678
87275 678
87276 678
87277 678
87278 678
87279 678
87280 678
87281 678
87282 678
87283 678
87284 678
87285 678
87286 678
87287 678
87288 678
87289 678
87290 678
87291 678
87292 678
87293 678
87294 678
87295 678
87296 678
87297 678
87298 678
87299 678
87300 678
87301 678
87302 678
87303 678
87304 678
87305 678
87306 678
87307 678
87308 678
87309 678
87310 678
87311 678
87312 678
87313 678
87314 678
87315 678
87316 678
87317 678
87318 678
87319 678
87320 678
87321 678
87322 678
87323 678
87324 678
87325 678
87326 678
87327 678
87328 678
87329 678
87330 678
87331 678
87332 678
87333 678
87334 678
87335 678
87336 678
87337 678
87338 678
87339 678
87340 678
87341 678
87342 678
87343 678
87344 678
87345 678
87346 678
87347 678
87348 678
87349 678
87350 678
87351 678
87352 678
87353 678
87354 678
87355 678
87356 678
87357 678
87358 678
87359 678
87360 678
87361 678
87362 678
87363 678
87364 678
87365 678
87366 678
87367 678
87368 678
87369 678
87370 678
87371 678
87372 678
87373 678
87374 678
87375 678
87376 678
87377 678
87378 678
87379 678
87380 678
87381 678
87382 678
87383 678
87384 678
87385 678
87386 678
87387 678
87388 678
87389 678
87390 678
87391 678
87392 678
87393 678
87394 678
87395 678
87396 678
87397 678
87398 678
87399 678
87400 678
87401 678
87402 678
87403 678
87404 678
87405 678
87406 678
87407 678
87408 678
87409 678
87410 679
87411 679
87412 679
87413 679
87414 679
87415 679
87416 679
87417 679
87418 679
87419 679
87420 679
87421 679
87422 679
87423 679
87424 679
87425 679
87426 679
87427 679
87428 679
87429 679
87430 679
87431 679
87432 679
87433 679
87434 679
87435 679
87436 679
87437 679
87438 679
87439 679
87440 679
87441 679
87442 679
87443 679
87444 679
87445 679
87446 679
87447 679
87448 679
87449 679
87450 679
87451 679
87452 679
87453 679
87454 679
87455 679
87456 679
87457 679
87458 679
87459 679
87460 679
87461 679
87462 679
87463 679
87464 679
87465 679
87466 679
87467 679
87468 679
87469 679
87470 679
87471 679
87472 679
87473 679
87474 679
87475 680
87476 680
87477 680
87478 680
87479 680
87480 680
87481 680
87482 680
87483 680
87484 680
87485 680
87486 680
87487 680
87488 680
87489 680
87490 680
87491 680
87492 680
87493 680
87494 680
87495 680
87496 680
87497 680
87498 680
87499 680
87500 680
87501 680
87502 680
87503 680
87504 680
87505 680
87506 680
87507 680
87508 680
87509 680
87510 680
87511 680
87512 680
87513 680
87514 680
87515 680
87516 680
87517 680
87518 680
87519 680
87520 680
87521 680
87522 680
87523 680
87524 680
87525 680
87526 680
87527 680
87528 680
87529 680
87530 680
87531 680
87532 680
87533 680
87534 680
87535 680
87536 680
87537 680
87538 680
87539 680
87540 680
87541 680
87542 680
87543 680
87544 680
87545 680
87546 680
87547 680
87548 680
87549 680
87550 680
87551 680
87552 680
87553 680
87554 680
87555 680
87556 680
87557 680
87558 680
87559 680
87560 680
87561 680
87562 680
87563 680
87564 680
87565 680
87566 680
87567 680
87568 680
87569 680
87570 680
87571 680
87572 680
87573 680
87574 680
87575 680
87576 680
87577 680
87578 680
87579 680
87580 680
87581 680
87582 680
87583 680
87584 680
87585 680
87586 680
87587 680
87588 680
87589 680
87590 680
87591 680
87592 680
87593 680
87594 680
87595 680
87596 680
87597 680
87598 680
87599 680
87600 680
87601 680
87602 680
87603 680
87604 680
87605 680
87606 680
87607 680
87608 680
87609 680
87610 680
87611 680
87612 680
87613 680
87614 680
87615 680
87616 680
87617 680
87618 680
87619 680
87620 680
87621 680
87622 680
87623 680
87624 680
87625 680
87626 680
87627 680
87628 680
87629 680
87630 680
87631 680
87632 680
87633 680
87634 680
87635 680
87636 680
87637 680
87638 680
87639 680
87640 680
87641 680
87642 680
87643 680
87644 680
87645 680
87646 680
87647 680
87648 680
87649 680
87650 680
87651 680
87652 680
87653 680
87654 680
87655 680
87656 680
87657 680
87658 680
87659 680
87660 680
87661 680
87662 680
87663 680
87664 680
87665 680
87666 680
87667 680
87668 680
87669 680
87670 680
87671 680
87672 680
87673 680
87674 680
87675 680
87676 680
87677 680
87678 680
87679 680
87680 680
87681 680
87682 680
87683 680
87684 680
87685 680
87686 680
87687 680
87688 680
87689 680
87690 680
87691 680
87692 680
87693 680
87694 680
87695 680
87696 680
87697 680
87698 680
87699 680
87700 680
87701 680
87702 680
87703 680
87704 680
87705 680
87706 680
87707 680
87708 680
87709 680
87710 680
87711 680
87712 680
87713 680
87714 680
87715 680
87716 680
87717 680
87718 680
87719 680
87720 680
87721 680
87722 680
87723 680
87724 680
87725 680
87726 680
87727 680
87728 680
87729 680
87730 680
87731 680
87732 680
87733 680
87734 680
87735 680
87736 680
87737 680
87738 680
87739 680
87740 680
87741 680
87742 680
87743 680
87744 680
87745 680
87746 680
87747 680
87748 680
87749 680
87750 680
87751 680
87752 680
87753 680
87754 680
87755 680
87756 680
87757 680
87758 680
87759 680
87760 680
87761 680
87762 680
87763 680
87764 680
87765 680
87766 680
87767 680
87768 680
87769 680
87770 680
87771 680
87772 680
87773 680
87774 680
87775 680
87776 680
87777 680
87778 680
87779 680
87780 680
87781 680
87782 680
87783 680
87784 680
87785 680
87786 680
87787 680
87788 680
87789 680
87790 680
87791 680
87792 680
87793 680
87794 680
87795 680
87796 680
87797 680
87798 680
87799 680
87800 680
87801 680
87802 681
87803 681
87804 681
87805 681
87806 681
87807 681
87808 681
87809 681
87810 681
87811 681
87812 681
87813 681
87814 681
87815 681
87816 681
87817 681
87818 681
87819 681
87820 681
87821 681
87822 681
87823 681
87824 681
87825 681
87826 681
87827 681
87828 681
87829 681
87830 681
87831 681
87832 681
87833 681
87834 681
87835 681
87836 681
87837 681
87838 681
87839 681
87840 681
87841 681
87842 681
87843 681
87844 681
87845 681
87846 681
87847 681
87848 681
87849 681
87850 681
87851 681
87852 681
87853 681
87854 681
87855 681
87856 681
87857 681
87858 681
87859 681
87860 681
87861 681
87862 681
87863 681
87864 681
87865 681
87866 681
87867 681
87868 681
87869 681
87870 681
87871 681
87872 681
87873 681
87874 681
87875 681
87876 681
87877 681
87878 681
87879 681
87880 681
87881 681
87882 681
87883 681
87884 681
87885 681
87886 681
87887 681
87888 681
87889 681
87890 681
87891 681
87892 681
87893 681
87894 681
87895 681
87896 681
87897 681
87898 681
87899 681
87900 681
87901 681
87902 681
87903 681
87904 681
87905 681
87906 681
87907 681
87908 681
87909 681
87910 681
87911 681
87912 681
87913 681
87914 681
87915 681
87916 681
87917 681
87918 681
87919 681
87920 681
87921 681
87922 681
87923 681
87924 681
87925 681
87926 681
87927 681
87928 681
87929 681
87930 681
87931 681
87932 681
87933 681
87934 681
87935 681
87936 681
87937 681
87938 681
87939 681
87940 681
87941 681
87942 681
87943 681
87944 681
87945 681
87946 681
87947 681
87948 681
87949 681
87950 681
87951 681
87952 681
87953 681
87954 681
87955 681
87956 681
87957 681
87958 681
87959 681
87960 681
87961 681
87962 681
87963 681
87964 681
87965 681
87966 681
87967 681
87968 681
87969 681
87970 681
87971 681
87972 681
87973 681
87974 681
87975 681
87976 681
87977 681
87978 681
87979 681
87980 681
87981 681
87982 681
87983 681
87984 681
87985 681
87986 681
87987 681
87988 681
87989 681
87990 681
87991 681
87992 681
87993 681
87994 681
87995 681
87996 681
87997 681
87998 681
87999 681
88000 681
88001 681
88002 681
88003 681
88004 681
88005 681
88006 681
88007 681
88008 681
88009 681
88010 681
88011 681
88012 681
88013 681
88014 681
88015 681
88016 681
88017 681
88018 681
88019 681
88020 681
88021 681
88022 681
88023 681
88024 681
88025 681
88026 681
88027 681
88028 681
88029 681
88030 681
88031 681
88032 681
88033 681
88034 681
88035 681
88036 681
88037 681
88038 682
88039 682
88040 682
88041 682
88042 682
88043 682
88044 682
88045 682
88046 682
88047 682
88048 682
88049 682
88050 682
88051 682
88052 682
88053 682
88054 682
88055 682
88056 682
88057 682
88058 682
88059 682
88060 682
88061 682
88062 682
88063 682
88064 682
88065 682
88066 682
88067 682
88068 682
88069 682
88070 682
88071 682
88072 682
88073 682
88074 682
88075 682
88076 682
88077 682
88078 682
88079 682
88080 682
88081 682
88082 682
88083 682
88084 682
88085 682
88086 682
88087 682
88088 682
88089 682
88090 682
88091 682
88092 682
88093 682
88094 682
88095 682
88096 682
88097 682
88098 682
88099 682
88100 682
88101 682
88102 682
88103 682
88104 682
88105 682
88106 682
88107 682
88108 682
88109 682
88110 682
88111 682
88112 682
88113 682
88114 682
88115 682
88116 682
88117 682
88118 682
88119 682
88120 682
88121 682
88122 682
88123 682
88124 682
88125 682
88126 682
88127 682
88128 682
88129 682
88130 682
88131 682
88132 682
88133 682
88134 682
88135 682
88136 682
88137 682
88138 682
88139 682
88140 682
88141 682
88142 682
88143 682
88144 682
88145 682
88146 682
88147 682
88148 682
88149 682
88150 682
88151 682
88152 682
88153 682
88154 682
88155 682
88156 682
88157 682
88158 682
88159 682
88160 682
88161 682
88162 682
88163 682
88164 682
88165 682
88166 682
88167 682
88168 682
88169 682
88170 682
88171 682
88172 682
88173 682
88174 682
88175 682
88176 682
88177 682
88178 682
88179 682
88180 682
88181 682
88182 682
88183 682
88184 682
88185 682
88186 682
88187 682
88188 682
88189 682
88190 682
88191 682
88192 682
88193 682
88194 682
88195 682
88196 682
88197 682
88198 682
88199 682
88200 682
88201 682
88202 682
88203 682
88204 682
88205 682
88206 682
88207 682
88208 682
88209 682
88210 682
88211 682
88212 682
88213 682
88214 682
88215 682
88216 682
88217 682
88218 682
88219 682
88220 682
88221 682
88222 682
88223 682
88224 682
88225 682
88226 682
88227 682
88228 682
88229 682
88230 682
88231 682
88232 682
88233 682
88234 682
88235 682
88236 682
88237 682
88238 682
88239 682
88240 682
88241 682
88242 682
88243 682
88244 682
88245 682
88246 682
88247 682
88248 682
88249 682
88250 682
88251 682
88252 682
88253 682
88254 682
88255 682
88256 682
88257 682
88258 682
88259 682
88260 682
88261 682
88262 682
88263 682
88264 682
88265 682
88266 682
88267 682
88268 682
88269 682
88270 682
88271 682
88272 682
88273 682
88274 682
88275 682
88276 682
88277 682
88278 682
88279 682
88280 682
88281 682
88282 682
88283 682
88284 682
88285 682
88286 682
88287 682
88288 682
88289 682
88290 682
88291 682
88292 682
88293 682
88294 682
88295 682
88296 682
88297 682
88298 682
88299 682
88300 682
88301 682
88302 682
88303 682
88304 682
88305 682
88306 682
88307 682
88308 682
88309 682
88310 682
88311 682
88312 682
88313 682
88314 682
88315 682
88316 682
88317 682
88318 682
88319 682
88320 682
88321 682
88322 682
88323 682
88324 682
88325 682
88326 682
88327 682
88328 682
88329 682
88330 682
88331 682
88332 682
88333 682
88334 682
88335 682
88336 682
88337 682
88338 682
88339 682
88340 682
88341 682
88342 682
88343 682
88344 682
88345 682
88346 682
88347 682
88348 682
88349 682
88350 682
88351 682
88352 682
88353 682
88354 682
88355 682
88356 682
88357 682
88358 682
88359 682
88360 682
88361 682
88362 682
88363 682
88364 682
88365 682
88366 682
88367 682
88368 682
88369 682
88370 682
88371 682
88372 682
88373 682
88374 682
88375 682
88376 682
88377 682
88378 682
88379 682
88380 682
88381 682
88382 682
88383 682
88384 682
88385 682
88386 682
88387 682
88388 682
88389 682
88390 682
88391 682
88392 682
88393 682
88394 682
88395 682
88396 682
88397 682
88398 682
88399 682
88400 682
88401 682
88402 682
88403 682
88404 682
88405 682
88406 682
88407 682
88408 682
88409 682
88410 682
88411 682
88412 682
88413 682
88414 682
88415 682
88416 682
88417 682
88418 682
88419 682
88420 682
88421 682
88422 682
88423 682
88424 682
88425 682
88426 682
88427 682
88428 682
88429 682
88430 682
88431 682
88432 682
88433 682
88434 682
88435 682
88436 682
88437 682
88438 682
88439 682
88440 682
88441 682
88442 682
88443 682
88444 682
88445 682
88446 682
88447 682
88448 682
88449 682
88450 682
88451 682
88452 682
88453 682
88454 682
88455 682
88456 682
88457 682
88458 682
88459 682
88460 682
88461 682
88462 682
88463 682
88464 682
88465 682
88466 682
88467 682
88468 682
88469 682
88470 682
88471 682
88472 682
88473 682
88474 682
88475 682
88476 682
88477 682
88478 682
88479 682
88480 682
88481 682
88482 682
88483 682
88484 682
88485 682
88486 682
88487 682
88488 682
88489 682
88490 682
88491 682
88492 682
88493 682
88494 682
88495 682
88496 682
88497 682
88498 682
88499 682
88500 682
88501 682
88502 682
88503 682
88504 682
88505 682
88506 682
88507 682
88508 682
88509 682
88510 682
88511 682
88512 682
88513 682
88514 682
88515 682
88516 682
88517 682
88518 682
88519 682
88520 682
88521 682
88522 682
88523 682
88524 682
88525 682
88526 682
88527 682
88528 682
88529 682
88530 682
88531 682
88532 682
88533 682
88534 682
88535 682
88536 682
88537 682
88538 682
88539 682
88540 682
88541 682
88542 682
88543 682
88544 682
88545 682
88546 682
88547 682
88548 682
88549 682
88550 682
88551 682
88552 682
88553 682
88554 682
88555 682
88556 683
88557 683
88558 683
88559 683
88560 683
88561 683
88562 683
88563 683
88564 683
88565 683
88566 683
88567 683
88568 683
88569 683
88570 683
88571 683
88572 683
88573 683
88574 683
88575 683
88576 683
88577 683
88578 683
88579 683
88580 683
88581 683
88582 683
88583 683
88584 683
88585 683
88586 683
88587 683
88588 683
88589 683
88590 683
88591 683
88592 683
88593 683
88594 683
88595 683
88596 683
88597 683
88598 683
88599 683
88600 683
88601 683
88602 683
88603 683
88604 683
88605 683
88606 683
88607 683
88608 683
88609 683
88610 683
88611 683
88612 683
88613 683
88614 683
88615 683
88616 683
88617 683
88618 683
88619 683
88620 683
88621 683
88622 683
88623 683
88624 683
88625 683
88626 683
88627 683
88628 683
88629 683
88630 683
88631 683
88632 683
88633 683
88634 683
88635 683
88636 683
88637 683
88638 683
88639 683
88640 683
88641 683
88642 683
88643 683
88644 683
88645 683
88646 683
88647 683
88648 683
88649 683
88650 683
88651 683
88652 683
88653 683
88654 683
88655 683
88656 683
88657 683
88658 683
88659 683
88660 683
88661 683
88662 683
88663 683
88664 683
88665 683
88666 683
88667 683
88668 683
88669 683
88670 683
88671 683
88672 683
88673 683
88674 683
88675 683
88676 683
88677 683
88678 683
88679 683
88680 683
88681 683
88682 683
88683 683
88684 683
88685 683
88686 683
88687 683
88688 683
88689 683
88690 683
88691 683
88692 683
88693 683
88694 683
88695 683
88696 683
88697 683
88698 683
88699 683
88700 683
88701 683
88702 683
88703 683
88704 683
88705 683
88706 683
88707 683
88708 683
88709 683
88710 683
88711 683
88712 683
88713 683
88714 683
88715 683
88716 683
88717 683
88718 683
88719 683
88720 683
88721 683
88722 683
88723 683
88724 683
88725 683
88726 683
88727 683
88728 683
88729 683
88730 683
88731 683
88732 683
88733 683
88734 683
88735 683
88736 683
88737 683
88738 683
88739 683
88740 683
88741 683
88742 683
88743 683
88744 683
88745 683
88746 683
88747 683
88748 683
88749 683
88750 683
88751 683
88752 683
88753 683
88754 683
88755 683
88756 683
88757 683
88758 683
88759 683
88760 683
88761 683
88762 683
88763 683
88764 683
88765 683
88766 683
88767 683
88768 683
88769 683
88770 683
88771 683
88772 683
88773 683
88774 683
88775 683
88776 683
88777 683
88778 683
88779 683
88780 683
88781 683
88782 683
88783 683
88784 683
88785 683
88786 683
88787 683
88788 683
88789 683
88790 683
88791 683
88792 683
88793 683
88794 683
88795 683
88796 683
88797 683
88798 683
88799 683
88800 683
88801 683
88802 683
88803 683
88804 683
88805 683
88806 683
88807 683
88808 683
88809 683
88810 683
88811 683
88812 683
88813 683
88814 683
88815 683
88816 683
88817 683
88818 683
88819 683
88820 683
88821 683
88822 683
88823 683
88824 683
88825 683
88826 683
88827 683
88828 683
88829 683
88830 683
88831 683
88832 683
88833 683
88834 683
88835 683
88836 683
88837 683
88838 683
88839 683
88840 683
88841 683
88842 683
88843 683
88844 683
88845 683
88846 683
88847 683
88848 683
88849 683
88850 683
88851 683
88852 683
88853 683
88854 683
88855 683
88856 683
88857 683
88858 683
88859 683
88860 683
88861 683
88862 683
88863 683
88864 683
88865 683
88866 683
88867 683
88868 683
88869 683
88870 683
88871 683
88872 683
88873 683
88874 683
88875 683
88876 683
88877 683
88878 683
88879 683
88880 683
88881 683
88882 683
88883 683
88884 683
88885 683
88886 683
88887 683
88888 683
88889 683
88890 683
88891 683
88892 683
88893 683
88894 683
88895 683
88896 683
88897 683
88898 683
88899 683
88900 683
88901 683
88902 683
88903 683
88904 683
88905 683
88906 683
88907 683
88908 683
88909 683
88910 683
88911 683
88912 683
88913 683
88914 683
88915 683
88916 683
88917 683
88918 683
88919 683
88920 683
88921 683
88922 683
88923 683
88924 683
88925 683
88926 683
88927 683
88928 683
88929 683
88930 683
88931 683
88932 683
88933 683
88934 683
88935 683
88936 683
88937 683
88938 683
88939 683
88940 683
88941 683
88942 683
88943 683
88944 683
88945 683
88946 683
88947 683
88948 683
88949 683
88950 683
88951 683
88952 683
88953 683
88954 683
88955 683
88956 683
88957 683
88958 683
88959 683
88960 683
88961 683
88962 683
88963 683
88964 683
88965 683
88966 683
88967 683
88968 683
88969 683
88970 683
88971 683
88972 683
88973 683
88974 683
88975 683
88976 683
88977 683
88978 683
88979 683
88980 683
88981 683
88982 683
88983 683
88984 683
88985 683
88986 683
88987 683
88988 683
88989 683
88990 683
88991 683
88992 683
88993 683
88994 683
88995 683
88996 683
88997 683
88998 683
88999 683
89000 683
89001 683
89002 683
89003 683
89004 683
89005 683
89006 683
89007 683
89008 683
89009 683
89010 683
89011 683
89012 683
89013 683
89014 683
89015 683
89016 683
89017 683
89018 683
89019 683
89020 683
89021 683
89022 683
89023 683
89024 683
89025 683
89026 683
89027 683
89028 683
89029 683
89030 683
89031 683
89032 683
89033 683
89034 683
89035 683
89036 683
89037 683
89038 683
89039 683
89040 683
89041 683
89042 683
89043 683
89044 683
89045 683
89046 683
89047 683
89048 683
89049 683
89050 683
89051 683
89052 683
89053 683
89054 683
89055 683
89056 683
89057 683
89058 683
89059 683
89060 683
89061 683
89062 683
89063 683
89064 683
89065 683
89066 683
89067 683
89068 683
89069 683
89070 683
89071 683
89072 683
89073 683
89074 683
89075 683
89076 683
89077 683
89078 683
89079 683
89080 683
89081 683
89082 683
89083 683
89084 683
89085 683
89086 683
89087 683
89088 683
89089 683
89090 683
89091 683
89092 683
89093 683
89094 683
89095 683
89096 683
89097 683
89098 683
89099 683
89100 683
89101 683
89102 683
89103 683
89104 683
89105 683
89106 683
89107 683
89108 683
89109 683
89110 683
89111 683
89112 683
89113 683
89114 683
89115 683
89116 683
89117 683
89118 683
89119 683
89120 683
89121 683
89122 683
89123 683
89124 683
89125 683
89126 683
89127 683
89128 683
89129 683
89130 683
89131 683
89132 683
89133 683
89134 683
89135 683
89136 683
89137 683
89138 683
89139 683
89140 683
89141 683
89142 683
89143 683
89144 683
89145 683
89146 683
89147 684
89148 684
89149 684
89150 684
89151 684
89152 684
89153 684
89154 684
89155 684
89156 684
89157 684
89158 684
89159 684
89160 684
89161 684
89162 684
89163 684
89164 684
89165 684
89166 684
89167 684
89168 684
89169 684
89170 684
89171 684
89172 684
89173 684
89174 684
89175 684
89176 684
89177 684
89178 684
89179 684
89180 684
89181 684
89182 684
89183 684
89184 684
89185 684
89186 684
89187 684
89188 684
89189 684
89190 684
89191 684
89192 684
89193 684
89194 684
89195 684
89196 684
89197 684
89198 684
89199 684
89200 684
89201 684
89202 684
89203 684
89204 684
89205 684
89206 684
89207 684
89208 684
89209 684
89210 684
89211 684
89212 684
89213 684
89214 684
89215 684
89216 684
89217 684
89218 684
89219 684
89220 684
89221 684
89222 684
89223 684
89224 684
89225 684
89226 684
89227 684
89228 684
89229 684
89230 684
89231 684
89232 684
89233 684
89234 684
89235 684
89236 684
89237 684
89238 684
89239 684
89240 684
89241 684
89242 684
89243 684
89244 684
89245 684
89246 684
89247 684
89248 684
89249 684
89250 684
89251 684
89252 684
89253 684
89254 684
89255 684
89256 684
89257 684
89258 684
89259 684
89260 684
89261 684
89262 684
89263 684
89264 684
89265 684
89266 684
89267 684
89268 684
89269 684
89270 684
89271 684
89272 684
89273 684
89274 684
89275 684
89276 684
89277 684
89278 684
89279 684
89280 684
89281 684
89282 684
89283 684
89284 684
89285 684
89286 684
89287 684
89288 684
89289 684
89290 684
89291 684
89292 684
89293 684
89294 684
89295 684
89296 684
89297 684
89298 684
89299 684
89300 684
89301 684
89302 684
89303 684
89304 684
89305 684
89306 684
89307 684
89308 684
89309 684
89310 684
89311 684
89312 684
89313 684
89314 684
89315 684
89316 684
89317 684
89318 684
89319 684
89320 684
89321 684
89322 684
89323 684
89324 684
89325 684
89326 684
89327 684
89328 684
89329 684
89330 684
89331 684
89332 684
89333 684
89334 684
89335 684
89336 684
89337 684
89338 684
89339 684
89340 684
89341 684
89342 684
89343 684
89344 684
89345 684
89346 684
89347 684
89348 684
89349 684
89350 684
89351 684
89352 684
89353 684
89354 684
89355 684
89356 684
89357 684
89358 684
89359 684
89360 684
89361 684
89362 684
89363 684
89364 684
89365 684
89366 684
89367 684
89368 684
89369 684
89370 684
89371 684
89372 684
89373 684
89374 684
89375 684
89376 684
89377 684
89378 684
89379 684
89380 684
89381 684
89382 684
89383 684
89384 684
89385 684
89386 684
89387 684
89388 684
89389 684
89390 684
89391 684
89392 684
89393 684
89394 684
89395 684
89396 684
89397 684
89398 684
89399 684
89400 684
89401 684
89402 684
89403 684
89404 684
89405 684
89406 684
89407 684
89408 684
89409 684
89410 684
89411 684
89412 684
89413 684
89414 684
89415 684
89416 684
89417 684
89418 684
89419 684
89420 684
89421 684
89422 684
89423 684
89424 684
89425 684
89426 684
89427 684
89428 684
89429 684
89430 684
89431 684
89432 684
89433 684
89434 684
89435 684
89436 684
89437 684
89438 684
89439 684
89440 684
89441 684
89442 684
89443 684
89444 684
89445 684
89446 684
89447 684
89448 684
89449 684
89450 684
89451 684
89452 684
89453 684
89454 684
89455 684
89456 684
89457 684
89458 684
89459 684
89460 684
89461 684
89462 684
89463 684
89464 684
89465 684
89466 684
89467 684
89468 684
89469 685
89470 685
89471 685
89472 685
89473 685
89474 685
89475 685
89476 685
89477 685
89478 685
89479 685
89480 685
89481 685
89482 685
89483 685
89484 685
89485 685
89486 685
89487 685
89488 685
89489 685
89490 685
89491 685
89492 685
89493 685
89494 685
89495 685
89496 685
89497 685
89498 685
89499 685
89500 685
89501 685
89502 685
89503 685
89504 685
89505 685
89506 685
89507 685
89508 685
89509 685
89510 685
89511 685
89512 685
89513 685
89514 685
89515 685
89516 685
89517 685
89518 685
89519 685
89520 685
89521 685
89522 685
89523 685
89524 685
89525 685
89526 685
89527 685
89528 685
89529 685
89530 685
89531 685
89532 685
89533 685
89534 685
89535 685
89536 685
89537 685
89538 685
89539 685
89540 685
89541 685
89542 685
89543 685
89544 685
89545 685
89546 685
89547 685
89548 685
89549 685
89550 685
89551 685
89552 685
89553 685
89554 685
89555 685
89556 685
89557 685
89558 685
89559 685
89560 685
89561 685
89562 685
89563 685
89564 685
89565 685
89566 685
89567 685
89568 685
89569 685
89570 685
89571 685
89572 685
89573 685
89574 685
89575 685
89576 685
89577 685
89578 685
89579 685
89580 685
89581 685
89582 685
89583 685
89584 685
89585 685
89586 685
89587 685
89588 685
89589 685
89590 685
89591 685
89592 685
89593 685
89594 685
89595 685
89596 685
89597 685
89598 685
89599 685
89600 685
89601 685
89602 685
89603 686
89604 686
89605 686
89606 686
89607 686
89608 686
89609 686
89610 686
89611 686
89612 686
89613 686
89614 686
89615 686
89616 686
89617 686
89618 686
89619 686
89620 686
89621 686
89622 686
89623 686
89624 686
89625 686
89626 686
89627 686
89628 686
89629 686
89630 686
89631 686
89632 686
89633 686
89634 686
89635 686
89636 686
89637 686
89638 686
89639 686
89640 686
89641 686
89642 686
89643 686
89644 686
89645 686
89646 686
89647 686
89648 686
89649 686
89650 686
89651 686
89652 686
89653 686
89654 686
89655 686
89656 686
89657 686
89658 686
89659 686
89660 686
89661 686
89662 686
89663 686
89664 686
89665 686
89666 686
89667 686
89668 686
89669 686
89670 686
89671 686
89672 686
89673 686
89674 686
89675 686
89676 686
89677 686
89678 686
89679 686
89680 686
89681 686
89682 686
89683 686
89684 686
89685 686
89686 686
89687 686
89688 686
89689 686
89690 686
89691 686
89692 686
89693 686
89694 686
89695 686
89696 686
89697 686
89698 686
89699 686
89700 686
89701 686
89702 686
89703 686
89704 686
89705 686
89706 686
89707 686
89708 686
89709 686
89710 687
89711 687
89712 687
89713 687
89714 687
89715 687
89716 687
89717 687
89718 687
89719 687
89720 687
89721 687
89722 687
89723 687
89724 687
89725 687
89726 687
89727 687
89728 687
89729 687
89730 687
89731 687
89732 687
89733 687
89734 687
89735 687
89736 687
89737 687
89738 687
89739 687
89740 687
89741 687
89742 687
89743 687
89744 687
89745 687
89746 687
89747 687
89748 687
89749 687
89750 687
89751 687
89752 687
89753 687
89754 687
89755 687
89756 687
89757 687
89758 687
89759 687
89760 687
89761 687
89762 687
89763 687
89764 687
89765 687
89766 687
89767 687
89768 687
89769 687
89770 687
89771 687
89772 687
89773 687
89774 687
89775 687
89776 687
89777 687
89778 687
89779 687
89780 687
89781 687
89782 687
89783 687
89784 687
89785 687
89786 687
89787 687
89788 687
89789 687
89790 687
89791 687
89792 687
89793 687
89794 687
89795 687
89796 687
89797 687
89798 687
89799 687
89800 687
89801 687
89802 687
89803 687
89804 687
89805 687
89806 687
89807 687
89808 687
89809 687
89810 687
89811 687
89812 687
89813 687
89814 687
89815 687
89816 687
89817 687
89818 687
89819 687
89820 687
89821 687
89822 687
89823 687
89824 687
89825 687
89826 687
89827 687
89828 687
89829 687
89830 687
89831 687
89832 687
89833 687
89834 687
89835 687
89836 687
89837 687
89838 687
89839 687
89840 687
89841 687
89842 687
89843 687
89844 687
89845 687
89846 687
89847 687
89848 687
89849 687
89850 687
89851 687
89852 687
89853 687
89854 687
89855 687
89856 687
89857 687
89858 687
89859 687
89860 687
89861 687
89862 687
89863 687
89864 687
89865 687
89866 687
89867 687
89868 687
89869 687
89870 687
89871 687
89872 687
89873 687
89874 687
89875 687
89876 687
89877 687
89878 687
89879 687
89880 687
89881 687
89882 687
89883 687
89884 687
89885 687
89886 687
89887 687
89888 687
89889 687
89890 687
89891 687
89892 687
89893 687
89894 687
89895 687
89896 687
89897 687
89898 687
89899 687
89900 687
89901 687
89902 687
89903 687
89904 687
89905 687
89906 687
89907 687
89908 687
89909 687
89910 687
89911 687
89912 687
89913 687
89914 687
89915 687
89916 687
89917 687
89918 687
89919 687
89920 687
89921 687
89922 687
89923 687
89924 687
89925 687
89926 687
89927 687
89928 687
89929 687
89930 687
89931 687
89932 687
89933 687
89934 687
89935 687
89936 687
89937 687
89938 687
89939 687
89940 687
89941 687
89942 687
89943 687
89944 687
89945 687
89946 687
89947 687
89948 687
89949 687
89950 687
89951 687
89952 687
89953 687
89954 687
89955 687
89956 687
89957 687
89958 687
89959 687
89960 687
89961 687
89962 687
89963 687
89964 687
89965 687
89966 687
89967 687
89968 687
89969 687
89970 687
89971 687
89972 687
89973 687
89974 687
89975 687
89976 687
89977 687
89978 687
89979 687
89980 687
89981 687
89982 687
89983 687
89984 687
89985 687
89986 687
89987 687
89988 687
89989 687
89990 687
89991 687
89992 687
89993 687
89994 687
89995 687
89996 687
89997 687
89998 687
89999 687
90000 687
90001 687
90002 687
90003 687
90004 687
90005 687
90006 687
90007 687
90008 687
90009 687
90010 687
90011 687
90012 687
90013 687
90014 687
90015 687
90016 687
90017 687
90018 687
90019 687
90020 687
90021 687
90022 687
90023 687
90024 687
90025 687
90026 687
90027 687
90028 687
90029 687
90030 687
90031 687
90032 687
90033 687
90034 687
90035 687
90036 687
90037 687
90038 687
90039 687
90040 687
90041 687
90042 687
90043 687
90044 687
90045 687
90046 687
90047 687
90048 687
90049 687
90050 687
90051 687
90052 687
90053 687
90054 687
90055 687
90056 687
90057 687
90058 687
90059 687
90060 687
90061 687
90062 687
90063 687
90064 687
90065 687
90066 687
90067 687
90068 687
90069 687
90070 687
90071 687
90072 687
90073 687
90074 687
90075 687
90076 687
90077 687
90078 687
90079 687
90080 687
90081 687
90082 687
90083 687
90084 687
90085 687
90086 687
90087 687
90088 687
90089 687
90090 687
90091 687
90092 687
90093 687
90094 687
90095 687
90096 687
90097 687
90098 687
90099 687
90100 687
90101 687
90102 687
90103 687
90104 687
90105 687
90106 687
90107 687
90108 687
90109 687
90110 687
90111 687
90112 687
90113 687
90114 687
90115 687
90116 687
90117 687
90118 687
90119 687
90120 687
90121 687
90122 687
90123 687
90124 687
90125 687
90126 687
90127 687
90128 687
90129 687
90130 687
90131 687
90132 687
90133 687
90134 687
90135 687
90136 687
90137 687
90138 687
90139 687
90140 687
90141 687
90142 687
90143 687
90144 687
90145 687
90146 687
90147 687
90148 687
90149 687
90150 687
90151 687
90152 687
90153 687
90154 687
90155 687
90156 687
90157 687
90158 687
90159 687
90160 687
90161 687
90162 687
90163 687
90164 687
90165 687
90166 687
90167 687
90168 687
90169 687
90170 687
90171 687
90172 687
90173 687
90174 687
90175 687
90176 687
90177 687
90178 687
90179 687
90180 687
90181 687
90182 687
90183 687
90184 687
90185 687
90186 687
90187 687
90188 687
90189 687
90190 687
90191 687
90192 687
90193 687
90194 687
90195 687
90196 687
90197 687
90198 687
90199 687
90200 687
90201 687
90202 687
90203 687
90204 687
90205 687
90206 687
90207 687
90208 687
90209 687
90210 687
90211 687
90212 687
90213 687
90214 687
90215 687
90216 687
90217 687
90218 687
90219 687
90220 687
90221 687
90222 687
90223 687
90224 687
90225 687
90226 687
90227 687
90228 687
90229 687
90230 687
90231 687
90232 687
90233 687
90234 687
90235 687
90236 687
90237 687
90238 687
90239 687
90240 687
90241 687
90242 687
90243 687
90244 687
90245 687
90246 687
90247 687
90248 687
90249 687
90250 687
90251 687
90252 687
90253 687
90254 687
90255 687
90256 687
90257 687
90258 687
90259 687
90260 687
90261 687
90262 687
90263 687
90264 687
90265 687
90266 687
90267 687
90268 687
90269 687
90270 687
90271 687
90272 687
90273 687
90274 687
90275 687
90276 687
90277 687
90278 687
90279 687
90280 687
90281 687
90282 687
90283 687
90284 687
90285 687
90286 687
90287 687
90288 687
90289 687
90290 687
90291 687
90292 687
90293 687
90294 687
90295 687
90296 687
90297 687
90298 687
90299 687
90300 687
90301 687
90302 687
90303 687
90304 687
90305 687
90306 687
90307 687
90308 687
90309 687
90310 687
90311 687
90312 687
90313 687
90314 687
90315 687
90316 687
90317 687
90318 687
90319 687
90320 687
90321 687
90322 687
90323 687
90324 687
90325 687
90326 687
90327 687
90328 687
90329 687
90330 687
90331 687
90332 687
90333 687
90334 687
90335 687
90336 687
90337 687
90338 687
90339 687
90340 687
90341 687
90342 687
90343 687
90344 687
90345 687
90346 687
90347 687
90348 687
90349 687
90350 687
90351 687
90352 687
90353 687
90354 687
90355 687
90356 687
90357 687
90358 687
90359 687
90360 687
90361 687
90362 687
90363 687
90364 687
90365 687
90366 687
90367 687
90368 687
90369 687
90370 687
90371 687
90372 687
90373 687
90374 687
90375 687
90376 687
90377 687
90378 687
90379 687
90380 687
90381 687
90382 687
90383 687
90384 687
90385 687
90386 687
90387 687
90388 687
90389 687
90390 687
90391 687
90392 687
90393 687
90394 687
90395 687
90396 687
90397 687
90398 687
90399 687
90400 687
90401 687
90402 687
90403 687
90404 687
90405 687
90406 687
90407 687
90408 687
90409 687
90410 688
90411 688
90412 688
90413 688
90414 688
90415 688
90416 688
90417 688
90418 688
90419 688
90420 688
90421 688
90422 688
90423 688
90424 688
90425 688
90426 688
90427 688
90428 688
90429 688
90430 688
90431 688
90432 688
90433 688
90434 688
90435 688
90436 688
90437 688
90438 688
90439 688
90440 688
90441 688
90442 688
90443 688
90444 688
90445 688
90446 688
90447 688
90448 688
90449 688
90450 688
90451 688
90452 688
90453 688
90454 688
90455 688
90456 688
90457 688
90458 688
90459 688
90460 688
90461 688
90462 688
90463 688
90464 688
90465 688
90466 688
90467 688
90468 688
90469 688
90470 688
90471 688
90472 688
90473 688
90474 688
90475 688
90476 688
90477 688
90478 688
90479 688
90480 688
90481 688
90482 688
90483 688
90484 688
90485 688
90486 688
90487 688
90488 688
90489 688
90490 688
90491 688
90492 688
90493 688
90494 688
90495 688
90496 688
90497 688
90498 688
90499 688
90500 688
90501 688
90502 688
90503 688
90504 688
90505 688
90506 688
90507 688
90508 688
90509 688
90510 688
90511 688
90512 688
90513 688
90514 688
90515 688
90516 688
90517 688
90518 688
90519 688
90520 688
90521 688
90522 688
90523 688
90524 688
90525 688
90526 688
90527 688
90528 688
90529 688
90530 688
90531 688
90532 688
90533 688
90534 688
90535 688
90536 688
90537 688
90538 688
90539 688
90540 688
90541 688
90542 688
90543 688
90544 688
90545 688
90546 688
90547 688
90548 688
90549 688
90550 688
90551 688
90552 688
90553 688
90554 688
90555 688
90556 688
90557 688
90558 688
90559 688
90560 688
90561 688
90562 688
90563 688
90564 688
90565 688
90566 688
90567 688
90568 688
90569 688
90570 688
90571 688
90572 688
90573 688
90574 688
90575 688
90576 688
90577 688
90578 688
90579 688
90580 688
90581 688
90582 688
90583 688
90584 688
90585 688
90586 688
90587 688
90588 688
90589 688
90590 688
90591 688
90592 688
90593 688
90594 688
90595 688
90596 688
90597 688
90598 688
90599 688
90600 688
90601 688
90602 688
90603 688
90604 688
90605 688
90606 688
90607 688
90608 688
90609 688
90610 688
90611 688
90612 688
90613 688
90614 688
90615 688
90616 688
90617 688
90618 688
90619 688
90620 688
90621 688
90622 688
90623 688
90624 688
90625 688
90626 688
90627 688
90628 688
90629 688
90630 688
90631 688
90632 688
90633 688
90634 688
90635 688
90636 688
90637 688
90638 688
90639 688
90640 688
90641 688
90642 688
90643 688
90644 688
90645 688
90646 688
90647 688
90648 688
90649 688
90650 688
90651 688
90652 688
90653 688
90654 688
90655 688
90656 688
90657 688
90658 688
90659 688
90660 688
90661 688
90662 688
90663 688
90664 688
90665 688
90666 688
90667 688
90668 688
90669 688
90670 688
90671 688
90672 688
90673 688
90674 688
90675 688
90676 688
90677 688
90678 688
90679 688
90680 688
90681 688
90682 688
90683 688
90684 688
90685 688
90686 688
90687 688
90688 688
90689 688
90690 688
90691 688
90692 688
90693 688
90694 688
90695 688
90696 688
90697 688
90698 688
90699 688
90700 688
90701 688
90702 688
90703 688
90704 688
90705 688
90706 688
90707 688
90708 688
90709 688
90710 688
90711 688
90712 688
90713 688
90714 688
90715 688
90716 688
90717 688
90718 688
90719 688
90720 688
90721 688
90722 688
90723 688
90724 688
90725 688
90726 688
90727 688
90728 688
90729 688
90730 688
90731 688
90732 688
90733 688
90734 688
90735 688
90736 688
90737 688
90738 688
90739 688
90740 688
90741 688
90742 688
90743 688
90744 688
90745 688
90746 688
90747 688
90748 688
90749 688
90750 688
90751 688
90752 688
90753 688
90754 688
90755 688
90756 688
90757 688
90758 688
90759 688
90760 688
90761 688
90762 688
90763 688
90764 688
90765 688
90766 688
90767 688
90768 688
90769 688
90770 688
90771 688
90772 688
90773 688
90774 688
90775 688
90776 688
90777 688
90778 688
90779 688
90780 688
90781 688
90782 688
90783 688
90784 688
90785 688
90786 688
90787 688
90788 688
90789 688
90790 688
90791 688
90792 688
90793 688
90794 688
90795 688
90796 688
90797 688
90798 688
90799 688
90800 688
90801 688
90802 688
90803 688
90804 688
90805 688
90806 688
90807 688
90808 688
90809 688
90810 688
90811 688
90812 688
90813 688
90814 688
90815 688
90816 688
90817 688
90818 688
90819 688
90820 688
90821 688
90822 688
90823 688
90824 688
90825 688
90826 688
90827 688
90828 688
90829 688
90830 688
90831 688
90832 688
90833 688
90834 688
90835 688
90836 688
90837 688
90838 688
90839 688
90840 688
90841 688
90842 688
90843 688
90844 688
90845 688
90846 688
90847 688
90848 688
90849 688
90850 688
90851 688
90852 688
90853 688
90854 688
90855 688
90856 688
90857 688
90858 688
90859 688
90860 688
90861 688
90862 688
90863 688
90864 688
90865 688
90866 688
90867 688
90868 688
90869 688
90870 688
90871 688
90872 688
90873 688
90874 688
90875 688
90876 688
90877 688
90878 688
90879 688
90880 688
90881 688
90882 688
90883 688
90884 688
90885 688
90886 688
90887 688
90888 688
90889 688
90890 688
90891 688
90892 688
90893 688
90894 688
90895 688
90896 688
90897 688
90898 688
90899 688
90900 688
90901 688
90902 688
90903 688
90904 688
90905 688
90906 688
90907 688
90908 688
90909 688
90910 688
90911 688
90912 688
90913 688
90914 688
90915 688
90916 688
90917 688
90918 688
90919 688
90920 688
90921 688
90922 688
90923 688
90924 688
90925 688
90926 688
90927 688
90928 688
90929 688
90930 688
90931 688
90932 688
90933 688
90934 688
90935 688
90936 688
90937 688
90938 688
90939 688
90940 688
90941 688
90942 688
90943 688
90944 688
90945 688
90946 688
90947 688
90948 688
90949 688
90950 688
90951 688
90952 688
90953 688
90954 688
90955 688
90956 688
90957 688
90958 688
90959 688
90960 688
90961 688
90962 688
90963 688
90964 688
90965 688
90966 688
90967 688
90968 688
90969 688
90970 688
90971 688
90972 688
90973 688
90974 688
90975 688
90976 688
90977 688
90978 688
90979 688
90980 688
90981 688
90982 688
90983 688
90984 688
90985 688
90986 688
90987 688
90988 688
90989 688
90990 688
90991 688
90992 688
90993 688
90994 688
90995 688
90996 688
90997 688
90998 688
90999 688
91000 688
91001 688
91002 688
91003 688
91004 688
91005 688
91006 688
91007 688
91008 688
91009 688
91010 688
91011 688
91012 688
91013 688
91014 688
91015 688
91016 688
91017 688
91018 688
91019 688
91020 688
91021 688
91022 688
91023 688
91024 688
91025 688
91026 688
91027 688
91028 688
91029 688
91030 688
91031 688
91032 688
91033 688
91034 688
91035 688
91036 688
91037 688
91038 688
91039 688
91040 688
91041 688
91042 688
91043 688
91044 688
91045 688
91046 688
91047 688
91048 688
91049 688
91050 688
91051 688
91052 688
91053 688
91054 688
91055 688
91056 688
91057 688
91058 688
91059 688
91060 688
91061 688
91062 688
91063 688
91064 688
91065 688
91066 688
91067 688
91068 688
91069 688
91070 688
91071 688
91072 688
91073 688
91074 688
91075 688
91076 688
91077 688
91078 688
91079 688
91080 688
91081 688
91082 688
91083 688
91084 688
91085 688
91086 688
91087 688
91088 688
91089 688
91090 688
91091 688
91092 688
91093 688
91094 688
91095 688
91096 688
91097 688
91098 688
91099 688
91100 688
91101 688
91102 688
91103 688
91104 688
91105 688
91106 688
91107 688
91108 688
91109 688
91110 688
91111 688
91112 688
91113 688
91114 688
91115 688
91116 688
91117 688
91118 688
91119 688
91120 688
91121 688
91122 688
91123 688
91124 688
91125 688
91126 688
91127 688
91128 688
91129 688
91130 688
91131 688
91132 688
91133 688
91134 688
91135 688
91136 688
91137 688
91138 688
91139 688
91140 688
91141 688
91142 688
91143 688
91144 688
91145 688
91146 688
91147 688
91148 688
91149 688
91150 688
91151 688
91152 688
91153 688
91154 688
91155 688
91156 688
91157 688
91158 688
91159 688
91160 688
91161 688
91162 688
91163 688
91164 688
91165 688
91166 688
91167 688
91168 688
91169 688
91170 688
91171 688
91172 688
91173 688
91174 688
91175 688
91176 688
91177 688
91178 688
91179 688
91180 688
91181 688
91182 688
91183 688
91184 688
91185 688
91186 688
91187 688
91188 688
91189 688
91190 688
91191 688
91192 688
91193 688
91194 688
91195 688
91196 688
91197 688
91198 688
91199 688
91200 688
91201 688
91202 688
91203 688
91204 688
91205 688
91206 688
91207 688
91208 688
91209 688
91210 688
91211 688
91212 688
91213 688
91214 688
91215 688
91216 688
91217 688
91218 688
91219 688
91220 688
91221 688
91222 688
91223 688
91224 688
91225 688
91226 688
91227 688
91228 688
91229 688
91230 688
91231 688
91232 688
91233 688
91234 688
91235 688
91236 688
91237 688
91238 688
91239 688
91240 688
91241 688
91242 688
91243 688
91244 688
91245 688
91246 688
91247 688
91248 688
91249 688
91250 688
91251 688
91252 688
91253 688
91254 688
91255 688
91256 688
91257 688
91258 688
91259 688
91260 688
91261 688
91262 688
91263 688
91264 688
91265 688
91266 688
91267 688
91268 688
91269 688
91270 688
91271 688
91272 688
91273 688
91274 688
91275 688
91276 688
91277 688
91278 688
91279 688
91280 688
91281 688
91282 688
91283 688
91284 688
91285 688
91286 688
91287 688
91288 688
91289 688
91290 688
91291 688
91292 688
91293 688
91294 688
91295 688
91296 688
91297 688
91298 688
91299 688
91300 688
91301 688
91302 688
91303 688
91304 688
91305 688
91306 688
91307 688
91308 688
91309 688
91310 688
91311 688
91312 688
91313 688
91314 688
91315 688
91316 688
91317 688
91318 688
91319 688
91320 688
91321 688
91322 688
91323 688
91324 688
91325 688
91326 688
91327 688
91328 688
91329 688
91330 688
91331 688
91332 688
91333 688
91334 688
91335 688
91336 688
91337 688
91338 688
91339 688
91340 688
91341 688
91342 688
91343 688
91344 688
91345 688
91346 688
91347 688
91348 688
91349 688
91350 688
91351 688
91352 688
91353 688
91354 688
91355 688
91356 688
91357 688
91358 688
91359 688
91360 688
91361 688
91362 688
91363 688
91364 688
91365 688
91366 688
91367 688
91368 688
91369 688
91370 688
91371 688
91372 688
91373 688
91374 688
91375 688
91376 688
91377 688
91378 688
91379 688
91380 688
91381 688
91382 688
91383 688
91384 688
91385 688
91386 688
91387 688
91388 688
91389 688
91390 688
91391 688
91392 688
91393 688
91394 688
91395 688
91396 688
91397 688
91398 688
91399 688
91400 688
91401 688
91402 688
91403 688
91404 688
91405 688
91406 688
91407 688
91408 688
91409 688
91410 689
91411 689
91412 689
91413 689
91414 689
91415 689
91416 689
91417 689
91418 689
91419 689
91420 689
91421 689
91422 689
91423 689
91424 689
91425 689
91426 689
91427 689
91428 689
91429 689
91430 689
91431 689
91432 689
91433 689
91434 689
91435 689
91436 689
91437 689
91438 689
91439 689
91440 689
91441 689
91442 689
91443 689
91444 689
91445 689
91446 689
91447 689
91448 689
91449 689
91450 689
91451 689
91452 689
91453 689
91454 689
91455 689
91456 689
91457 689
91458 689
91459 689
91460 689
91461 689
91462 689
91463 689
91464 689
91465 689
91466 689
91467 689
91468 689
91469 689
91470 689
91471 689
91472 689
91473 689
91474 689
91475 689
91476 689
91477 689
91478 689
91479 689
91480 689
91481 689
91482 689
91483 689
91484 689
91485 689
91486 689
91487 689
91488 689
91489 689
91490 689
91491 689
91492 689
91493 689
91494 689
91495 689
91496 689
91497 689
91498 689
91499 689
91500 689
91501 689
91502 689
91503 689
91504 689
91505 689
91506 689
91507 689
91508 689
91509 689
91510 689
91511 689
91512 689
91513 689
91514 689
91515 689
91516 689
91517 689
91518 689
91519 689
91520 689
91521 689
91522 689
91523 689
91524 689
91525 689
91526 689
91527 689
91528 689
91529 689
91530 689
91531 689
91532 689
91533 689
91534 689
91535 689
91536 689
91537 689
91538 689
91539 689
91540 689
91541 689
91542 689
91543 689
91544 689
91545 689
91546 689
91547 689
91548 689
91549 689
91550 689
91551 689
91552 689
91553 689
91554 689
91555 689
91556 689
91557 689
91558 689
91559 689
91560 689
91561 689
91562 689
91563 689
91564 689
91565 689
91566 689
91567 689
91568 689
91569 689
91570 689
91571 689
91572 689
91573 689
91574 689
91575 689
91576 689
91577 689
91578 689
91579 689
91580 689
91581 689
91582 689
91583 689
91584 689
91585 689
91586 689
91587 689
91588 689
91589 689
91590 689
91591 689
91592 689
91593 689
91594 689
91595 689
91596 689
91597 689
91598 689
91599 689
91600 689
91601 689
91602 689
91603 689
91604 689
91605 689
91606 689
91607 689
91608 689
91609 689
91610 689
91611 690
91612 690
91613 690
91614 690
91615 690
91616 690
91617 690
91618 690
91619 690
91620 690
91621 690
91622 690
91623 690
91624 690
91625 690
91626 690
91627 690
91628 690
91629 690
91630 690
91631 690
91632 690
91633 690
91634 690
91635 690
91636 690
91637 690
91638 690
91639 690
91640 690
91641 690
91642 690
91643 690
91644 690
91645 690
91646 690
91647 690
91648 690
91649 690
91650 690
91651 690
91652 690
91653 690
91654 690
91655 690
91656 690
91657 690
91658 690
91659 690
91660 690
91661 690
91662 690
91663 690
91664 690
91665 690
91666 690
91667 690
91668 690
91669 690
91670 690
91671 690
91672 690
91673 690
91674 690
91675 690
91676 690
91677 690
91678 690
91679 690
91680 690
91681 690
91682 690
91683 691
91684 691
91685 691
91686 691
91687 691
91688 691
91689 691
91690 691
91691 691
91692 691
91693 691
91694 691
91695 691
91696 691
91697 691
91698 691
91699 691
91700 691
91701 691
91702 691
91703 691
91704 691
91705 691
91706 691
91707 691
91708 691
91709 691
91710 691
91711 691
91712 691
91713 691
91714 691
91715 691
91716 691
91717 691
91718 691
91719 691
91720 691
91721 691
91722 691
91723 691
91724 691
91725 691
91726 691
91727 691
91728 691
91729 691
91730 691
91731 691
91732 691
91733 691
91734 691
91735 691
91736 691
91737 691
91738 691
91739 691
91740 691
91741 691
91742 691
91743 691
91744 691
91745 691
91746 691
91747 691
91748 691
91749 691
91750 691
91751 691
91752 691
91753 691
91754 691
91755 691
91756 691
91757 691
91758 691
91759 691
91760 691
91761 691
91762 691
91763 691
91764 691
91765 691
91766 691
91767 691
91768 691
91769 691
91770 691
91771 691
91772 691
91773 691
91774 691
91775 691
91776 691
91777 691
91778 691
91779 691
91780 691
91781 691
91782 691
91783 691
91784 691
91785 691
91786 691
91787 691
91788 691
91789 691
91790 691
91791 691
91792 691
91793 691
91794 691
91795 691
91796 691
91797 691
91798 691
91799 691
91800 691
91801 691
91802 691
91803 691
91804 691
91805 691
91806 691
91807 691
91808 691
91809 691
91810 691
91811 691
91812 691
91813 691
91814 691
91815 691
91816 691
91817 691
91818 691
91819 691
91820 691
91821 691
91822 691
91823 691
91824 691
91825 691
91826 691
91827 691
91828 691
91829 691
91830 691
91831 691
91832 691
91833 691
91834 691
91835 691
91836 691
91837 691
91838 691
91839 691
91840 691
91841 691
91842 691
91843 691
91844 691
91845 691
91846 691
91847 691
91848 691
91849 691
91850 691
91851 691
91852 691
91853 691
91854 691
91855 691
91856 691
91857 691
91858 691
91859 691
91860 691
91861 691
91862 691
91863 691
91864 691
91865 691
91866 691
91867 691
91868 691
91869 691
91870 691
91871 691
91872 691
91873 691
91874 691
91875 691
91876 691
91877 691
91878 691
91879 691
91880 691
91881 691
91882 691
91883 691
91884 691
91885 691
91886 691
91887 691
91888 691
91889 691
91890 691
91891 691
91892 691
91893 691
91894 691
91895 691
91896 691
91897 691
91898 691
91899 691
91900 691
91901 691
91902 691
91903 691
91904 691
91905 691
91906 691
91907 691
91908 691
91909 691
91910 691
91911 691
91912 691
91913 691
91914 691
91915 691
91916 691
91917 691
91918 692
91919 692
91920 692
91921 692
91922 692
91923 692
91924 692
91925 692
91926 692
91927 692
91928 692
91929 692
91930 692
91931 692
91932 692
91933 692
91934 692
91935 692
91936 692
91937 692
91938 692
91939 692
91940 692
91941 692
91942 692
91943 692
91944 692
91945 692
91946 692
91947 692
91948 692
91949 692
91950 692
91951 692
91952 692
91953 692
91954 692
91955 692
91956 692
91957 692
91958 692
91959 692
91960 692
91961 692
91962 692
91963 692
91964 692
91965 692
91966 692
91967 692
91968 692
91969 692
91970 692
91971 692
91972 692
91973 692
91974 692
91975 692
91976 692
91977 692
91978 692
91979 692
91980 692
91981 692
91982 692
91983 692
91984 692
91985 692
91986 692
91987 692
91988 692
91989 692
91990 692
91991 692
91992 692
91993 692
91994 692
91995 692
91996 692
91997 692
91998 692
91999 692
92000 692
92001 692
92002 692
92003 692
92004 692
92005 692
92006 692
92007 692
92008 692
92009 692
92010 692
92011 692
92012 692
92013 692
92014 692
92015 692
92016 692
92017 692
92018 692
92019 692
92020 692
92021 692
92022 692
92023 692
92024 692
92025 692
92026 692
92027 692
92028 692
92029 692
92030 692
92031 692
92032 692
92033 692
92034 692
92035 692
92036 692
92037 692
92038 692
92039 692
92040 692
92041 692
92042 692
92043 692
92044 692
92045 692
92046 692
92047 692
92048 692
92049 692
92050 692
92051 692
92052 692
92053 692
92054 692
92055 692
92056 692
92057 692
92058 692
92059 692
92060 692
92061 692
92062 692
92063 692
92064 692
92065 692
92066 692
92067 692
92068 692
92069 692
92070 692
92071 692
92072 692
92073 692
92074 692
92075 692
92076 692
92077 692
92078 692
92079 692
92080 692
92081 692
92082 692
92083 692
92084 692
92085 692
92086 692
92087 692
92088 692
92089 692
92090 692
92091 692
92092 692
92093 692
92094 692
92095 692
92096 692
92097 692
92098 692
92099 692
92100 692
92101 692
92102 692
92103 692
92104 692
92105 692
92106 692
92107 692
92108 692
92109 692
92110 692
92111 692
92112 692
92113 692
92114 692
92115 692
92116 692
92117 692
92118 692
92119 692
92120 692
92121 692
92122 692
92123 692
92124 692
92125 692
92126 692
92127 692
92128 692
92129 692
92130 692
92131 692
92132 692
92133 692
92134 692
92135 692
92136 692
92137 692
92138 692
92139 692
92140 692
92141 692
92142 692
92143 692
92144 692
92145 692
92146 692
92147 692
92148 692
92149 692
92150 692
92151 692
92152 692
92153 692
92154 692
92155 692
92156 692
92157 692
92158 692
92159 692
92160 692
92161 692
92162 692
92163 692
92164 692
92165 692
92166 692
92167 692
92168 692
92169 692
92170 692
92171 692
92172 692
92173 692
92174 692
92175 692
92176 692
92177 692
92178 692
92179 692
92180 692
92181 692
92182 692
92183 692
92184 692
92185 692
92186 692
92187 692
92188 692
92189 692
92190 692
92191 692
92192 692
92193 692
92194 692
92195 692
92196 692
92197 692
92198 692
92199 692
92200 692
92201 692
92202 692
92203 692
92204 692
92205 692
92206 692
92207 692
92208 692
92209 692
92210 692
92211 692
92212 692
92213 692
92214 692
92215 692
92216 692
92217 692
92218 692
92219 692
92220 692
92221 692
92222 692
92223 692
92224 692
92225 692
92226 692
92227 692
92228 692
92229 692
92230 692
92231 692
92232 692
92233 692
92234 692
92235 692
92236 692
92237 692
92238 692
92239 692
92240 692
92241 692
92242 692
92243 692
92244 692
92245 692
92246 692
92247 692
92248 692
92249 692
92250 692
92251 692
92252 692
92253 692
92254 692
92255 692
92256 692
92257 692
92258 692
92259 692
92260 692
92261 692
92262 692
92263 692
92264 692
92265 692
92266 692
92267 692
92268 692
92269 692
92270 692
92271 692
92272 692
92273 692
92274 692
92275 692
92276 692
92277 692
92278 692
92279 692
92280 692
92281 692
92282 692
92283 692
92284 692
92285 692
92286 692
92287 692
92288 692
92289 692
92290 692
92291 692
92292 692
92293 692
92294 692
92295 692
92296 692
92297 692
92298 692
92299 692
92300 692
92301 692
92302 692
92303 692
92304 692
92305 692
92306 692
92307 692
92308 692
92309 692
92310 692
92311 692
92312 692
92313 692
92314 692
92315 692
92316 692
92317 692
92318 692
92319 692
92320 692
92321 692
92322 692
92323 692
92324 692
92325 692
92326 692
92327 692
92328 692
92329 692
92330 692
92331 692
92332 692
92333 692
92334 692
92335 692
92336 692
92337 692
92338 692
92339 692
92340 692
92341 692
92342 692
92343 692
92344 692
92345 692
92346 692
92347 692
92348 692
92349 692
92350 692
92351 692
92352 692
92353 692
92354 692
92355 692
92356 692
92357 692
92358 692
92359 692
92360 692
92361 692
92362 692
92363 692
92364 692
92365 692
92366 692
92367 692
92368 692
92369 692
92370 692
92371 692
92372 692
92373 692
92374 692
92375 692
92376 692
92377 692
92378 692
92379 692
92380 692
92381 692
92382 692
92383 692
92384 692
92385 692
92386 692
92387 692
92388 692
92389 692
92390 692
92391 692
92392 692
92393 692
92394 692
92395 692
92396 692
92397 692
92398 692
92399 692
92400 692
92401 692
92402 692
92403 692
92404 692
92405 692
92406 692
92407 692
92408 692
92409 692
92410 692
92411 692
92412 692
92413 692
92414 692
92415 692
92416 692
92417 692
92418 692
92419 692
92420 692
92421 692
92422 692
92423 692
92424 692
92425 692
92426 692
92427 692
92428 692
92429 692
92430 692
92431 692
92432 692
92433 692
92434 692
92435 692
92436 692
92437 692
92438 692
92439 692
92440 692
92441 692
92442 692
92443 692
92444 692
92445 692
92446 692
92447 692
92448 692
92449 692
92450 692
92451 692
92452 692
92453 692
92454 692
92455 692
92456 692
92457 692
92458 692
92459 692
92460 692
92461 692
92462 692
92463 692
92464 692
92465 692
92466 692
92467 692
92468 692
92469 692
92470 692
92471 692
92472 692
92473 692
92474 692
92475 692
92476 692
92477 692
92478 692
92479 692
92480 692
92481 692
92482 692
92483 692
92484 692
92485 692
92486 692
92487 692
92488 692
92489 692
92490 692
92491 692
92492 692
92493 692
92494 692
92495 692
92496 692
92497 692
92498 692
92499 692
92500 692
92501 692
92502 692
92503 692
92504 692
92505 692
92506 692
92507 692
92508 692
92509 692
92510 692
92511 692
92512 692
92513 692
92514 692
92515 692
92516 692
92517 692
92518 692
92519 692
92520 692
92521 692
92522 692
92523 692
92524 692
92525 692
92526 692
92527 692
92528 692
92529 692
92530 692
92531 692
92532 692
92533 692
92534 692
92535 692
92536 692
92537 692
92538 692
92539 692
92540 692
92541 692
92542 692
92543 692
92544 692
92545 692
92546 692
92547 692
92548 692
92549 692
92550 692
92551 692
92552 692
92553 692
92554 692
92555 692
92556 692
92557 692
92558 692
92559 692
92560 692
92561 692
92562 692
92563 692
92564 692
92565 692
92566 692
92567 692
92568 692
92569 692
92570 692
92571 692
92572 692
92573 692
92574 692
92575 692
92576 692
92577 692
92578 692
92579 692
92580 692
92581 692
92582 692
92583 692
92584 692
92585 692
92586 692
92587 692
92588 692
92589 692
92590 692
92591 692
92592 692
92593 692
92594 692
92595 692
92596 692
92597 692
92598 692
92599 692
92600 692
92601 692
92602 692
92603 692
92604 692
92605 692
92606 692
92607 692
92608 692
92609 692
92610 693
92611 693
92612 693
92613 693
92614 693
92615 693
92616 693
92617 693
92618 693
92619 693
92620 693
92621 693
92622 693
92623 693
92624 693
92625 693
92626 693
92627 693
92628 693
92629 693
92630 693
92631 693
92632 693
92633 693
92634 693
92635 693
92636 693
92637 693
92638 693
92639 693
92640 693
92641 693
92642 693
92643 693
92644 693
92645 693
92646 693
92647 693
92648 693
92649 693
92650 693
92651 693
92652 693
92653 693
92654 693
92655 693
92656 693
92657 693
92658 693
92659 693
92660 693
92661 693
92662 693
92663 693
92664 693
92665 693
92666 693
92667 693
92668 693
92669 693
92670 693
92671 693
92672 693
92673 693
92674 693
92675 693
92676 693
92677 693
92678 693
92679 693
92680 693
92681 693
92682 693
92683 693
92684 693
92685 693
92686 693
92687 693
92688 693
92689 693
92690 693
92691 693
92692 693
92693 693
92694 693
92695 693
92696 693
92697 693
92698 693
92699 693
92700 693
92701 693
92702 693
92703 693
92704 693
92705 693
92706 693
92707 693
92708 693
92709 693
92710 693
92711 693
92712 693
92713 693
92714 693
92715 693
92716 693
92717 693
92718 693
92719 693
92720 693
92721 693
92722 693
92723 693
92724 693
92725 693
92726 693
92727 693
92728 693
92729 693
92730 693
92731 693
92732 693
92733 693
92734 693
92735 693
92736 693
92737 693
92738 693
92739 693
92740 693
92741 693
92742 693
92743 693
92744 693
92745 693
92746 693
92747 693
92748 693
92749 693
92750 693
92751 693
92752 693
92753 693
92754 693
92755 693
92756 693
92757 693
92758 693
92759 693
92760 693
92761 693
92762 693
92763 693
92764 693
92765 693
92766 693
92767 693
92768 693
92769 693
92770 693
92771 693
92772 693
92773 693
92774 693
92775 693
92776 693
92777 693
92778 693
92779 693
92780 693
92781 693
92782 693
92783 693
92784 693
92785 693
92786 693
92787 693
92788 693
92789 693
92790 693
92791 693
92792 693
92793 693
92794 693
92795 693
92796 693
92797 693
92798 693
92799 693
92800 693
92801 693
92802 693
92803 693
92804 693
92805 693
92806 693
92807 693
92808 693
92809 693
92810 693
92811 693
92812 693
92813 693
92814 693
92815 693
92816 693
92817 693
92818 693
92819 693
92820 693
92821 693
92822 693
92823 693
92824 693
92825 693
92826 693
92827 693
92828 693
92829 693
92830 693
92831 693
92832 693
92833 693
92834 693
92835 693
92836 693
92837 693
92838 693
92839 693
92840 693
92841 693
92842 693
92843 693
92844 693
92845 693
92846 693
92847 693
92848 693
92849 693
92850 693
92851 693
92852 693
92853 693
92854 693
92855 693
92856 693
92857 693
92858 693
92859 693
92860 693
92861 693
92862 693
92863 693
92864 693
92865 693
92866 693
92867 693
92868 693
92869 693
92870 693
92871 693
92872 693
92873 693
92874 693
92875 693
92876 693
92877 693
92878 693
92879 693
92880 693
92881 693
92882 693
92883 693
92884 693
92885 693
92886 693
92887 693
92888 693
92889 693
92890 693
92891 693
92892 693
92893 693
92894 693
92895 693
92896 693
92897 693
92898 693
92899 693
92900 693
92901 693
92902 693
92903 693
92904 693
92905 693
92906 693
92907 693
92908 693
92909 693
92910 693
92911 693
92912 693
92913 693
92914 693
92915 693
92916 693
92917 693
92918 693
92919 693
92920 693
92921 693
92922 693
92923 693
92924 693
92925 693
92926 693
92927 693
92928 693
92929 693
92930 693
92931 693
92932 693
92933 693
92934 693
92935 693
92936 693
92937 693
92938 693
92939 693
92940 693
92941 693
92942 693
92943 693
92944 693
92945 693
92946 693
92947 693
92948 693
92949 693
92950 693
92951 693
92952 693
92953 693
92954 693
92955 693
92956 693
92957 693
92958 693
92959 693
92960 693
92961 693
92962 693
92963 693
92964 693
92965 693
92966 693
92967 693
92968 693
92969 693
92970 693
92971 693
92972 693
92973 693
92974 693
92975 693
92976 693
92977 693
92978 693
92979 693
92980 693
92981 693
92982 693
92983 693
92984 693
92985 693
92986 693
92987 693
92988 693
92989 693
92990 693
92991 693
92992 693
92993 693
92994 693
92995 693
92996 693
92997 693
92998 693
92999 693
93000 693
93001 693
93002 693
93003 693
93004 693
93005 693
93006 693
93007 693
93008 693
93009 693
93010 693
93011 693
93012 693
93013 693
93014 693
93015 693
93016 693
93017 693
93018 693
93019 693
93020 693
93021 693
93022 693
93023 693
93024 693
93025 693
93026 693
93027 693
93028 693
93029 693
93030 693
93031 693
93032 693
93033 693
93034 693
93035 693
93036 693
93037 693
93038 693
93039 693
93040 693
93041 693
93042 693
93043 693
93044 693
93045 693
93046 693
93047 693
93048 693
93049 693
93050 693
93051 693
93052 693
93053 693
93054 693
93055 693
93056 693
93057 693
93058 693
93059 693
93060 693
93061 693
93062 693
93063 693
93064 693
93065 693
93066 693
93067 693
93068 693
93069 693
93070 693
93071 693
93072 693
93073 693
93074 693
93075 693
93076 693
93077 693
93078 693
93079 693
93080 693
93081 693
93082 693
93083 693
93084 693
93085 693
93086 693
93087 693
93088 693
93089 693
93090 693
93091 693
93092 693
93093 693
93094 693
93095 693
93096 693
93097 693
93098 693
93099 693
93100 693
93101 693
93102 693
93103 693
93104 693
93105 693
93106 693
93107 693
93108 693
93109 693
93110 693
93111 693
93112 693
93113 693
93114 693
93115 693
93116 693
93117 694
93118 694
93119 694
93120 694
93121 694
93122 694
93123 694
93124 694
93125 694
93126 694
93127 694
93128 694
93129 694
93130 694
93131 694
93132 694
93133 694
93134 694
93135 694
93136 694
93137 694
93138 694
93139 694
93140 694
93141 694
93142 694
93143 694
93144 694
93145 694
93146 694
93147 694
93148 694
93149 694
93150 694
93151 694
93152 694
93153 694
93154 694
93155 694
93156 694
93157 694
93158 694
93159 694
93160 694
93161 694
93162 694
93163 694
93164 694
93165 694
93166 694
93167 694
93168 694
93169 694
93170 694
93171 694
93172 694
93173 694
93174 694
93175 694
93176 694
93177 694
93178 694
93179 694
93180 694
93181 694
93182 694
93183 694
93184 694
93185 694
93186 694
93187 694
93188 694
93189 694
93190 694
93191 694
93192 694
93193 694
93194 694
93195 694
93196 694
93197 694
93198 694
93199 694
93200 694
93201 694
93202 694
93203 694
93204 694
93205 694
93206 694
93207 694
93208 694
93209 694
93210 694
93211 694
93212 694
93213 694
93214 694
93215 694
93216 694
93217 694
93218 694
93219 694
93220 694
93221 694
93222 694
93223 694
93224 694
93225 694
93226 694
93227 694
93228 694
93229 694
93230 694
93231 694
93232 694
93233 694
93234 694
93235 694
93236 694
93237 694
93238 694
93239 694
93240 694
93241 694
93242 694
93243 694
93244 694
93245 694
93246 694
93247 694
93248 694
93249 694
93250 694
93251 694
93252 694
93253 694
93254 694
93255 694
93256 694
93257 694
93258 694
93259 694
93260 694
93261 694
93262 694
93263 694
93264 694
93265 694
93266 694
93267 694
93268 694
93269 694
93270 694
93271 694
93272 694
93273 694
93274 694
93275 694
93276 694
93277 694
93278 694
93279 694
93280 694
93281 694
93282 694
93283 694
93284 694
93285 694
93286 694
93287 694
93288 694
93289 694
93290 694
93291 694
93292 694
93293 694
93294 694
93295 694
93296 694
93297 694
93298 694
93299 694
93300 694
93301 694
93302 694
93303 694
93304 694
93305 694
93306 694
93307 694
93308 694
93309 694
93310 694
93311 694
93312 694
93313 694
93314 694
93315 694
93316 694
93317 694
93318 694
93319 694
93320 694
93321 694
93322 694
93323 694
93324 694
93325 694
93326 694
93327 694
93328 694
93329 694
93330 694
93331 694
93332 694
93333 694
93334 694
93335 694
93336 694
93337 694
93338 694
93339 694
93340 694
93341 694
93342 694
93343 694
93344 694
93345 694
93346 694
93347 694
93348 694
93349 694
93350 694
93351 694
93352 694
93353 694
93354 694
93355 694
93356 694
93357 694
93358 694
93359 694
93360 694
93361 694
93362 694
93363 694
93364 694
93365 694
93366 694
93367 694
93368 694
93369 694
93370 694
93371 694
93372 694
93373 694
93374 694
93375 694
93376 694
93377 694
93378 694
93379 694
93380 694
93381 694
93382 694
93383 694
93384 694
93385 694
93386 694
93387 694
93388 694
93389 694
93390 694
93391 694
93392 694
93393 694
93394 694
93395 694
93396 694
93397 694
93398 694
93399 694
93400 694
93401 694
93402 694
93403 694
93404 694
93405 694
93406 694
93407 694
93408 694
93409 694
93410 694
93411 694
93412 694
93413 694
93414 694
93415 694
93416 694
93417 694
93418 694
93419 694
93420 694
93421 694
93422 694
93423 694
93424 694
93425 694
93426 694
93427 694
93428 694
93429 694
93430 694
93431 694
93432 694
93433 694
93434 694
93435 694
93436 694
93437 694
93438 694
93439 694
93440 694
93441 694
93442 694
93443 694
93444 694
93445 694
93446 694
93447 694
93448 694
93449 694
93450 694
93451 694
93452 694
93453 694
93454 694
93455 694
93456 694
93457 694
93458 694
93459 694
93460 694
93461 694
93462 694
93463 694
93464 694
93465 694
93466 694
93467 694
93468 694
93469 694
93470 694
93471 694
93472 694
93473 694
93474 694
93475 694
93476 694
93477 694
93478 694
93479 694
93480 694
93481 694
93482 694
93483 694
93484 694
93485 694
93486 694
93487 694
93488 694
93489 694
93490 694
93491 694
93492 694
93493 694
93494 694
93495 694
93496 694
93497 694
93498 694
93499 694
93500 694
93501 694
93502 694
93503 694
93504 694
93505 694
93506 694
93507 694
93508 694
93509 694
93510 694
93511 694
93512 694
93513 694
93514 694
93515 694
93516 694
93517 694
93518 694
93519 694
93520 694
93521 694
93522 694
93523 694
93524 694
93525 694
93526 694
93527 694
93528 694
93529 694
93530 694
93531 694
93532 694
93533 694
93534 694
93535 694
93536 694
93537 694
93538 694
93539 694
93540 694
93541 694
93542 694
93543 694
93544 694
93545 694
93546 694
93547 694
93548 694
93549 694
93550 694
93551 694
93552 695
93553 695
93554 695
93555 695
93556 695
93557 695
93558 695
93559 695
93560 695
93561 695
93562 695
93563 695
93564 695
93565 695
93566 695
93567 695
93568 695
93569 695
93570 695
93571 695
93572 695
93573 695
93574 695
93575 695
93576 695
93577 695
93578 695
93579 695
93580 695
93581 695
93582 695
93583 695
93584 695
93585 695
93586 695
93587 695
93588 695
93589 695
93590 695
93591 695
93592 695
93593 695
93594 695
93595 695
93596 695
93597 695
93598 695
93599 695
93600 695
93601 695
93602 695
93603 695
93604 695
93605 695
93606 695
93607 695
93608 695
93609 695
93610 695
93611 695
93612 695
93613 695
93614 695
93615 695
93616 695
93617 695
93618 695
93619 695
93620 695
93621 695
93622 695
93623 695
93624 695
93625 695
93626 695
93627 695
93628 695
93629 695
93630 695
93631 695
93632 695
93633 695
93634 695
93635 695
93636 695
93637 695
93638 695
93639 695
93640 695
93641 695
93642 695
93643 695
93644 695
93645 695
93646 695
93647 695
93648 695
93649 695
93650 695
93651 695
93652 695
93653 695
93654 695
93655 695
93656 695
93657 695
93658 695
93659 695
93660 695
93661 695
93662 695
93663 695
93664 695
93665 695
93666 695
93667 695
93668 695
93669 695
93670 695
93671 695
93672 695
93673 695
93674 695
93675 695
93676 695
93677 695
93678 695
93679 695
93680 695
93681 695
93682 695
93683 695
93684 695
93685 695
93686 695
93687 695
93688 695
93689 695
93690 695
93691 695
93692 695
93693 695
93694 695
93695 695
93696 695
93697 695
93698 695
93699 695
93700 695
93701 695
93702 695
93703 695
93704 695
93705 695
93706 695
93707 695
93708 695
93709 695
93710 695
93711 695
93712 695
93713 695
93714 695
93715 695
93716 695
93717 695
93718 695
93719 695
93720 695
93721 695
93722 695
93723 695
93724 695
93725 695
93726 695
93727 695
93728 695
93729 695
93730 695
93731 695
93732 695
93733 695
93734 695
93735 695
93736 695
93737 695
93738 695
93739 695
93740 695
93741 695
93742 695
93743 695
93744 695
93745 695
93746 695
93747 695
93748 695
93749 695
93750 695
93751 696
93752 696
93753 696
93754 696
93755 696
93756 696
93757 696
93758 696
93759 696
93760 696
93761 696
93762 696
93763 696
93764 696
93765 696
93766 696
93767 696
93768 696
93769 696
93770 696
93771 696
93772 696
93773 696
93774 696
93775 696
93776 696
93777 696
93778 696
93779 696
93780 696
93781 696
93782 696
93783 696
93784 696
93785 696
93786 696
93787 696
93788 696
93789 696
93790 696
93791 696
93792 696
93793 696
93794 696
93795 696
93796 696
93797 696
93798 696
93799 696
93800 696
93801 696
93802 696
93803 696
93804 696
93805 696
93806 696
93807 696
93808 696
93809 696
93810 696
93811 696
93812 696
93813 696
93814 696
93815 696
93816 696
93817 696
93818 696
93819 696
93820 696
93821 696
93822 696
93823 696
93824 696
93825 696
93826 696
93827 696
93828 696
93829 696
93830 696
93831 696
93832 696
93833 696
93834 696
93835 696
93836 696
93837 696
93838 696
93839 696
93840 696
93841 696
93842 696
93843 696
93844 696
93845 696
93846 696
93847 696
93848 696
93849 696
93850 696
93851 696
93852 696
93853 696
93854 696
93855 696
93856 696
93857 696
93858 696
93859 696
93860 696
93861 696
93862 696
93863 696
93864 696
93865 696
93866 696
93867 696
93868 696
93869 696
93870 696
93871 696
93872 696
93873 696
93874 696
93875 696
93876 696
93877 696
93878 696
93879 696
93880 696
93881 696
93882 696
93883 696
93884 696
93885 696
93886 696
93887 696
93888 696
93889 696
93890 696
93891 696
93892 696
93893 696
93894 696
93895 696
93896 696
93897 696
93898 696
93899 696
93900 696
93901 696
93902 696
93903 696
93904 696
93905 696
93906 696
93907 696
93908 696
93909 696
93910 696
93911 696
93912 696
93913 696
93914 696
93915 696
93916 696
93917 696
93918 696
93919 696
93920 696
93921 696
93922 696
93923 696
93924 696
93925 696
93926 696
93927 696
93928 696
93929 696
93930 696
93931 696
93932 696
93933 696
93934 696
93935 696
93936 696
93937 696
93938 696
93939 696
93940 696
93941 696
93942 696
93943 696
93944 696
93945 696
93946 696
93947 696
93948 696
93949 696
93950 696
93951 696
93952 696
93953 696
93954 696
93955 696
93956 696
93957 696
93958 696
93959 696
93960 696
93961 696
93962 696
93963 696
93964 696
93965 696
93966 696
93967 696
93968 696
93969 696
93970 696
93971 696
93972 696
93973 696
93974 696
93975 696
93976 696
93977 696
93978 696
93979 696
93980 696
93981 696
93982 696
93983 696
93984 696
93985 696
93986 696
93987 696
93988 696
93989 696
93990 696
93991 696
93992 696
93993 696
93994 696
93995 696
93996 696
93997 696
93998 696
93999 696
94000 696
94001 696
94002 696
94003 696
94004 696
94005 696
94006 696
94007 696
94008 696
94009 696
94010 696
94011 696
94012 696
94013 696
94014 696
94015 696
94016 696
94017 696
94018 696
94019 696
94020 696
94021 696
94022 696
94023 696
94024 697
94025 697
94026 697
94027 697
94028 697
94029 697
94030 697
94031 697
94032 697
94033 697
94034 697
94035 697
94036 697
94037 697
94038 697
94039 697
94040 697
94041 697
94042 697
94043 697
94044 697
94045 697
94046 697
94047 697
94048 697
94049 697
94050 697
94051 697
94052 697
94053 697
94054 697
94055 697
94056 697
94057 697
94058 697
94059 697
94060 697
94061 697
94062 697
94063 697
94064 697
94065 697
94066 697
94067 697
94068 697
94069 697
94070 697
94071 697
94072 697
94073 697
94074 697
94075 697
94076 697
94077 697
94078 697
94079 697
94080 697
94081 697
94082 697
94083 697
94084 697
94085 697
94086 697
94087 697
94088 697
94089 697
94090 697
94091 697
94092 697
94093 697
94094 697
94095 697
94096 697
94097 697
94098 697
94099 697
94100 697
94101 697
94102 697
94103 697
94104 697
94105 697
94106 697
94107 697
94108 697
94109 697
94110 697
94111 697
94112 697
94113 697
94114 697
94115 697
94116 697
94117 697
94118 697
94119 697
94120 697
94121 697
94122 697
94123 697
94124 697
94125 697
94126 697
94127 697
94128 697
94129 697
94130 697
94131 697
94132 697
94133 697
94134 697
94135 697
94136 697
94137 697
94138 697
94139 697
94140 697
94141 697
94142 697
94143 697
94144 697
94145 697
94146 697
94147 697
94148 697
94149 697
94150 697
94151 697
94152 697
94153 697
94154 697
94155 697
94156 697
94157 697
94158 697
94159 697
94160 697
94161 697
94162 697
94163 697
94164 697
94165 697
94166 697
94167 697
94168 697
94169 697
94170 697
94171 697
94172 697
94173 697
94174 697
94175 697
94176 697
94177 697
94178 697
94179 697
94180 697
94181 697
94182 697
94183 697
94184 697
94185 697
94186 697
94187 697
94188 697
94189 697
94190 697
94191 697
94192 697
94193 697
94194 697
94195 697
94196 697
94197 697
94198 697
94199 697
94200 697
94201 697
94202 697
94203 697
94204 697
94205 697
94206 697
94207 697
94208 697
94209 697
94210 697
94211 697
94212 697
94213 697
94214 697
94215 697
94216 697
94217 697
94218 697
94219 697
94220 697
94221 697
94222 697
94223 697
94224 697
94225 697
94226 697
94227 697
94228 697
94229 697
94230 697
94231 697
94232 697
94233 697
94234 697
94235 697
94236 697
94237 697
94238 697
94239 697
94240 697
94241 697
94242 697
94243 697
94244 697
94245 697
94246 697
94247 697
94248 697
94249 697
94250 697
94251 697
94252 697
94253 697
94254 697
94255 697
94256 697
94257 697
94258 697
94259 697
94260 697
94261 697
94262 697
94263 697
94264 697
94265 697
94266 697
94267 697
94268 697
94269 697
94270 697
94271 697
94272 697
94273 697
94274 697
94275 697
94276 697
94277 697
94278 697
94279 697
94280 697
94281 697
94282 697
94283 697
94284 697
94285 697
94286 697
94287 697
94288 697
94289 697
94290 697
94291 697
94292 697
94293 697
94294 697
94295 697
94296 697
94297 697
94298 697
94299 697
94300 697
94301 697
94302 697
94303 697
94304 697
94305 697
94306 697
94307 697
94308 697
94309 697
94310 697
94311 697
94312 697
94313 697
94314 697
94315 697
94316 697
94317 697
94318 697
94319 697
94320 697
94321 697
94322 697
94323 697
94324 697
94325 697
94326 697
94327 697
94328 697
94329 697
94330 697
94331 697
94332 697
94333 697
94334 697
94335 697
94336 697
94337 697
94338 697
94339 697
94340 697
94341 697
94342 697
94343 697
94344 697
94345 697
94346 697
94347 697
94348 697
94349 697
94350 697
94351 697
94352 697
94353 697
94354 697
94355 697
94356 697
94357 697
94358 697
94359 697
94360 697
94361 697
94362 697
94363 697
94364 697
94365 697
94366 697
94367 697
94368 697
94369 697
94370 697
94371 697
94372 697
94373 697
94374 697
94375 697
94376 697
94377 697
94378 697
94379 697
94380 697
94381 697
94382 697
94383 697
94384 697
94385 697
94386 697
94387 697
94388 697
94389 697
94390 697
94391 697
94392 697
94393 697
94394 697
94395 697
94396 697
94397 697
94398 697
94399 697
94400 697
94401 697
94402 697
94403 697
94404 697
94405 697
94406 697
94407 697
94408 697
94409 697
94410 697
94411 697
94412 697
94413 697
94414 697
94415 697
94416 697
94417 697
94418 697
94419 697
94420 697
94421 697
94422 697
94423 697
94424 697
94425 697
94426 697
94427 697
94428 697
94429 697
94430 697
94431 697
94432 697
94433 697
94434 697
94435 697
94436 697
94437 697
94438 697
94439 697
94440 697
94441 697
94442 697
94443 697
94444 697
94445 697
94446 697
94447 697
94448 697
94449 697
94450 697
94451 697
94452 697
94453 697
94454 697
94455 697
94456 697
94457 697
94458 697
94459 697
94460 697
94461 697
94462 697
94463 697
94464 697
94465 697
94466 697
94467 697
94468 697
94469 697
94470 697
94471 697
94472 697
94473 697
94474 697
94475 697
94476 697
94477 697
94478 697
94479 697
94480 697
94481 697
94482 697
94483 697
94484 697
94485 697
94486 697
94487 697
94488 697
94489 697
94490 697
94491 697
94492 697
94493 697
94494 697
94495 697
94496 697
94497 697
94498 697
94499 697
94500 697
94501 697
94502 697
94503 697
94504 697
94505 697
94506 697
94507 697
94508 697
94509 697
94510 697
94511 697
94512 697
94513 697
94514 697
94515 697
94516 697
94517 697
94518 697
94519 697
94520 697
94521 697
94522 697
94523 697
94524 697
94525 697
94526 697
94527 697
94528 697
94529 697
94530 697
94531 697
94532 697
94533 697
94534 697
94535 697
94536 697
94537 697
94538 697
94539 697
94540 697
94541 697
94542 697
94543 697
94544 697
94545 697
94546 697
94547 697
94548 697
94549 697
94550 697
94551 697
94552 697
94553 697
94554 697
94555 697
94556 697
94557 697
94558 697
94559 697
94560 697
94561 697
94562 697
94563 697
94564 697
94565 697
94566 697
94567 697
94568 697
94569 697
94570 697
94571 697
94572 697
94573 697
94574 697
94575 697
94576 697
94577 697
94578 697
94579 697
94580 697
94581 697
94582 697
94583 697
94584 697
94585 697
94586 697
94587 697
94588 697
94589 697
94590 697
94591 697
94592 697
94593 697
94594 697
94595 697
94596 697
94597 697
94598 697
94599 697
94600 697
94601 697
94602 697
94603 697
94604 697
94605 697
94606 697
94607 697
94608 697
94609 697
94610 697
94611 697
94612 697
94613 697
94614 697
94615 697
94616 697
94617 697
94618 697
94619 697
94620 697
94621 697
94622 697
94623 697
94624 697
94625 697
94626 697
94627 697
94628 697
94629 697
94630 697
94631 697
94632 697
94633 697
94634 697
94635 697
94636 697
94637 697
94638 697
94639 697
94640 697
94641 697
94642 697
94643 697
94644 697
94645 697
94646 697
94647 697
94648 697
94649 697
94650 697
94651 697
94652 697
94653 697
94654 697
94655 697
94656 697
94657 697
94658 697
94659 697
94660 697
94661 697
94662 697
94663 697
94664 697
94665 697
94666 697
94667 697
94668 697
94669 697
94670 697
94671 697
94672 697
94673 697
94674 697
94675 697
94676 697
94677 697
94678 697
94679 697
94680 697
94681 697
94682 697
94683 697
94684 697
94685 697
94686 697
94687 697
94688 697
94689 697
94690 697
94691 697
94692 697
94693 697
94694 697
94695 697
94696 697
94697 697
94698 697
94699 697
94700 697
94701 697
94702 697
94703 697
94704 697
94705 697
94706 697
94707 697
94708 697
94709 697
94710 697
94711 697
94712 697
94713 697
94714 697
94715 697
94716 697
94717 697
94718 697
94719 697
94720 697
94721 697
94722 697
94723 697
94724 697
94725 697
94726 697
94727 697
94728 697
94729 697
94730 697
94731 697
94732 697
94733 697
94734 697
94735 697
94736 697
94737 697
94738 697
94739 697
94740 697
94741 697
94742 697
94743 697
94744 697
94745 697
94746 697
94747 697
94748 697
94749 697
94750 697
94751 697
94752 697
94753 697
94754 697
94755 697
94756 697
94757 697
94758 697
94759 697
94760 697
94761 697
94762 697
94763 697
94764 697
94765 697
94766 697
94767 697
94768 697
94769 697
94770 697
94771 697
94772 697
94773 697
94774 697
94775 697
94776 697
94777 697
94778 697
94779 697
94780 697
94781 697
94782 697
94783 697
94784 697
94785 697
94786 697
94787 697
94788 697
94789 697
94790 697
94791 697
94792 697
94793 697
94794 697
94795 697
94796 697
94797 697
94798 697
94799 697
94800 697
94801 697
94802 697
94803 697
94804 697
94805 697
94806 697
94807 697
94808 697
94809 697
94810 697
94811 697
94812 697
94813 697
94814 697
94815 697
94816 697
94817 697
94818 697
94819 697
94820 697
94821 697
94822 697
94823 697
94824 697
94825 697
94826 697
94827 697
94828 697
94829 697
94830 697
94831 697
94832 697
94833 697
94834 697
94835 697
94836 697
94837 697
94838 697
94839 697
94840 697
94841 697
94842 697
94843 700
94844 700
94845 700
94846 700
94847 700
94848 700
94849 700
94850 700
94851 700
94852 700
94853 700
94854 700
94855 700
94856 700
94857 700
94858 700
94859 700
94860 700
94861 700
94862 700
94863 700
94864 700
94865 700
94866 700
94867 700
94868 700
94869 700
94870 700
94871 700
94872 700
94873 700
94874 700
94875 700
94876 700
94877 700
94878 700
94879 700
94880 700
94881 700
94882 700
94883 700
94884 700
94885 700
94886 700
94887 700
94888 700
94889 700
94890 700
94891 700
94892 700
94893 700
94894 700
94895 700
94896 700
94897 700
94898 700
94899 700
94900 700
94901 700
94902 700
94903 700
94904 700
94905 700
94906 700
94907 700
94908 700
94909 700
94910 700
94911 700
94912 700
94913 700
94914 700
94915 700
94916 700
94917 700
94918 700
94919 700
94920 700
94921 700
94922 700
94923 700
94924 700
94925 700
94926 700
94927 700
94928 700
94929 700
94930 700
94931 700
94932 700
94933 700
94934 700
94935 700
94936 700
94937 700
94938 700
94939 700
94940 700
94941 700
94942 700
94943 700
94944 700
94945 700
94946 700
94947 700
94948 700
94949 700
94950 700
94951 700
94952 700
94953 700
94954 700
94955 700
94956 700
94957 700
94958 700
94959 700
94960 700
94961 700
94962 700
94963 700
94964 700
94965 700
94966 700
94967 700
94968 700
94969 700
94970 700
94971 700
94972 700
94973 700
94974 700
94975 700
94976 700
94977 700
94978 700
94979 700
94980 700
94981 700
94982 700
94983 700
94984 700
94985 700
94986 700
94987 700
94988 700
94989 700
94990 700
94991 700
94992 700
94993 700
94994 700
94995 700
94996 700
94997 700
94998 700
94999 700
95000 700
95001 700
95002 700
95003 700
95004 700
95005 700
95006 700
95007 700
95008 700
95009 700
95010 700
95011 700
95012 700
95013 700
95014 700
95015 700
95016 700
95017 700
95018 700
95019 700
95020 700
95021 700
95022 700
95023 700
95024 700
95025 700
95026 700
95027 700
95028 700
95029 700
95030 700
95031 700
95032 700
95033 700
95034 700
95035 700
95036 700
95037 700
95038 700
95039 700
95040 700
95041 700
95042 700
95043 700
95044 700
95045 700
95046 700
95047 700
95048 700
95049 700
95050 700
95051 700
95052 700
95053 700
95054 700
95055 700
95056 700
95057 700
95058 700
95059 700
95060 700
95061 700
95062 700
95063 700
95064 700
95065 700
95066 700
95067 700
95068 700
95069 700
95070 700
95071 700
95072 700
95073 700
95074 700
95075 700
95076 700
95077 700
95078 700
95079 700
95080 700
95081 700
95082 700
95083 700
95084 700
95085 700
95086 700
95087 700
95088 700
95089 700
95090 700
95091 700
95092 700
95093 700
95094 700
95095 700
95096 700
95097 700
95098 700
95099 700
95100 700
95101 700
95102 700
95103 700
95104 700
95105 700
95106 700
95107 700
95108 700
95109 700
95110 700
95111 700
95112 700
95113 700
95114 700
95115 700
95116 700
95117 700
95118 700
95119 700
95120 700
95121 700
95122 700
95123 700
95124 700
95125 700
95126 700
95127 700
95128 700
95129 700
95130 700
95131 700
95132 700
95133 700
95134 700
95135 700
95136 700
95137 700
95138 700
95139 700
95140 700
95141 700
95142 700
95143 700
95144 700
95145 700
95146 700
95147 700
95148 700
95149 700
95150 700
95151 700
95152 700
95153 700
95154 700
95155 700
95156 700
95157 700
95158 700
95159 700
95160 700
95161 700
95162 700
95163 700
95164 700
95165 700
95166 700
95167 700
95168 700
95169 700
95170 700
95171 700
95172 700
95173 700
95174 700
95175 700
95176 700
95177 700
95178 700
95179 700
95180 700
95181 700
95182 700
95183 700
95184 700
95185 700
95186 700
95187 700
95188 700
95189 700
95190 700
95191 700
95192 700
95193 700
95194 700
95195 700
95196 700
95197 700
95198 700
95199 700
95200 700
95201 700
95202 700
95203 700
95204 700
95205 700
95206 700
95207 700
95208 700
95209 700
95210 700
95211 700
95212 700
95213 700
95214 700
95215 700
95216 700
95217 700
95218 700
95219 700
95220 700
95221 700
95222 700
95223 700
95224 700
95225 700
95226 700
95227 700
95228 700
95229 700
95230 700
95231 700
95232 700
95233 700
95234 700
95235 700
95236 700
95237 700
95238 700
95239 700
95240 700
95241 700
95242 700
95243 700
95244 700
95245 700
95246 700
95247 700
95248 700
95249 700
95250 700
95251 700
95252 700
95253 700
95254 700
95255 700
95256 700
95257 700
95258 700
95259 700
95260 700
95261 700
95262 700
95263 700
95264 700
95265 700
95266 700
95267 700
95268 700
95269 700
95270 700
95271 700
95272 700
95273 700
95274 700
95275 700
95276 700
95277 700
95278 700
95279 700
95280 700
95281 700
95282 700
95283 700
95284 700
95285 700
95286 700
95287 700
95288 700
95289 700
95290 700
95291 700
95292 700
95293 700
95294 700
95295 700
95296 700
95297 700
95298 700
95299 700
95300 700
95301 700
95302 700
95303 700
95304 700
95305 700
95306 700
95307 700
95308 700
95309 700
95310 700
95311 700
95312 700
95313 700
95314 700
95315 700
95316 700
95317 700
95318 700
95319 700
95320 700
95321 700
95322 700
95323 700
95324 700
95325 700
95326 700
95327 700
95328 700
95329 700
95330 700
95331 700
95332 700
95333 700
95334 700
95335 700
95336 700
95337 700
95338 700
95339 700
95340 700
95341 700
95342 700
95343 700
95344 700
95345 700
95346 700
95347 700
95348 700
95349 700
95350 700
95351 700
95352 700
95353 700
95354 700
95355 700
95356 700
95357 700
95358 700
95359 700
95360 700
95361 700
95362 700
95363 700
95364 700
95365 700
95366 700
95367 700
95368 700
95369 700
95370 700
95371 700
95372 700
95373 700
95374 700
95375 700
95376 700
95377 700
95378 700
95379 700
95380 700
95381 700
95382 700
95383 700
95384 700
95385 700
95386 700
95387 700
95388 700
95389 700
95390 700
95391 700
95392 700
95393 700
95394 700
95395 700
95396 700
95397 700
95398 700
95399 700
95400 700
95401 700
95402 700
95403 700
95404 700
95405 700
95406 700
95407 700
95408 700
95409 700
95410 700
95411 700
95412 700
95413 700
95414 700
95415 700
95416 700
95417 700
95418 700
95419 700
95420 700
95421 700
95422 700
95423 700
95424 700
95425 700
95426 700
95427 700
95428 700
95429 700
95430 700
95431 700
95432 700
95433 700
95434 700
95435 700
95436 700
95437 700
95438 700
95439 700
95440 700
95441 700
95442 700
95443 700
95444 700
95445 700
95446 700
95447 700
95448 700
95449 700
95450 700
95451 700
95452 700
95453 700
95454 700
95455 700
95456 700
95457 700
95458 700
95459 700
95460 700
95461 700
95462 700
95463 700
95464 700
95465 700
95466 700
95467 700
95468 700
95469 700
95470 700
95471 700
95472 700
95473 700
95474 700
95475 700
95476 700
95477 700
95478 700
95479 700
95480 700
95481 700
95482 700
95483 700
95484 700
95485 700
95486 700
95487 700
95488 700
95489 700
95490 700
95491 700
95492 700
95493 700
95494 700
95495 700
95496 700
95497 700
95498 700
95499 700
95500 700
95501 700
95502 700
95503 700
95504 700
95505 700
95506 700
95507 700
95508 700
95509 700
95510 700
95511 700
95512 700
95513 700
95514 700
95515 700
95516 700
95517 700
95518 700
95519 700
95520 700
95521 700
95522 700
95523 700
95524 700
95525 700
95526 700
95527 700
95528 700
95529 700
95530 700
95531 700
95532 700
95533 700
95534 700
95535 700
95536 700
95537 700
95538 700
95539 700
95540 700
95541 700
95542 700
95543 700
95544 700
95545 700
95546 700
95547 700
95548 700
95549 700
95550 700
95551 700
95552 700
95553 700
95554 700
95555 700
95556 700
95557 700
95558 700
95559 700
95560 700
95561 700
95562 700
95563 700
95564 700
95565 700
95566 700
95567 700
95568 700
95569 700
95570 700
95571 700
95572 700
95573 700
95574 700
95575 700
95576 700
95577 700
95578 700
95579 700
95580 700
95581 700
95582 700
95583 700
95584 700
95585 700
95586 700
95587 700
95588 700
95589 700
95590 700
95591 700
95592 700
95593 700
95594 700
95595 700
95596 700
95597 700
95598 700
95599 700
95600 700
95601 700
95602 700
95603 700
95604 700
95605 700
95606 700
95607 700
95608 700
95609 700
95610 700
95611 700
95612 700
95613 700
95614 700
95615 700
95616 700
95617 700
95618 700
95619 700
95620 700
95621 700
95622 700
95623 700
95624 700
95625 700
95626 700
95627 700
95628 700
95629 700
95630 700
95631 700
95632 700
95633 700
95634 700
95635 700
95636 700
95637 700
95638 700
95639 700
95640 700
95641 700
95642 700
95643 700
95644 700
95645 700
95646 700
95647 700
95648 700
95649 700
95650 700
95651 700
95652 700
95653 700
95654 700
95655 700
95656 700
95657 700
95658 700
95659 700
95660 700
95661 700
95662 700
95663 700
95664 700
95665 700
95666 700
95667 700
95668 700
95669 700
95670 700
95671 700
95672 700
95673 700
95674 700
95675 700
95676 700
95677 700
95678 700
95679 700
95680 700
95681 700
95682 700
95683 700
95684 700
95685 700
95686 700
95687 700
95688 700
95689 700
95690 700
95691 700
95692 700
95693 700
95694 700
95695 700
95696 700
95697 700
95698 700
95699 700
95700 700
95701 700
95702 700
95703 700
95704 700
95705 700
95706 700
95707 700
95708 700
95709 700
95710 700
95711 700
95712 700
95713 700
95714 700
95715 700
95716 700
95717 700
95718 700
95719 700
95720 700
95721 700
95722 700
95723 700
95724 700
95725 700
95726 700
95727 700
95728 700
95729 700
95730 700
95731 700
95732 700
95733 700
95734 700
95735 700
95736 700
95737 700
95738 700
95739 700
95740 700
95741 700
95742 700
95743 700
95744 700
95745 700
95746 700
95747 700
95748 700
95749 700
95750 700
95751 700
95752 700
95753 700
95754 700
95755 700
95756 700
95757 700
95758 700
95759 700
95760 700
95761 700
95762 700
95763 700
95764 700
95765 700
95766 700
95767 700
95768 700
95769 700
95770 700
95771 700
95772 700
95773 700
95774 700
95775 700
95776 700
95777 700
95778 700
95779 700
95780 700
95781 700
95782 700
95783 700
95784 700
95785 700
95786 700
95787 700
95788 700
95789 700
95790 700
95791 700
95792 700
95793 700
95794 700
95795 700
95796 700
95797 700
95798 700
95799 700
95800 700
95801 700
95802 700
95803 700
95804 700
95805 700
95806 700
95807 700
95808 700
95809 700
95810 700
95811 700
95812 700
95813 700
95814 700
95815 700
95816 700
95817 700
95818 700
95819 700
95820 700
95821 700
95822 700
95823 700
95824 700
95825 700
95826 700
95827 700
95828 700
95829 700
95830 700
95831 700
95832 700
95833 700
95834 700
95835 700
95836 700
95837 700
95838 700
95839 700
95840 700
95841 700
95842 700
95843 700
95844 700
95845 700
95846 700
95847 700
95848 700
95849 700
95850 700
95851 700
95852 700
95853 700
95854 700
95855 700
95856 700
95857 700
95858 700
95859 700
95860 700
95861 700
95862 700
95863 700
95864 700
95865 700
95866 700
95867 700
95868 700
95869 700
95870 700
95871 700
95872 700
95873 700
95874 700
95875 700
95876 700
95877 700
95878 700
95879 700
95880 700
95881 700
95882 700
95883 700
95884 700
95885 700
95886 700
95887 700
95888 700
95889 700
95890 700
95891 700
95892 700
95893 700
95894 700
95895 700
95896 700
95897 700
95898 700
95899 700
95900 700
95901 700
95902 700
95903 700
95904 700
95905 700
95906 700
95907 700
95908 700
95909 700
95910 700
95911 700
95912 700
95913 700
95914 700
95915 700
95916 700
95917 700
95918 700
95919 700
95920 700
95921 700
95922 700
95923 700
95924 700
95925 700
95926 700
95927 700
95928 700
95929 700
95930 700
95931 700
95932 700
95933 700
95934 700
95935 700
95936 700
95937 700
95938 700
95939 700
95940 700
95941 700
95942 700
95943 700
95944 700
95945 700
95946 700
95947 700
95948 700
95949 700
95950 700
95951 700
95952 700
95953 700
95954 700
95955 700
95956 700
95957 700
95958 700
95959 700
95960 700
95961 700
95962 700
95963 700
95964 700
95965 700
95966 700
95967 700
95968 700
95969 700
95970 700
95971 700
95972 700
95973 700
95974 700
95975 700
95976 700
95977 700
95978 700
95979 700
95980 700
95981 700
95982 700
95983 700
95984 700
95985 700
95986 700
95987 700
95988 700
95989 700
95990 700
95991 700
95992 700
95993 700
95994 700
95995 700
95996 700
95997 700
95998 700
95999 700
96000 700
96001 700
96002 700
96003 700
96004 700
96005 700
96006 700
96007 700
96008 700
96009 700
96010 700
96011 700
96012 700
96013 700
96014 700
96015 700
96016 700
96017 700
96018 700
96019 700
96020 700
96021 700
96022 700
96023 700
96024 700
96025 700
96026 700
96027 700
96028 700
96029 700
96030 700
96031 700
96032 700
96033 700
96034 700
96035 700
96036 700
96037 700
96038 700
96039 700
96040 700
96041 700
96042 700
96043 700
96044 700
96045 700
96046 700
96047 700
96048 700
96049 700
96050 700
96051 700
96052 700
96053 700
96054 700
96055 700
96056 700
96057 700
96058 700
96059 700
96060 700
96061 700
96062 700
96063 700
96064 700
96065 700
96066 700
96067 700
96068 700
96069 700
96070 700
96071 700
96072 700
96073 700
96074 700
96075 700
96076 700
96077 700
96078 700
96079 700
96080 700
96081 700
96082 700
96083 700
96084 700
96085 700
96086 700
96087 700
96088 700
96089 700
96090 700
96091 700
96092 700
96093 700
96094 700
96095 700
96096 700
96097 700
96098 700
96099 700
96100 700
96101 700
96102 700
96103 700
96104 700
96105 700
96106 700
96107 700
96108 700
96109 700
96110 700
96111 700
96112 700
96113 700
96114 700
96115 700
96116 700
96117 700
96118 700
96119 700
96120 700
96121 700
96122 700
96123 700
96124 700
96125 700
96126 700
96127 700
96128 700
96129 700
96130 700
96131 700
96132 700
96133 700
96134 700
96135 700
96136 700
96137 700
96138 700
96139 700
96140 700
96141 700
96142 700
96143 700
96144 700
96145 700
96146 700
96147 700
96148 700
96149 700
96150 700
96151 700
96152 700
96153 700
96154 700
96155 700
96156 700
96157 700
96158 700
96159 700
96160 700
96161 700
96162 700
96163 700
96164 700
96165 700
96166 700
96167 700
96168 700
96169 700
96170 700
96171 700
96172 700
96173 700
96174 700
96175 700
96176 700
96177 700
96178 700
96179 700
96180 700
96181 700
96182 700
96183 700
96184 700
96185 700
96186 700
96187 700
96188 700
96189 700
96190 700
96191 700
96192 700
96193 700
96194 700
96195 700
96196 700
96197 700
96198 700
96199 700
96200 700
96201 700
96202 700
96203 700
96204 700
96205 700
96206 700
96207 700
96208 700
96209 700
96210 700
96211 700
96212 700
96213 700
96214 700
96215 700
96216 700
96217 700
96218 700
96219 700
96220 700
96221 700
96222 700
96223 700
96224 700
96225 700
96226 700
96227 700
96228 700
96229 700
96230 700
96231 700
96232 700
96233 700
96234 700
96235 700
96236 700
96237 700
96238 700
96239 700
96240 700
96241 700
96242 700
96243 700
96244 700
96245 700
96246 700
96247 700
96248 700
96249 700
96250 700
96251 700
96252 700
96253 700
96254 700
96255 700
96256 700
96257 700
96258 700
96259 700
96260 700
96261 700
96262 700
96263 700
96264 700
96265 700
96266 700
96267 700
96268 700
96269 700
96270 700
96271 700
96272 700
96273 700
96274 700
96275 700
96276 700
96277 700
96278 700
96279 700
96280 700
96281 700
96282 700
96283 700
96284 700
96285 700
96286 700
96287 700
96288 700
96289 700
96290 700
96291 700
96292 700
96293 700
96294 700
96295 700
96296 700
96297 700
96298 700
96299 700
96300 700
96301 700
96302 700
96303 700
96304 700
96305 700
96306 700
96307 700
96308 700
96309 700
96310 700
96311 700
96312 700
96313 700
96314 700
96315 700
96316 700
96317 700
96318 700
96319 700
96320 700
96321 700
96322 700
96323 700
96324 700
96325 700
96326 700
96327 700
96328 700
96329 700
96330 700
96331 700
96332 700
96333 700
96334 700
96335 700
96336 700
96337 700
96338 700
96339 700
96340 700
96341 700
96342 700
96343 700
96344 700
96345 700
96346 700
96347 700
96348 700
96349 700
96350 700
96351 700
96352 700
96353 700
96354 700
96355 700
96356 700
96357 700
96358 700
96359 700
96360 700
96361 700
96362 700
96363 700
96364 700
96365 700
96366 700
96367 700
96368 700
96369 700
96370 700
96371 700
96372 700
96373 700
96374 700
96375 700
96376 700
96377 700
96378 700
96379 700
96380 700
96381 700
96382 700
96383 700
96384 700
96385 700
96386 700
96387 700
96388 700
96389 700
96390 700
96391 700
96392 700
96393 700
96394 700
96395 700
96396 700
96397 700
96398 700
96399 700
96400 700
96401 700
96402 700
96403 700
96404 700
96405 700
96406 700
96407 700
96408 700
96409 700
96410 700
96411 700
96412 700
96413 700
96414 700
96415 700
96416 700
96417 700
96418 700
96419 700
96420 700
96421 700
96422 700
96423 700
96424 700
96425 700
96426 700
96427 700
96428 700
96429 700
96430 700
96431 700
96432 700
96433 700
96434 700
96435 700
96436 700
96437 700
96438 700
96439 700
96440 700
96441 700
96442 700
96443 700
96444 700
96445 700
96446 700
96447 700
96448 700
96449 700
96450 700
96451 700
96452 700
96453 700
96454 700
96455 700
96456 700
96457 700
96458 700
96459 700
96460 700
96461 700
96462 700
96463 700
96464 700
96465 700
96466 700
96467 700
96468 700
96469 700
96470 700
96471 700
96472 700
96473 700
96474 700
96475 700
96476 700
96477 700
96478 700
96479 700
96480 700
96481 700
96482 700
96483 700
96484 700
96485 700
96486 700
96487 700
96488 700
96489 700
96490 700
96491 700
96492 700
96493 700
96494 700
96495 700
96496 700
96497 700
96498 700
96499 700
96500 700
96501 700
96502 700
96503 700
96504 700
96505 700
96506 700
96507 700
96508 700
96509 700
96510 700
96511 700
96512 700
96513 700
96514 700
96515 700
96516 700
96517 700
96518 700
96519 700
96520 700
96521 700
96522 700
96523 700
96524 700
96525 700
96526 700
96527 700
96528 700
96529 700
96530 700
96531 700
96532 700
96533 700
96534 700
96535 700
96536 700
96537 700
96538 700
96539 700
96540 700
96541 700
96542 700
96543 700
96544 700
96545 700
96546 700
96547 700
96548 700
96549 700
96550 700
96551 700
96552 700
96553 700
96554 700
96555 700
96556 700
96557 700
96558 700
96559 700
96560 700
96561 700
96562 700
96563 700
96564 700
96565 700
96566 700
96567 700
96568 700
96569 700
96570 700
96571 700
96572 700
96573 700
96574 700
96575 700
96576 700
96577 700
96578 700
96579 700
96580 700
96581 700
96582 700
96583 700
96584 700
96585 700
96586 700
96587 700
96588 700
96589 700
96590 700
96591 700
96592 700
96593 700
96594 700
96595 700
96596 700
96597 700
96598 700
96599 700
96600 700
96601 700
96602 700
96603 700
96604 700
96605 700
96606 700
96607 700
96608 700
96609 700
96610 700
96611 700
96612 700
96613 700
96614 700
96615 700
96616 700
96617 700
96618 700
96619 700
96620 700
96621 700
96622 700
96623 700
96624 700
96625 700
96626 700
96627 700
96628 700
96629 700
96630 700
96631 700
96632 700
96633 700
96634 700
96635 700
96636 700
96637 700
96638 700
96639 700
96640 700
96641 700
96642 700
96643 700
96644 700
96645 700
96646 700
96647 700
96648 700
96649 700
96650 700
96651 700
96652 700
96653 700
96654 700
96655 700
96656 700
96657 700
96658 700
96659 700
96660 700
96661 700
96662 700
96663 700
96664 700
96665 700
96666 700
96667 700
96668 700
96669 700
96670 700
96671 700
96672 700
96673 700
96674 700
96675 700
96676 700
96677 700
96678 700
96679 700
96680 700
96681 700
96682 700
96683 700
96684 700
96685 700
96686 700
96687 700
96688 700
96689 700
96690 700
96691 700
96692 700
96693 700
96694 700
96695 700
96696 700
96697 700
96698 700
96699 700
96700 700
96701 700
96702 700
96703 700
96704 700
96705 700
96706 700
96707 700
96708 700
96709 700
96710 700
96711 700
96712 700
96713 700
96714 700
96715 700
96716 700
96717 700
96718 700
96719 700
96720 700
96721 700
96722 700
96723 700
96724 700
96725 700
96726 700
96727 700
96728 700
96729 700
96730 700
96731 700
96732 700
96733 700
96734 700
96735 700
96736 700
96737 700
96738 700
96739 700
96740 700
96741 700
96742 700
96743 700
96744 700
96745 700
96746 700
96747 700
96748 700
96749 700
96750 700
96751 700
96752 700
96753 700
96754 700
96755 700
96756 700
96757 700
96758 700
96759 700
96760 700
96761 700
96762 700
96763 700
96764 700
96765 700
96766 700
96767 700
96768 700
96769 700
96770 700
96771 700
96772 700
96773 700
96774 700
96775 700
96776 700
96777 700
96778 700
96779 700
96780 700
96781 700
96782 700
96783 700
96784 700
96785 700
96786 700
96787 700
96788 700
96789 700
96790 700
96791 700
96792 700
96793 700
96794 700
96795 700
96796 700
96797 700
96798 700
96799 700
96800 700
96801 708
96802 708
96803 708
96804 708
96805 708
96806 708
96807 708
96808 708
96809 708
96810 708
96811 708
96812 708
96813 708
96814 708
96815 708
96816 708
96817 708
96818 708
96819 708
96820 708
96821 708
96822 708
96823 708
96824 708
96825 708
96826 708
96827 708
96828 708
96829 708
96830 708
96831 708
96832 708
96833 708
96834 708
96835 708
96836 708
96837 708
96838 708
96839 708
96840 708
96841 708
96842 708
96843 708
96844 708
96845 708
96846 708
96847 708
96848 708
96849 708
96850 708
96851 708
96852 708
96853 708
96854 708
96855 708
96856 708
96857 708
96858 708
96859 708
96860 708
96861 708
96862 708
96863 708
96864 708
96865 708
96866 708
96867 708
96868 708
96869 708
96870 708
96871 708
96872 708
96873 708
96874 708
96875 708
96876 708
96877 708
96878 708
96879 708
96880 708
96881 708
96882 708
96883 708
96884 708
96885 708
96886 708
96887 708
96888 708
96889 708
96890 708
96891 708
96892 708
96893 708
96894 708
96895 708
96896 708
96897 708
96898 708
96899 708
96900 708
96901 708
96902 708
96903 708
96904 708
96905 708
96906 708
96907 708
96908 708
96909 708
96910 708
96911 708
96912 708
96913 708
96914 708
96915 708
96916 708
96917 708
96918 708
96919 708
96920 708
96921 708
96922 708
96923 708
96924 708
96925 708
96926 708
96927 708
96928 708
96929 708
96930 708
96931 708
96932 708
96933 708
96934 708
96935 708
96936 708
96937 708
96938 708
96939 708
96940 708
96941 708
96942 708
96943 708
96944 708
96945 708
96946 708
96947 708
96948 708
96949 708
96950 708
96951 708
96952 708
96953 708
96954 708
96955 708
96956 708
96957 708
96958 708
96959 708
96960 708
96961 708
96962 708
96963 708
96964 708
96965 708
96966 708
96967 708
96968 708
96969 708
96970 708
96971 708
96972 708
96973 708
96974 708
96975 708
96976 708
96977 708
96978 708
96979 708
96980 708
96981 708
96982 708
96983 708
96984 708
96985 708
96986 708
96987 708
96988 708
96989 708
96990 708
96991 708
96992 708
96993 708
96994 708
96995 708
96996 708
96997 708
96998 708
96999 708
97000 708
97001 708
97002 708
97003 708
97004 708
97005 708
97006 708
97007 708
97008 708
97009 708
97010 708
97011 708
97012 708
97013 708
97014 708
97015 708
97016 708
97017 708
97018 708
97019 708
97020 708
97021 708
97022 708
97023 708
97024 708
97025 708
97026 708
97027 708
97028 708
97029 708
97030 708
97031 708
97032 708
97033 708
97034 708
97035 708
97036 708
97037 708
97038 708
97039 708
97040 708
97041 708
97042 708
97043 708
97044 708
97045 708
97046 708
97047 708
97048 708
97049 708
97050 708
97051 708
97052 708
97053 708
97054 708
97055 708
97056 708
97057 708
97058 708
97059 708
97060 708
97061 708
97062 708
97063 708
97064 708
97065 708
97066 708
97067 708
97068 708
97069 708
97070 708
97071 708
97072 708
97073 708
97074 708
97075 708
97076 708
97077 708
97078 708
97079 708
97080 708
97081 708
97082 708
97083 708
97084 708
97085 708
97086 708
97087 708
97088 708
97089 708
97090 708
97091 708
97092 708
97093 708
97094 708
97095 708
97096 708
97097 708
97098 708
97099 708
97100 708
97101 708
97102 708
97103 708
97104 708
97105 708
97106 708
97107 708
97108 708
97109 708
97110 708
97111 708
97112 708
97113 708
97114 708
97115 708
97116 708
97117 708
97118 708
97119 708
97120 708
97121 708
97122 708
97123 708
97124 708
97125 708
97126 708
97127 708
97128 708
97129 708
97130 708
97131 708
97132 708
97133 708
97134 708
97135 708
97136 708
97137 708
97138 708
97139 708
97140 708
97141 708
97142 708
97143 708
97144 708
97145 708
97146 708
97147 708
97148 708
97149 708
97150 708
97151 708
97152 708
97153 708
97154 708
97155 708
97156 708
97157 708
97158 708
97159 708
97160 708
97161 708
97162 708
97163 708
97164 708
97165 708
97166 708
97167 708
97168 708
97169 708
97170 708
97171 708
97172 708
97173 708
97174 708
97175 708
97176 708
97177 708
97178 708
97179 708
97180 708
97181 708
97182 708
97183 708
97184 708
97185 708
97186 708
97187 708
97188 708
97189 708
97190 708
97191 708
97192 708
97193 708
97194 708
97195 708
97196 708
97197 708
97198 708
97199 708
97200 708
97201 708
97202 708
97203 708
97204 708
97205 708
97206 708
97207 708
97208 708
97209 708
97210 708
97211 708
97212 708
97213 708
97214 708
97215 708
97216 708
97217 708
97218 708
97219 708
97220 708
97221 708
97222 708
97223 708
97224 708
97225 708
97226 708
97227 708
97228 708
97229 708
97230 708
97231 708
97232 708
97233 708
97234 708
97235 708
97236 708
97237 708
97238 708
97239 708
97240 708
97241 708
97242 708
97243 708
97244 708
97245 708
97246 708
97247 708
97248 708
97249 708
97250 708
97251 708
97252 708
97253 708
97254 708
97255 708
97256 708
97257 708
97258 708
97259 708
97260 708
97261 708
97262 708
97263 708
97264 708
97265 708
97266 708
97267 708
97268 708
97269 708
97270 708
97271 708
97272 708
97273 708
97274 708
97275 708
97276 708
97277 708
97278 708
97279 708
97280 708
97281 708
97282 708
97283 708
97284 708
97285 708
97286 708
97287 708
97288 708
97289 708
97290 708
97291 708
97292 708
97293 708
97294 708
97295 708
97296 708
97297 708
97298 708
97299 708
97300 708
97301 708
97302 708
97303 708
97304 708
97305 708
97306 708
97307 708
97308 708
97309 708
97310 708
97311 708
97312 708
97313 708
97314 708
97315 708
97316 708
97317 708
97318 708
97319 708
97320 708
97321 708
97322 708
97323 708
97324 708
97325 708
97326 708
97327 708
97328 708
97329 708
97330 708
97331 708
97332 708
97333 708
97334 708
97335 708
97336 708
97337 708
97338 708
97339 708
97340 708
97341 708
97342 708
97343 708
97344 708
97345 708
97346 708
97347 708
97348 708
97349 708
97350 708
97351 708
97352 708
97353 708
97354 708
97355 708
97356 708
97357 708
97358 708
97359 708
97360 708
97361 708
97362 708
97363 708
97364 708
97365 708
97366 708
97367 708
97368 708
97369 708
97370 708
97371 708
97372 708
97373 708
97374 708
97375 708
97376 708
97377 708
97378 708
97379 708
97380 708
97381 708
97382 708
97383 708
97384 708
97385 708
97386 708
97387 708
97388 708
97389 708
97390 708
97391 708
97392 708
97393 708
97394 708
97395 708
97396 708
97397 708
97398 708
97399 708
97400 708
97401 708
97402 708
97403 708
97404 708
97405 708
97406 708
97407 708
97408 708
97409 708
97410 708
97411 708
97412 708
97413 708
97414 708
97415 708
97416 708
97417 708
97418 708
97419 708
97420 708
97421 708
97422 708
97423 708
97424 708
97425 708
97426 708
97427 708
97428 708
97429 708
97430 708
97431 708
97432 708
97433 708
97434 708
97435 708
97436 708
97437 708
97438 708
97439 708
97440 708
97441 708
97442 708
97443 708
97444 708
97445 708
97446 708
97447 708
97448 708
97449 708
97450 708
97451 708
97452 708
97453 708
97454 708
97455 708
97456 708
97457 708
97458 708
97459 708
97460 708
97461 708
97462 708
97463 708
97464 708
97465 708
97466 708
97467 708
97468 708
97469 708
97470 708
97471 708
97472 708
97473 708
97474 708
97475 708
97476 708
97477 708
97478 708
97479 708
97480 708
97481 708
97482 708
97483 708
97484 708
97485 708
97486 708
97487 708
97488 708
97489 708
97490 708
97491 708
97492 708
97493 708
97494 708
97495 708
97496 708
97497 708
97498 708
97499 708
97500 708
97501 708
97502 708
97503 708
97504 708
97505 708
97506 708
97507 708
97508 708
97509 708
97510 708
97511 708
97512 708
97513 708
97514 708
97515 708
97516 708
97517 708
97518 708
97519 708
97520 708
97521 708
97522 708
97523 708
97524 708
97525 708
97526 708
97527 708
97528 708
97529 708
97530 708
97531 708
97532 708
97533 708
97534 708
97535 708
97536 708
97537 708
97538 708
97539 708
97540 708
97541 708
97542 708
97543 708
97544 708
97545 708
97546 708
97547 708
97548 708
97549 708
97550 708
97551 708
97552 708
97553 708
97554 708
97555 708
97556 708
97557 708
97558 708
97559 708
97560 708
97561 708
97562 708
97563 708
97564 708
97565 708
97566 708
97567 708
97568 708
97569 708
97570 708
97571 708
97572 708
97573 708
97574 708
97575 708
97576 708
97577 708
97578 708
97579 708
97580 708
97581 708
97582 708
97583 708
97584 708
97585 708
97586 708
97587 708
97588 708
97589 708
97590 708
97591 708
97592 708
97593 708
97594 708
97595 708
97596 708
97597 708
97598 708
97599 708
97600 708
97601 708
97602 708
97603 708
97604 708
97605 708
97606 708
97607 708
97608 708
97609 708
97610 708
97611 708
97612 708
97613 708
97614 708
97615 708
97616 708
97617 708
97618 708
97619 708
97620 708
97621 708
97622 708
97623 708
97624 708
97625 708
97626 708
97627 708
97628 708
97629 708
97630 708
97631 708
97632 708
97633 708
97634 708
97635 708
97636 708
97637 708
97638 708
97639 708
97640 708
97641 708
97642 708
97643 708
97644 708
97645 708
97646 708
97647 708
97648 708
97649 708
97650 708
97651 708
97652 708
97653 708
97654 708
97655 708
97656 708
97657 708
97658 708
97659 708
97660 708
97661 708
97662 708
97663 708
97664 708
97665 708
97666 708
97667 708
97668 708
97669 708
97670 708
97671 708
97672 708
97673 708
97674 708
97675 708
97676 708
97677 708
97678 708
97679 708
97680 708
97681 708
97682 708
97683 708
97684 708
97685 708
97686 708
97687 708
97688 708
97689 708
97690 708
97691 708
97692 708
97693 708
97694 708
97695 708
97696 708
97697 708
97698 708
97699 708
97700 708
97701 708
97702 708
97703 708
97704 708
97705 708
97706 708
97707 708
97708 708
97709 708
97710 708
97711 708
97712 708
97713 708
97714 708
97715 708
97716 708
97717 708
97718 708
97719 708
97720 708
97721 708
97722 708
97723 708
97724 708
97725 708
97726 708
97727 708
97728 708
97729 708
97730 708
97731 708
97732 708
97733 708
97734 708
97735 708
97736 708
97737 708
97738 708
97739 708
97740 708
97741 708
97742 708
97743 708
97744 708
97745 708
97746 708
97747 708
97748 708
97749 708
97750 708
97751 708
97752 708
97753 708
97754 708
97755 708
97756 708
97757 708
97758 708
97759 708
97760 708
97761 708
97762 708
97763 708
97764 708
97765 708
97766 708
97767 708
97768 708
97769 708
97770 708
97771 708
97772 708
97773 708
97774 708
97775 708
97776 708
97777 708
97778 708
97779 708
97780 708
97781 708
97782 708
97783 722
97784 722
97785 722
97786 722
97787 722
97788 722
97789 722
97790 722
97791 722
97792 722
97793 722
97794 722
97795 722
97796 722
97797 722
97798 722
97799 722
97800 722
97801 722
97802 722
97803 722
97804 722
97805 722
97806 722
97807 722
97808 722
97809 722
97810 722
97811 722
97812 722
97813 722
97814 722
97815 722
97816 722
97817 722
97818 722
97819 722
97820 722
97821 722
97822 722
97823 722
97824 722
97825 722
97826 722
97827 722
97828 722
97829 722
97830 722
97831 722
97832 722
97833 738
97834 738
97835 738
97836 738
97837 738
97838 738
97839 738
97840 738
97841 738
97842 738
97843 738
97844 738
97845 738
97846 738
97847 738
97848 738
97849 738
97850 738
97851 738
97852 738
97853 738
97854 738
97855 738
97856 738
97857 738
97858 738
97859 738
97860 738
97861 738
97862 738
97863 738
97864 738
97865 738
97866 738
97867 738
97868 738
97869 738
97870 738
97871 738
97872 738
97873 738
97874 738
97875 738
97876 738
97877 738
97878 738
97879 738
97880 738
97881 738
97882 738
97883 738
97884 738
97885 738
97886 738
97887 738
97888 738
97889 738
97890 738
97891 738
97892 738
97893 738
97894 738
97895 738
97896 738
97897 738
97898 738
97899 738
97900 738
97901 738
97902 738
97903 738
97904 738
97905 738
97906 738
97907 738
97908 738
97909 738
97910 738
97911 738
97912 738
97913 738
97914 738
97915 738
97916 740
97917 740
97918 740
97919 740
97920 740
97921 740
97922 740
97923 740
97924 740
97925 740
97926 740
97927 740
97928 740
97929 740
97930 740
97931 740
97932 740
97933 740
97934 740
97935 740
97936 740
97937 740
97938 740
97939 740
97940 740
97941 740
97942 740
97943 740
97944 740
97945 740
97946 740
97947 740
97948 740
97949 740
97950 740
97951 740
97952 740
97953 740
97954 740
97955 740
97956 740
97957 740
97958 740
97959 740
97960 740
97961 740
97962 740
97963 740
97964 740
97965 740
97966 740
97967 740
97968 740
97969 740
97970 740
97971 740
97972 740
97973 740
97974 740
97975 740
97976 740
97977 740
97978 740
97979 740
97980 740
97981 740
97982 740
97983 740
97984 740
97985 740
97986 740
97987 740
97988 740
97989 740
97990 740
97991 740
97992 740
97993 740
97994 740
97995 740
97996 740
97997 740
97998 740
97999 740
98000 740
98001 740
98002 740
98003 740
98004 740
98005 740
98006 740
98007 740
98008 740
98009 740
98010 740
98011 740
98012 740
98013 740
98014 740
98015 740
98016 740
98017 740
98018 740
98019 740
98020 740
98021 740
98022 740
98023 740
98024 740
98025 740
98026 740
98027 740
98028 740
98029 740
98030 740
98031 740
98032 740
98033 740
98034 740
98035 740
98036 740
98037 740
98038 740
98039 740
98040 740
98041 740
98042 740
98043 740
98044 740
98045 740
98046 740
98047 740
98048 740
98049 740
98050 740
98051 740
98052 740
98053 740
98054 740
98055 740
98056 740
98057 740
98058 740
98059 740
98060 740
98061 740
98062 740
98063 740
98064 740
98065 740
98066 740
98067 740
98068 740
98069 740
98070 740
98071 740
98072 740
98073 740
98074 740
98075 740
98076 740
98077 740
98078 740
98079 740
98080 740
98081 740
98082 740
98083 740
98084 740
98085 740
98086 740
98087 740
98088 740
98089 740
98090 740
98091 740
98092 740
98093 740
98094 740
98095 740
98096 740
98097 740
98098 740
98099 740
98100 740
98101 740
98102 740
98103 740
98104 740
98105 740
98106 740
98107 740
98108 740
98109 740
98110 740
98111 740
98112 740
98113 740
98114 740
98115 740
98116 740
98117 740
98118 740
98119 740
98120 740
98121 740
98122 740
98123 740
98124 740
98125 740
98126 740
98127 740
98128 740
98129 740
98130 740
98131 740
98132 740
98133 740
98134 740
98135 740
98136 740
98137 740
98138 740
98139 740
98140 740
98141 740
98142 740
98143 740
98144 740
98145 740
98146 740
98147 740
98148 740
98149 740
98150 740
98151 740
98152 740
98153 740
98154 740
98155 740
98156 740
98157 740
98158 740
98159 740
98160 740
98161 740
98162 740
98163 740
98164 740
98165 740
98166 740
98167 740
98168 740
98169 740
98170 740
98171 740
98172 740
98173 740
98174 740
98175 740
98176 740
98177 740
98178 740
98179 740
98180 740
98181 740
98182 740
98183 740
98184 740
98185 740
98186 740
98187 740
98188 740
98189 740
98190 740
98191 740
98192 740
98193 740
98194 740
98195 740
98196 740
98197 740
98198 740
98199 740
98200 740
98201 740
98202 740
98203 740
98204 740
98205 740
98206 740
98207 740
98208 740
98209 740
98210 740
98211 740
98212 740
98213 740
98214 740
98215 740
98216 740
98217 740
98218 740
98219 740
98220 740
98221 740
98222 740
98223 740
98224 740
98225 740
98226 740
98227 740
98228 740
98229 740
98230 740
98231 740
98232 740
98233 740
98234 740
98235 740
98236 740
98237 740
98238 740
98239 740
98240 740
98241 740
98242 740
98243 740
98244 740
98245 740
98246 740
98247 740
98248 740
98249 740
98250 740
98251 740
98252 740
98253 740
98254 740
98255 740
98256 740
98257 740
98258 740
98259 740
98260 740
98261 740
98262 740
98263 740
98264 740
98265 740
98266 740
98267 740
98268 740
98269 740
98270 740
98271 740
98272 741
98273 741
98274 741
98275 741
98276 741
98277 741
98278 741
98279 741
98280 741
98281 741
98282 741
98283 741
98284 741
98285 741
98286 741
98287 741
98288 741
98289 741
98290 741
98291 741
98292 741
98293 741
98294 741
98295 741
98296 741
98297 741
98298 741
98299 741
98300 741
98301 741
98302 741
98303 741
98304 741
98305 741
98306 741
98307 741
98308 741
98309 741
98310 741
98311 741
98312 741
98313 741
98314 741
98315 741
98316 741
98317 741
98318 741
98319 741
98320 741
98321 741
98322 741
98323 741
98324 741
98325 741
98326 741
98327 741
98328 741
98329 741
98330 741
98331 741
98332 741
98333 742
98334 742
98335 742
98336 742
98337 742
98338 742
98339 742
98340 742
98341 742
98342 742
98343 742
98344 742
98345 742
98346 742
98347 742
98348 742
98349 742
98350 742
98351 742
98352 742
98353 742
98354 742
98355 742
98356 742
98357 742
98358 742
98359 742
98360 742
98361 742
98362 742
98363 742
98364 742
98365 742
98366 742
98367 742
98368 742
98369 742
98370 742
98371 742
98372 742
98373 742
98374 742
98375 742
98376 742
98377 742
98378 742
98379 742
98380 742
98381 742
98382 742
98383 742
98384 742
98385 742
98386 742
98387 742
98388 742
98389 742
98390 742
98391 742
98392 742
98393 742
98394 742
98395 742
98396 742
98397 742
98398 742
98399 742
98400 742
98401 742
98402 742
98403 742
98404 742
98405 742
98406 742
98407 742
98408 742
98409 742
98410 742
98411 742
98412 742
98413 742
98414 742
98415 742
98416 742
98417 742
98418 742
98419 742
98420 742
98421 742
98422 742
98423 742
98424 742
98425 742
98426 742
98427 742
98428 742
98429 742
98430 742
98431 742
98432 742
98433 742
98434 742
98435 742
98436 742
98437 742
98438 742
98439 742
98440 742
98441 742
98442 742
98443 742
98444 742
98445 742
98446 742
98447 742
98448 742
98449 742
98450 742
98451 742
98452 742
98453 742
98454 742
98455 742
98456 742
98457 742
98458 742
98459 742
98460 742
98461 742
98462 742
98463 742
98464 742
98465 742
98466 742
98467 742
98468 742
98469 742
98470 742
98471 742
98472 742
98473 742
98474 742
98475 742
98476 742
98477 742
98478 742
98479 742
98480 742
98481 742
98482 742
98483 742
98484 742
98485 742
98486 742
98487 742
98488 742
98489 742
98490 742
98491 742
98492 742
98493 742
98494 742
98495 742
98496 742
98497 742
98498 742
98499 742
98500 742
98501 742
98502 742
98503 742
98504 742
98505 742
98506 742
98507 742
98508 742
98509 742
98510 742
98511 742
98512 742
98513 742
98514 742
98515 742
98516 742
98517 742
98518 742
98519 742
98520 742
98521 742
98522 742
98523 742
98524 742
98525 742
98526 742
98527 742
98528 742
98529 742
98530 742
98531 742
98532 742
98533 742
98534 742
98535 742
98536 742
98537 742
98538 742
98539 742
98540 742
98541 742
98542 742
98543 742
98544 742
98545 742
98546 742
98547 742
98548 742
98549 742
98550 742
98551 742
98552 742
98553 742
98554 742
98555 742
98556 742
98557 742
98558 742
98559 742
98560 742
98561 742
98562 742
98563 742
98564 742
98565 742
98566 742
98567 742
98568 742
98569 742
98570 742
98571 742
98572 742
98573 742
98574 743
98575 743
98576 743
98577 743
98578 743
98579 743
98580 743
98581 743
98582 743
98583 743
98584 743
98585 743
98586 743
98587 743
98588 743
98589 743
98590 743
98591 743
98592 743
98593 743
98594 743
98595 743
98596 743
98597 743
98598 743
98599 743
98600 743
98601 743
98602 743
98603 743
98604 743
98605 743
98606 743
98607 743
98608 743
98609 743
98610 743
98611 743
98612 743
98613 743
98614 743
98615 743
98616 743
98617 743
98618 743
98619 743
98620 743
98621 743
98622 743
98623 743
98624 743
98625 743
98626 743
98627 743
98628 743
98629 743
98630 743
98631 743
98632 743
98633 743
98634 743
98635 743
98636 743
98637 743
98638 743
98639 743
98640 743
98641 743
98642 743
98643 743
98644 743
98645 743
98646 743
98647 743
98648 743
98649 743
98650 743
98651 743
98652 743
98653 743
98654 743
98655 743
98656 743
98657 743
98658 743
98659 743
98660 743
98661 743
98662 743
98663 743
98664 743
98665 743
98666 743
98667 743
98668 743
98669 743
98670 743
98671 743
98672 743
98673 743
98674 743
98675 743
98676 743
98677 743
98678 743
98679 743
98680 743
98681 743
98682 743
98683 743
98684 743
98685 743
98686 743
98687 743
98688 743
98689 743
98690 743
98691 743
98692 743
98693 743
98694 743
98695 743
98696 743
98697 743
98698 743
98699 743
98700 743
98701 743
98702 743
98703 743
98704 743
98705 743
98706 743
98707 743
98708 743
98709 743
98710 743
98711 743
98712 743
98713 743
98714 743
98715 743
98716 743
98717 743
98718 743
98719 743
98720 743
98721 743
98722 743
98723 743
98724 743
98725 743
98726 743
98727 743
98728 743
98729 743
98730 743
98731 743
98732 743
98733 743
98734 743
98735 743
98736 743
98737 743
98738 743
98739 743
98740 743
98741 743
98742 743
98743 743
98744 743
98745 743
98746 743
98747 743
98748 743
98749 743
98750 743
98751 743
98752 743
98753 743
98754 743
98755 743
98756 743
98757 743
98758 743
98759 743
98760 743
98761 743
98762 743
98763 743
98764 743
98765 743
98766 743
98767 743
98768 743
98769 743
98770 743
98771 743
98772 743
98773 743
98774 743
98775 743
98776 743
98777 743
98778 743
98779 743
98780 743
98781 743
98782 743
98783 743
98784 743
98785 743
98786 743
98787 743
98788 743
98789 743
98790 743
98791 743
98792 743
98793 743
98794 743
98795 743
98796 743
98797 743
98798 743
98799 743
98800 743
98801 743
98802 743
98803 743
98804 743
98805 743
98806 743
98807 743
98808 743
98809 743
98810 743
98811 743
98812 743
98813 743
98814 743
98815 743
98816 743
98817 743
98818 743
98819 743
98820 743
98821 743
98822 743
98823 743
98824 743
98825 743
98826 743
98827 743
98828 743
98829 743
98830 743
98831 743
98832 743
98833 743
98834 743
98835 743
98836 743
98837 743
98838 743
98839 743
98840 743
98841 743
98842 743
98843 743
98844 743
98845 743
98846 743
98847 743
98848 743
98849 743
98850 743
98851 743
98852 743
98853 743
98854 743
98855 743
98856 743
98857 743
98858 743
98859 743
98860 743
98861 743
98862 743
98863 743
98864 743
98865 743
98866 743
98867 743
98868 743
98869 743
98870 743
98871 743
98872 743
98873 743
98874 743
98875 743
98876 743
98877 743
98878 743
98879 743
98880 743
98881 743
98882 743
98883 743
98884 743
98885 743
98886 743
98887 743
98888 743
98889 743
98890 743
98891 743
98892 743
98893 743
98894 743
98895 743
98896 743
98897 743
98898 743
98899 743
98900 743
98901 743
98902 743
98903 743
98904 743
98905 743
98906 743
98907 743
98908 743
98909 743
98910 743
98911 743
98912 743
98913 743
98914 743
98915 743
98916 743
98917 743
98918 743
98919 743
98920 743
98921 743
98922 743
98923 743
98924 743
98925 743
98926 743
98927 743
98928 743
98929 743
98930 743
98931 743
98932 743
98933 743
98934 743
98935 743
98936 743
98937 743
98938 743
98939 743
98940 743
98941 743
98942 743
98943 743
98944 743
98945 743
98946 743
98947 743
98948 743
98949 743
98950 743
98951 743
98952 743
98953 743
98954 743
98955 743
98956 743
98957 743
98958 743
98959 743
98960 743
98961 743
98962 743
98963 743
98964 743
98965 743
98966 743
98967 743
98968 743
98969 743
98970 743
98971 743
98972 743
98973 743
98974 743
98975 743
98976 743
98977 743
98978 743
98979 743
98980 743
98981 743
98982 743
98983 743
98984 743
98985 743
98986 743
98987 743
98988 743
98989 743
98990 743
98991 743
98992 743
98993 743
98994 743
98995 743
98996 743
98997 743
98998 743
98999 743
99000 743
99001 743
99002 743
99003 743
99004 743
99005 743
99006 743
99007 743
99008 743
99009 743
99010 743
99011 743
99012 743
99013 743
99014 743
99015 743
99016 743
99017 743
99018 743
99019 743
99020 743
99021 743
99022 743
99023 743
99024 743
99025 743
99026 743
99027 743
99028 743
99029 743
99030 743
99031 743
99032 743
99033 743
99034 743
99035 743
99036 743
99037 743
99038 743
99039 743
99040 743
99041 743
99042 743
99043 743
99044 743
99045 743
99046 743
99047 743
99048 743
99049 743
99050 743
99051 743
99052 743
99053 743
99054 743
99055 743
99056 743
99057 743
99058 743
99059 743
99060 743
99061 743
99062 743
99063 743
99064 743
99065 743
99066 743
99067 743
99068 743
99069 743
99070 743
99071 743
99072 743
99073 743
99074 743
99075 743
99076 743
99077 743
99078 743
99079 743
99080 743
99081 743
99082 743
99083 743
99084 743
99085 743
99086 743
99087 743
99088 743
99089 743
99090 743
99091 743
99092 743
99093 743
99094 743
99095 743
99096 743
99097 743
99098 743
99099 743
99100 743
99101 743
99102 743
99103 743
99104 743
99105 743
99106 743
99107 743
99108 743
99109 743
99110 743
99111 743
99112 743
99113 743
99114 743
99115 743
99116 743
99117 743
99118 743
99119 743
99120 743
99121 743
99122 743
99123 743
99124 743
99125 743
99126 743
99127 743
99128 743
99129 743
99130 743
99131 743
99132 743
99133 743
99134 743
99135 743
99136 743
99137 743
99138 743
99139 743
99140 743
99141 743
99142 743
99143 743
99144 743
99145 743
99146 743
99147 743
99148 743
99149 743
99150 743
99151 743
99152 743
99153 743
99154 743
99155 743
99156 743
99157 743
99158 743
99159 743
99160 743
99161 743
99162 743
99163 743
99164 743
99165 743
99166 743
99167 743
99168 743
99169 743
99170 743
99171 743
99172 743
99173 743
99174 743
99175 743
99176 743
99177 743
99178 743
99179 743
99180 743
99181 743
99182 743
99183 743
99184 743
99185 743
99186 743
99187 743
99188 743
99189 743
99190 743
99191 743
99192 743
99193 743
99194 743
99195 743
99196 743
99197 743
99198 743
99199 743
99200 743
99201 743
99202 743
99203 743
99204 743
99205 743
99206 743
99207 743
99208 743
99209 743
99210 743
99211 743
99212 743
99213 743
99214 743
99215 743
99216 743
99217 743
99218 743
99219 743
99220 743
99221 743
99222 743
99223 743
99224 743
99225 743
99226 743
99227 743
99228 743
99229 743
99230 743
99231 743
99232 743
99233 743
99234 743
99235 743
99236 743
99237 743
99238 743
99239 743
99240 743
99241 743
99242 743
99243 743
99244 743
99245 743
99246 743
99247 743
99248 743
99249 743
99250 743
99251 743
99252 743
99253 743
99254 743
99255 743
99256 743
99257 743
99258 743
99259 743
99260 743
99261 743
99262 743
99263 743
99264 743
99265 743
99266 743
99267 743
99268 743
99269 743
99270 743
99271 743
99272 743
99273 743
99274 743
99275 743
99276 743
99277 743
99278 743
99279 743
99280 743
99281 743
99282 743
99283 743
99284 743
99285 743
99286 743
99287 743
99288 743
99289 743
99290 743
99291 743
99292 743
99293 743
99294 743
99295 743
99296 743
99297 743
99298 743
99299 743
99300 743
99301 743
99302 743
99303 743
99304 743
99305 743
99306 743
99307 743
99308 743
99309 743
99310 743
99311 743
99312 743
99313 743
99314 743
99315 743
99316 743
99317 743
99318 743
99319 743
99320 743
99321 743
99322 743
99323 743
99324 743
99325 743
99326 743
99327 743
99328 743
99329 743
99330 743
99331 743
99332 743
99333 743
99334 743
99335 743
99336 743
99337 743
99338 743
99339 743
99340 743
99341 743
99342 743
99343 743
99344 743
99345 743
99346 743
99347 743
99348 743
99349 743
99350 743
99351 743
99352 743
99353 743
99354 743
99355 743
99356 743
99357 743
99358 743
99359 743
99360 743
99361 743
99362 743
99363 743
99364 743
99365 743
99366 743
99367 743
99368 743
99369 743
99370 743
99371 743
99372 743
99373 743
99374 743
99375 743
99376 743
99377 743
99378 743
99379 743
99380 743
99381 743
99382 743
99383 743
99384 743
99385 743
99386 743
99387 743
99388 743
99389 743
99390 743
99391 743
99392 743
99393 743
99394 743
99395 743
99396 743
99397 743
99398 743
99399 743
99400 743
99401 743
99402 743
99403 743
99404 743
99405 743
99406 743
99407 743
99408 743
99409 743
99410 743
99411 743
99412 743
99413 743
99414 743
99415 743
99416 743
99417 743
99418 743
99419 743
99420 743
99421 743
99422 743
99423 743
99424 743
99425 743
99426 743
99427 743
99428 743
99429 743
99430 743
99431 743
99432 743
99433 743
99434 743
99435 743
99436 743
99437 743
99438 743
99439 743
99440 743
99441 743
99442 743
99443 743
99444 743
99445 743
99446 743
99447 743
99448 743
99449 743
99450 743
99451 743
99452 743
99453 743
99454 743
99455 743
99456 743
99457 743
99458 743
99459 743
99460 743
99461 743
99462 743
99463 743
99464 743
99465 743
99466 743
99467 743
99468 743
99469 743
99470 743
99471 743
99472 743
99473 743
99474 743
99475 743
99476 743
99477 743
99478 743
99479 743
99480 743
99481 743
99482 743
99483 743
99484 743
99485 743
99486 743
99487 743
99488 743
99489 743
99490 743
99491 743
99492 743
99493 743
99494 743
99495 743
99496 743
99497 743
99498 743
99499 743
99500 743
99501 743
99502 743
99503 743
99504 743
99505 743
99506 743
99507 743
99508 743
99509 743
99510 743
99511 743
99512 743
99513 743
99514 743
99515 743
99516 743
99517 743
99518 743
99519 743
99520 743
99521 743
99522 743
99523 743
99524 743
99525 743
99526 743
99527 743
99528 743
99529 743
99530 743
99531 743
99532 743
99533 743
99534 743
99535 743
99536 743
99537 743
99538 743
99539 743
99540 743
99541 743
99542 743
99543 743
99544 743
99545 743
99546 743
99547 743
99548 743
99549 743
99550 743
99551 743
99552 743
99553 743
99554 743
99555 743
99556 743
99557 743
99558 743
99559 743
99560 743
99561 743
99562 743
99563 743
99564 743
99565 743
99566 743
99567 743
99568 743
99569 743
99570 743
99571 743
99572 743
99573 743
99574 743
99575 743
99576 743
99577 743
99578 743
99579 743
99580 743
99581 743
99582 743
99583 743
99584 743
99585 743
99586 743
99587 743
99588 743
99589 743
99590 743
99591 743
99592 743
99593 743
99594 743
99595 743
99596 743
99597 743
99598 743
99599 743
99600 743
99601 743
99602 743
99603 743
99604 743
99605 743
99606 743
99607 743
99608 743
99609 743
99610 743
99611 743
99612 743
99613 743
99614 743
99615 743
99616 743
99617 743
99618 743
99619 743
99620 743
99621 743
99622 743
99623 743
99624 743
99625 743
99626 743
99627 743
99628 743
99629 743
99630 743
99631 743
99632 743
99633 743
99634 743
99635 743
99636 743
99637 743
99638 743
99639 743
99640 743
99641 743
99642 743
99643 743
99644 743
99645 743
99646 743
99647 743
99648 743
99649 743
99650 743
99651 743
99652 743
99653 743
99654 743
99655 743
99656 743
99657 743
99658 743
99659 743
99660 743
99661 743
99662 743
99663 743
99664 743
99665 743
99666 743
99667 743
99668 743
99669 743
99670 743
99671 743
99672 743
99673 743
99674 743
99675 743
99676 743
99677 743
99678 743
99679 743
99680 743
99681 743
99682 743
99683 743
99684 743
99685 743
99686 743
99687 743
99688 743
99689 743
99690 743
99691 743
99692 743
99693 743
99694 743
99695 743
99696 743
99697 743
99698 743
99699 743
99700 743
99701 743
99702 743
99703 743
99704 743
99705 743
99706 743
99707 743
99708 743
99709 743
99710 743
99711 743
99712 743
99713 743
99714 743
99715 743
99716 743
99717 743
99718 743
99719 743
99720 743
99721 743
99722 743
99723 743
99724 743
99725 743
99726 743
99727 743
99728 743
99729 743
99730 743
99731 743
99732 743
99733 743
99734 743
99735 743
99736 743
99737 743
99738 743
99739 743
99740 743
99741 743
99742 743
99743 743
99744 743
99745 743
99746 743
99747 743
99748 743
99749 743
99750 743
99751 743
99752 743
99753 743
99754 743
99755 743
99756 743
99757 743
99758 743
99759 743
99760 743
99761 743
99762 743
99763 743
99764 743
99765 743
99766 743
99767 743
99768 743
99769 743
99770 743
99771 743
99772 743
99773 743
99774 743
99775 743
99776 743
99777 743
99778 743
99779 743
99780 743
99781 743
99782 743
99783 743
99784 743
99785 743
99786 743
99787 743
99788 743
99789 743
99790 743
99791 743
99792 743
99793 743
99794 743
99795 743
99796 743
99797 743
99798 743
99799 743
99800 743
99801 743
99802 743
99803 743
99804 743
99805 743
99806 743
99807 743
99808 743
99809 743
99810 743
99811 743
99812 743
99813 743
99814 743
99815 743
99816 743
99817 743
99818 743
99819 743
99820 743
99821 743
99822 743
99823 743
99824 743
99825 743
99826 743
99827 743
99828 743
99829 743
99830 743
99831 743
99832 743
99833 743
99834 743
99835 743
99836 743
99837 743
99838 743
99839 743
99840 743
99841 743
99842 743
99843 743
99844 743
99845 743
99846 743
99847 743
99848 743
99849 743
99850 743
99851 743
99852 743
99853 743
99854 743
99855 743
99856 743
99857 743
99858 743
99859 743
99860 743
99861 743
99862 743
99863 743
99864 743
99865 743
99866 743
99867 743
99868 743
99869 743
99870 743
99871 743
99872 743
99873 743
99874 744
99875 744
99876 744
99877 744
99878 744
99879 744
99880 744
99881 744
99882 744
99883 744
99884 744
99885 744
99886 744
99887 744
99888 744
99889 744
99890 744
99891 744
99892 744
99893 744
99894 744
99895 744
99896 744
99897 744
99898 744
99899 744
99900 744
99901 744
99902 744
99903 744
99904 744
99905 744
99906 744
99907 744
99908 744
99909 744
99910 744
99911 744
99912 744
99913 744
99914 744
99915 744
99916 744
99917 744
99918 744
99919 744
99920 744
99921 744
99922 744
99923 744
99924 744
99925 744
99926 744
99927 744
99928 744
99929 744
99930 744
99931 744
99932 744
99933 744
99934 744
99935 744
99936 744
99937 744
99938 744
99939 744
99940 744
99941 744
99942 744
99943 744
99944 744
99945 744
99946 744
99947 744
99948 744
99949 744
99950 744
99951 744
99952 744
99953 744
99954 744
99955 744
99956 744
99957 744
99958 744
99959 744
99960 744
99961 744
99962 744
99963 744
99964 744
99965 744
99966 744
99967 744
99968 744
99969 744
99970 744
99971 744
99972 744
99973 744
99974 744
99975 744
99976 744
99977 744
99978 744
99979 744
99980 744
99981 744
99982 744
99983 744
99984 744
99985 744
99986 744
99987 744
99988 744
99989 744
99990 744
99991 744
99992 744
99993 744
99994 744
99995 744
99996 744
99997 744
99998 744
99999 744
100000 744
100001 744
100002 744
100003 744
100004 744
100005 744
100006 744
100007 744
100008 744
100009 744
