10 0
11 0
12 0
13 0
14 0
15 0
16 0
17 1
18 1
19 1
20 1
21 1
22 1
23 1
24 1
25 1
26 1
27 1
28 1
29 2
30 2
31 2
32 2
33 2
34 2
35 2
36 2
37 2
38 2
39 2
40 2
41 2
42 2
43 2
44 2
45 2
46 2
47 2
48 2
49 2
50 2
51 2
52 2
53 2
54 2
55 2
56 2
57 4
58 4
59 4
60 4
61 5
62 5
63 5
64 5
65 5
66 6
67 6
68 7
69 7
70 7
71 7
72 7
73 7
74 7
75 7
76 7
77 10
78 10
79 10
80 10
81 10
82 10
83 11
84 12
85 12
86 12
87 12
88 12
89 12
90 12
91 14
92 14
93 14
94 14
95 14
96 14
97 14
98 14
99 17
100 17
101 17
102 17
103 17
104 17
105 17
106 17
107 17
108 17
109 17
110 17
111 17
112 17
113 17
114 17
115 17
116 17
117 17
118 17
119 17
120 17
121 17
122 17
123 17
124 17
125 17
126 17
127 17
128 17
129 17
130 17
131 17
132 17
133 17
134 17
135 17
136 17
137 17
138 17
139 17
140 17
141 17
142 17
143 17
144 17
145 17
146 17
147 17
148 18
149 18
150 18
151 18
152 18
153 18
154 18
155 18
156 18
157 18
158 18
159 18
160 18
161 18
162 18
163 18
164 18
165 18
166 18
167 18
168 18
169 18
170 18
171 18
172 18
173 18
174 18
175 18
176 18
177 18
178 18
179 18
180 20
181 20
182 20
183 20
184 20
185 20
186 20
187 22
188 22
189 22
190 22
191 22
192 22
193 24
194 24
195 24
196 25
197 25
198 26
199 26
200 26
201 26
202 26
203 26
204 27
205 27
206 28
207 29
208 29
209 29
210 29
211 31
212 31
213 31
214 31
215 31
216 31
217 32
218 32
219 32
220 32
221 32
222 32
223 32
224 32
225 32
226 32
227 32
228 32
229 32
230 32
231 32
232 32
233 32
234 32
235 32
236 32
237 32
238 32
239 32
240 32
241 32
242 32
243 32
244 32
245 32
246 32
247 32
248 32
249 32
250 32
251 32
252 32
253 32
254 32
255 32
256 32
257 32
258 32
259 32
260 32
261 32
262 32
263 32
264 32
265 32
266 32
267 32
268 32
269 32
270 32
271 32
272 32
273 32
274 32
275 32
276 32
277 32
278 32
279 32
280 32
281 32
282 32
283 32
284 32
285 32
286 32
287 35
288 35
289 35
290 35
291 35
292 35
293 35
294 35
295 35
296 35
297 35
298 35
299 35
300 35
301 35
302 35
303 35
304 35
305 35
306 35
307 35
308 35
309 35
310 35
311 35
312 35
313 35
314 35
315 35
316 35
317 35
318 35
319 35
320 35
321 35
322 35
323 35
324 35
325 35
326 35
327 35
328 35
329 35
330 35
331 35
332 35
333 35
334 35
335 35
336 35
337 35
338 35
339 35
340 35
341 35
342 35
343 35
344 35
345 35
346 35
347 35
348 35
349 35
350 35
351 35
352 35
353 35
354 35
355 35
356 35
357 35
358 35
359 35
360 35
361 35
362 35
363 35
364 35
365 35
366 35
367 35
368 35
369 35
370 35
371 35
372 35
373 35
374 35
375 35
376 35
377 35
378 35
379 35
380 35
381 35
382 35
383 35
384 35
385 35
386 35
387 35
388 35
389 35
390 35
391 35
392 35
393 35
394 35
395 35
396 35
397 35
398 35
399 35
400 35
401 35
402 35
403 35
404 35
405 35
406 35
407 35
408 35
409 35
410 35
411 35
412 35
413 35
414 35
415 35
416 35
417 35
418 35
419 35
420 35
421 35
422 35
423 35
424 35
425 35
426 35
427 35
428 35
429 35
430 35
431 35
432 35
433 35
434 35
435 35
436 35
437 35
438 35
439 35
440 35
441 35
442 35
443 35
444 35
445 35
446 35
447 35
448 35
449 35
450 35
451 35
452 35
453 35
454 35
455 35
456 35
457 35
458 35
459 35
460 35
461 35
462 35
463 35
464 35
465 35
466 35
467 35
468 35
469 35
470 35
471 35
472 35
473 35
474 35
475 35
476 35
477 35
478 35
479 35
480 35
481 35
482 35
483 35
484 35
485 35
486 35
487 35
488 35
489 35
490 35
491 35
492 35
493 35
494 35
495 35
496 35
497 35
498 35
499 35
500 35
501 35
502 35
503 35
504 35
505 35
506 35
507 35
508 35
509 35
510 35
511 35
512 35
513 35
514 35
515 35
516 35
517 35
518 35
519 35
520 35
521 35
522 35
523 35
524 35
525 35
526 36
527 36
528 36
529 36
530 36
531 36
532 36
533 36
534 36
535 36
536 36
537 36
538 36
539 36
540 36
541 36
542 36
543 36
544 36
545 36
546 36
547 36
548 36
549 36
550 36
551 36
552 36
553 36
554 36
555 36
556 36
557 36
558 36
559 36
560 36
561 36
562 36
563 36
564 36
565 36
566 36
567 36
568 36
569 36
570 36
571 36
572 36
573 36
574 36
575 36
576 36
577 36
578 36
579 36
580 36
581 36
582 36
583 36
584 36
585 36
586 36
587 36
588 36
589 36
590 36
591 36
592 36
593 36
594 36
595 36
596 36
597 36
598 36
599 36
600 36
601 36
602 36
603 36
604 36
605 36
606 36
607 36
608 36
609 36
610 36
611 36
612 36
613 36
614 36
615 36
616 36
617 36
618 36
619 36
620 36
621 36
622 36
623 36
624 36
625 36
626 36
627 36
628 36
629 36
630 36
631 36
632 36
633 36
634 36
635 36
636 36
637 36
638 36
639 36
640 36
641 36
642 36
643 36
644 36
645 36
646 36
647 36
648 36
649 36
650 36
651 36
652 36
653 36
654 36
655 36
656 36
657 36
658 36
659 36
660 36
661 36
662 36
663 36
664 36
665 36
666 36
667 36
668 36
669 36
670 36
671 36
672 36
673 36
674 36
675 36
676 36
677 36
678 36
679 36
680 36
681 36
682 36
683 36
684 36
685 36
686 36
687 36
688 36
689 36
690 36
691 36
692 36
693 36
694 36
695 36
696 36
697 36
698 36
699 36
700 36
701 36
702 36
703 36
704 36
705 36
706 36
707 36
708 36
709 36
710 36
711 36
712 36
713 36
714 36
715 36
716 36
717 36
718 36
719 36
720 36
721 36
722 36
723 36
724 36
725 36
726 36
727 36
728 36
729 36
730 36
731 36
732 36
733 36
734 36
735 36
736 36
737 36
738 36
739 36
740 36
741 36
742 36
743 36
744 36
745 36
746 36
747 36
748 36
749 36
750 36
751 36
752 36
753 36
754 36
755 36
756 36
757 36
758 36
759 36
760 36
761 36
762 36
763 36
764 36
765 36
766 36
767 36
768 36
769 36
770 36
771 36
772 36
773 36
774 37
775 37
776 37
777 37
778 37
779 37
780 37
781 37
782 37
783 37
784 37
785 37
786 37
787 37
788 37
789 37
790 37
791 37
792 37
793 37
794 37
795 37
796 37
797 37
798 37
799 37
800 37
801 37
802 37
803 37
804 37
805 37
806 37
807 37
808 37
809 37
810 37
811 37
812 37
813 37
814 37
815 37
816 37
817 37
818 37
819 37
820 37
821 37
822 37
823 37
824 37
825 37
826 37
827 37
828 37
829 37
830 37
831 37
832 37
833 37
834 37
835 37
836 37
837 37
838 37
839 37
840 37
841 37
842 37
843 37
844 37
845 37
846 37
847 37
848 37
849 37
850 37
851 37
852 37
853 37
854 37
855 37
856 37
857 37
858 37
859 37
860 37
861 37
862 37
863 37
864 37
865 37
866 37
867 37
868 37
869 37
870 37
871 37
872 37
873 37
874 37
875 37
876 37
877 37
878 37
879 37
880 37
881 37
882 37
883 37
884 37
885 37
886 37
887 37
888 37
889 37
890 37
891 37
892 37
893 37
894 37
895 37
896 37
897 37
898 37
899 37
900 37
901 37
902 37
903 37
904 37
905 37
906 37
907 37
908 37
909 37
910 37
911 37
912 37
913 37
914 37
915 37
916 37
917 37
918 37
919 37
920 37
921 37
922 37
923 37
924 37
925 37
926 37
927 37
928 37
929 37
930 37
931 37
932 37
933 37
934 37
935 37
936 37
937 37
938 37
939 37
940 37
941 37
942 37
943 37
944 37
945 37
946 37
947 37
948 37
949 37
950 37
951 37
952 37
953 37
954 37
955 37
956 37
957 37
958 37
959 37
960 37
961 37
962 37
963 37
964 37
965 37
966 37
967 37
968 37
969 37
970 37
971 37
972 37
973 37
974 37
975 37
976 37
977 37
978 37
979 37
980 37
981 37
982 37
983 37
984 37
985 37
986 37
987 37
988 37
989 37
990 37
991 37
992 37
993 37
994 37
995 37
996 37
997 37
998 38
999 38
1000 38
1001 38
1002 38
1003 38
1004 38
1005 38
1006 38
1007 38
1008 38
1009 38
1010 38
1011 38
1012 38
1013 38
1014 38
1015 38
1016 38
1017 38
1018 38
1019 38
1020 38
1021 38
1022 38
1023 38
1024 38
1025 38
1026 38
1027 38
1028 38
1029 38
1030 38
1031 38
1032 38
1033 38
1034 38
1035 38
1036 38
1037 38
1038 38
1039 38
1040 38
1041 38
1042 38
1043 38
1044 38
1045 38
1046 38
1047 38
1048 38
1049 38
1050 38
1051 38
1052 38
1053 38
1054 38
1055 38
1056 38
1057 38
1058 38
1059 38
1060 38
1061 38
1062 38
1063 38
1064 38
1065 38
1066 38
1067 38
1068 38
1069 38
1070 38
1071 38
1072 38
1073 38
1074 38
1075 38
1076 38
1077 38
1078 38
1079 38
1080 38
1081 38
1082 38
1083 38
1084 38
1085 38
1086 38
1087 38
1088 38
1089 38
1090 38
1091 38
1092 38
1093 38
1094 38
1095 38
1096 38
1097 38
1098 38
1099 38
1100 38
1101 38
1102 38
1103 38
1104 38
1105 38
1106 38
1107 38
1108 38
1109 38
1110 38
1111 38
1112 38
1113 38
1114 38
1115 38
1116 38
1117 38
1118 38
1119 38
1120 38
1121 38
1122 38
1123 38
1124 38
1125 38
1126 38
1127 38
1128 38
1129 38
1130 38
1131 38
1132 38
1133 38
1134 38
1135 38
1136 38
1137 38
1138 38
1139 38
1140 38
1141 38
1142 38
1143 38
1144 38
1145 38
1146 38
1147 38
1148 38
1149 38
1150 38
1151 38
1152 38
1153 38
1154 38
1155 38
1156 38
1157 38
1158 38
1159 38
1160 38
1161 38
1162 38
1163 38
1164 38
1165 38
1166 38
1167 38
1168 38
1169 38
1170 38
1171 38
1172 38
1173 38
1174 38
1175 38
1176 38
1177 38
1178 38
1179 38
1180 38
1181 38
1182 38
1183 38
1184 38
1185 38
1186 38
1187 38
1188 38
1189 39
1190 39
1191 39
1192 39
1193 39
1194 39
1195 39
1196 39
1197 39
1198 39
1199 39
1200 39
1201 39
1202 39
1203 39
1204 39
1205 39
1206 39
1207 39
1208 39
1209 39
1210 39
1211 39
1212 39
1213 39
1214 39
1215 39
1216 39
1217 39
1218 39
1219 39
1220 39
1221 39
1222 39
1223 39
1224 39
1225 39
1226 39
1227 39
1228 39
1229 39
1230 39
1231 39
1232 39
1233 39
1234 39
1235 39
1236 39
1237 39
1238 39
1239 39
1240 39
1241 39
1242 39
1243 39
1244 39
1245 39
1246 39
1247 39
1248 39
1249 39
1250 39
1251 39
1252 39
1253 39
1254 39
1255 39
1256 39
1257 39
1258 39
1259 39
1260 39
1261 39
1262 39
1263 39
1264 39
1265 39
1266 39
1267 39
1268 39
1269 39
1270 39
1271 39
1272 39
1273 39
1274 39
1275 39
1276 39
1277 39
1278 39
1279 39
1280 39
1281 39
1282 39
1283 39
1284 39
1285 39
1286 39
1287 39
1288 39
1289 39
1290 39
1291 39
1292 39
1293 39
1294 39
1295 39
1296 39
1297 39
1298 39
1299 39
1300 39
1301 39
1302 39
1303 39
1304 39
1305 39
1306 39
1307 39
1308 39
1309 39
1310 39
1311 39
1312 39
1313 39
1314 39
1315 39
1316 39
1317 39
1318 39
1319 39
1320 39
1321 39
1322 39
1323 39
1324 39
1325 39
1326 39
1327 39
1328 39
1329 39
1330 39
1331 39
1332 39
1333 39
1334 39
1335 39
1336 39
1337 39
1338 39
1339 39
1340 39
1341 39
1342 39
1343 39
1344 39
1345 39
1346 39
1347 39
1348 39
1349 39
1350 39
1351 39
1352 39
1353 39
1354 39
1355 39
1356 39
1357 39
1358 39
1359 39
1360 39
1361 39
1362 39
1363 39
1364 39
1365 39
1366 39
1367 39
1368 39
1369 39
1370 39
1371 39
1372 39
1373 39
1374 39
1375 39
1376 39
1377 39
1378 39
1379 39
1380 39
1381 39
1382 39
1383 39
1384 39
1385 39
1386 39
1387 39
1388 39
1389 39
1390 39
1391 39
1392 39
1393 39
1394 39
1395 39
1396 39
1397 39
1398 39
1399 39
1400 39
1401 39
1402 39
1403 39
1404 39
1405 39
1406 39
1407 39
1408 39
1409 39
1410 39
1411 39
1412 39
1413 39
1414 39
1415 39
1416 39
1417 39
1418 39
1419 39
1420 39
1421 39
1422 39
1423 39
1424 39
1425 39
1426 39
1427 39
1428 39
1429 39
1430 39
1431 39
1432 39
1433 39
1434 39
1435 39
1436 39
1437 39
1438 39
1439 39
1440 39
1441 39
1442 39
1443 39
1444 39
1445 39
1446 39
1447 39
1448 39
1449 39
1450 39
1451 39
1452 39
1453 39
1454 39
1455 39
1456 39
1457 39
1458 39
1459 39
1460 39
1461 39
1462 39
1463 39
1464 39
1465 39
1466 39
1467 39
1468 39
1469 39
1470 39
1471 39
1472 39
1473 39
1474 39
1475 39
1476 39
1477 39
1478 39
1479 39
1480 39
1481 39
1482 39
1483 39
1484 39
1485 39
1486 39
1487 39
1488 39
1489 39
1490 39
1491 39
1492 39
1493 39
1494 39
1495 39
1496 39
1497 39
1498 39
1499 39
1500 39
1501 39
1502 39
1503 39
1504 39
1505 39
1506 39
1507 39
1508 39
1509 39
1510 39
1511 39
1512 39
1513 39
1514 39
1515 39
1516 39
1517 39
1518 39
1519 39
1520 39
1521 39
1522 39
1523 39
1524 39
1525 39
1526 39
1527 39
1528 39
1529 39
1530 39
1531 39
1532 39
1533 39
1534 39
1535 39
1536 39
1537 39
1538 39
1539 39
1540 39
1541 39
1542 39
1543 39
1544 39
1545 39
1546 39
1547 39
1548 39
1549 39
1550 39
1551 39
1552 39
1553 39
1554 39
1555 39
1556 39
1557 39
1558 39
1559 39
1560 39
1561 39
1562 39
1563 39
1564 39
1565 39
1566 39
1567 39
1568 39
1569 39
1570 39
1571 39
1572 39
1573 39
1574 39
1575 39
1576 39
1577 39
1578 39
1579 39
1580 39
1581 39
1582 39
1583 39
1584 39
1585 39
1586 39
1587 39
1588 39
1589 39
1590 39
1591 39
1592 39
1593 39
1594 39
1595 39
1596 39
1597 39
1598 39
1599 39
1600 39
1601 39
1602 39
1603 39
1604 39
1605 39
1606 39
1607 39
1608 39
1609 39
1610 39
1611 39
1612 39
1613 39
1614 39
1615 39
1616 39
1617 39
1618 39
1619 39
1620 39
1621 39
1622 39
1623 39
1624 39
1625 39
1626 39
1627 39
1628 39
1629 39
1630 39
1631 39
1632 39
1633 39
1634 39
1635 39
1636 39
1637 39
1638 39
1639 39
1640 39
1641 39
1642 39
1643 39
1644 39
1645 39
1646 39
1647 39
1648 39
1649 39
1650 39
1651 39
1652 39
1653 39
1654 39
1655 39
1656 39
1657 39
1658 39
1659 39
1660 39
1661 39
1662 39
1663 39
1664 39
1665 39
1666 39
1667 39
1668 39
1669 39
1670 39
1671 39
1672 39
1673 39
1674 39
1675 39
1676 39
1677 39
1678 39
1679 39
1680 39
1681 39
1682 39
1683 39
1684 39
1685 39
1686 39
1687 39
1688 39
1689 39
1690 39
1691 39
1692 39
1693 39
1694 39
1695 39
1696 39
1697 39
1698 39
1699 39
1700 39
1701 39
1702 39
1703 39
1704 39
1705 39
1706 39
1707 39
1708 39
1709 39
1710 39
1711 39
1712 39
1713 39
1714 39
1715 39
1716 39
1717 39
1718 39
1719 39
1720 39
1721 39
1722 39
1723 39
1724 39
1725 39
1726 39
1727 39
1728 39
1729 39
1730 39
1731 39
1732 39
1733 39
1734 39
1735 39
1736 39
1737 39
1738 39
1739 39
1740 39
1741 39
1742 39
1743 39
1744 39
1745 39
1746 39
1747 39
1748 39
1749 39
1750 39
1751 39
1752 39
1753 39
1754 39
1755 39
1756 39
1757 39
1758 39
1759 39
1760 39
1761 39
1762 39
1763 39
1764 39
1765 39
1766 39
1767 39
1768 39
1769 39
1770 39
1771 39
1772 39
1773 39
1774 39
1775 39
1776 39
1777 39
1778 39
1779 39
1780 39
1781 39
1782 39
1783 39
1784 39
1785 39
1786 39
1787 39
1788 39
1789 39
1790 39
1791 39
1792 39
1793 39
1794 39
1795 39
1796 39
1797 39
1798 39
1799 39
1800 39
1801 39
1802 39
1803 39
1804 39
1805 39
1806 39
1807 39
1808 39
1809 39
1810 39
1811 39
1812 39
1813 39
1814 39
1815 39
1816 39
1817 39
1818 39
1819 39
1820 39
1821 39
1822 39
1823 39
1824 39
1825 39
1826 39
1827 39
1828 39
1829 39
1830 39
1831 39
1832 39
1833 39
1834 39
1835 39
1836 39
1837 39
1838 39
1839 39
1840 39
1841 39
1842 39
1843 39
1844 39
1845 39
1846 39
1847 39
1848 39
1849 39
1850 39
1851 39
1852 39
1853 39
1854 39
1855 39
1856 39
1857 39
1858 39
1859 40
1860 40
1861 40
1862 40
1863 40
1864 40
1865 40
1866 40
1867 40
1868 40
1869 40
1870 40
1871 40
1872 40
1873 40
1874 40
1875 40
1876 40
1877 40
1878 40
1879 40
1880 40
1881 40
1882 40
1883 40
1884 40
1885 40
1886 40
1887 40
1888 40
1889 40
1890 40
1891 40
1892 40
1893 40
1894 40
1895 40
1896 40
1897 40
1898 40
1899 40
1900 40
1901 40
1902 40
1903 40
1904 40
1905 40
1906 40
1907 40
1908 40
1909 40
1910 40
1911 40
1912 40
1913 40
1914 40
1915 40
1916 40
1917 40
1918 40
1919 40
1920 40
1921 40
1922 40
1923 40
1924 40
1925 40
1926 40
1927 40
1928 40
1929 40
1930 40
1931 40
1932 40
1933 40
1934 40
1935 40
1936 40
1937 40
1938 40
1939 40
1940 40
1941 40
1942 40
1943 40
1944 40
1945 40
1946 40
1947 40
1948 40
1949 40
1950 40
1951 40
1952 40
1953 40
1954 40
1955 40
1956 40
1957 40
1958 40
1959 40
1960 40
1961 40
1962 40
1963 40
1964 40
1965 40
1966 40
1967 40
1968 40
1969 40
1970 40
1971 40
1972 40
1973 40
1974 40
1975 40
1976 40
1977 40
1978 40
1979 41
1980 41
1981 41
1982 41
1983 41
1984 41
1985 41
1986 41
1987 41
1988 41
1989 41
1990 41
1991 41
1992 41
1993 41
1994 41
1995 41
1996 41
1997 41
1998 41
1999 41
2000 41
2001 41
2002 41
2003 41
2004 41
2005 41
2006 41
2007 41
2008 41
2009 41
2010 41
2011 41
2012 41
2013 41
2014 41
2015 41
2016 41
2017 41
2018 41
2019 41
2020 41
2021 41
2022 41
2023 41
2024 41
2025 41
2026 41
2027 41
2028 41
2029 41
2030 41
2031 41
2032 41
2033 41
2034 41
2035 41
2036 41
2037 41
2038 41
2039 41
2040 41
2041 41
2042 41
2043 41
2044 41
2045 41
2046 41
2047 41
2048 41
2049 41
2050 41
2051 41
2052 41
2053 41
2054 41
2055 41
2056 41
2057 41
2058 41
2059 41
2060 41
2061 41
2062 41
2063 41
2064 41
2065 41
2066 41
2067 41
2068 41
2069 41
2070 41
2071 41
2072 41
2073 41
2074 41
2075 41
2076 41
2077 41
2078 41
2079 41
2080 41
2081 41
2082 41
2083 41
2084 41
2085 41
2086 41
2087 41
2088 41
2089 41
2090 41
2091 41
2092 41
2093 41
2094 41
2095 41
2096 41
2097 41
2098 41
2099 41
2100 41
2101 41
2102 41
2103 41
2104 41
2105 41
2106 41
2107 41
2108 41
2109 41
2110 41
2111 41
2112 41
2113 41
2114 41
2115 41
2116 41
2117 41
2118 41
2119 41
2120 41
2121 41
2122 41
2123 41
2124 41
2125 41
2126 41
2127 41
2128 41
2129 41
2130 41
2131 41
2132 41
2133 41
2134 41
2135 41
2136 42
2137 42
2138 42
2139 42
2140 42
2141 42
2142 42
2143 42
2144 42
2145 42
2146 42
2147 42
2148 42
2149 42
2150 42
2151 42
2152 42
2153 42
2154 42
2155 42
2156 42
2157 42
2158 42
2159 42
2160 42
2161 42
2162 42
2163 42
2164 42
2165 42
2166 42
2167 42
2168 42
2169 42
2170 42
2171 42
2172 42
2173 42
2174 42
2175 42
2176 42
2177 42
2178 42
2179 42
2180 42
2181 42
2182 42
2183 42
2184 42
2185 42
2186 42
2187 42
2188 42
2189 42
2190 42
2191 42
2192 42
2193 42
2194 42
2195 42
2196 42
2197 42
2198 42
2199 42
2200 42
2201 42
2202 42
2203 42
2204 42
2205 42
2206 42
2207 42
2208 42
2209 42
2210 42
2211 42
2212 42
2213 42
2214 42
2215 42
2216 42
2217 42
2218 42
2219 42
2220 42
2221 42
2222 42
2223 42
2224 42
2225 42
2226 42
2227 42
2228 42
2229 42
2230 42
2231 42
2232 42
2233 42
2234 42
2235 42
2236 42
2237 42
2238 42
2239 42
2240 42
2241 42
2242 42
2243 42
2244 42
2245 42
2246 42
2247 42
2248 42
2249 42
2250 42
2251 42
2252 42
2253 42
2254 42
2255 42
2256 42
2257 42
2258 42
2259 42
2260 42
2261 42
2262 42
2263 42
2264 42
2265 42
2266 42
2267 42
2268 42
2269 42
2270 42
2271 42
2272 42
2273 42
2274 42
2275 42
2276 42
2277 42
2278 42
2279 42
2280 42
2281 42
2282 42
2283 42
2284 42
2285 42
2286 42
2287 42
2288 42
2289 42
2290 42
2291 42
2292 42
2293 42
2294 42
2295 42
2296 42
2297 42
2298 42
2299 42
2300 42
2301 42
2302 42
2303 42
2304 42
2305 42
2306 42
2307 42
2308 42
2309 42
2310 42
2311 42
2312 42
2313 42
2314 42
2315 42
2316 42
2317 42
2318 42
2319 42
2320 42
2321 42
2322 42
2323 42
2324 42
2325 42
2326 42
2327 42
2328 42
2329 42
2330 42
2331 42
2332 42
2333 42
2334 42
2335 42
2336 42
2337 42
2338 42
2339 42
2340 42
2341 42
2342 42
2343 42
2344 42
2345 42
2346 42
2347 42
2348 42
2349 43
2350 43
2351 43
2352 43
2353 43
2354 43
2355 43
2356 43
2357 43
2358 43
2359 43
2360 43
2361 43
2362 43
2363 43
2364 43
2365 43
2366 43
2367 43
2368 43
2369 43
2370 43
2371 43
2372 43
2373 43
2374 43
2375 43
2376 43
2377 43
2378 43
2379 43
2380 43
2381 43
2382 43
2383 43
2384 43
2385 43
2386 43
2387 43
2388 43
2389 43
2390 43
2391 43
2392 43
2393 43
2394 43
2395 43
2396 43
2397 43
2398 43
2399 43
2400 43
2401 43
2402 43
2403 43
2404 43
2405 43
2406 43
2407 43
2408 43
2409 43
2410 43
2411 43
2412 43
2413 43
2414 43
2415 43
2416 43
2417 43
2418 43
2419 43
2420 43
2421 43
2422 43
2423 43
2424 43
2425 43
2426 43
2427 43
2428 43
2429 43
2430 43
2431 43
2432 43
2433 43
2434 43
2435 43
2436 43
2437 43
2438 43
2439 43
2440 43
2441 43
2442 43
2443 43
2444 43
2445 43
2446 43
2447 43
2448 43
2449 43
2450 43
2451 43
2452 43
2453 43
2454 43
2455 43
2456 43
2457 43
2458 43
2459 43
2460 43
2461 43
2462 43
2463 43
2464 43
2465 43
2466 43
2467 43
2468 43
2469 43
2470 43
2471 43
2472 43
2473 43
2474 43
2475 43
2476 43
2477 43
2478 43
2479 43
2480 43
2481 43
2482 43
2483 43
2484 43
2485 43
2486 43
2487 43
2488 43
2489 43
2490 43
2491 43
2492 43
2493 43
2494 43
2495 43
2496 43
2497 43
2498 43
2499 43
2500 43
2501 43
2502 43
2503 43
2504 43
2505 43
2506 43
2507 43
2508 43
2509 43
2510 43
2511 43
2512 43
2513 43
2514 43
2515 43
2516 43
2517 43
2518 43
2519 43
2520 43
2521 43
2522 43
2523 43
2524 43
2525 43
2526 43
2527 43
2528 43
2529 43
2530 43
2531 43
2532 43
2533 43
2534 43
2535 43
2536 43
2537 43
2538 43
2539 43
2540 43
2541 43
2542 43
2543 43
2544 43
2545 43
2546 43
2547 43
2548 43
2549 43
2550 43
2551 43
2552 43
2553 43
2554 43
2555 43
2556 43
2557 43
2558 43
2559 43
2560 43
2561 43
2562 43
2563 43
2564 43
2565 43
2566 43
2567 43
2568 43
2569 43
2570 43
2571 43
2572 43
2573 43
2574 43
2575 43
2576 43
2577 43
2578 43
2579 43
2580 43
2581 43
2582 43
2583 43
2584 43
2585 43
2586 43
2587 43
2588 43
2589 43
2590 43
2591 43
2592 43
2593 43
2594 43
2595 43
2596 43
2597 43
2598 43
2599 43
2600 43
2601 43
2602 43
2603 43
2604 43
2605 43
2606 43
2607 43
2608 43
2609 43
2610 43
2611 43
2612 43
2613 43
2614 43
2615 43
2616 43
2617 43
2618 43
2619 43
2620 43
2621 43
2622 43
2623 43
2624 43
2625 43
2626 43
2627 43
2628 43
2629 43
2630 43
2631 43
2632 43
2633 43
2634 43
2635 43
2636 43
2637 43
2638 43
2639 43
2640 43
2641 43
2642 43
2643 43
2644 43
2645 43
2646 43
2647 43
2648 43
2649 43
2650 43
2651 43
2652 43
2653 43
2654 43
2655 43
2656 43
2657 43
2658 43
2659 43
2660 43
2661 43
2662 43
2663 43
2664 43
2665 43
2666 43
2667 43
2668 43
2669 43
2670 43
2671 43
2672 43
2673 43
2674 43
2675 43
2676 43
2677 43
2678 43
2679 43
2680 43
2681 43
2682 43
2683 43
2684 43
2685 43
2686 43
2687 43
2688 43
2689 43
2690 43
2691 43
2692 43
2693 43
2694 43
2695 43
2696 43
2697 43
2698 43
2699 43
2700 43
2701 43
2702 43
2703 43
2704 43
2705 43
2706 43
2707 43
2708 43
2709 43
2710 43
2711 43
2712 43
2713 43
2714 43
2715 43
2716 43
2717 43
2718 43
2719 43
2720 43
2721 43
2722 43
2723 43
2724 43
2725 43
2726 43
2727 43
2728 43
2729 43
2730 43
2731 43
2732 43
2733 43
2734 43
2735 43
2736 43
2737 43
2738 43
2739 43
2740 43
2741 43
2742 43
2743 43
2744 43
2745 43
2746 43
2747 43
2748 43
2749 43
2750 43
2751 43
2752 43
2753 43
2754 43
2755 43
2756 43
2757 43
2758 43
2759 43
2760 43
2761 43
2762 43
2763 43
2764 43
2765 43
2766 43
2767 43
2768 43
2769 43
2770 43
2771 43
2772 43
2773 43
2774 43
2775 43
2776 43
2777 43
2778 43
2779 43
2780 43
2781 43
2782 43
2783 43
2784 43
2785 43
2786 43
2787 43
2788 43
2789 43
2790 43
2791 43
2792 43
2793 43
2794 43
2795 43
2796 43
2797 43
2798 43
2799 43
2800 43
2801 43
2802 43
2803 43
2804 43
2805 43
2806 43
2807 43
2808 43
2809 43
2810 43
2811 43
2812 43
2813 43
2814 43
2815 43
2816 43
2817 43
2818 43
2819 43
2820 43
2821 43
2822 43
2823 43
2824 43
2825 43
2826 43
2827 43
2828 43
2829 43
2830 43
2831 43
2832 43
2833 43
2834 43
2835 43
2836 43
2837 43
2838 43
2839 43
2840 43
2841 43
2842 43
2843 43
2844 43
2845 43
2846 43
2847 43
2848 43
2849 43
2850 43
2851 43
2852 43
2853 43
2854 43
2855 43
2856 43
2857 43
2858 43
2859 43
2860 43
2861 48
2862 48
2863 48
2864 48
2865 48
2866 48
2867 48
2868 48
2869 48
2870 51
2871 51
2872 51
2873 51
2874 51
2875 51
2876 51
2877 51
2878 51
2879 54
2880 54
2881 54
2882 54
2883 54
2884 54
2885 54
2886 54
2887 54
2888 54
2889 54
2890 54
2891 54
2892 54
2893 54
2894 54
2895 54
2896 54
2897 54
2898 54
2899 54
2900 54
2901 54
2902 54
2903 54
2904 54
2905 54
2906 54
2907 54
2908 54
2909 54
2910 54
2911 54
2912 54
2913 54
2914 54
2915 54
2916 54
2917 54
2918 54
2919 54
2920 54
2921 54
2922 54
2923 54
2924 54
2925 54
2926 54
2927 54
2928 54
2929 54
2930 54
2931 54
2932 54
2933 54
2934 55
2935 55
2936 55
2937 55
2938 55
2939 55
2940 55
2941 55
2942 55
2943 55
2944 55
2945 55
2946 55
2947 55
2948 55
2949 55
2950 55
2951 55
2952 55
2953 55
2954 55
2955 55
2956 55
2957 55
2958 55
2959 55
2960 55
2961 55
2962 55
2963 55
2964 55
2965 55
2966 55
2967 55
2968 55
2969 55
2970 55
2971 55
2972 55
2973 55
2974 55
2975 55
2976 55
2977 55
2978 55
2979 55
2980 55
2981 55
2982 55
2983 55
2984 55
2985 55
2986 55
2987 55
2988 55
2989 55
2990 55
2991 55
2992 55
2993 55
2994 55
2995 55
2996 55
2997 55
2998 55
2999 55
3000 55
3001 55
3002 55
3003 55
3004 55
3005 55
3006 55
3007 55
3008 55
3009 55
3010 55
3011 55
3012 55
3013 55
3014 55
3015 55
3016 55
3017 55
3018 55
3019 55
3020 55
3021 55
3022 55
3023 55
3024 55
3025 55
3026 55
3027 55
3028 55
3029 55
3030 55
3031 55
3032 55
3033 55
3034 55
3035 55
3036 55
3037 55
3038 55
3039 55
3040 55
3041 55
3042 55
3043 55
3044 55
3045 55
3046 55
3047 55
3048 55
3049 55
3050 55
3051 55
3052 55
3053 55
3054 55
3055 55
3056 55
3057 55
3058 55
3059 55
3060 55
3061 55
3062 55
3063 55
3064 55
3065 55
3066 55
3067 55
3068 55
3069 55
3070 55
3071 55
3072 55
3073 55
3074 55
3075 55
3076 55
3077 55
3078 55
3079 55
3080 55
3081 55
3082 55
3083 55
3084 55
3085 55
3086 55
3087 55
3088 55
3089 55
3090 55
3091 55
3092 55
3093 55
3094 55
3095 55
3096 55
3097 55
3098 55
3099 55
3100 55
3101 55
3102 55
3103 55
3104 55
3105 55
3106 55
3107 55
3108 55
3109 55
3110 55
3111 55
3112 55
3113 55
3114 55
3115 55
3116 55
3117 55
3118 55
3119 55
3120 55
3121 55
3122 55
3123 55
3124 55
3125 55
3126 55
3127 55
3128 55
3129 55
3130 55
3131 55
3132 55
3133 55
3134 55
3135 55
3136 55
3137 55
3138 55
3139 55
3140 55
3141 55
3142 55
3143 55
3144 55
3145 55
3146 55
3147 55
3148 55
3149 55
3150 55
3151 55
3152 55
3153 55
3154 55
3155 55
3156 55
3157 55
3158 55
3159 55
3160 55
3161 55
3162 55
3163 55
3164 55
3165 55
3166 55
3167 55
3168 55
3169 55
3170 55
3171 55
3172 55
3173 55
3174 55
3175 55
3176 55
3177 55
3178 55
3179 55
3180 55
3181 55
3182 55
3183 55
3184 55
3185 55
3186 55
3187 55
3188 55
3189 55
3190 55
3191 55
3192 55
3193 55
3194 55
3195 55
3196 55
3197 55
3198 55
3199 55
3200 55
3201 55
3202 55
3203 55
3204 55
3205 55
3206 55
3207 55
3208 55
3209 55
3210 55
3211 55
3212 55
3213 55
3214 55
3215 55
3216 55
3217 55
3218 55
3219 55
3220 55
3221 55
3222 55
3223 55
3224 55
3225 55
3226 55
3227 55
3228 55
3229 55
3230 55
3231 55
3232 55
3233 55
3234 55
3235 55
3236 55
3237 55
3238 55
3239 55
3240 55
3241 55
3242 55
3243 55
3244 55
3245 55
3246 55
3247 55
3248 55
3249 55
3250 55
3251 55
3252 55
3253 55
3254 55
3255 55
3256 55
3257 55
3258 55
3259 55
3260 55
3261 55
3262 55
3263 55
3264 55
3265 55
3266 55
3267 55
3268 55
3269 55
3270 55
3271 55
3272 55
3273 55
3274 55
3275 55
3276 55
3277 55
3278 55
3279 55
3280 55
3281 55
3282 55
3283 55
3284 55
3285 55
3286 55
3287 55
3288 55
3289 55
3290 55
3291 55
3292 55
3293 55
3294 55
3295 55
3296 55
3297 55
3298 55
3299 55
3300 55
3301 55
3302 55
3303 55
3304 55
3305 55
3306 55
3307 55
3308 55
3309 55
3310 55
3311 55
3312 55
3313 55
3314 55
3315 55
3316 55
3317 55
3318 55
3319 55
3320 55
3321 55
3322 55
3323 55
3324 55
3325 55
3326 55
3327 55
3328 55
3329 55
3330 55
3331 55
3332 55
3333 55
3334 55
3335 55
3336 55
3337 55
3338 55
3339 55
3340 55
3341 55
3342 55
3343 55
3344 55
3345 55
3346 55
3347 55
3348 55
3349 55
3350 55
3351 55
3352 55
3353 55
3354 55
3355 55
3356 55
3357 55
3358 55
3359 55
3360 55
3361 55
3362 55
3363 55
3364 55
3365 55
3366 55
3367 55
3368 55
3369 55
3370 55
3371 55
3372 55
3373 55
3374 55
3375 55
3376 55
3377 55
3378 55
3379 55
3380 55
3381 55
3382 55
3383 55
3384 55
3385 55
3386 55
3387 55
3388 55
3389 55
3390 55
3391 55
3392 55
3393 55
3394 55
3395 55
3396 55
3397 55
3398 55
3399 55
3400 55
3401 55
3402 55
3403 55
3404 55
3405 55
3406 55
3407 55
3408 55
3409 55
3410 55
3411 55
3412 55
3413 55
3414 55
3415 55
3416 55
3417 55
3418 55
3419 55
3420 55
3421 55
3422 55
3423 55
3424 55
3425 55
3426 55
3427 55
3428 55
3429 55
3430 55
3431 55
3432 55
3433 55
3434 55
3435 55
3436 55
3437 55
3438 55
3439 55
3440 55
3441 55
3442 55
3443 55
3444 55
3445 55
3446 55
3447 55
3448 55
3449 55
3450 55
3451 55
3452 55
3453 55
3454 55
3455 55
3456 55
3457 55
3458 55
3459 55
3460 55
3461 55
3462 55
3463 55
3464 55
3465 55
3466 55
3467 55
3468 55
3469 55
3470 55
3471 55
3472 55
3473 55
3474 55
3475 55
3476 55
3477 55
3478 55
3479 55
3480 55
3481 55
3482 55
3483 55
3484 55
3485 55
3486 55
3487 55
3488 55
3489 55
3490 55
3491 55
3492 55
3493 55
3494 55
3495 55
3496 55
3497 55
3498 55
3499 55
3500 55
3501 55
3502 55
3503 55
3504 55
3505 55
3506 55
3507 55
3508 55
3509 55
3510 55
3511 55
3512 55
3513 55
3514 55
3515 55
3516 55
3517 55
3518 55
3519 55
3520 55
3521 55
3522 55
3523 55
3524 55
3525 55
3526 55
3527 55
3528 55
3529 55
3530 55
3531 55
3532 55
3533 55
3534 55
3535 55
3536 55
3537 55
3538 55
3539 55
3540 55
3541 55
3542 55
3543 55
3544 55
3545 55
3546 55
3547 55
3548 55
3549 55
3550 55
3551 55
3552 55
3553 55
3554 55
3555 55
3556 55
3557 55
3558 55
3559 55
3560 55
3561 55
3562 55
3563 55
3564 55
3565 55
3566 55
3567 55
3568 55
3569 55
3570 55
3571 55
3572 55
3573 55
3574 55
3575 55
3576 55
3577 55
3578 55
3579 55
3580 55
3581 55
3582 55
3583 55
3584 55
3585 55
3586 55
3587 55
3588 55
3589 55
3590 55
3591 55
3592 55
3593 55
3594 55
3595 55
3596 55
3597 55
3598 55
3599 55
3600 55
3601 55
3602 55
3603 55
3604 55
3605 55
3606 55
3607 55
3608 55
3609 55
3610 55
3611 55
3612 55
3613 55
3614 55
3615 55
3616 55
3617 55
3618 55
3619 55
3620 55
3621 55
3622 55
3623 55
3624 55
3625 55
3626 55
3627 55
3628 55
3629 55
3630 55
3631 55
3632 55
3633 55
3634 55
3635 55
3636 55
3637 55
3638 55
3639 55
3640 55
3641 55
3642 55
3643 55
3644 55
3645 55
3646 55
3647 55
3648 55
3649 55
3650 55
3651 55
3652 55
3653 55
3654 55
3655 55
3656 55
3657 55
3658 56
3659 56
3660 56
3661 56
3662 56
3663 56
3664 56
3665 56
3666 56
3667 56
3668 56
3669 56
3670 56
3671 56
3672 56
3673 56
3674 56
3675 56
3676 56
3677 56
3678 56
3679 56
3680 56
3681 56
3682 56
3683 56
3684 56
3685 56
3686 56
3687 56
3688 56
3689 56
3690 56
3691 56
3692 56
3693 56
3694 56
3695 56
3696 56
3697 56
3698 56
3699 56
3700 56
3701 56
3702 56
3703 56
3704 56
3705 56
3706 56
3707 56
3708 56
3709 56
3710 56
3711 56
3712 56
3713 56
3714 56
3715 56
3716 56
3717 56
3718 56
3719 56
3720 56
3721 56
3722 56
3723 56
3724 56
3725 56
3726 56
3727 56
3728 56
3729 56
3730 56
3731 56
3732 56
3733 56
3734 56
3735 56
3736 56
3737 56
3738 56
3739 56
3740 56
3741 56
3742 56
3743 56
3744 56
3745 56
3746 56
3747 56
3748 56
3749 56
3750 56
3751 56
3752 56
3753 56
3754 56
3755 56
3756 56
3757 56
3758 56
3759 56
3760 56
3761 56
3762 56
3763 56
3764 56
3765 56
3766 56
3767 56
3768 56
3769 56
3770 56
3771 56
3772 56
3773 56
3774 56
3775 56
3776 56
3777 56
3778 56
3779 56
3780 56
3781 56
3782 56
3783 56
3784 56
3785 56
3786 56
3787 56
3788 56
3789 56
3790 56
3791 56
3792 56
3793 56
3794 56
3795 56
3796 56
3797 56
3798 56
3799 56
3800 56
3801 56
3802 56
3803 56
3804 56
3805 56
3806 56
3807 56
3808 56
3809 56
3810 56
3811 56
3812 56
3813 56
3814 56
3815 56
3816 56
3817 56
3818 56
3819 56
3820 56
3821 56
3822 56
3823 56
3824 56
3825 56
3826 56
3827 56
3828 56
3829 56
3830 56
3831 56
3832 56
3833 56
3834 56
3835 56
3836 56
3837 56
3838 56
3839 56
3840 57
3841 57
3842 57
3843 57
3844 57
3845 57
3846 57
3847 57
3848 57
3849 57
3850 57
3851 57
3852 57
3853 57
3854 57
3855 57
3856 57
3857 57
3858 57
3859 57
3860 57
3861 57
3862 57
3863 57
3864 57
3865 57
3866 57
3867 57
3868 57
3869 57
3870 57
3871 57
3872 57
3873 57
3874 57
3875 57
3876 57
3877 57
3878 57
3879 57
3880 57
3881 57
3882 57
3883 57
3884 57
3885 57
3886 57
3887 57
3888 57
3889 57
3890 57
3891 57
3892 57
3893 57
3894 57
3895 57
3896 57
3897 57
3898 57
3899 57
3900 57
3901 57
3902 57
3903 57
3904 57
3905 57
3906 57
3907 57
3908 57
3909 57
3910 57
3911 57
3912 57
3913 57
3914 57
3915 57
3916 57
3917 57
3918 57
3919 57
3920 57
3921 57
3922 57
3923 57
3924 57
3925 57
3926 57
3927 57
3928 57
3929 57
3930 57
3931 57
3932 57
3933 57
3934 57
3935 57
3936 57
3937 57
3938 57
3939 57
3940 57
3941 57
3942 57
3943 57
3944 57
3945 57
3946 57
3947 57
3948 57
3949 57
3950 57
3951 57
3952 57
3953 57
3954 57
3955 57
3956 57
3957 57
3958 57
3959 57
3960 57
3961 57
3962 57
3963 57
3964 57
3965 57
3966 57
3967 57
3968 57
3969 57
3970 57
3971 57
3972 57
3973 57
3974 57
3975 57
3976 57
3977 57
3978 57
3979 57
3980 57
3981 57
3982 57
3983 57
3984 57
3985 57
3986 57
3987 57
3988 57
3989 57
3990 57
3991 57
3992 57
3993 57
3994 57
3995 57
3996 57
3997 57
3998 57
3999 57
4000 57
4001 57
4002 57
4003 57
4004 57
4005 57
4006 57
4007 57
4008 57
4009 57
4010 57
4011 57
4012 57
4013 57
4014 57
4015 57
4016 57
4017 57
4018 57
4019 57
4020 57
4021 57
4022 57
4023 57
4024 57
4025 57
4026 57
4027 57
4028 57
4029 57
4030 57
4031 57
4032 57
4033 57
4034 57
4035 57
4036 57
4037 57
4038 57
4039 57
4040 57
4041 57
4042 57
4043 57
4044 57
4045 57
4046 57
4047 57
4048 57
4049 57
4050 57
4051 57
4052 57
4053 57
4054 57
4055 57
4056 57
4057 57
4058 57
4059 57
4060 58
4061 58
4062 58
4063 58
4064 58
4065 58
4066 58
4067 58
4068 58
4069 58
4070 58
4071 58
4072 58
4073 58
4074 58
4075 58
4076 58
4077 58
4078 58
4079 58
4080 58
4081 58
4082 58
4083 58
4084 58
4085 58
4086 58
4087 58
4088 58
4089 58
4090 58
4091 58
4092 58
4093 58
4094 58
4095 58
4096 58
4097 58
4098 58
4099 58
4100 58
4101 58
4102 58
4103 58
4104 58
4105 58
4106 58
4107 58
4108 58
4109 58
4110 58
4111 58
4112 58
4113 58
4114 58
4115 58
4116 58
4117 58
4118 58
4119 58
4120 58
4121 58
4122 58
4123 58
4124 58
4125 58
4126 58
4127 58
4128 58
4129 58
4130 58
4131 58
4132 58
4133 58
4134 58
4135 58
4136 58
4137 58
4138 58
4139 58
4140 58
4141 58
4142 58
4143 58
4144 58
4145 58
4146 58
4147 58
4148 58
4149 58
4150 58
4151 58
4152 58
4153 58
4154 58
4155 58
4156 58
4157 58
4158 58
4159 58
4160 58
4161 58
4162 58
4163 58
4164 58
4165 58
4166 58
4167 58
4168 58
4169 58
4170 58
4171 58
4172 58
4173 58
4174 58
4175 58
4176 58
4177 58
4178 58
4179 58
4180 58
4181 58
4182 58
4183 58
4184 58
4185 58
4186 58
4187 58
4188 58
4189 58
4190 58
4191 58
4192 58
4193 58
4194 58
4195 58
4196 58
4197 58
4198 58
4199 58
4200 58
4201 58
4202 58
4203 58
4204 58
4205 58
4206 58
4207 58
4208 58
4209 58
4210 58
4211 58
4212 58
4213 58
4214 58
4215 58
4216 58
4217 58
4218 58
4219 58
4220 58
4221 58
4222 58
4223 58
4224 58
4225 58
4226 58
4227 58
4228 58
4229 58
4230 58
4231 58
4232 58
4233 58
4234 58
4235 58
4236 58
4237 58
4238 58
4239 58
4240 58
4241 58
4242 58
4243 58
4244 58
4245 58
4246 58
4247 58
4248 58
4249 58
4250 58
4251 58
4252 58
4253 58
4254 58
4255 58
4256 58
4257 58
4258 58
4259 58
4260 58
4261 58
4262 58
4263 58
4264 58
4265 58
4266 58
4267 58
4268 58
4269 58
4270 58
4271 58
4272 58
4273 58
4274 58
4275 58
4276 58
4277 58
4278 58
4279 58
4280 58
4281 58
4282 58
4283 58
4284 58
4285 58
4286 58
4287 58
4288 58
4289 58
4290 58
4291 58
4292 58
4293 58
4294 58
4295 58
4296 58
4297 58
4298 58
4299 58
4300 58
4301 58
4302 58
4303 58
4304 58
4305 58
4306 58
4307 58
4308 58
4309 58
4310 58
4311 58
4312 58
4313 58
4314 58
4315 58
4316 58
4317 58
4318 58
4319 58
4320 58
4321 58
4322 58
4323 58
4324 58
4325 58
4326 58
4327 58
4328 58
4329 58
4330 58
4331 58
4332 58
4333 58
4334 58
4335 58
4336 58
4337 58
4338 58
4339 59
4340 59
4341 59
4342 59
4343 59
4344 59
4345 59
4346 59
4347 59
4348 59
4349 59
4350 59
4351 59
4352 59
4353 59
4354 59
4355 59
4356 59
4357 59
4358 59
4359 59
4360 59
4361 59
4362 59
4363 59
4364 59
4365 59
4366 59
4367 59
4368 59
4369 59
4370 59
4371 59
4372 59
4373 59
4374 59
4375 59
4376 59
4377 59
4378 59
4379 59
4380 59
4381 59
4382 59
4383 59
4384 59
4385 59
4386 59
4387 59
4388 59
4389 59
4390 59
4391 59
4392 59
4393 59
4394 59
4395 59
4396 59
4397 59
4398 59
4399 59
4400 59
4401 59
4402 59
4403 59
4404 59
4405 59
4406 59
4407 59
4408 59
4409 59
4410 59
4411 59
4412 59
4413 59
4414 59
4415 59
4416 59
4417 59
4418 59
4419 59
4420 59
4421 59
4422 59
4423 59
4424 59
4425 59
4426 59
4427 59
4428 59
4429 59
4430 59
4431 59
4432 59
4433 59
4434 59
4435 59
4436 59
4437 59
4438 59
4439 59
4440 59
4441 59
4442 59
4443 59
4444 59
4445 59
4446 59
4447 59
4448 59
4449 59
4450 59
4451 59
4452 59
4453 59
4454 59
4455 59
4456 59
4457 59
4458 59
4459 59
4460 59
4461 59
4462 59
4463 59
4464 59
4465 59
4466 59
4467 59
4468 59
4469 59
4470 59
4471 59
4472 59
4473 59
4474 59
4475 59
4476 59
4477 59
4478 59
4479 59
4480 59
4481 59
4482 59
4483 59
4484 59
4485 59
4486 59
4487 59
4488 59
4489 59
4490 59
4491 59
4492 59
4493 59
4494 59
4495 59
4496 59
4497 59
4498 59
4499 59
4500 59
4501 59
4502 59
4503 59
4504 59
4505 59
4506 59
4507 59
4508 59
4509 59
4510 59
4511 59
4512 59
4513 59
4514 59
4515 59
4516 59
4517 59
4518 59
4519 59
4520 59
4521 59
4522 59
4523 59
4524 59
4525 59
4526 59
4527 59
4528 59
4529 59
4530 59
4531 59
4532 59
4533 59
4534 59
4535 59
4536 59
4537 59
4538 59
4539 59
4540 59
4541 59
4542 59
4543 59
4544 59
4545 60
4546 61
4547 62
4548 62
4549 62
4550 62
4551 62
4552 62
4553 62
4554 64
4555 64
4556 64
4557 64
4558 64
4559 64
4560 64
4561 64
4562 67
4563 67
4564 67
4565 67
4566 67
4567 67
4568 67
4569 67
4570 70
4571 70
4572 70
4573 70
4574 70
4575 70
4576 70
4577 70
4578 70
4579 71
4580 71
4581 71
4582 71
4583 71
4584 71
4585 71
4586 71
4587 71
4588 71
4589 71
4590 71
4591 71
4592 71
4593 71
4594 71
4595 71
4596 71
4597 71
4598 71
4599 71
4600 71
4601 71
4602 71
4603 71
4604 71
4605 71
4606 71
4607 71
4608 71
4609 71
4610 71
4611 71
4612 71
4613 71
4614 71
4615 71
4616 71
4617 71
4618 71
4619 71
4620 71
4621 71
4622 71
4623 71
4624 71
4625 71
4626 71
4627 71
4628 71
4629 71
4630 71
4631 71
4632 72
4633 72
4634 72
4635 72
4636 72
4637 72
4638 72
4639 75
4640 75
4641 75
4642 75
4643 75
4644 75
4645 77
4646 77
4647 77
4648 77
4649 77
4650 77
4651 77
4652 77
4653 77
4654 80
4655 80
4656 80
4657 80
4658 80
4659 80
4660 80
4661 82
4662 82
4663 82
4664 82
4665 82
4666 82
4667 82
4668 83
4669 83
4670 83
4671 83
4672 83
4673 83
4674 83
4675 83
4676 83
4677 83
4678 83
4679 83
4680 83
4681 83
4682 83
4683 83
4684 83
4685 83
4686 83
4687 83
4688 83
4689 83
4690 83
4691 83
4692 83
4693 83
4694 83
4695 83
4696 83
4697 83
4698 83
4699 83
4700 83
4701 83
4702 83
4703 83
4704 83
4705 83
4706 83
4707 83
4708 83
4709 83
4710 83
4711 83
4712 83
4713 83
4714 83
4715 83
4716 83
4717 83
4718 83
4719 83
4720 83
4721 83
4722 83
4723 83
4724 83
4725 83
4726 83
4727 83
4728 83
4729 83
4730 83
4731 83
4732 83
4733 83
4734 83
4735 83
4736 83
4737 83
4738 83
4739 83
4740 83
4741 83
4742 83
4743 83
4744 83
4745 83
4746 83
4747 83
4748 83
4749 83
4750 83
4751 83
4752 83
4753 83
4754 83
4755 83
4756 83
4757 83
4758 83
4759 83
4760 83
4761 83
4762 83
4763 83
4764 83
4765 83
4766 83
4767 83
4768 83
4769 83
4770 83
4771 83
4772 83
4773 83
4774 83
4775 83
4776 83
4777 83
4778 83
4779 83
4780 83
4781 83
4782 83
4783 83
4784 83
4785 83
4786 83
4787 83
4788 83
4789 83
4790 83
4791 83
4792 83
4793 83
4794 83
4795 83
4796 83
4797 83
4798 83
4799 83
4800 83
4801 83
4802 83
4803 83
4804 83
4805 83
4806 83
4807 83
4808 83
4809 83
4810 83
4811 83
4812 83
4813 83
4814 83
4815 83
4816 83
4817 83
4818 83
4819 83
4820 83
4821 83
4822 83
4823 83
4824 83
4825 83
4826 83
4827 83
4828 83
4829 83
4830 83
4831 83
4832 83
4833 83
4834 83
4835 83
4836 83
4837 83
4838 83
4839 83
4840 83
4841 83
4842 83
4843 83
4844 83
4845 83
4846 83
4847 83
4848 83
4849 83
4850 83
4851 83
4852 83
4853 83
4854 83
4855 83
4856 83
4857 83
4858 83
4859 83
4860 83
4861 83
4862 83
4863 83
4864 83
4865 83
4866 83
4867 83
4868 83
4869 83
4870 83
4871 83
4872 83
4873 83
4874 83
4875 83
4876 83
4877 83
4878 83
4879 83
4880 83
4881 83
4882 83
4883 83
4884 83
4885 83
4886 83
4887 83
4888 83
4889 83
4890 83
4891 83
4892 83
4893 83
4894 83
4895 83
4896 83
4897 83
4898 83
4899 83
4900 83
4901 83
4902 83
4903 83
4904 83
4905 83
4906 83
4907 83
4908 83
4909 83
4910 83
4911 83
4912 83
4913 83
4914 83
4915 83
4916 83
4917 83
4918 83
4919 83
4920 83
4921 83
4922 83
4923 83
4924 84
4925 84
4926 84
4927 84
4928 84
4929 84
4930 84
4931 84
4932 84
4933 84
4934 84
4935 84
4936 84
4937 84
4938 84
4939 84
4940 84
4941 84
4942 84
4943 84
4944 84
4945 84
4946 84
4947 84
4948 84
4949 84
4950 84
4951 84
4952 84
4953 84
4954 84
4955 84
4956 84
4957 84
4958 84
4959 84
4960 84
4961 84
4962 84
4963 84
4964 84
4965 84
4966 84
4967 84
4968 84
4969 84
4970 84
4971 84
4972 84
4973 84
4974 84
4975 84
4976 84
4977 84
4978 84
4979 84
4980 84
4981 84
4982 84
4983 84
4984 84
4985 84
4986 84
4987 84
4988 84
4989 84
4990 84
4991 84
4992 84
4993 84
4994 84
4995 84
4996 84
4997 84
4998 84
4999 84
5000 84
5001 84
5002 84
5003 84
5004 84
5005 84
5006 84
5007 84
5008 84
5009 84
5010 84
5011 84
5012 84
5013 84
5014 84
5015 84
5016 84
5017 84
5018 84
5019 84
5020 84
5021 84
5022 84
5023 84
5024 84
5025 84
5026 84
5027 84
5028 84
5029 84
5030 84
5031 84
5032 84
5033 84
5034 84
5035 84
5036 84
5037 84
5038 84
5039 84
5040 84
5041 84
5042 84
5043 84
5044 84
5045 84
5046 84
5047 84
5048 84
5049 84
5050 84
5051 84
5052 84
5053 84
5054 84
5055 84
5056 84
5057 84
5058 84
5059 84
5060 84
5061 84
5062 84
5063 84
5064 84
5065 84
5066 84
5067 84
5068 84
5069 84
5070 84
5071 84
5072 84
5073 84
5074 84
5075 84
5076 84
5077 84
5078 84
5079 84
5080 84
5081 84
5082 84
5083 84
5084 84
5085 84
5086 84
5087 84
5088 84
5089 84
5090 84
5091 84
5092 84
5093 84
5094 84
5095 84
5096 84
5097 84
5098 84
5099 84
5100 84
5101 84
5102 84
5103 84
5104 84
5105 84
5106 84
5107 84
5108 84
5109 84
5110 84
5111 84
5112 85
5113 85
5114 85
5115 85
5116 85
5117 85
5118 85
5119 85
5120 85
5121 85
5122 85
5123 85
5124 85
5125 85
5126 85
5127 85
5128 85
5129 85
5130 85
5131 85
5132 85
5133 85
5134 85
5135 85
5136 85
5137 85
5138 85
5139 85
5140 85
5141 85
5142 85
5143 85
5144 85
5145 85
5146 85
5147 85
5148 85
5149 85
5150 85
5151 85
5152 85
5153 85
5154 85
5155 85
5156 85
5157 85
5158 85
5159 85
5160 86
5161 86
5162 86
5163 86
5164 86
5165 86
5166 86
5167 86
5168 86
5169 86
5170 86
5171 86
5172 86
5173 86
5174 86
5175 86
5176 86
5177 86
5178 86
5179 86
5180 86
5181 86
5182 86
5183 86
5184 86
5185 86
5186 86
5187 86
5188 86
5189 86
5190 86
5191 86
5192 86
5193 86
5194 86
5195 86
5196 86
5197 86
5198 86
5199 86
5200 86
5201 86
5202 86
5203 86
5204 86
5205 86
5206 86
5207 86
5208 86
5209 86
5210 86
5211 86
5212 86
5213 86
5214 86
5215 86
5216 86
5217 86
5218 86
5219 86
5220 86
5221 86
5222 86
5223 86
5224 86
5225 86
5226 86
5227 86
5228 86
5229 86
5230 86
5231 86
5232 86
5233 86
5234 86
5235 86
5236 86
5237 86
5238 86
5239 86
5240 86
5241 86
5242 86
5243 86
5244 86
5245 86
5246 86
5247 86
5248 86
5249 86
5250 86
5251 86
5252 86
5253 86
5254 86
5255 86
5256 86
5257 86
5258 86
5259 86
5260 86
5261 86
5262 86
5263 86
5264 86
5265 86
5266 86
5267 86
5268 86
5269 86
5270 86
5271 86
5272 86
5273 86
5274 86
5275 86
5276 86
5277 86
5278 86
5279 86
5280 86
5281 86
5282 86
5283 86
5284 86
5285 86
5286 86
5287 86
5288 86
5289 86
5290 86
5291 86
5292 86
5293 86
5294 86
5295 86
5296 86
5297 86
5298 86
5299 86
5300 86
5301 86
5302 86
5303 86
5304 86
5305 86
5306 86
5307 86
5308 86
5309 86
5310 86
5311 86
5312 86
5313 86
5314 86
5315 86
5316 86
5317 86
5318 86
5319 86
5320 86
5321 86
5322 86
5323 86
5324 86
5325 86
5326 86
5327 86
5328 86
5329 86
5330 86
5331 86
5332 86
5333 86
5334 86
5335 86
5336 86
5337 86
5338 87
5339 87
5340 87
5341 87
5342 87
5343 87
5344 87
5345 87
5346 87
5347 87
5348 87
5349 87
5350 87
5351 87
5352 87
5353 87
5354 87
5355 87
5356 87
5357 87
5358 87
5359 87
5360 87
5361 87
5362 87
5363 87
5364 87
5365 87
5366 87
5367 87
5368 87
5369 87
5370 87
5371 87
5372 87
5373 87
5374 87
5375 87
5376 87
5377 87
5378 87
5379 87
5380 87
5381 87
5382 87
5383 87
5384 87
5385 87
5386 87
5387 87
5388 87
5389 87
5390 87
5391 87
5392 87
5393 87
5394 87
5395 87
5396 87
5397 87
5398 87
5399 87
5400 87
5401 87
5402 87
5403 87
5404 87
5405 87
5406 87
5407 87
5408 87
5409 87
5410 87
5411 87
5412 87
5413 87
5414 87
5415 87
5416 87
5417 87
5418 87
5419 87
5420 87
5421 87
5422 87
5423 87
5424 87
5425 87
5426 87
5427 87
5428 87
5429 87
5430 87
5431 87
5432 87
5433 87
5434 87
5435 87
5436 87
5437 87
5438 87
5439 87
5440 87
5441 87
5442 87
5443 87
5444 87
5445 87
5446 87
5447 87
5448 87
5449 87
5450 87
5451 87
5452 87
5453 87
5454 87
5455 87
5456 87
5457 87
5458 87
5459 87
5460 87
5461 87
5462 87
5463 87
5464 87
5465 87
5466 87
5467 87
5468 87
5469 87
5470 87
5471 87
5472 87
5473 87
5474 87
5475 87
5476 87
5477 87
5478 87
5479 87
5480 87
5481 87
5482 87
5483 87
5484 87
5485 87
5486 87
5487 87
5488 87
5489 87
5490 87
5491 87
5492 87
5493 87
5494 87
5495 87
5496 87
5497 87
5498 87
5499 87
5500 87
5501 87
5502 87
5503 87
5504 87
5505 87
5506 87
5507 87
5508 87
5509 87
5510 87
5511 87
5512 87
5513 87
5514 87
5515 87
5516 87
5517 87
5518 87
5519 87
5520 87
5521 87
5522 87
5523 87
5524 87
5525 87
5526 87
5527 87
5528 87
5529 87
5530 87
5531 87
5532 87
5533 87
5534 87
5535 87
5536 87
5537 87
5538 87
5539 87
5540 87
5541 87
5542 87
5543 87
5544 87
5545 87
5546 87
5547 87
5548 87
5549 87
5550 87
5551 87
5552 87
5553 87
5554 87
5555 87
5556 87
5557 87
5558 87
5559 87
5560 87
5561 87
5562 87
5563 87
5564 87
5565 87
5566 87
5567 87
5568 87
5569 87
5570 87
5571 87
5572 87
5573 87
5574 87
5575 87
5576 87
5577 87
5578 87
5579 87
5580 87
5581 87
5582 87
5583 87
5584 87
5585 87
5586 87
5587 87
5588 87
5589 87
5590 87
5591 87
5592 87
5593 87
5594 87
5595 87
5596 87
5597 87
5598 87
5599 87
5600 87
5601 87
5602 87
5603 87
5604 87
5605 87
5606 87
5607 87
5608 87
5609 87
5610 87
5611 87
5612 87
5613 87
5614 87
5615 87
5616 87
5617 87
5618 87
5619 87
5620 87
5621 87
5622 87
5623 87
5624 87
5625 87
5626 87
5627 87
5628 87
5629 87
5630 87
5631 87
5632 87
5633 87
5634 87
5635 87
5636 87
5637 87
5638 87
5639 87
5640 87
5641 87
5642 87
5643 87
5644 87
5645 87
5646 87
5647 87
5648 87
5649 87
5650 87
5651 87
5652 87
5653 87
5654 87
5655 87
5656 87
5657 87
5658 87
5659 87
5660 87
5661 87
5662 87
5663 87
5664 87
5665 87
5666 87
5667 87
5668 87
5669 87
5670 87
5671 87
5672 87
5673 87
5674 87
5675 87
5676 87
5677 87
5678 87
5679 87
5680 87
5681 87
5682 88
5683 88
5684 88
5685 88
5686 88
5687 88
5688 88
5689 88
5690 88
5691 88
5692 88
5693 88
5694 88
5695 88
5696 88
5697 88
5698 88
5699 88
5700 88
5701 88
5702 88
5703 88
5704 88
5705 88
5706 88
5707 88
5708 88
5709 88
5710 88
5711 88
5712 88
5713 88
5714 88
5715 88
5716 88
5717 88
5718 88
5719 88
5720 88
5721 88
5722 88
5723 88
5724 88
5725 88
5726 88
5727 88
5728 88
5729 88
5730 88
5731 88
5732 88
5733 88
5734 88
5735 88
5736 88
5737 88
5738 88
5739 88
5740 88
5741 88
5742 88
5743 88
5744 88
5745 88
5746 88
5747 88
5748 88
5749 88
5750 88
5751 88
5752 88
5753 88
5754 88
5755 88
5756 88
5757 88
5758 88
5759 88
5760 88
5761 88
5762 88
5763 88
5764 88
5765 88
5766 88
5767 88
5768 88
5769 88
5770 88
5771 88
5772 88
5773 88
5774 88
5775 88
5776 88
5777 88
5778 89
5779 89
5780 89
5781 89
5782 89
5783 89
5784 89
5785 89
5786 89
5787 89
5788 89
5789 89
5790 89
5791 89
5792 89
5793 89
5794 89
5795 89
5796 89
5797 89
5798 89
5799 89
5800 89
5801 89
5802 89
5803 89
5804 89
5805 89
5806 89
5807 89
5808 89
5809 89
5810 89
5811 89
5812 89
5813 89
5814 89
5815 89
5816 89
5817 89
5818 89
5819 89
5820 89
5821 89
5822 89
5823 89
5824 89
5825 89
5826 89
5827 89
5828 89
5829 89
5830 89
5831 89
5832 89
5833 89
5834 89
5835 89
5836 89
5837 89
5838 89
5839 89
5840 89
5841 89
5842 89
5843 89
5844 89
5845 89
5846 89
5847 89
5848 89
5849 89
5850 89
5851 89
5852 89
5853 89
5854 89
5855 89
5856 89
5857 89
5858 89
5859 89
5860 89
5861 89
5862 89
5863 89
5864 89
5865 89
5866 89
5867 89
5868 89
5869 89
5870 89
5871 89
5872 89
5873 89
5874 89
5875 89
5876 89
5877 89
5878 89
5879 89
5880 89
5881 89
5882 89
5883 89
5884 89
5885 89
5886 89
5887 89
5888 89
5889 89
5890 89
5891 89
5892 89
5893 89
5894 89
5895 89
5896 89
5897 89
5898 89
5899 89
5900 89
5901 89
5902 89
5903 89
5904 89
5905 89
5906 89
5907 89
5908 89
5909 89
5910 89
5911 89
5912 89
5913 89
5914 89
5915 89
5916 89
5917 89
5918 89
5919 89
5920 89
5921 89
5922 89
5923 89
5924 89
5925 89
5926 89
5927 89
5928 89
5929 89
5930 89
5931 89
5932 89
5933 89
5934 89
5935 89
5936 89
5937 89
5938 89
5939 89
5940 89
5941 89
5942 89
5943 89
5944 89
5945 89
5946 89
5947 89
5948 89
5949 89
5950 89
5951 89
5952 89
5953 89
5954 90
5955 90
5956 90
5957 90
5958 90
5959 90
5960 90
5961 90
5962 90
5963 90
5964 90
5965 90
5966 90
5967 90
5968 90
5969 90
5970 90
5971 90
5972 90
5973 90
5974 90
5975 90
5976 90
5977 90
5978 90
5979 90
5980 90
5981 90
5982 90
5983 90
5984 90
5985 90
5986 90
5987 90
5988 90
5989 90
5990 90
5991 90
5992 90
5993 90
5994 90
5995 90
5996 90
5997 90
5998 90
5999 90
6000 90
6001 90
6002 90
6003 90
6004 90
6005 90
6006 90
6007 90
6008 90
6009 90
6010 90
6011 90
6012 90
6013 90
6014 90
6015 90
6016 90
6017 90
6018 90
6019 90
6020 90
6021 90
6022 90
6023 90
6024 90
6025 90
6026 90
6027 90
6028 90
6029 90
6030 90
6031 90
6032 90
6033 90
6034 90
6035 90
6036 90
6037 90
6038 90
6039 90
6040 90
6041 90
6042 90
6043 90
6044 90
6045 90
6046 90
6047 90
6048 90
6049 90
6050 90
6051 90
6052 90
6053 90
6054 90
6055 90
6056 90
6057 90
6058 90
6059 90
6060 90
6061 90
6062 90
6063 90
6064 90
6065 90
6066 90
6067 90
6068 90
6069 90
6070 90
6071 90
6072 90
6073 90
6074 90
6075 90
6076 90
6077 90
6078 90
6079 90
6080 90
6081 90
6082 90
6083 90
6084 90
6085 90
6086 90
6087 90
6088 90
6089 90
6090 90
6091 90
6092 90
6093 90
6094 90
6095 90
6096 90
6097 90
6098 90
6099 90
6100 90
6101 90
6102 90
6103 90
6104 90
6105 90
6106 90
6107 90
6108 90
6109 90
6110 90
6111 90
6112 90
6113 90
6114 90
6115 90
6116 90
6117 90
6118 90
6119 90
6120 90
6121 90
6122 90
6123 90
6124 90
6125 90
6126 90
6127 90
6128 90
6129 90
6130 90
6131 90
6132 90
6133 90
6134 90
6135 90
6136 90
6137 90
6138 90
6139 90
6140 90
6141 90
6142 90
6143 90
6144 90
6145 90
6146 90
6147 90
6148 90
6149 90
6150 90
6151 90
6152 90
6153 90
6154 90
6155 90
6156 90
6157 90
6158 90
6159 90
6160 90
6161 90
6162 90
6163 90
6164 90
6165 90
6166 90
6167 90
6168 90
6169 90
6170 90
6171 90
6172 90
6173 90
6174 90
6175 90
6176 90
6177 90
6178 90
6179 90
6180 90
6181 90
6182 90
6183 90
6184 90
6185 90
6186 90
6187 90
6188 94
6189 94
6190 94
6191 94
6192 94
6193 94
6194 94
6195 94
6196 94
6197 94
6198 94
6199 94
6200 94
6201 94
6202 94
6203 94
6204 94
6205 94
6206 94
6207 94
6208 94
6209 94
6210 94
6211 94
6212 94
6213 94
6214 94
6215 94
6216 94
6217 94
6218 94
6219 94
6220 94
6221 94
6222 94
6223 94
6224 94
6225 94
6226 94
6227 94
6228 94
6229 94
6230 94
6231 94
6232 94
6233 94
6234 94
6235 94
6236 94
6237 94
6238 94
6239 94
6240 94
6241 94
6242 94
6243 94
6244 94
6245 94
6246 94
6247 94
6248 94
6249 94
6250 94
6251 94
6252 94
6253 94
6254 94
6255 94
6256 94
6257 94
6258 94
6259 94
6260 94
6261 94
6262 94
6263 94
6264 94
6265 94
6266 94
6267 94
6268 94
6269 94
6270 94
6271 94
6272 94
6273 94
6274 94
6275 94
6276 94
6277 94
6278 94
6279 94
6280 94
6281 94
6282 94
6283 94
6284 94
6285 94
6286 94
6287 94
6288 94
6289 94
6290 94
6291 94
6292 94
6293 94
6294 94
6295 94
6296 94
6297 94
6298 94
6299 94
6300 94
6301 94
6302 94
6303 94
6304 94
6305 94
6306 94
6307 94
6308 94
6309 94
6310 94
6311 94
6312 94
6313 94
6314 94
6315 94
6316 94
6317 94
6318 94
6319 94
6320 94
6321 94
6322 94
6323 94
6324 94
6325 94
6326 94
6327 95
6328 95
6329 95
6330 95
6331 95
6332 95
6333 95
6334 95
6335 95
6336 95
6337 95
6338 95
6339 95
6340 95
6341 95
6342 95
6343 95
6344 95
6345 95
6346 95
6347 95
6348 95
6349 95
6350 95
6351 95
6352 95
6353 95
6354 95
6355 95
6356 95
6357 95
6358 95
6359 95
6360 95
6361 95
6362 95
6363 95
6364 95
6365 95
6366 95
6367 95
6368 95
6369 95
6370 95
6371 95
6372 95
6373 95
6374 95
6375 95
6376 95
6377 95
6378 95
6379 95
6380 95
6381 95
6382 95
6383 95
6384 95
6385 95
6386 95
6387 95
6388 95
6389 95
6390 95
6391 95
6392 95
6393 95
6394 95
6395 95
6396 95
6397 95
6398 95
6399 95
6400 95
6401 95
6402 95
6403 95
6404 95
6405 95
6406 95
6407 95
6408 95
6409 95
6410 95
6411 95
6412 95
6413 95
6414 95
6415 95
6416 95
6417 95
6418 95
6419 95
6420 95
6421 95
6422 95
6423 95
6424 95
6425 95
6426 95
6427 95
6428 95
6429 95
6430 95
6431 95
6432 95
6433 95
6434 95
6435 95
6436 95
6437 95
6438 95
6439 95
6440 95
6441 95
6442 95
6443 95
6444 95
6445 95
6446 95
6447 95
6448 95
6449 95
6450 95
6451 95
6452 95
6453 95
6454 95
6455 95
6456 95
6457 95
6458 95
6459 95
6460 95
6461 95
6462 95
6463 95
6464 95
6465 95
6466 95
6467 95
6468 95
6469 95
6470 95
6471 95
6472 95
6473 95
6474 95
6475 95
6476 95
6477 95
6478 95
6479 95
6480 95
6481 95
6482 95
6483 95
6484 95
6485 95
6486 95
6487 95
6488 95
6489 95
6490 95
6491 95
6492 95
6493 95
6494 95
6495 95
6496 95
6497 95
6498 95
6499 95
6500 95
6501 95
6502 95
6503 95
6504 95
6505 95
6506 95
6507 95
6508 95
6509 95
6510 95
6511 95
6512 95
6513 95
6514 95
6515 95
6516 95
6517 95
6518 95
6519 95
6520 95
6521 95
6522 95
6523 95
6524 95
6525 95
6526 95
6527 95
6528 95
6529 95
6530 95
6531 95
6532 95
6533 95
6534 95
6535 95
6536 95
6537 95
6538 95
6539 95
6540 95
6541 95
6542 95
6543 95
6544 95
6545 95
6546 95
6547 95
6548 95
6549 95
6550 95
6551 95
6552 95
6553 95
6554 95
6555 95
6556 95
6557 95
6558 95
6559 95
6560 95
6561 95
6562 95
6563 95
6564 95
6565 95
6566 95
6567 95
6568 95
6569 95
6570 95
6571 95
6572 95
6573 95
6574 95
6575 95
6576 95
6577 95
6578 95
6579 95
6580 95
6581 95
6582 95
6583 95
6584 95
6585 95
6586 95
6587 95
6588 95
6589 95
6590 95
6591 95
6592 95
6593 95
6594 95
6595 95
6596 95
6597 95
6598 95
6599 95
6600 95
6601 95
6602 95
6603 95
6604 95
6605 95
6606 95
6607 95
6608 95
6609 95
6610 95
6611 95
6612 95
6613 95
6614 95
6615 95
6616 95
6617 95
6618 95
6619 95
6620 95
6621 95
6622 95
6623 95
6624 95
6625 95
6626 95
6627 96
6628 96
6629 96
6630 96
6631 96
6632 96
6633 96
6634 96
6635 96
6636 96
6637 96
6638 96
6639 96
6640 96
6641 96
6642 96
6643 96
6644 96
6645 96
6646 96
6647 96
6648 96
6649 96
6650 96
6651 96
6652 96
6653 96
6654 96
6655 96
6656 96
6657 96
6658 96
6659 96
6660 96
6661 96
6662 96
6663 96
6664 96
6665 96
6666 96
6667 96
6668 96
6669 96
6670 96
6671 96
6672 96
6673 96
6674 96
6675 96
6676 96
6677 96
6678 96
6679 96
6680 96
6681 96
6682 96
6683 96
6684 96
6685 96
6686 96
6687 96
6688 96
6689 96
6690 96
6691 96
6692 96
6693 96
6694 96
6695 96
6696 96
6697 96
6698 96
6699 96
6700 96
6701 96
6702 96
6703 96
6704 96
6705 96
6706 96
6707 96
6708 96
6709 96
6710 96
6711 96
6712 96
6713 96
6714 96
6715 96
6716 96
6717 96
6718 96
6719 96
6720 96
6721 96
6722 96
6723 96
6724 96
6725 96
6726 96
6727 96
6728 96
6729 96
6730 96
6731 96
6732 96
6733 96
6734 96
6735 96
6736 96
6737 96
6738 96
6739 96
6740 96
6741 96
6742 96
6743 96
6744 96
6745 96
6746 96
6747 96
6748 96
6749 96
6750 96
6751 96
6752 96
6753 96
6754 96
6755 96
6756 96
6757 96
6758 96
6759 96
6760 96
6761 96
6762 96
6763 96
6764 96
6765 96
6766 96
6767 96
6768 96
6769 96
6770 96
6771 96
6772 96
6773 96
6774 96
6775 96
6776 96
6777 96
6778 96
6779 96
6780 96
6781 96
6782 96
6783 96
6784 96
6785 96
6786 96
6787 96
6788 96
6789 96
6790 96
6791 96
6792 96
6793 96
6794 96
6795 96
6796 96
6797 96
6798 96
6799 96
6800 96
6801 96
6802 96
6803 96
6804 96
6805 96
6806 96
6807 96
6808 96
6809 96
6810 96
6811 96
6812 96
6813 96
6814 96
6815 96
6816 96
6817 96
6818 96
6819 96
6820 96
6821 96
6822 96
6823 96
6824 96
6825 96
6826 96
6827 96
6828 96
6829 96
6830 96
6831 96
6832 96
6833 96
6834 96
6835 96
6836 96
6837 96
6838 96
6839 96
6840 96
6841 96
6842 96
6843 96
6844 96
6845 96
6846 96
6847 96
6848 96
6849 96
6850 96
6851 96
6852 96
6853 96
6854 96
6855 96
6856 96
6857 96
6858 96
6859 96
6860 96
6861 96
6862 96
6863 96
6864 96
6865 96
6866 96
6867 96
6868 96
6869 96
6870 96
6871 96
6872 96
6873 96
6874 96
6875 96
6876 96
6877 96
6878 96
6879 96
6880 96
6881 96
6882 96
6883 96
6884 96
6885 96
6886 96
6887 96
6888 96
6889 96
6890 96
6891 96
6892 96
6893 96
6894 96
6895 96
6896 96
6897 96
6898 96
6899 96
6900 96
6901 96
6902 96
6903 96
6904 96
6905 96
6906 96
6907 96
6908 96
6909 96
6910 96
6911 96
6912 96
6913 96
6914 96
6915 96
6916 96
6917 96
6918 96
6919 96
6920 96
6921 96
6922 96
6923 96
6924 96
6925 96
6926 96
6927 96
6928 96
6929 96
6930 96
6931 96
6932 96
6933 96
6934 96
6935 96
6936 96
6937 96
6938 96
6939 96
6940 96
6941 96
6942 96
6943 96
6944 96
6945 96
6946 96
6947 96
6948 96
6949 96
6950 96
6951 96
6952 96
6953 96
6954 96
6955 96
6956 96
6957 96
6958 96
6959 96
6960 96
6961 96
6962 96
6963 96
6964 96
6965 96
6966 96
6967 96
6968 96
6969 96
6970 96
6971 96
6972 96
6973 96
6974 96
6975 96
6976 96
6977 96
6978 96
6979 96
6980 96
6981 96
6982 96
6983 96
6984 96
6985 96
6986 96
6987 96
6988 96
6989 96
6990 96
6991 96
6992 96
6993 96
6994 96
6995 96
6996 96
6997 96
6998 96
6999 96
7000 96
7001 96
7002 96
7003 96
7004 96
7005 96
7006 96
7007 96
7008 96
7009 96
7010 96
7011 96
7012 96
7013 96
7014 96
7015 96
7016 96
7017 96
7018 96
7019 96
7020 96
7021 96
7022 96
7023 96
7024 96
7025 96
7026 96
7027 96
7028 96
7029 96
7030 96
7031 96
7032 96
7033 96
7034 96
7035 96
7036 96
7037 96
7038 96
7039 96
7040 96
7041 96
7042 96
7043 96
7044 96
7045 96
7046 96
7047 96
7048 96
7049 96
7050 96
7051 96
7052 96
7053 96
7054 96
7055 96
7056 96
7057 96
7058 96
7059 96
7060 96
7061 96
7062 96
7063 96
7064 96
7065 96
7066 96
7067 96
7068 96
7069 96
7070 96
7071 96
7072 96
7073 96
7074 96
7075 96
7076 96
7077 96
7078 96
7079 96
7080 96
7081 96
7082 96
7083 96
7084 96
7085 96
7086 96
7087 96
7088 96
7089 96
7090 96
7091 96
7092 96
7093 96
7094 96
7095 96
7096 96
7097 96
7098 96
7099 96
7100 96
7101 96
7102 96
7103 96
7104 96
7105 96
7106 96
7107 96
7108 96
7109 96
7110 96
7111 96
7112 96
7113 97
7114 97
7115 97
7116 97
7117 97
7118 97
7119 97
7120 97
7121 97
7122 97
7123 97
7124 97
7125 97
7126 97
7127 97
7128 97
7129 97
7130 97
7131 97
7132 97
7133 97
7134 97
7135 97
7136 97
7137 97
7138 97
7139 97
7140 97
7141 97
7142 97
7143 97
7144 97
7145 97
7146 97
7147 97
7148 97
7149 97
7150 97
7151 97
7152 97
7153 97
7154 97
7155 97
7156 97
7157 97
7158 97
7159 97
7160 97
7161 97
7162 97
7163 97
7164 97
7165 97
7166 97
7167 97
7168 97
7169 97
7170 97
7171 97
7172 97
7173 97
7174 97
7175 97
7176 97
7177 97
7178 97
7179 97
7180 97
7181 97
7182 97
7183 97
7184 97
7185 97
7186 97
7187 97
7188 97
7189 97
7190 97
7191 97
7192 97
7193 97
7194 97
7195 97
7196 97
7197 97
7198 97
7199 97
7200 97
7201 97
7202 97
7203 97
7204 97
7205 97
7206 97
7207 97
7208 97
7209 97
7210 97
7211 97
7212 97
7213 97
7214 97
7215 97
7216 97
7217 97
7218 97
7219 97
7220 97
7221 97
7222 97
7223 97
7224 97
7225 97
7226 97
7227 97
7228 97
7229 97
7230 97
7231 97
7232 97
7233 97
7234 97
7235 97
7236 97
7237 97
7238 97
7239 97
7240 97
7241 97
7242 97
7243 97
7244 97
7245 97
7246 97
7247 97
7248 97
7249 97
7250 97
7251 97
7252 97
7253 97
7254 97
7255 97
7256 97
7257 97
7258 97
7259 97
7260 97
7261 97
7262 97
7263 97
7264 97
7265 97
7266 97
7267 97
7268 97
7269 97
7270 97
7271 97
7272 97
7273 97
7274 97
7275 97
7276 97
7277 97
7278 97
7279 97
7280 97
7281 97
7282 97
7283 97
7284 97
7285 97
7286 97
7287 97
7288 97
7289 97
7290 97
7291 97
7292 97
7293 97
7294 97
7295 98
7296 98
7297 98
7298 98
7299 98
7300 98
7301 98
7302 98
7303 98
7304 98
7305 98
7306 98
7307 98
7308 98
7309 98
7310 98
7311 98
7312 98
7313 98
7314 98
7315 98
7316 98
7317 98
7318 98
7319 98
7320 98
7321 98
7322 98
7323 98
7324 98
7325 98
7326 98
7327 98
7328 98
7329 98
7330 98
7331 98
7332 98
7333 98
7334 98
7335 98
7336 98
7337 98
7338 98
7339 98
7340 98
7341 98
7342 98
7343 98
7344 98
7345 98
7346 98
7347 98
7348 98
7349 98
7350 98
7351 98
7352 98
7353 98
7354 98
7355 98
7356 98
7357 98
7358 98
7359 98
7360 98
7361 98
7362 98
7363 98
7364 98
7365 98
7366 98
7367 98
7368 98
7369 98
7370 99
7371 99
7372 99
7373 99
7374 99
7375 99
7376 99
7377 99
7378 100
7379 100
7380 100
7381 100
7382 100
7383 100
7384 100
7385 101
7386 101
7387 101
7388 101
7389 101
7390 101
7391 101
7392 101
7393 101
7394 101
7395 101
7396 101
7397 101
7398 101
7399 101
7400 101
7401 101
7402 101
7403 101
7404 101
7405 101
7406 101
7407 101
7408 101
7409 101
7410 101
7411 101
7412 101
7413 101
7414 101
7415 101
7416 101
7417 101
7418 101
7419 102
7420 102
7421 102
7422 102
7423 102
7424 102
7425 102
7426 102
7427 102
7428 102
7429 102
7430 102
7431 102
7432 102
7433 102
7434 102
7435 102
7436 102
7437 102
7438 102
7439 102
7440 102
7441 102
7442 102
7443 102
7444 102
7445 102
7446 102
7447 102
7448 102
7449 102
7450 102
7451 102
7452 102
7453 103
7454 103
7455 103
7456 103
7457 103
7458 103
7459 103
7460 103
7461 103
7462 103
7463 103
7464 103
7465 103
7466 103
7467 103
7468 103
7469 103
7470 103
7471 103
7472 103
7473 103
7474 103
7475 103
7476 103
7477 103
7478 103
7479 103
7480 103
7481 103
7482 103
7483 103
7484 103
7485 103
7486 103
7487 103
7488 103
7489 103
7490 103
7491 103
7492 103
7493 103
7494 103
7495 103
7496 103
7497 103
7498 103
7499 103
7500 103
7501 103
7502 103
7503 103
7504 103
7505 103
7506 103
7507 103
7508 103
7509 103
7510 103
7511 103
7512 103
7513 103
7514 103
7515 103
7516 103
7517 103
7518 103
7519 103
7520 103
7521 103
7522 103
7523 103
7524 103
7525 103
7526 103
7527 103
7528 103
7529 103
7530 103
7531 103
7532 103
7533 103
7534 103
7535 103
7536 103
7537 103
7538 103
7539 103
7540 103
7541 103
7542 103
7543 103
7544 103
7545 103
7546 103
7547 103
7548 103
7549 103
7550 103
7551 103
7552 103
7553 103
7554 103
7555 103
7556 103
7557 103
7558 103
7559 103
7560 103
7561 103
7562 103
7563 103
7564 103
7565 103
7566 103
7567 103
7568 103
7569 103
7570 103
7571 103
7572 103
7573 103
7574 103
7575 103
7576 103
7577 103
7578 103
7579 103
7580 103
7581 103
7582 103
7583 103
7584 103
7585 103
7586 104
7587 104
7588 104
7589 104
7590 104
7591 104
7592 104
7593 104
7594 104
7595 104
7596 104
7597 104
7598 104
7599 104
7600 104
7601 104
7602 104
7603 104
7604 104
7605 104
7606 104
7607 104
7608 104
7609 104
7610 104
7611 104
7612 104
7613 104
7614 104
7615 104
7616 104
7617 104
7618 104
7619 104
7620 104
7621 104
7622 104
7623 104
7624 104
7625 104
7626 104
7627 104
7628 104
7629 104
7630 104
7631 104
7632 104
7633 104
7634 104
7635 104
7636 104
7637 104
7638 104
7639 104
7640 104
7641 104
7642 104
7643 105
7644 105
7645 105
7646 105
7647 105
7648 105
7649 105
7650 105
7651 105
7652 105
7653 105
7654 105
7655 105
7656 105
7657 105
7658 105
7659 105
7660 105
7661 105
7662 105
7663 105
7664 105
7665 105
7666 105
7667 105
7668 105
7669 105
7670 105
7671 105
7672 105
7673 105
7674 105
7675 105
7676 105
7677 105
7678 105
7679 105
7680 105
7681 105
7682 105
7683 105
7684 105
7685 105
7686 105
7687 105
7688 105
7689 105
7690 105
7691 105
7692 105
7693 105
7694 105
7695 105
7696 105
7697 105
7698 105
7699 105
7700 105
7701 105
7702 105
7703 105
7704 105
7705 105
7706 105
7707 105
7708 105
7709 105
7710 105
7711 105
7712 105
7713 105
7714 105
7715 105
7716 105
7717 108
7718 108
7719 108
7720 108
7721 108
7722 108
7723 108
7724 108
7725 108
7726 108
7727 108
7728 108
7729 108
7730 108
7731 108
7732 108
7733 108
7734 108
7735 108
7736 108
7737 108
7738 108
7739 108
7740 108
7741 108
7742 108
7743 108
7744 108
7745 108
7746 108
7747 108
7748 108
7749 108
7750 108
7751 108
7752 108
7753 108
7754 108
7755 108
7756 108
7757 108
7758 108
7759 108
7760 108
7761 108
7762 108
7763 108
7764 108
7765 108
7766 108
7767 108
7768 108
7769 108
7770 108
7771 108
7772 108
7773 108
7774 108
7775 108
7776 108
7777 108
7778 108
7779 108
7780 108
7781 108
7782 108
7783 108
7784 108
7785 108
7786 108
7787 108
7788 108
7789 108
7790 108
7791 108
7792 108
7793 108
7794 108
7795 108
7796 108
7797 108
7798 108
7799 108
7800 108
7801 108
7802 108
7803 108
7804 108
7805 108
7806 108
7807 108
7808 108
7809 108
7810 108
7811 108
7812 108
7813 108
7814 108
7815 108
7816 108
7817 108
7818 108
7819 108
7820 108
7821 108
7822 108
7823 108
7824 108
7825 108
7826 108
7827 108
7828 108
7829 108
7830 108
7831 108
7832 108
7833 108
7834 108
7835 108
7836 108
7837 108
7838 108
7839 108
7840 108
7841 108
7842 108
7843 108
7844 108
7845 108
7846 108
7847 108
7848 108
7849 108
7850 108
7851 108
7852 108
7853 108
7854 108
7855 108
7856 108
7857 108
7858 108
7859 108
7860 108
7861 108
7862 108
7863 108
7864 108
7865 108
7866 108
7867 108
7868 108
7869 108
7870 108
7871 108
7872 108
7873 108
7874 108
7875 108
7876 108
7877 108
7878 108
7879 108
7880 108
7881 108
7882 108
7883 108
7884 108
7885 108
7886 108
7887 108
7888 108
7889 108
7890 108
7891 108
7892 108
7893 108
7894 108
7895 108
7896 108
7897 108
7898 108
7899 108
7900 108
7901 108
7902 108
7903 108
7904 108
7905 108
7906 108
7907 108
7908 108
7909 108
7910 108
7911 108
7912 108
7913 108
7914 108
7915 108
7916 108
7917 108
7918 108
7919 108
7920 108
7921 108
7922 108
7923 108
7924 108
7925 108
7926 108
7927 108
7928 108
7929 108
7930 108
7931 108
7932 108
7933 108
7934 108
7935 108
7936 108
7937 108
7938 108
7939 108
7940 108
7941 108
7942 108
7943 108
7944 108
7945 108
7946 108
7947 108
7948 108
7949 108
7950 108
7951 108
7952 109
7953 109
7954 109
7955 109
7956 109
7957 109
7958 109
7959 109
7960 109
7961 109
7962 109
7963 109
7964 109
7965 109
7966 109
7967 109
7968 109
7969 109
7970 109
7971 109
7972 109
7973 109
7974 109
7975 109
7976 109
7977 109
7978 109
7979 109
7980 109
7981 109
7982 109
7983 109
7984 109
7985 109
7986 109
7987 109
7988 109
7989 109
7990 109
7991 109
7992 109
7993 109
7994 109
7995 109
7996 109
7997 109
7998 109
7999 109
8000 109
8001 109
8002 109
8003 109
8004 109
8005 109
8006 109
8007 109
8008 109
8009 109
8010 109
8011 109
8012 109
8013 109
8014 109
8015 109
8016 109
8017 109
8018 109
8019 109
8020 109
8021 109
8022 109
8023 109
8024 109
8025 109
8026 109
8027 109
8028 109
8029 109
8030 109
8031 109
8032 109
8033 109
8034 109
8035 109
8036 109
8037 109
8038 109
8039 109
8040 109
8041 109
8042 109
8043 109
8044 109
8045 109
8046 109
8047 109
8048 109
8049 109
8050 109
8051 109
8052 109
8053 109
8054 109
8055 109
8056 109
8057 109
8058 109
8059 109
8060 109
8061 109
8062 109
8063 109
8064 109
8065 109
8066 109
8067 109
8068 109
8069 109
8070 109
8071 109
8072 109
8073 109
8074 109
8075 109
8076 109
8077 109
8078 109
8079 109
8080 109
8081 109
8082 109
8083 109
8084 109
8085 109
8086 109
8087 109
8088 109
8089 109
8090 109
8091 109
8092 109
8093 109
8094 109
8095 109
8096 109
8097 109
8098 109
8099 109
8100 109
8101 109
8102 109
8103 109
8104 109
8105 109
8106 109
8107 109
8108 109
8109 109
8110 109
8111 109
8112 109
8113 109
8114 109
8115 109
8116 109
8117 109
8118 109
8119 109
8120 109
8121 109
8122 109
8123 109
8124 109
8125 109
8126 109
8127 109
8128 109
8129 109
8130 109
8131 109
8132 109
8133 109
8134 109
8135 109
8136 109
8137 110
8138 110
8139 110
8140 110
8141 110
8142 110
8143 110
8144 110
8145 110
8146 110
8147 110
8148 110
8149 110
8150 110
8151 110
8152 110
8153 110
8154 110
8155 110
8156 110
8157 110
8158 110
8159 110
8160 110
8161 110
8162 110
8163 110
8164 110
8165 110
8166 110
8167 110
8168 110
8169 110
8170 110
8171 110
8172 110
8173 110
8174 110
8175 110
8176 110
8177 110
8178 110
8179 110
8180 110
8181 110
8182 110
8183 110
8184 110
8185 110
8186 110
8187 110
8188 110
8189 110
8190 110
8191 110
8192 110
8193 110
8194 110
8195 110
8196 110
8197 110
8198 110
8199 110
8200 110
8201 110
8202 110
8203 110
8204 110
8205 110
8206 110
8207 110
8208 110
8209 110
8210 110
8211 110
8212 110
8213 110
8214 110
8215 110
8216 110
8217 110
8218 110
8219 110
8220 110
8221 110
8222 110
8223 110
8224 110
8225 110
8226 110
8227 110
8228 110
8229 110
8230 110
8231 110
8232 110
8233 110
8234 110
8235 110
8236 110
8237 110
8238 110
8239 110
8240 110
8241 110
8242 110
8243 110
8244 110
8245 110
8246 110
8247 110
8248 110
8249 110
8250 110
8251 110
8252 110
8253 110
8254 110
8255 110
8256 110
8257 110
8258 110
8259 110
8260 110
8261 111
8262 111
8263 111
8264 111
8265 111
8266 111
8267 111
8268 111
8269 111
8270 111
8271 111
8272 111
8273 111
8274 111
8275 111
8276 111
8277 111
8278 111
8279 111
8280 111
8281 111
8282 111
8283 111
8284 111
8285 111
8286 111
8287 111
8288 111
8289 111
8290 111
8291 111
8292 111
8293 111
8294 111
8295 111
8296 111
8297 111
8298 111
8299 111
8300 111
8301 111
8302 111
8303 111
8304 111
8305 111
8306 111
8307 111
8308 111
8309 111
8310 111
8311 111
8312 111
8313 111
8314 111
8315 111
8316 111
8317 111
8318 111
8319 111
8320 111
8321 111
8322 111
8323 111
8324 116
8325 116
8326 116
8327 116
8328 116
8329 116
8330 116
8331 116
8332 116
8333 116
8334 116
8335 116
8336 116
8337 116
8338 116
8339 116
8340 116
8341 116
8342 116
8343 116
8344 116
8345 116
8346 116
8347 116
8348 116
8349 116
8350 116
8351 116
8352 116
8353 116
8354 116
8355 116
8356 116
8357 116
8358 116
8359 116
8360 116
8361 116
8362 116
8363 116
8364 116
8365 116
8366 116
8367 116
8368 116
8369 116
8370 116
8371 116
8372 116
8373 116
8374 116
8375 116
8376 116
8377 116
8378 116
8379 116
8380 116
8381 116
8382 116
8383 116
8384 116
8385 116
8386 116
8387 116
8388 116
8389 116
8390 116
8391 116
8392 116
8393 116
8394 116
8395 116
8396 116
8397 116
8398 116
8399 116
8400 116
8401 116
8402 116
8403 116
8404 116
8405 116
8406 116
8407 116
8408 116
8409 116
8410 116
8411 116
8412 116
8413 116
8414 116
8415 116
8416 116
8417 116
8418 116
8419 116
8420 116
8421 116
8422 116
8423 116
8424 116
8425 116
8426 116
8427 116
8428 116
8429 116
8430 116
8431 116
8432 116
8433 116
8434 116
8435 116
8436 116
8437 116
8438 116
8439 116
8440 116
8441 116
8442 116
8443 116
8444 116
8445 116
8446 116
8447 116
8448 117
8449 117
8450 117
8451 117
8452 117
8453 117
8454 117
8455 117
8456 117
8457 117
8458 117
8459 117
8460 117
8461 117
8462 117
8463 117
8464 117
8465 117
8466 117
8467 117
8468 117
8469 117
8470 117
8471 117
8472 117
8473 117
8474 117
8475 117
8476 117
8477 117
8478 117
8479 117
8480 117
8481 117
8482 117
8483 117
8484 117
8485 117
8486 117
8487 117
8488 117
8489 117
8490 117
8491 117
8492 117
8493 117
8494 117
8495 117
8496 117
8497 117
8498 117
8499 117
8500 117
8501 117
8502 117
8503 117
8504 117
8505 117
8506 117
8507 117
8508 117
8509 117
8510 117
8511 117
8512 117
8513 117
8514 117
8515 117
8516 117
8517 118
8518 118
8519 118
8520 118
8521 118
8522 118
8523 118
8524 118
8525 118
8526 118
8527 118
8528 118
8529 118
8530 119
8531 119
8532 119
8533 119
8534 119
8535 119
8536 119
8537 119
8538 119
8539 119
8540 119
8541 119
8542 119
8543 119
8544 119
8545 119
8546 119
8547 119
8548 119
8549 119
8550 119
8551 119
8552 119
8553 119
8554 119
8555 119
8556 119
8557 119
8558 119
8559 119
8560 119
8561 119
8562 119
8563 119
8564 119
8565 119
8566 119
8567 119
8568 119
8569 119
8570 119
8571 119
8572 119
8573 119
8574 119
8575 119
8576 119
8577 119
8578 119
8579 119
8580 119
8581 119
8582 119
8583 119
8584 119
8585 119
8586 119
8587 119
8588 119
8589 119
8590 119
8591 119
8592 119
8593 119
8594 119
8595 119
8596 119
8597 119
8598 119
8599 119
8600 119
8601 119
8602 119
8603 119
8604 119
8605 119
8606 119
8607 119
8608 119
8609 119
8610 119
8611 119
8612 119
8613 119
8614 119
8615 119
8616 119
8617 119
8618 119
8619 119
8620 119
8621 119
8622 119
8623 119
8624 119
8625 119
8626 119
8627 119
8628 119
8629 119
8630 119
8631 119
8632 119
8633 119
8634 119
8635 119
8636 119
8637 119
8638 119
8639 119
8640 119
8641 119
8642 119
8643 119
8644 119
8645 119
8646 119
8647 119
8648 119
8649 119
8650 119
8651 119
8652 119
8653 119
8654 119
8655 119
8656 119
8657 119
8658 119
8659 119
8660 119
8661 119
8662 119
8663 119
8664 119
8665 120
8666 120
8667 120
8668 120
8669 120
8670 120
8671 120
8672 120
8673 120
8674 120
8675 120
8676 120
8677 120
8678 120
8679 120
8680 120
8681 120
8682 120
8683 120
8684 120
8685 120
8686 120
8687 120
8688 120
8689 120
8690 120
8691 120
8692 120
8693 120
8694 120
8695 120
8696 120
8697 120
8698 120
8699 120
8700 122
8701 122
8702 122
8703 122
8704 122
8705 122
8706 122
8707 122
8708 122
8709 122
8710 122
8711 122
8712 122
8713 122
8714 122
8715 122
8716 122
8717 122
8718 122
8719 122
8720 122
8721 122
8722 122
8723 122
8724 124
8725 124
8726 124
8727 124
8728 124
8729 124
8730 124
8731 124
8732 124
8733 124
8734 124
8735 124
8736 124
8737 124
8738 124
8739 124
8740 124
8741 124
8742 124
8743 124
8744 124
8745 124
8746 124
8747 124
8748 124
8749 124
8750 124
8751 124
8752 124
8753 124
8754 124
8755 124
8756 124
8757 124
8758 124
8759 124
8760 124
8761 124
8762 124
8763 124
8764 124
8765 124
8766 124
8767 124
8768 124
8769 124
8770 124
8771 124
8772 124
8773 124
8774 124
8775 124
8776 124
8777 124
8778 124
8779 124
8780 124
8781 124
8782 124
8783 124
8784 124
8785 124
8786 124
8787 124
8788 124
8789 124
8790 124
8791 124
8792 124
8793 124
8794 124
8795 124
8796 124
8797 124
8798 124
8799 124
8800 124
8801 124
8802 124
8803 124
8804 124
8805 124
8806 124
8807 124
8808 124
8809 124
8810 124
8811 124
8812 124
8813 124
8814 124
8815 124
8816 124
8817 124
8818 124
8819 124
8820 124
8821 124
8822 124
8823 124
8824 124
8825 124
8826 124
8827 124
8828 124
8829 124
8830 124
8831 124
8832 124
8833 124
8834 124
8835 124
8836 124
8837 124
8838 124
8839 124
8840 124
8841 124
8842 124
8843 124
8844 124
8845 124
8846 124
8847 124
8848 124
8849 124
8850 124
8851 124
8852 124
8853 124
8854 124
8855 124
8856 124
8857 124
8858 124
8859 124
8860 124
8861 124
8862 124
8863 124
8864 124
8865 124
8866 124
8867 124
8868 124
8869 124
8870 124
8871 124
8872 124
8873 124
8874 124
8875 124
8876 124
8877 124
8878 124
8879 124
8880 124
8881 124
8882 124
8883 124
8884 124
8885 124
8886 124
8887 124
8888 124
8889 124
8890 124
8891 124
8892 124
8893 124
8894 124
8895 124
8896 124
8897 124
8898 124
8899 124
8900 124
8901 124
8902 124
8903 124
8904 124
8905 124
8906 124
8907 124
8908 124
8909 124
8910 124
8911 124
8912 124
8913 124
8914 124
8915 124
8916 124
8917 124
8918 124
8919 124
8920 124
8921 124
8922 124
8923 124
8924 124
8925 124
8926 124
8927 124
8928 124
8929 124
8930 124
8931 124
8932 124
8933 124
8934 124
8935 124
8936 124
8937 124
8938 124
8939 124
8940 124
8941 124
8942 124
8943 124
8944 124
8945 124
8946 124
8947 124
8948 124
8949 124
8950 124
8951 124
8952 124
8953 124
8954 124
8955 124
8956 124
8957 124
8958 124
8959 124
8960 124
8961 124
8962 124
8963 124
8964 124
8965 124
8966 124
8967 124
8968 124
8969 124
8970 124
8971 124
8972 124
8973 124
8974 124
8975 124
8976 124
8977 124
8978 124
8979 124
8980 124
8981 124
8982 124
8983 124
8984 124
8985 124
8986 124
8987 124
8988 124
8989 124
8990 124
8991 124
8992 124
8993 124
8994 124
8995 124
8996 124
8997 124
8998 124
8999 124
9000 124
9001 124
9002 124
9003 124
9004 124
9005 124
9006 124
9007 124
9008 124
9009 124
9010 124
9011 124
9012 124
9013 124
9014 124
9015 124
9016 124
9017 124
9018 124
9019 124
9020 124
9021 124
9022 124
9023 124
9024 124
9025 124
9026 124
9027 124
9028 124
9029 124
9030 124
9031 124
9032 124
9033 124
9034 124
9035 124
9036 124
9037 124
9038 124
9039 124
9040 124
9041 124
9042 124
9043 124
9044 124
9045 124
9046 124
9047 124
9048 124
9049 124
9050 124
9051 124
9052 124
9053 124
9054 124
9055 124
9056 124
9057 124
9058 124
9059 124
9060 124
9061 124
9062 124
9063 124
9064 124
9065 124
9066 124
9067 124
9068 124
9069 124
9070 124
9071 124
9072 124
9073 124
9074 124
9075 124
9076 124
9077 124
9078 124
9079 124
9080 124
9081 124
9082 124
9083 124
9084 124
9085 124
9086 124
9087 124
9088 124
9089 124
9090 124
9091 124
9092 124
9093 124
9094 124
9095 124
9096 127
9097 127
9098 127
9099 127
9100 127
9101 127
9102 127
9103 127
9104 127
9105 127
9106 127
9107 127
9108 127
9109 127
9110 127
9111 127
9112 127
9113 127
9114 127
9115 127
9116 127
9117 127
9118 127
9119 127
9120 127
9121 127
9122 127
9123 127
9124 127
9125 127
9126 127
9127 127
9128 127
9129 127
9130 127
9131 130
9132 130
9133 130
9134 130
9135 130
9136 130
9137 130
9138 130
9139 130
9140 130
9141 130
9142 130
9143 130
9144 130
9145 130
9146 130
9147 130
9148 130
9149 130
9150 130
9151 130
9152 130
9153 130
9154 130
9155 130
9156 130
9157 130
9158 130
9159 130
9160 130
9161 130
9162 133
9163 133
9164 133
9165 133
9166 133
9167 133
9168 133
9169 133
9170 133
9171 133
9172 133
9173 133
9174 133
9175 133
9176 133
9177 133
9178 133
9179 133
9180 133
9181 133
9182 133
9183 133
9184 133
9185 133
9186 133
9187 133
9188 133
9189 133
9190 133
9191 133
9192 133
9193 133
9194 133
9195 133
9196 133
9197 133
9198 133
9199 133
9200 133
9201 133
9202 133
9203 133
9204 133
9205 133
9206 133
9207 133
9208 133
9209 133
9210 133
9211 133
9212 133
9213 133
9214 133
9215 133
9216 133
9217 133
9218 133
9219 133
9220 133
9221 133
9222 133
9223 133
9224 133
9225 133
9226 133
9227 133
9228 133
9229 133
9230 133
9231 133
9232 133
9233 133
9234 133
9235 133
9236 133
9237 133
9238 133
9239 133
9240 133
9241 133
9242 133
9243 133
9244 133
9245 133
9246 133
9247 133
9248 133
9249 133
9250 133
9251 133
9252 133
9253 133
9254 133
9255 133
9256 133
9257 133
9258 133
9259 133
9260 133
9261 133
9262 133
9263 133
9264 133
9265 133
9266 133
9267 133
9268 133
9269 133
9270 133
9271 133
9272 133
9273 133
9274 133
9275 133
9276 133
9277 133
9278 133
9279 133
9280 133
9281 133
9282 133
9283 133
9284 133
9285 133
9286 133
9287 133
9288 133
9289 133
9290 133
9291 133
9292 133
9293 133
9294 133
9295 133
9296 133
9297 133
9298 133
9299 133
9300 133
9301 133
9302 133
9303 133
9304 133
9305 133
9306 133
9307 133
9308 133
9309 133
9310 133
9311 133
9312 133
9313 133
9314 133
9315 133
9316 133
9317 133
9318 133
9319 133
9320 133
9321 133
9322 133
9323 133
9324 133
9325 133
9326 133
9327 133
9328 133
9329 133
9330 133
9331 133
9332 133
9333 133
9334 133
9335 133
9336 133
9337 133
9338 133
9339 133
9340 134
9341 134
9342 134
9343 134
9344 134
9345 134
9346 134
9347 134
9348 134
9349 134
9350 134
9351 136
9352 136
9353 136
9354 136
9355 136
9356 136
9357 136
9358 136
9359 136
9360 136
9361 136
9362 136
9363 137
9364 137
9365 137
9366 137
9367 137
9368 137
9369 137
9370 137
9371 137
9372 137
9373 137
9374 137
9375 137
9376 137
9377 137
9378 137
9379 137
9380 137
9381 137
9382 137
9383 137
9384 137
9385 137
9386 137
9387 137
9388 137
9389 137
9390 137
9391 137
9392 137
9393 137
9394 137
9395 137
9396 137
9397 137
9398 137
9399 137
9400 137
9401 137
9402 137
9403 137
9404 137
9405 137
9406 137
9407 137
9408 137
9409 137
9410 137
9411 137
9412 137
9413 137
9414 137
9415 137
9416 137
9417 137
9418 137
9419 137
9420 137
9421 138
9422 138
9423 138
9424 138
9425 138
9426 138
9427 138
9428 138
9429 138
9430 138
9431 138
9432 138
9433 138
9434 138
9435 138
9436 138
9437 138
9438 138
9439 138
9440 138
9441 138
9442 138
9443 138
9444 138
9445 138
9446 138
9447 138
9448 138
9449 138
9450 138
9451 138
9452 138
9453 138
9454 138
9455 138
9456 138
9457 138
9458 138
9459 138
9460 138
9461 138
9462 138
9463 138
9464 138
9465 138
9466 138
9467 138
9468 138
9469 138
9470 138
9471 138
9472 138
9473 138
9474 138
9475 138
9476 138
9477 138
9478 138
9479 138
9480 138
9481 138
9482 138
9483 138
9484 138
9485 138
9486 138
9487 138
9488 138
9489 138
9490 138
9491 138
9492 138
9493 138
9494 138
9495 138
9496 138
9497 138
9498 138
9499 138
9500 138
9501 138
9502 138
9503 138
9504 138
9505 138
9506 138
9507 138
9508 138
9509 138
9510 138
9511 138
9512 138
9513 138
9514 138
9515 138
9516 138
9517 138
9518 138
9519 138
9520 138
9521 138
9522 138
9523 138
9524 138
9525 138
9526 138
9527 138
9528 138
9529 138
9530 138
9531 138
9532 138
9533 138
9534 138
9535 138
9536 138
9537 138
9538 138
9539 138
9540 138
9541 138
9542 138
9543 138
9544 138
9545 138
9546 138
9547 138
9548 138
9549 138
9550 138
9551 138
9552 138
9553 138
9554 138
9555 138
9556 138
9557 138
9558 138
9559 138
9560 138
9561 138
9562 138
9563 138
9564 138
9565 138
9566 138
9567 138
9568 138
9569 138
9570 138
9571 138
9572 138
9573 138
9574 138
9575 139
9576 139
9577 139
9578 139
9579 139
9580 139
9581 139
9582 139
9583 139
9584 139
9585 139
9586 139
9587 139
9588 139
9589 139
9590 139
9591 139
9592 139
9593 139
9594 139
9595 139
9596 139
9597 139
9598 139
9599 139
9600 139
9601 139
9602 139
9603 139
9604 139
9605 139
9606 139
9607 139
9608 139
9609 139
9610 139
9611 139
9612 139
9613 139
9614 139
9615 139
9616 139
9617 139
9618 139
9619 139
9620 139
9621 139
9622 139
9623 139
9624 139
9625 139
9626 139
9627 139
9628 139
9629 139
9630 139
9631 139
9632 139
9633 139
9634 139
9635 139
9636 139
9637 139
9638 139
9639 139
9640 139
9641 139
9642 139
9643 139
9644 139
9645 139
9646 139
9647 139
9648 139
9649 139
9650 139
9651 139
9652 139
9653 139
9654 139
9655 139
9656 139
9657 139
9658 139
9659 139
9660 139
9661 139
9662 139
9663 139
9664 139
9665 139
9666 139
9667 139
9668 139
9669 139
9670 139
9671 139
9672 139
9673 139
9674 139
9675 139
9676 139
9677 139
9678 139
9679 139
9680 139
9681 139
9682 139
9683 139
9684 139
9685 139
9686 139
9687 139
9688 139
9689 139
9690 139
9691 139
9692 139
9693 139
9694 139
9695 139
9696 139
9697 139
9698 139
9699 139
9700 139
9701 139
9702 139
9703 139
9704 139
9705 139
9706 139
9707 139
9708 139
9709 139
9710 139
9711 139
9712 139
9713 139
9714 139
9715 139
9716 139
9717 139
9718 139
9719 139
9720 139
9721 139
9722 139
9723 139
9724 139
9725 139
9726 139
9727 139
9728 139
9729 139
9730 139
9731 139
9732 139
9733 139
9734 139
9735 139
9736 139
9737 139
9738 139
9739 139
9740 139
9741 139
9742 139
9743 139
9744 139
9745 139
9746 139
9747 139
9748 139
9749 139
9750 139
9751 139
9752 139
9753 139
9754 139
9755 139
9756 139
9757 139
9758 139
9759 139
9760 139
9761 139
9762 139
9763 139
9764 139
9765 139
9766 139
9767 139
9768 139
9769 139
9770 139
9771 139
9772 140
9773 140
9774 140
9775 140
9776 140
9777 140
9778 140
9779 140
9780 140
9781 140
9782 140
9783 140
9784 140
9785 140
9786 140
9787 140
9788 140
9789 140
9790 140
9791 140
9792 140
9793 140
9794 140
9795 140
9796 140
9797 140
9798 140
9799 140
9800 140
9801 140
9802 140
9803 140
9804 140
9805 140
9806 140
9807 140
9808 140
9809 140
9810 140
9811 140
9812 140
9813 140
9814 140
9815 140
9816 140
9817 140
9818 140
9819 140
9820 140
9821 140
9822 140
9823 140
9824 140
9825 140
9826 140
9827 140
9828 140
9829 140
9830 140
9831 140
9832 140
9833 140
9834 140
9835 140
9836 140
9837 140
9838 140
9839 140
9840 140
9841 140
9842 140
9843 140
9844 140
9845 140
9846 140
9847 140
9848 140
9849 140
9850 140
9851 140
9852 140
9853 140
9854 140
9855 140
9856 140
9857 140
9858 141
9859 141
9860 141
9861 141
9862 141
9863 141
9864 141
9865 141
9866 141
9867 141
9868 141
9869 141
9870 141
9871 141
9872 141
9873 141
9874 141
9875 141
9876 141
9877 141
9878 141
9879 141
9880 141
9881 141
9882 141
9883 141
9884 141
9885 141
9886 141
9887 141
9888 141
9889 141
9890 141
9891 141
9892 141
9893 141
9894 141
9895 141
9896 141
9897 141
9898 141
9899 141
9900 141
9901 141
9902 141
9903 141
9904 141
9905 141
9906 141
9907 141
9908 141
9909 141
9910 141
9911 141
9912 141
9913 141
9914 141
9915 141
9916 141
9917 141
9918 141
9919 141
9920 141
9921 141
9922 141
9923 141
9924 141
9925 141
9926 141
9927 141
9928 141
9929 141
9930 141
9931 141
9932 141
9933 141
9934 141
9935 141
9936 141
9937 141
9938 141
9939 141
9940 141
9941 141
9942 141
9943 141
9944 141
9945 141
9946 141
9947 141
9948 141
9949 141
9950 141
9951 141
9952 141
9953 141
9954 141
9955 141
9956 141
9957 141
9958 141
9959 141
9960 141
9961 141
9962 141
9963 141
9964 141
9965 141
9966 141
9967 141
9968 141
9969 141
9970 141
9971 141
9972 141
9973 141
9974 141
9975 141
9976 141
9977 141
9978 141
9979 141
9980 141
9981 141
9982 141
9983 141
9984 141
9985 141
9986 141
9987 141
9988 141
9989 141
9990 141
9991 141
9992 141
9993 141
9994 141
9995 141
9996 141
9997 141
9998 141
9999 141
10000 141
10001 141
10002 141
10003 141
10004 141
10005 141
10006 141
10007 141
10008 141
10009 141
10010 141
10011 141
10012 141
10013 141
10014 141
10015 141
10016 141
10017 141
10018 141
10019 141
10020 141
10021 141
10022 141
10023 141
10024 141
10025 141
10026 141
10027 141
10028 141
10029 141
10030 141
10031 141
10032 141
10033 141
10034 141
10035 141
10036 141
10037 141
10038 141
10039 141
10040 141
10041 141
10042 141
10043 141
10044 141
10045 141
10046 141
10047 141
10048 141
10049 141
10050 141
10051 141
10052 141
10053 141
10054 141
10055 141
10056 141
10057 141
10058 141
10059 141
10060 141
10061 141
10062 141
10063 141
10064 141
10065 141
10066 141
10067 141
10068 141
10069 141
10070 141
10071 141
10072 141
10073 141
10074 141
10075 141
10076 141
10077 141
10078 141
10079 141
10080 141
10081 141
10082 141
10083 141
10084 141
10085 141
10086 141
10087 141
10088 141
10089 141
10090 141
10091 141
10092 141
10093 141
10094 141
10095 141
10096 141
10097 141
10098 141
10099 141
10100 141
10101 141
10102 141
10103 141
10104 141
10105 141
10106 141
10107 141
10108 142
10109 142
10110 142
10111 142
10112 142
10113 142
10114 142
10115 142
10116 142
10117 142
10118 142
10119 142
10120 142
10121 142
10122 142
10123 142
10124 142
10125 142
10126 142
10127 142
10128 142
10129 142
10130 142
10131 142
10132 142
10133 142
10134 142
10135 142
10136 142
10137 142
10138 142
10139 142
10140 142
10141 142
10142 142
10143 142
10144 142
10145 142
10146 142
10147 142
10148 142
10149 142
10150 142
10151 142
10152 142
10153 142
10154 142
10155 142
10156 142
10157 142
10158 142
10159 142
10160 142
10161 142
10162 142
10163 142
10164 142
10165 142
10166 142
10167 142
10168 142
10169 142
10170 142
10171 142
10172 142
10173 142
10174 142
10175 142
10176 142
10177 142
10178 142
10179 142
10180 142
10181 142
10182 142
10183 142
10184 142
10185 142
10186 142
10187 142
10188 142
10189 142
10190 142
10191 142
10192 142
10193 142
10194 142
10195 142
10196 142
10197 142
10198 142
10199 142
10200 142
10201 142
10202 142
10203 142
10204 142
10205 142
10206 142
10207 142
10208 142
10209 142
10210 142
10211 142
10212 142
10213 142
10214 142
10215 142
10216 142
10217 142
10218 142
10219 142
10220 142
10221 142
10222 142
10223 142
10224 142
10225 142
10226 142
10227 142
10228 142
10229 142
10230 142
10231 142
10232 142
10233 142
10234 142
10235 142
10236 142
10237 142
10238 142
10239 142
10240 142
10241 142
10242 142
10243 142
10244 142
10245 142
10246 142
10247 142
10248 142
10249 142
10250 142
10251 142
10252 142
10253 142
10254 142
10255 142
10256 142
10257 142
10258 142
10259 142
10260 142
10261 142
10262 142
10263 142
10264 142
10265 142
10266 142
10267 142
10268 142
10269 142
10270 142
10271 142
10272 142
10273 142
10274 142
10275 142
10276 142
10277 142
10278 142
10279 142
10280 142
10281 142
10282 142
10283 142
10284 142
10285 142
10286 142
10287 142
10288 142
10289 142
10290 142
10291 142
10292 142
10293 142
10294 142
10295 142
10296 142
10297 143
10298 143
10299 143
10300 143
10301 143
10302 143
10303 143
10304 143
10305 143
10306 143
10307 143
10308 143
10309 143
10310 143
10311 143
10312 143
10313 143
10314 143
10315 143
10316 143
10317 143
10318 143
10319 143
10320 143
10321 143
10322 143
10323 143
10324 143
10325 143
10326 143
10327 143
10328 143
10329 143
10330 143
10331 143
10332 143
10333 143
10334 143
10335 143
10336 143
10337 143
10338 143
10339 143
10340 143
10341 143
10342 143
10343 143
10344 143
10345 143
10346 143
10347 143
10348 143
10349 143
10350 143
10351 143
10352 143
10353 143
10354 143
10355 143
10356 143
10357 143
10358 143
10359 143
10360 143
10361 143
10362 143
10363 143
10364 143
10365 143
10366 143
10367 143
10368 143
10369 143
10370 143
10371 143
10372 143
10373 143
10374 143
10375 143
10376 143
10377 143
10378 143
10379 143
10380 143
10381 143
10382 143
10383 143
10384 143
10385 143
10386 143
10387 143
10388 143
10389 143
10390 143
10391 143
10392 143
10393 143
10394 143
10395 143
10396 143
10397 143
10398 143
10399 143
10400 143
10401 143
10402 143
10403 143
10404 143
10405 143
10406 143
10407 143
10408 143
10409 143
10410 143
10411 143
10412 143
10413 143
10414 143
10415 143
10416 143
10417 143
10418 143
10419 143
10420 143
10421 143
10422 143
10423 143
10424 143
10425 143
10426 143
10427 143
10428 143
10429 143
10430 143
10431 143
10432 143
10433 143
10434 143
10435 143
10436 143
10437 143
10438 143
10439 143
10440 143
10441 143
10442 143
10443 143
10444 143
10445 143
10446 143
10447 143
10448 143
10449 143
10450 143
10451 143
10452 143
10453 143
10454 143
10455 143
10456 143
10457 143
10458 143
10459 143
10460 143
10461 143
10462 143
10463 143
10464 143
10465 143
10466 143
10467 143
10468 143
10469 143
10470 143
10471 143
10472 143
10473 143
10474 143
10475 143
10476 143
10477 143
10478 143
10479 143
10480 143
10481 143
10482 143
10483 143
10484 143
10485 143
10486 143
10487 143
10488 143
10489 143
10490 143
10491 143
10492 143
10493 143
10494 143
10495 143
10496 143
10497 143
10498 143
10499 143
10500 143
10501 143
10502 143
10503 143
10504 143
10505 143
10506 143
10507 143
10508 143
10509 143
10510 143
10511 143
10512 143
10513 143
10514 143
10515 143
10516 143
10517 143
10518 143
10519 143
10520 143
10521 143
10522 143
10523 143
10524 144
10525 144
10526 144
10527 144
10528 144
10529 144
10530 144
10531 144
10532 144
10533 144
10534 144
10535 144
10536 144
10537 144
10538 144
10539 144
10540 144
10541 144
10542 144
10543 144
10544 144
10545 144
10546 144
10547 144
10548 144
10549 144
10550 144
10551 144
10552 144
10553 144
10554 144
10555 144
10556 144
10557 144
10558 144
10559 144
10560 144
10561 144
10562 144
10563 144
10564 144
10565 144
10566 144
10567 144
10568 144
10569 144
10570 144
10571 144
10572 144
10573 144
10574 144
10575 144
10576 144
10577 144
10578 144
10579 144
10580 144
10581 144
10582 144
10583 144
10584 144
10585 144
10586 144
10587 144
10588 144
10589 144
10590 144
10591 144
10592 144
10593 144
10594 144
10595 144
10596 144
10597 144
10598 144
10599 144
10600 144
10601 144
10602 144
10603 144
10604 144
10605 144
10606 144
10607 144
10608 144
10609 144
10610 144
10611 144
10612 144
10613 144
10614 144
10615 144
10616 144
10617 144
10618 144
10619 144
10620 144
10621 144
10622 144
10623 144
10624 144
10625 144
10626 144
10627 144
10628 144
10629 144
10630 144
10631 144
10632 144
10633 144
10634 144
10635 144
10636 144
10637 144
10638 144
10639 144
10640 144
10641 144
10642 144
10643 144
10644 144
10645 144
10646 144
10647 144
10648 144
10649 144
10650 144
10651 144
10652 144
10653 144
10654 144
10655 144
10656 144
10657 144
10658 144
10659 144
10660 144
10661 144
10662 144
10663 144
10664 144
10665 144
10666 144
10667 144
10668 144
10669 144
10670 144
10671 144
10672 144
10673 144
10674 144
10675 144
10676 144
10677 144
10678 144
10679 144
10680 144
10681 144
10682 144
10683 145
10684 145
10685 145
10686 145
10687 145
10688 145
10689 145
10690 145
10691 145
10692 145
10693 145
10694 145
10695 145
10696 145
10697 145
10698 145
10699 145
10700 145
10701 145
10702 145
10703 145
10704 145
10705 145
10706 145
10707 145
10708 145
10709 145
10710 145
10711 145
10712 145
10713 145
10714 145
10715 145
10716 145
10717 145
10718 145
10719 145
10720 145
10721 145
10722 145
10723 145
10724 145
10725 145
10726 145
10727 145
10728 145
10729 145
10730 145
10731 145
10732 145
10733 145
10734 145
10735 145
10736 145
10737 145
10738 145
10739 145
10740 145
10741 145
10742 145
10743 145
10744 145
10745 145
10746 145
10747 145
10748 145
10749 145
10750 145
10751 145
10752 145
10753 145
10754 145
10755 145
10756 145
10757 145
10758 145
10759 145
10760 145
10761 145
10762 145
10763 145
10764 145
10765 145
10766 145
10767 145
10768 145
10769 145
10770 145
10771 145
10772 145
10773 145
10774 145
10775 145
10776 145
10777 145
10778 145
10779 145
10780 145
10781 145
10782 145
10783 145
10784 145
10785 145
10786 145
10787 145
10788 145
10789 145
10790 145
10791 145
10792 145
10793 145
10794 145
10795 145
10796 145
10797 145
10798 145
10799 145
10800 145
10801 145
10802 145
10803 145
10804 145
10805 145
10806 145
10807 145
10808 145
10809 146
10810 146
10811 146
10812 146
10813 146
10814 146
10815 146
10816 146
10817 146
10818 146
10819 146
10820 146
10821 146
10822 146
10823 146
10824 146
10825 146
10826 146
10827 146
10828 146
10829 146
10830 146
10831 146
10832 146
10833 146
10834 146
10835 146
10836 146
10837 146
10838 146
10839 146
10840 146
10841 146
10842 146
10843 146
10844 146
10845 146
10846 146
10847 146
10848 146
10849 146
10850 146
10851 146
10852 146
10853 146
10854 146
10855 146
10856 146
10857 146
10858 146
10859 146
10860 146
10861 146
10862 146
10863 146
10864 146
10865 146
10866 146
10867 146
10868 146
10869 146
10870 146
10871 146
10872 146
10873 146
10874 146
10875 146
10876 146
10877 146
10878 146
10879 146
10880 146
10881 146
10882 146
10883 146
10884 146
10885 146
10886 146
10887 146
10888 146
10889 146
10890 146
10891 146
10892 146
10893 146
10894 146
10895 146
10896 146
10897 146
10898 146
10899 146
10900 146
10901 146
10902 146
10903 146
10904 146
10905 146
10906 146
10907 146
10908 146
10909 146
10910 146
10911 146
10912 146
10913 146
10914 146
10915 146
10916 146
10917 146
10918 146
10919 146
10920 146
10921 146
10922 146
10923 146
10924 146
10925 146
10926 146
10927 146
10928 146
10929 146
10930 146
10931 146
10932 146
10933 146
10934 146
10935 146
10936 146
10937 146
10938 146
10939 146
10940 146
10941 146
10942 146
10943 146
10944 146
10945 146
10946 146
10947 146
10948 146
10949 146
10950 146
10951 146
10952 146
10953 146
10954 146
10955 146
10956 146
10957 146
10958 146
10959 146
10960 146
10961 146
10962 146
10963 146
10964 146
10965 146
10966 146
10967 146
10968 146
10969 146
10970 146
10971 146
10972 146
10973 146
10974 146
10975 146
10976 146
10977 146
10978 146
10979 146
10980 146
10981 146
10982 146
10983 146
10984 146
10985 146
10986 146
10987 146
10988 147
10989 147
10990 147
10991 147
10992 147
10993 147
10994 147
10995 147
10996 147
10997 147
10998 147
10999 154
11000 154
11001 154
11002 154
11003 154
11004 154
11005 154
11006 154
11007 154
11008 154
11009 154
11010 154
11011 154
11012 154
11013 154
11014 154
11015 154
11016 154
11017 154
11018 154
11019 154
11020 154
11021 154
11022 154
11023 154
11024 154
11025 154
11026 154
11027 154
11028 154
11029 154
11030 154
11031 154
11032 154
11033 154
11034 154
11035 154
11036 154
11037 154
11038 154
11039 154
11040 154
11041 154
11042 154
11043 154
11044 154
11045 154
11046 154
11047 154
11048 154
11049 154
11050 154
11051 154
11052 154
11053 154
11054 154
11055 154
11056 154
11057 154
11058 154
11059 154
11060 154
11061 154
11062 154
11063 154
11064 154
11065 154
11066 154
11067 154
11068 154
11069 154
11070 154
11071 154
11072 154
11073 154
11074 154
11075 154
11076 154
11077 154
11078 154
11079 154
11080 154
11081 154
11082 154
11083 154
11084 154
11085 154
11086 154
11087 154
11088 154
11089 154
11090 154
11091 154
11092 154
11093 154
11094 154
11095 154
11096 154
11097 155
11098 155
11099 155
11100 155
11101 155
11102 155
11103 155
11104 155
11105 155
11106 155
11107 155
11108 155
11109 155
11110 155
11111 155
11112 155
11113 155
11114 155
11115 155
11116 155
11117 155
11118 155
11119 155
11120 155
11121 155
11122 155
11123 155
11124 155
11125 155
11126 155
11127 155
11128 155
11129 155
11130 155
11131 155
11132 155
11133 155
11134 155
11135 155
11136 155
11137 155
11138 155
11139 155
11140 155
11141 155
11142 155
11143 155
11144 155
11145 155
11146 155
11147 155
11148 155
11149 155
11150 155
11151 155
11152 155
11153 155
11154 155
11155 155
11156 155
11157 155
11158 155
11159 155
11160 155
11161 155
11162 155
11163 155
11164 155
11165 155
11166 155
11167 155
11168 155
11169 155
11170 155
11171 155
11172 155
11173 155
11174 155
11175 155
11176 155
11177 155
11178 155
11179 155
11180 155
11181 155
11182 155
11183 155
11184 155
11185 155
11186 155
11187 155
11188 155
11189 155
11190 155
11191 155
11192 155
11193 155
11194 155
11195 155
11196 155
11197 155
11198 155
11199 155
11200 155
11201 155
11202 155
11203 155
11204 155
11205 155
11206 155
11207 155
11208 155
11209 155
11210 155
11211 155
11212 155
11213 155
11214 155
11215 155
11216 155
11217 155
11218 155
11219 155
11220 155
11221 155
11222 155
11223 155
11224 155
11225 155
11226 155
11227 155
11228 155
11229 155
11230 155
11231 155
11232 155
11233 155
11234 155
11235 155
11236 155
11237 155
11238 156
11239 156
11240 156
11241 156
11242 156
11243 156
11244 156
11245 156
11246 156
11247 156
11248 156
11249 156
11250 156
11251 156
11252 156
11253 156
11254 156
11255 156
11256 156
11257 156
11258 156
11259 156
11260 156
11261 156
11262 156
11263 156
11264 156
11265 156
11266 156
11267 156
11268 156
11269 156
11270 156
11271 156
11272 156
11273 156
11274 156
11275 156
11276 156
11277 156
11278 156
11279 156
11280 156
11281 156
11282 156
11283 156
11284 156
11285 156
11286 156
11287 156
11288 156
11289 156
11290 156
11291 156
11292 156
11293 156
11294 156
11295 156
11296 156
11297 156
11298 156
11299 156
11300 156
11301 156
11302 156
11303 156
11304 156
11305 156
11306 156
11307 156
11308 156
11309 156
11310 156
11311 156
11312 156
11313 156
11314 156
11315 156
11316 156
11317 156
11318 156
11319 156
11320 156
11321 156
11322 156
11323 156
11324 156
11325 156
11326 156
11327 156
11328 156
11329 156
11330 156
11331 156
11332 156
11333 156
11334 156
11335 156
11336 156
11337 156
11338 156
11339 156
11340 156
11341 156
11342 156
11343 156
11344 156
11345 156
11346 156
11347 156
11348 156
11349 156
11350 156
11351 156
11352 156
11353 156
11354 156
11355 156
11356 156
11357 156
11358 156
11359 156
11360 156
11361 156
11362 156
11363 156
11364 156
11365 156
11366 157
11367 157
11368 157
11369 157
11370 157
11371 157
11372 157
11373 157
11374 157
11375 157
11376 157
11377 157
11378 157
11379 157
11380 157
11381 157
11382 157
11383 157
11384 157
11385 157
11386 157
11387 157
11388 157
11389 157
11390 157
11391 157
11392 157
11393 157
11394 157
11395 157
11396 157
11397 157
11398 157
11399 157
11400 157
11401 157
11402 157
11403 157
11404 157
11405 157
11406 157
11407 157
11408 157
11409 157
11410 157
11411 157
11412 157
11413 157
11414 157
11415 157
11416 157
11417 157
11418 157
11419 157
11420 157
11421 157
11422 157
11423 157
11424 157
11425 157
11426 157
11427 157
11428 157
11429 157
11430 157
11431 157
11432 157
11433 157
11434 157
11435 157
11436 157
11437 157
11438 157
11439 157
11440 157
11441 157
11442 157
11443 157
11444 157
11445 157
11446 157
11447 157
11448 157
11449 157
11450 157
11451 157
11452 157
11453 157
11454 157
11455 157
11456 157
11457 157
11458 157
11459 157
11460 157
11461 157
11462 157
11463 157
11464 157
11465 157
11466 157
11467 157
11468 157
11469 157
11470 157
11471 157
11472 157
11473 157
11474 157
11475 157
11476 157
11477 157
11478 157
11479 157
11480 157
11481 157
11482 157
11483 157
11484 158
11485 158
11486 158
11487 158
11488 158
11489 158
11490 158
11491 158
11492 158
11493 158
11494 158
11495 158
11496 158
11497 158
11498 158
11499 158
11500 158
11501 158
11502 158
11503 158
11504 158
11505 158
11506 158
11507 158
11508 158
11509 158
11510 158
11511 158
11512 158
11513 158
11514 158
11515 158
11516 158
11517 158
11518 158
11519 158
11520 158
11521 158
11522 158
11523 158
11524 158
11525 158
11526 158
11527 158
11528 158
11529 158
11530 158
11531 158
11532 158
11533 158
11534 158
11535 158
11536 158
11537 158
11538 158
11539 158
11540 158
11541 158
11542 158
11543 158
11544 158
11545 158
11546 158
11547 158
11548 158
11549 158
11550 158
11551 158
11552 158
11553 158
11554 158
11555 158
11556 158
11557 158
11558 158
11559 158
11560 158
11561 158
11562 158
11563 158
11564 158
11565 158
11566 158
11567 158
11568 158
11569 158
11570 158
11571 158
11572 158
11573 158
11574 158
11575 158
11576 158
11577 158
11578 158
11579 158
11580 158
11581 158
11582 158
11583 158
11584 158
11585 158
11586 158
11587 158
11588 158
11589 158
11590 158
11591 158
11592 158
11593 158
11594 158
11595 158
11596 158
11597 158
11598 158
11599 158
11600 158
11601 158
11602 158
11603 158
11604 159
11605 159
11606 159
11607 159
11608 159
11609 159
11610 159
11611 159
11612 159
11613 159
11614 159
11615 159
11616 159
11617 159
11618 159
11619 159
11620 159
11621 159
11622 159
11623 159
11624 159
11625 159
11626 159
11627 159
11628 159
11629 159
11630 159
11631 159
11632 159
11633 159
11634 159
11635 159
11636 159
11637 159
11638 159
11639 159
11640 159
11641 159
11642 159
11643 159
11644 159
11645 159
11646 159
11647 159
11648 159
11649 159
11650 159
11651 159
11652 159
11653 159
11654 159
11655 159
11656 159
11657 159
11658 159
11659 159
11660 159
11661 159
11662 159
11663 159
11664 159
11665 159
11666 159
11667 159
11668 159
11669 159
11670 159
11671 159
11672 159
11673 159
11674 159
11675 159
11676 159
11677 159
11678 159
11679 159
11680 159
11681 159
11682 159
11683 159
11684 159
11685 159
11686 159
11687 159
11688 159
11689 159
11690 159
11691 159
11692 159
11693 159
11694 159
11695 159
11696 159
11697 159
11698 159
11699 159
11700 159
11701 159
11702 159
11703 159
11704 159
11705 159
11706 159
11707 159
11708 159
11709 159
11710 159
11711 159
11712 159
11713 159
11714 159
11715 159
11716 159
11717 159
11718 159
11719 159
11720 159
11721 159
11722 159
11723 159
11724 159
11725 159
11726 159
11727 159
11728 159
11729 159
11730 159
11731 159
11732 159
11733 159
11734 159
11735 159
11736 159
11737 159
11738 159
11739 159
11740 159
11741 159
11742 159
11743 159
11744 159
11745 159
11746 159
11747 159
11748 159
11749 159
11750 159
11751 159
11752 159
11753 159
11754 159
11755 159
11756 159
11757 159
11758 159
11759 159
11760 159
11761 159
11762 159
11763 159
11764 159
11765 159
11766 159
11767 159
11768 159
11769 159
11770 159
11771 164
11772 164
11773 164
11774 164
11775 164
11776 164
11777 164
11778 164
11779 164
11780 164
11781 164
11782 164
11783 165
11784 165
11785 165
11786 165
11787 165
11788 165
11789 165
11790 165
11791 165
11792 165
11793 165
11794 165
11795 165
11796 165
11797 165
11798 165
11799 165
11800 165
11801 165
11802 165
11803 165
11804 165
11805 165
11806 165
11807 165
11808 165
11809 165
11810 165
11811 165
11812 165
11813 165
11814 165
11815 165
11816 165
11817 165
11818 165
11819 165
11820 165
11821 165
11822 165
11823 165
11824 165
11825 165
11826 165
11827 165
11828 165
11829 165
11830 165
11831 165
11832 165
11833 165
11834 165
11835 165
11836 165
11837 165
11838 165
11839 165
11840 165
11841 165
11842 165
11843 165
11844 165
11845 165
11846 165
11847 165
11848 165
11849 165
11850 165
11851 165
11852 165
11853 165
11854 165
11855 165
11856 165
11857 165
11858 165
11859 165
11860 165
11861 165
11862 165
11863 165
11864 165
11865 165
11866 165
11867 165
11868 165
11869 165
11870 165
11871 165
11872 165
11873 165
11874 165
11875 165
11876 165
11877 165
11878 165
11879 165
11880 165
11881 165
11882 165
11883 165
11884 165
11885 165
11886 165
11887 165
11888 165
11889 165
11890 165
11891 165
11892 165
11893 165
11894 165
11895 165
11896 165
11897 165
11898 165
11899 165
11900 165
11901 165
11902 165
11903 165
11904 165
11905 165
11906 165
11907 165
11908 165
11909 165
11910 169
11911 169
11912 169
11913 169
11914 169
11915 169
11916 169
11917 169
11918 169
11919 169
11920 169
11921 169
11922 169
11923 169
11924 169
11925 169
11926 169
11927 169
11928 169
11929 169
11930 169
11931 169
11932 169
11933 169
11934 169
11935 169
11936 169
11937 169
11938 169
11939 169
11940 169
11941 169
11942 169
11943 169
11944 169
11945 169
11946 169
11947 169
11948 169
11949 169
11950 169
11951 169
11952 169
11953 169
11954 169
11955 169
11956 169
11957 169
11958 169
11959 169
11960 169
11961 169
11962 169
11963 169
11964 169
11965 169
11966 169
11967 169
11968 169
11969 169
11970 169
11971 169
11972 169
11973 169
11974 169
11975 169
11976 169
11977 169
11978 169
11979 171
11980 171
11981 171
11982 171
11983 171
11984 171
11985 171
11986 171
11987 171
11988 171
11989 171
11990 171
11991 171
11992 171
11993 171
11994 171
11995 171
11996 171
11997 171
11998 171
11999 171
12000 171
12001 171
12002 171
12003 171
12004 171
12005 171
12006 171
12007 171
12008 171
12009 171
12010 171
12011 171
12012 171
12013 171
12014 171
12015 171
12016 171
12017 171
12018 171
12019 171
12020 171
12021 171
12022 171
12023 171
12024 171
12025 171
12026 171
12027 171
12028 171
12029 171
12030 171
12031 171
12032 171
12033 171
12034 171
12035 171
12036 171
12037 171
12038 171
12039 171
12040 171
12041 171
12042 171
12043 171
12044 171
12045 171
12046 171
12047 171
12048 171
12049 171
12050 171
12051 171
12052 171
12053 171
12054 171
12055 171
12056 171
12057 171
12058 171
12059 171
12060 171
12061 171
12062 171
12063 171
12064 171
12065 171
12066 171
12067 171
12068 171
12069 171
12070 171
12071 171
12072 171
12073 171
12074 171
12075 171
12076 171
12077 171
12078 171
12079 171
12080 171
12081 171
12082 171
12083 171
12084 171
12085 171
12086 171
12087 171
12088 171
12089 171
12090 171
12091 171
12092 171
12093 171
12094 171
12095 171
12096 171
12097 171
12098 171
12099 171
12100 171
12101 171
12102 171
12103 171
12104 171
12105 171
12106 171
12107 171
12108 171
12109 171
12110 171
12111 171
12112 171
12113 171
12114 171
12115 171
12116 172
12117 172
12118 172
12119 172
12120 172
12121 172
12122 172
12123 172
12124 172
12125 172
12126 172
12127 172
12128 172
12129 172
12130 172
12131 172
12132 172
12133 172
12134 172
12135 172
12136 172
12137 172
12138 172
12139 172
12140 172
12141 172
12142 172
12143 172
12144 172
12145 172
12146 172
12147 172
12148 172
12149 172
12150 172
12151 172
12152 172
12153 172
12154 172
12155 172
12156 172
12157 172
12158 172
12159 172
12160 172
12161 172
12162 172
12163 172
12164 172
12165 172
12166 172
12167 172
12168 172
12169 172
12170 172
12171 172
12172 172
12173 172
12174 172
12175 172
12176 172
12177 172
12178 172
12179 172
12180 172
12181 172
12182 172
12183 172
12184 172
12185 172
12186 172
12187 172
12188 172
12189 172
12190 172
12191 172
12192 172
12193 172
12194 172
12195 172
12196 172
12197 172
12198 172
12199 172
12200 172
12201 172
12202 172
12203 172
12204 172
12205 172
12206 172
12207 172
12208 172
12209 172
12210 172
12211 172
12212 172
12213 172
12214 172
12215 172
12216 172
12217 172
12218 172
12219 172
12220 172
12221 172
12222 172
12223 172
12224 172
12225 172
12226 172
12227 172
12228 172
12229 172
12230 172
12231 172
12232 172
12233 172
12234 172
12235 172
12236 172
12237 172
12238 172
12239 172
12240 172
12241 172
12242 172
12243 172
12244 172
12245 172
12246 172
12247 172
12248 172
12249 172
12250 172
12251 172
12252 172
12253 172
12254 172
12255 172
12256 172
12257 172
12258 172
12259 172
12260 172
12261 172
12262 172
12263 172
12264 172
12265 172
12266 172
12267 172
12268 172
12269 172
12270 172
12271 172
12272 172
12273 172
12274 172
12275 172
12276 172
12277 172
12278 172
12279 172
12280 172
12281 172
12282 172
12283 172
12284 172
12285 172
12286 172
12287 172
12288 172
12289 172
12290 172
12291 172
12292 172
12293 172
12294 172
12295 172
12296 172
12297 172
12298 172
12299 172
12300 172
12301 172
12302 172
12303 172
12304 172
12305 172
12306 172
12307 172
12308 172
12309 172
12310 172
12311 172
12312 172
12313 172
12314 172
12315 172
12316 172
12317 172
12318 172
12319 172
12320 172
12321 172
12322 172
12323 172
12324 172
12325 172
12326 172
12327 172
12328 172
12329 172
12330 172
12331 172
12332 172
12333 172
12334 172
12335 172
12336 172
12337 172
12338 172
12339 172
12340 172
12341 172
12342 172
12343 172
12344 172
12345 172
12346 172
12347 172
12348 172
12349 172
12350 172
12351 172
12352 172
12353 172
12354 172
12355 172
12356 172
12357 172
12358 172
12359 172
12360 172
12361 172
12362 172
12363 172
12364 172
12365 172
12366 172
12367 172
12368 172
12369 172
12370 172
12371 172
12372 172
12373 172
12374 172
12375 172
12376 172
12377 172
12378 172
12379 172
12380 172
12381 172
12382 172
12383 172
12384 172
12385 172
12386 172
12387 172
12388 173
12389 173
12390 173
12391 173
12392 173
12393 173
12394 173
12395 173
12396 173
12397 173
12398 173
12399 173
12400 173
12401 173
12402 173
12403 173
12404 173
12405 173
12406 173
12407 173
12408 173
12409 173
12410 173
12411 173
12412 173
12413 173
12414 173
12415 173
12416 173
12417 173
12418 173
12419 173
12420 173
12421 173
12422 173
12423 173
12424 173
12425 173
12426 173
12427 173
12428 173
12429 173
12430 173
12431 173
12432 173
12433 173
12434 173
12435 173
12436 173
12437 173
12438 173
12439 173
12440 173
12441 173
12442 173
12443 173
12444 173
12445 173
12446 173
12447 173
12448 173
12449 173
12450 173
12451 173
12452 173
12453 173
12454 173
12455 173
12456 173
12457 173
12458 173
12459 173
12460 173
12461 173
12462 173
12463 173
12464 173
12465 173
12466 173
12467 173
12468 173
12469 173
12470 173
12471 173
12472 173
12473 173
12474 173
12475 173
12476 173
12477 173
12478 173
12479 173
12480 173
12481 173
12482 173
12483 173
12484 173
12485 173
12486 173
12487 173
12488 173
12489 173
12490 173
12491 173
12492 173
12493 173
12494 173
12495 173
12496 173
12497 173
12498 173
12499 173
12500 173
12501 173
12502 173
12503 173
12504 173
12505 173
12506 173
12507 173
12508 173
12509 173
12510 173
12511 173
12512 173
12513 173
12514 173
12515 173
12516 173
12517 173
12518 173
12519 173
12520 173
12521 173
12522 173
12523 173
12524 173
12525 173
12526 173
12527 173
12528 173
12529 173
12530 173
12531 173
12532 173
12533 173
12534 173
12535 173
12536 173
12537 173
12538 173
12539 173
12540 173
12541 173
12542 173
12543 173
12544 173
12545 173
12546 173
12547 173
12548 173
12549 173
12550 173
12551 173
12552 173
12553 173
12554 173
12555 173
12556 173
12557 173
12558 173
12559 173
12560 173
12561 173
12562 173
12563 173
12564 173
12565 173
12566 173
12567 173
12568 173
12569 173
12570 173
12571 173
12572 173
12573 173
12574 173
12575 173
12576 173
12577 173
12578 173
12579 173
12580 173
12581 173
12582 173
12583 173
12584 173
12585 173
12586 173
12587 173
12588 173
12589 173
12590 173
12591 173
12592 173
12593 173
12594 173
12595 173
12596 173
12597 173
12598 173
12599 173
12600 173
12601 173
12602 173
12603 173
12604 173
12605 173
12606 173
12607 173
12608 173
12609 173
12610 173
12611 173
12612 173
12613 173
12614 173
12615 173
12616 173
12617 173
12618 173
12619 173
12620 173
12621 173
12622 173
12623 173
12624 173
12625 173
12626 173
12627 173
12628 173
12629 173
12630 173
12631 173
12632 173
12633 173
12634 173
12635 173
12636 173
12637 173
12638 173
12639 173
12640 173
12641 173
12642 173
12643 173
12644 173
12645 173
12646 173
12647 173
12648 173
12649 173
12650 173
12651 173
12652 173
12653 173
12654 173
12655 173
12656 173
12657 173
12658 173
12659 173
12660 173
12661 173
12662 173
12663 173
12664 173
12665 173
12666 173
12667 173
12668 174
12669 174
12670 174
12671 174
12672 174
12673 174
12674 174
12675 174
12676 174
12677 174
12678 174
12679 174
12680 174
12681 174
12682 174
12683 174
12684 174
12685 174
12686 174
12687 174
12688 174
12689 174
12690 174
12691 174
12692 174
12693 174
12694 174
12695 174
12696 174
12697 174
12698 174
12699 174
12700 174
12701 174
12702 174
12703 174
12704 174
12705 174
12706 174
12707 174
12708 175
12709 175
12710 175
12711 175
12712 175
12713 175
12714 175
12715 175
12716 175
12717 175
12718 175
12719 175
12720 175
12721 175
12722 175
12723 175
12724 175
12725 175
12726 175
12727 175
12728 175
12729 175
12730 175
12731 175
12732 175
12733 175
12734 175
12735 175
12736 175
12737 175
12738 175
12739 175
12740 175
12741 175
12742 175
12743 175
12744 175
12745 175
12746 175
12747 175
12748 175
12749 175
12750 175
12751 175
12752 175
12753 175
12754 175
12755 175
12756 175
12757 175
12758 175
12759 175
12760 175
12761 175
12762 175
12763 175
12764 175
12765 175
12766 175
12767 175
12768 175
12769 175
12770 175
12771 175
12772 175
12773 175
12774 175
12775 175
12776 175
12777 175
12778 175
12779 175
12780 175
12781 175
12782 175
12783 175
12784 175
12785 175
12786 175
12787 175
12788 175
12789 175
12790 175
12791 175
12792 175
12793 175
12794 175
12795 175
12796 175
12797 175
12798 175
12799 175
12800 175
12801 175
12802 175
12803 175
12804 175
12805 175
12806 175
12807 175
12808 175
12809 175
12810 175
12811 175
12812 175
12813 175
12814 175
12815 175
12816 175
12817 175
12818 175
12819 175
12820 175
12821 175
12822 175
12823 175
12824 175
12825 175
12826 175
12827 175
12828 175
12829 175
12830 175
12831 175
12832 175
12833 175
12834 175
12835 175
12836 175
12837 175
12838 175
12839 175
12840 175
12841 175
12842 175
12843 175
12844 175
12845 175
12846 175
12847 175
12848 175
12849 175
12850 175
12851 175
12852 175
12853 175
12854 176
12855 176
12856 176
12857 176
12858 176
12859 176
12860 176
12861 176
12862 176
12863 176
12864 176
12865 176
12866 176
12867 176
12868 176
12869 176
12870 176
12871 176
12872 176
12873 176
12874 176
12875 176
12876 176
12877 176
12878 176
12879 176
12880 176
12881 176
12882 176
12883 176
12884 176
12885 176
12886 176
12887 176
12888 176
12889 176
12890 176
12891 176
12892 176
12893 176
12894 176
12895 176
12896 176
12897 176
12898 176
12899 176
12900 176
12901 176
12902 176
12903 176
12904 176
12905 176
12906 176
12907 176
12908 176
12909 176
12910 176
12911 176
12912 176
12913 176
12914 176
12915 176
12916 176
12917 176
12918 176
12919 176
12920 176
12921 176
12922 176
12923 176
12924 176
12925 176
12926 176
12927 176
12928 176
12929 176
12930 176
12931 176
12932 176
12933 176
12934 176
12935 176
12936 176
12937 176
12938 176
12939 176
12940 176
12941 176
12942 176
12943 176
12944 176
12945 176
12946 176
12947 176
12948 176
12949 176
12950 176
12951 176
12952 176
12953 176
12954 176
12955 176
12956 176
12957 176
12958 176
12959 176
12960 177
12961 177
12962 177
12963 177
12964 177
12965 177
12966 177
12967 177
12968 177
12969 177
12970 177
12971 177
12972 177
12973 177
12974 177
12975 177
12976 177
12977 177
12978 177
12979 177
12980 177
12981 177
12982 177
12983 177
12984 177
12985 177
12986 177
12987 177
12988 177
12989 177
12990 177
12991 177
12992 177
12993 177
12994 177
12995 177
12996 177
12997 177
12998 177
12999 177
13000 177
13001 177
13002 177
13003 177
13004 177
13005 177
13006 177
13007 177
13008 177
13009 177
13010 177
13011 177
13012 177
13013 177
13014 177
13015 177
13016 177
13017 177
13018 177
13019 177
13020 177
13021 177
13022 177
13023 177
13024 177
13025 177
13026 177
13027 177
13028 177
13029 177
13030 177
13031 177
13032 177
13033 177
13034 177
13035 177
13036 177
13037 177
13038 177
13039 177
13040 177
13041 177
13042 177
13043 177
13044 177
13045 177
13046 177
13047 177
13048 177
13049 177
13050 177
13051 177
13052 177
13053 177
13054 177
13055 177
13056 177
13057 177
13058 177
13059 177
13060 177
13061 177
13062 177
13063 177
13064 177
13065 177
13066 177
13067 177
13068 177
13069 177
13070 177
13071 177
13072 177
13073 177
13074 177
13075 177
13076 177
13077 177
13078 177
13079 177
13080 177
13081 177
13082 177
13083 177
13084 177
13085 177
13086 177
13087 177
13088 177
13089 177
13090 177
13091 177
13092 177
13093 177
13094 177
13095 178
13096 178
13097 178
13098 178
13099 178
13100 178
13101 178
13102 178
13103 178
13104 178
13105 178
13106 178
13107 178
13108 178
13109 178
13110 178
13111 178
13112 178
13113 178
13114 178
13115 178
13116 178
13117 178
13118 178
13119 178
13120 178
13121 178
13122 178
13123 178
13124 178
13125 178
13126 178
13127 178
13128 178
13129 178
13130 178
13131 178
13132 178
13133 178
13134 178
13135 178
13136 178
13137 178
13138 178
13139 178
13140 178
13141 178
13142 178
13143 178
13144 178
13145 178
13146 178
13147 178
13148 178
13149 178
13150 178
13151 178
13152 178
13153 178
13154 178
13155 178
13156 178
13157 178
13158 178
13159 178
13160 178
13161 178
13162 178
13163 178
13164 178
13165 178
13166 178
13167 178
13168 178
13169 178
13170 178
13171 178
13172 178
13173 178
13174 178
13175 178
13176 178
13177 178
13178 178
13179 178
13180 178
13181 178
13182 180
13183 180
13184 180
13185 181
13186 181
13187 181
13188 181
13189 181
13190 181
13191 181
13192 181
13193 181
13194 181
13195 181
13196 181
13197 181
13198 181
13199 181
13200 181
13201 181
13202 181
13203 181
13204 181
13205 181
13206 181
13207 181
13208 181
13209 181
13210 181
13211 181
13212 181
13213 181
13214 181
13215 181
13216 181
13217 181
13218 181
13219 181
13220 181
13221 181
13222 181
13223 181
13224 181
13225 181
13226 181
13227 181
13228 181
13229 181
13230 181
13231 181
13232 181
13233 181
13234 181
13235 181
13236 181
13237 181
13238 181
13239 181
13240 181
13241 181
13242 181
13243 181
13244 181
13245 181
13246 181
13247 181
13248 181
13249 181
13250 181
13251 181
13252 181
13253 181
13254 181
13255 181
13256 181
13257 181
13258 181
13259 181
13260 181
13261 181
13262 181
13263 181
13264 181
13265 181
13266 181
13267 181
13268 181
13269 181
13270 181
13271 181
13272 181
13273 181
13274 181
13275 181
13276 181
13277 181
13278 181
13279 181
13280 181
13281 181
13282 181
13283 181
13284 181
13285 181
13286 181
13287 181
13288 181
13289 181
13290 181
13291 181
13292 181
13293 181
13294 181
13295 181
13296 181
13297 181
13298 181
13299 181
13300 181
13301 181
13302 181
13303 181
13304 181
13305 181
13306 181
13307 181
13308 181
13309 181
13310 181
13311 181
13312 181
13313 181
13314 181
13315 181
13316 181
13317 181
13318 181
13319 181
13320 182
13321 182
13322 182
13323 182
13324 182
13325 182
13326 182
13327 182
13328 182
13329 182
13330 182
13331 182
13332 182
13333 182
13334 182
13335 182
13336 182
13337 182
13338 182
13339 182
13340 182
13341 182
13342 182
13343 182
13344 182
13345 182
13346 182
13347 182
13348 182
13349 182
13350 182
13351 182
13352 182
13353 182
13354 182
13355 182
13356 182
13357 182
13358 182
13359 182
13360 182
13361 182
13362 182
13363 182
13364 182
13365 182
13366 182
13367 182
13368 182
13369 182
13370 182
13371 182
13372 182
13373 182
13374 182
13375 182
13376 182
13377 182
13378 182
13379 182
13380 182
13381 182
13382 182
13383 182
13384 182
13385 182
13386 182
13387 182
13388 182
13389 182
13390 182
13391 182
13392 182
13393 182
13394 182
13395 182
13396 182
13397 182
13398 182
13399 182
13400 182
13401 182
13402 182
13403 182
13404 182
13405 182
13406 182
13407 182
13408 182
13409 182
13410 182
13411 182
13412 182
13413 182
13414 182
13415 182
13416 182
13417 182
13418 182
13419 182
13420 182
13421 182
13422 182
13423 182
13424 182
13425 182
13426 182
13427 182
13428 182
13429 182
13430 182
13431 182
13432 182
13433 182
13434 182
13435 182
13436 182
13437 182
13438 182
13439 182
13440 182
13441 182
13442 182
13443 182
13444 182
13445 182
13446 182
13447 182
13448 182
13449 182
13450 182
13451 182
13452 182
13453 182
13454 182
13455 182
13456 182
13457 182
13458 182
13459 182
13460 182
13461 182
13462 182
13463 182
13464 182
13465 182
13466 182
13467 182
13468 182
13469 182
13470 182
13471 182
13472 182
13473 182
13474 182
13475 182
13476 182
13477 182
13478 182
13479 182
13480 182
13481 182
13482 182
13483 182
13484 182
13485 182
13486 182
13487 182
13488 182
13489 182
13490 182
13491 182
13492 183
13493 183
13494 183
13495 183
13496 183
13497 183
13498 183
13499 183
13500 183
13501 183
13502 183
13503 183
13504 183
13505 183
13506 183
13507 183
13508 183
13509 183
13510 183
13511 183
13512 183
13513 183
13514 183
13515 183
13516 183
13517 183
13518 183
13519 183
13520 183
13521 183
13522 183
13523 183
13524 183
13525 183
13526 183
13527 183
13528 183
13529 183
13530 183
13531 183
13532 183
13533 183
13534 183
13535 183
13536 183
13537 183
13538 183
13539 183
13540 183
13541 183
13542 183
13543 183
13544 183
13545 183
13546 183
13547 183
13548 183
13549 183
13550 183
13551 183
13552 183
13553 183
13554 183
13555 183
13556 183
13557 183
13558 183
13559 183
13560 183
13561 183
13562 183
13563 183
13564 183
13565 183
13566 183
13567 183
13568 183
13569 183
13570 183
13571 183
13572 183
13573 183
13574 183
13575 183
13576 183
13577 183
13578 183
13579 183
13580 183
13581 183
13582 183
13583 183
13584 183
13585 183
13586 183
13587 183
13588 183
13589 183
13590 183
13591 183
13592 183
13593 183
13594 183
13595 183
13596 183
13597 183
13598 183
13599 183
13600 183
13601 183
13602 183
13603 183
13604 183
13605 183
13606 183
13607 183
13608 183
13609 183
13610 183
13611 183
13612 183
13613 183
13614 183
13615 183
13616 183
13617 183
13618 183
13619 183
13620 183
13621 183
13622 183
13623 183
13624 183
13625 183
13626 183
13627 183
13628 183
13629 183
13630 183
13631 183
13632 183
13633 183
13634 183
13635 183
13636 183
13637 183
13638 183
13639 183
13640 183
13641 183
13642 183
13643 183
13644 183
13645 183
13646 183
13647 183
13648 183
13649 183
13650 183
13651 183
13652 183
13653 183
13654 183
13655 183
13656 183
13657 183
13658 183
13659 183
13660 183
13661 183
13662 183
13663 183
13664 184
13665 184
13666 184
13667 184
13668 184
13669 184
13670 184
13671 184
13672 184
13673 184
13674 184
13675 184
13676 184
13677 184
13678 184
13679 184
13680 184
13681 184
13682 184
13683 184
13684 184
13685 184
13686 184
13687 184
13688 184
13689 184
13690 184
13691 184
13692 184
13693 184
13694 184
13695 184
13696 184
13697 184
13698 184
13699 184
13700 184
13701 184
13702 184
13703 184
13704 184
13705 184
13706 184
13707 184
13708 184
13709 184
13710 184
13711 184
13712 184
13713 184
13714 184
13715 184
13716 184
13717 184
13718 184
13719 184
13720 184
13721 184
13722 184
13723 184
13724 184
13725 184
13726 184
13727 184
13728 184
13729 184
13730 184
13731 184
13732 184
13733 184
13734 184
13735 184
13736 184
13737 184
13738 184
13739 184
13740 184
13741 184
13742 184
13743 184
13744 184
13745 184
13746 184
13747 184
13748 184
13749 184
13750 184
13751 184
13752 184
13753 184
13754 184
13755 184
13756 184
13757 184
13758 184
13759 184
13760 184
13761 184
13762 184
13763 184
13764 184
13765 184
13766 184
13767 184
13768 184
13769 184
13770 184
13771 184
13772 184
13773 184
13774 184
13775 184
13776 184
13777 184
13778 184
13779 184
13780 184
13781 184
13782 184
13783 184
13784 184
13785 184
13786 184
13787 184
13788 184
13789 184
13790 184
13791 184
13792 184
13793 184
13794 184
13795 184
13796 184
13797 185
13798 185
13799 185
13800 185
13801 185
13802 185
13803 185
13804 185
13805 185
13806 185
13807 185
13808 185
13809 185
13810 185
13811 185
13812 185
13813 185
13814 185
13815 185
13816 185
13817 185
13818 185
13819 185
13820 185
13821 185
13822 185
13823 185
13824 185
13825 185
13826 185
13827 185
13828 185
13829 185
13830 185
13831 185
13832 185
13833 185
13834 185
13835 185
13836 185
13837 185
13838 185
13839 185
13840 185
13841 185
13842 185
13843 185
13844 185
13845 185
13846 185
13847 185
13848 185
13849 185
13850 185
13851 185
13852 185
13853 185
13854 185
13855 185
13856 185
13857 185
13858 185
13859 185
13860 185
13861 185
13862 185
13863 185
13864 185
13865 185
13866 185
13867 185
13868 185
13869 185
13870 185
13871 185
13872 185
13873 185
13874 185
13875 185
13876 185
13877 185
13878 185
13879 185
13880 185
13881 185
13882 185
13883 185
13884 185
13885 185
13886 185
13887 185
13888 185
13889 185
13890 185
13891 185
13892 185
13893 185
13894 185
13895 185
13896 185
13897 185
13898 185
13899 185
13900 185
13901 185
13902 185
13903 185
13904 185
13905 185
13906 185
13907 185
13908 185
13909 185
13910 185
13911 185
13912 185
13913 185
13914 185
13915 185
13916 185
13917 185
13918 185
13919 185
13920 185
13921 185
13922 185
13923 185
13924 185
13925 185
13926 185
13927 185
13928 185
13929 185
13930 185
13931 185
13932 185
13933 185
13934 185
13935 185
13936 185
13937 185
13938 185
13939 185
13940 185
13941 185
13942 185
13943 185
13944 185
13945 185
13946 185
13947 185
13948 185
13949 185
13950 185
13951 185
13952 185
13953 185
13954 186
13955 186
13956 186
13957 186
13958 186
13959 186
13960 186
13961 186
13962 186
13963 186
13964 186
13965 186
13966 186
13967 186
13968 186
13969 186
13970 186
13971 186
13972 186
13973 186
13974 186
13975 186
13976 186
13977 186
13978 186
13979 186
13980 186
13981 186
13982 186
13983 186
13984 186
13985 186
13986 186
13987 186
13988 186
13989 186
13990 186
13991 186
13992 186
13993 186
13994 186
13995 186
13996 186
13997 186
13998 186
13999 186
14000 186
14001 186
14002 186
14003 186
14004 186
14005 186
14006 186
14007 186
14008 186
14009 186
14010 186
14011 186
14012 186
14013 186
14014 186
14015 186
14016 186
14017 186
14018 186
14019 186
14020 186
14021 186
14022 186
14023 186
14024 186
14025 186
14026 186
14027 186
14028 186
14029 186
14030 186
14031 186
14032 186
14033 186
14034 186
14035 186
14036 186
14037 186
14038 186
14039 186
14040 186
14041 186
14042 186
14043 186
14044 186
14045 186
14046 186
14047 186
14048 186
14049 186
14050 186
14051 186
14052 186
14053 186
14054 186
14055 186
14056 186
14057 186
14058 186
14059 186
14060 187
14061 187
14062 187
14063 187
14064 187
14065 187
14066 187
14067 187
14068 187
14069 187
14070 187
14071 187
14072 187
14073 187
14074 187
14075 187
14076 187
14077 187
14078 187
14079 187
14080 187
14081 187
14082 187
14083 187
14084 187
14085 187
14086 187
14087 187
14088 187
14089 187
14090 187
14091 187
14092 187
14093 187
14094 187
14095 187
14096 187
14097 187
14098 187
14099 187
14100 187
14101 187
14102 187
14103 187
14104 187
14105 187
14106 187
14107 187
14108 187
14109 187
14110 187
14111 187
14112 187
14113 187
14114 187
14115 187
14116 187
14117 187
14118 187
14119 187
14120 187
14121 187
14122 187
14123 187
14124 187
14125 187
14126 187
14127 187
14128 187
14129 187
14130 187
14131 187
14132 187
14133 187
14134 187
14135 187
14136 187
14137 187
14138 187
14139 187
14140 187
14141 187
14142 187
14143 187
14144 187
14145 187
14146 187
14147 187
14148 187
14149 187
14150 187
14151 187
14152 187
14153 187
14154 187
14155 187
14156 187
14157 187
14158 187
14159 187
14160 187
14161 187
14162 187
14163 187
14164 187
14165 187
14166 187
14167 187
14168 187
14169 187
14170 187
14171 187
14172 187
14173 187
14174 187
14175 187
14176 187
14177 187
14178 187
14179 187
14180 187
14181 187
14182 187
14183 187
14184 187
14185 187
14186 187
14187 187
14188 187
14189 187
14190 187
14191 187
14192 187
14193 187
14194 187
14195 187
14196 187
14197 187
14198 187
14199 187
14200 187
14201 187
14202 187
14203 187
14204 187
14205 187
14206 187
14207 187
14208 187
14209 187
14210 187
14211 187
14212 187
14213 187
14214 187
14215 187
14216 187
14217 188
14218 188
14219 188
14220 188
14221 188
14222 188
14223 188
14224 188
14225 188
14226 188
14227 188
14228 188
14229 188
14230 188
14231 188
14232 188
14233 188
14234 188
14235 188
14236 188
14237 188
14238 188
14239 188
14240 188
14241 188
14242 188
14243 188
14244 188
14245 188
14246 188
14247 188
14248 188
14249 188
14250 188
14251 188
14252 188
14253 188
14254 188
14255 188
14256 188
14257 188
14258 188
14259 188
14260 188
14261 188
14262 188
14263 188
14264 188
14265 190
14266 190
14267 190
14268 190
14269 190
14270 190
14271 190
14272 190
14273 190
14274 190
14275 190
14276 190
14277 190
14278 190
14279 190
14280 190
14281 190
14282 190
14283 190
14284 190
14285 190
14286 190
14287 190
14288 190
14289 190
14290 190
14291 190
14292 190
14293 190
14294 190
14295 190
14296 190
14297 190
14298 190
14299 190
14300 190
14301 190
14302 190
14303 190
14304 190
14305 190
14306 190
14307 190
14308 190
14309 190
14310 190
14311 190
14312 190
14313 190
14314 190
14315 190
14316 190
14317 190
14318 190
14319 190
14320 190
14321 190
14322 190
14323 190
14324 190
14325 190
14326 190
14327 190
14328 191
14329 191
14330 191
14331 191
14332 191
14333 191
14334 191
14335 191
14336 191
14337 191
14338 191
14339 191
14340 191
14341 191
14342 191
14343 191
14344 191
14345 191
14346 191
14347 191
14348 191
14349 191
14350 191
14351 191
14352 191
14353 191
14354 191
14355 191
14356 191
14357 191
14358 191
14359 191
14360 191
14361 191
14362 191
14363 191
14364 191
14365 191
14366 191
14367 191
14368 191
14369 191
14370 191
14371 191
14372 191
14373 191
14374 191
14375 191
14376 191
14377 191
14378 191
14379 191
14380 191
14381 191
14382 191
14383 191
14384 191
14385 191
14386 191
14387 191
14388 191
14389 191
14390 191
14391 191
14392 191
14393 191
14394 191
14395 191
14396 191
14397 191
14398 191
14399 191
14400 191
14401 191
14402 191
14403 191
14404 191
14405 191
14406 191
14407 191
14408 191
14409 191
14410 191
14411 191
14412 191
14413 191
14414 191
14415 191
14416 191
14417 191
14418 191
14419 191
14420 191
14421 191
14422 191
14423 191
14424 191
14425 191
14426 191
14427 191
14428 191
14429 191
14430 191
14431 191
14432 191
14433 191
14434 191
14435 191
14436 191
14437 191
14438 191
14439 191
14440 191
14441 191
14442 191
14443 191
14444 191
14445 191
14446 191
14447 191
14448 191
14449 191
14450 191
14451 191
14452 191
14453 191
14454 191
14455 191
14456 191
14457 191
14458 191
14459 191
14460 191
14461 191
14462 191
14463 191
14464 192
14465 192
14466 192
14467 192
14468 192
14469 192
14470 192
14471 192
14472 192
14473 192
14474 192
14475 192
14476 192
14477 192
14478 192
14479 192
14480 192
14481 192
14482 192
14483 192
14484 192
14485 192
14486 192
14487 192
14488 192
14489 192
14490 192
14491 192
14492 192
14493 192
14494 192
14495 192
14496 192
14497 192
14498 192
14499 192
14500 192
14501 192
14502 192
14503 192
14504 192
14505 192
14506 192
14507 192
14508 192
14509 192
14510 192
14511 192
14512 192
14513 192
14514 192
14515 192
14516 192
14517 192
14518 192
14519 192
14520 192
14521 192
14522 192
14523 192
14524 192
14525 192
14526 192
14527 192
14528 192
14529 192
14530 192
14531 192
14532 192
14533 192
14534 192
14535 192
14536 192
14537 192
14538 192
14539 192
14540 192
14541 192
14542 192
14543 192
14544 192
14545 192
14546 192
14547 192
14548 192
14549 192
14550 192
14551 192
14552 192
14553 192
14554 192
14555 192
14556 192
14557 192
14558 192
14559 192
14560 192
14561 192
14562 192
14563 192
14564 192
14565 192
14566 192
14567 192
14568 192
14569 192
14570 192
14571 192
14572 192
14573 192
14574 192
14575 192
14576 192
14577 192
14578 192
14579 192
14580 192
14581 192
14582 192
14583 192
14584 192
14585 192
14586 192
14587 192
14588 192
14589 192
14590 192
14591 192
14592 192
14593 192
14594 192
14595 192
14596 192
14597 192
14598 192
14599 192
14600 192
14601 192
14602 192
14603 192
14604 192
14605 192
14606 192
14607 192
14608 192
14609 192
14610 192
14611 193
14612 193
14613 193
14614 193
14615 193
14616 193
14617 193
14618 193
14619 193
14620 193
14621 193
14622 193
14623 193
14624 193
14625 193
14626 193
14627 193
14628 193
14629 193
14630 193
14631 193
14632 193
14633 193
14634 193
14635 193
14636 193
14637 193
14638 193
14639 193
14640 193
14641 193
14642 193
14643 193
14644 193
14645 193
14646 193
14647 193
14648 193
14649 193
14650 193
14651 193
14652 193
14653 193
14654 193
14655 193
14656 193
14657 193
14658 193
14659 193
14660 193
14661 193
14662 193
14663 193
14664 193
14665 193
14666 193
14667 193
14668 193
14669 193
14670 193
14671 193
14672 193
14673 193
14674 193
14675 193
14676 193
14677 193
14678 193
14679 193
14680 193
14681 193
14682 193
14683 193
14684 193
14685 193
14686 193
14687 193
14688 193
14689 193
14690 193
14691 193
14692 193
14693 193
14694 193
14695 193
14696 193
14697 193
14698 193
14699 193
14700 193
14701 193
14702 193
14703 193
14704 193
14705 193
14706 193
14707 193
14708 193
14709 193
14710 193
14711 193
14712 193
14713 193
14714 193
14715 193
14716 193
14717 193
14718 193
14719 193
14720 193
14721 193
14722 193
14723 193
14724 193
14725 194
14726 194
14727 194
14728 194
14729 194
14730 194
14731 194
14732 194
14733 194
14734 194
14735 194
14736 194
14737 194
14738 194
14739 194
14740 194
14741 194
14742 194
14743 194
14744 194
14745 194
14746 194
14747 194
14748 194
14749 194
14750 194
14751 194
14752 194
14753 194
14754 194
14755 194
14756 194
14757 194
14758 194
14759 194
14760 194
14761 194
14762 194
14763 194
14764 194
14765 194
14766 194
14767 194
14768 194
14769 194
14770 194
14771 194
14772 194
14773 194
14774 194
14775 194
14776 194
14777 194
14778 194
14779 194
14780 194
14781 194
14782 194
14783 194
14784 194
14785 194
14786 194
14787 194
14788 194
14789 194
14790 194
14791 194
14792 194
14793 194
14794 194
14795 194
14796 194
14797 194
14798 194
14799 194
14800 194
14801 194
14802 194
14803 194
14804 194
14805 194
14806 194
14807 194
14808 194
14809 194
14810 194
14811 194
14812 194
14813 194
14814 194
14815 194
14816 194
14817 194
14818 194
14819 194
14820 194
14821 194
14822 194
14823 194
14824 194
14825 194
14826 194
14827 194
14828 194
14829 194
14830 194
14831 194
14832 194
14833 194
14834 194
14835 194
14836 194
14837 194
14838 194
14839 194
14840 194
14841 194
14842 194
14843 194
14844 194
14845 194
14846 194
14847 194
14848 195
14849 195
14850 195
14851 195
14852 195
14853 195
14854 195
14855 195
14856 195
14857 195
14858 195
14859 195
14860 195
14861 195
14862 195
14863 195
14864 195
14865 195
14866 195
14867 195
14868 195
14869 195
14870 195
14871 195
14872 195
14873 195
14874 195
14875 195
14876 195
14877 195
14878 195
14879 195
14880 195
14881 195
14882 195
14883 195
14884 195
14885 195
14886 195
14887 195
14888 195
14889 195
14890 195
14891 195
14892 195
14893 195
14894 195
14895 195
14896 195
14897 195
14898 195
14899 195
14900 195
14901 195
14902 195
14903 195
14904 195
14905 195
14906 195
14907 195
14908 195
14909 195
14910 195
14911 195
14912 195
14913 195
14914 195
14915 195
14916 195
14917 195
14918 195
14919 195
14920 195
14921 195
14922 195
14923 195
14924 195
14925 195
14926 195
14927 195
14928 195
14929 195
14930 195
14931 195
14932 195
14933 195
14934 195
14935 195
14936 195
14937 195
14938 195
14939 195
14940 195
14941 196
14942 196
14943 196
14944 196
14945 196
14946 196
14947 196
14948 196
14949 196
14950 196
14951 196
14952 196
14953 196
14954 196
14955 196
14956 196
14957 196
14958 196
14959 196
14960 196
14961 196
14962 196
14963 196
14964 196
14965 196
14966 196
14967 196
14968 196
14969 196
14970 196
14971 196
14972 196
14973 196
14974 196
14975 196
14976 196
14977 197
14978 197
14979 197
14980 197
14981 197
14982 197
14983 197
14984 197
14985 197
14986 197
14987 197
14988 197
14989 197
14990 197
14991 197
14992 197
14993 197
14994 197
14995 197
14996 197
14997 197
14998 197
14999 197
15000 197
15001 197
15002 197
15003 197
15004 197
15005 197
15006 197
15007 197
15008 197
15009 197
15010 197
15011 197
15012 197
15013 197
15014 197
15015 197
15016 197
15017 197
15018 197
15019 197
15020 197
15021 197
15022 197
15023 197
15024 197
15025 197
15026 197
15027 197
15028 197
15029 197
15030 197
15031 197
15032 197
15033 197
15034 197
15035 197
15036 197
15037 197
15038 197
15039 197
15040 197
15041 197
15042 197
15043 197
15044 197
15045 197
15046 197
15047 197
15048 197
15049 197
15050 197
15051 197
15052 197
15053 197
15054 197
15055 197
15056 197
15057 197
15058 197
15059 197
15060 197
15061 197
15062 197
15063 197
15064 197
15065 197
15066 197
15067 197
15068 197
15069 197
15070 197
15071 197
15072 197
15073 197
15074 197
15075 197
15076 197
15077 197
15078 197
15079 197
15080 197
15081 197
15082 197
15083 197
15084 197
15085 197
15086 197
15087 197
15088 197
15089 197
15090 197
15091 197
15092 197
15093 197
15094 197
15095 197
15096 197
15097 197
15098 197
15099 197
15100 197
15101 197
15102 197
15103 197
15104 197
15105 197
15106 197
15107 197
15108 197
15109 197
15110 197
15111 197
15112 197
15113 197
15114 197
15115 197
15116 197
15117 197
15118 197
15119 197
15120 197
15121 197
15122 197
15123 197
15124 197
15125 197
15126 197
15127 197
15128 197
15129 197
15130 197
15131 197
15132 197
15133 197
15134 197
15135 197
15136 197
15137 197
15138 197
15139 197
15140 197
15141 197
15142 197
15143 197
15144 197
15145 197
15146 197
15147 197
15148 197
15149 197
15150 197
15151 197
15152 197
15153 197
15154 197
15155 197
15156 197
15157 197
15158 197
15159 197
15160 197
15161 197
15162 197
15163 197
15164 197
15165 197
15166 197
15167 197
15168 197
15169 197
15170 197
15171 197
15172 197
15173 197
15174 197
15175 197
15176 197
15177 197
15178 197
15179 197
15180 197
15181 197
15182 197
15183 197
15184 197
15185 197
15186 197
15187 197
15188 197
15189 197
15190 197
15191 197
15192 197
15193 197
15194 197
15195 197
15196 197
15197 197
15198 197
15199 197
15200 197
15201 197
15202 197
15203 197
15204 197
15205 197
15206 197
15207 197
15208 197
15209 197
15210 197
15211 197
15212 197
15213 197
15214 197
15215 197
15216 197
15217 197
15218 197
15219 197
15220 197
15221 197
15222 197
15223 197
15224 198
15225 198
15226 198
15227 198
15228 198
15229 198
15230 198
15231 198
15232 198
15233 198
15234 198
15235 198
15236 198
15237 198
15238 198
15239 198
15240 198
15241 198
15242 198
15243 198
15244 198
15245 198
15246 198
15247 198
15248 198
15249 198
15250 198
15251 198
15252 198
15253 198
15254 198
15255 198
15256 198
15257 198
15258 198
15259 198
15260 198
15261 198
15262 198
15263 198
15264 198
15265 198
15266 198
15267 198
15268 198
15269 198
15270 198
15271 198
15272 198
15273 198
15274 198
15275 198
15276 198
15277 198
15278 198
15279 198
15280 198
15281 198
15282 198
15283 198
15284 198
15285 198
15286 198
15287 198
15288 198
15289 198
15290 198
15291 198
15292 198
15293 198
15294 198
15295 198
15296 198
15297 198
15298 198
15299 198
15300 198
15301 198
15302 198
15303 198
15304 198
15305 198
15306 198
15307 198
15308 198
15309 198
15310 198
15311 198
15312 198
15313 198
15314 198
15315 198
15316 198
15317 198
15318 198
15319 198
15320 198
15321 198
15322 198
15323 198
15324 198
15325 198
15326 198
15327 198
15328 198
15329 199
15330 199
15331 199
15332 199
15333 199
15334 199
15335 199
15336 199
15337 199
15338 199
15339 199
15340 199
15341 199
15342 199
15343 199
15344 199
15345 199
15346 199
15347 199
15348 199
15349 199
15350 199
15351 199
15352 199
15353 199
15354 199
15355 199
15356 199
15357 199
15358 199
15359 199
15360 199
15361 199
15362 199
15363 199
15364 199
15365 199
15366 199
15367 199
15368 199
15369 199
15370 199
15371 199
15372 199
15373 199
15374 199
15375 199
15376 199
15377 199
15378 199
15379 199
15380 199
15381 199
15382 199
15383 199
15384 199
15385 199
15386 199
15387 199
15388 199
15389 199
15390 199
15391 199
15392 199
15393 199
15394 199
15395 199
15396 199
15397 199
15398 199
15399 199
15400 199
15401 199
15402 199
15403 199
15404 199
15405 199
15406 199
15407 199
15408 199
15409 199
15410 199
15411 199
15412 199
15413 199
15414 199
15415 199
15416 199
15417 199
15418 199
15419 199
15420 199
15421 199
15422 199
15423 199
15424 199
15425 199
15426 199
15427 199
15428 199
15429 199
15430 199
15431 199
15432 199
15433 199
15434 199
15435 199
15436 199
15437 199
15438 199
15439 199
15440 199
15441 199
15442 199
15443 199
15444 199
15445 199
15446 199
15447 199
15448 199
15449 199
15450 199
15451 199
15452 199
15453 199
15454 199
15455 199
15456 199
15457 199
15458 199
15459 199
15460 199
15461 199
15462 199
15463 199
15464 199
15465 199
15466 199
15467 199
15468 199
15469 199
15470 199
15471 199
15472 199
15473 199
15474 199
15475 199
15476 199
15477 199
15478 199
15479 199
15480 199
15481 199
15482 199
15483 199
15484 199
15485 199
15486 199
15487 199
15488 199
15489 199
15490 199
15491 199
15492 199
15493 199
15494 199
15495 199
15496 199
15497 199
15498 200
15499 200
15500 200
15501 200
15502 200
15503 200
15504 200
15505 200
15506 200
15507 200
15508 200
15509 200
15510 200
15511 200
15512 200
15513 200
15514 200
15515 200
15516 200
15517 200
15518 200
15519 200
15520 200
15521 200
15522 200
15523 200
15524 200
15525 200
15526 200
15527 200
15528 200
15529 200
15530 200
15531 200
15532 200
15533 200
15534 200
15535 200
15536 200
15537 200
15538 200
15539 200
15540 200
15541 200
15542 200
15543 200
15544 200
15545 200
15546 200
15547 200
15548 200
15549 200
15550 200
15551 200
15552 200
15553 200
15554 200
15555 200
15556 200
15557 200
15558 200
15559 200
15560 200
15561 200
15562 200
15563 200
15564 200
15565 200
15566 200
15567 200
15568 200
15569 200
15570 200
15571 200
15572 200
15573 200
15574 200
15575 200
15576 200
15577 200
15578 200
15579 200
15580 200
15581 200
15582 200
15583 200
15584 200
15585 200
15586 200
15587 200
15588 200
15589 200
15590 200
15591 200
15592 200
15593 200
15594 200
15595 200
15596 200
15597 200
15598 200
15599 200
15600 200
15601 200
15602 200
15603 200
15604 200
15605 200
15606 200
15607 200
15608 200
15609 200
15610 200
15611 200
15612 200
15613 200
15614 200
15615 200
15616 200
15617 200
15618 200
15619 200
15620 200
15621 200
15622 200
15623 200
15624 200
15625 200
15626 200
15627 200
15628 200
15629 200
15630 200
15631 200
15632 200
15633 200
15634 200
15635 200
15636 200
15637 200
15638 200
15639 200
15640 200
15641 200
15642 200
15643 200
15644 200
15645 200
15646 200
15647 200
15648 200
15649 200
15650 200
15651 200
15652 200
15653 200
15654 200
15655 200
15656 200
15657 200
15658 200
15659 200
15660 200
15661 200
15662 200
15663 200
15664 200
15665 200
15666 200
15667 200
15668 200
15669 200
15670 200
15671 200
15672 200
15673 200
15674 200
15675 200
15676 200
15677 200
15678 200
15679 200
15680 200
15681 200
15682 200
15683 200
15684 200
15685 200
15686 200
15687 200
15688 200
15689 200
15690 200
15691 200
15692 200
15693 200
15694 200
15695 200
15696 200
15697 200
15698 200
15699 200
15700 200
15701 200
15702 200
15703 200
15704 200
15705 200
15706 200
15707 200
15708 200
15709 200
15710 200
15711 200
15712 200
15713 200
15714 200
15715 200
15716 200
15717 200
15718 200
15719 200
15720 200
15721 200
15722 200
15723 200
15724 200
15725 200
15726 200
15727 200
15728 200
15729 200
15730 200
15731 200
15732 200
15733 200
15734 200
15735 200
15736 200
15737 200
15738 200
15739 200
15740 200
15741 200
15742 200
15743 200
15744 200
15745 200
15746 200
15747 200
15748 200
15749 200
15750 200
15751 200
15752 200
15753 200
15754 200
15755 200
15756 200
15757 200
15758 200
15759 200
15760 200
15761 200
15762 200
15763 200
15764 200
15765 200
15766 200
15767 200
15768 200
15769 200
15770 200
15771 200
15772 200
15773 200
15774 200
15775 200
15776 200
15777 200
15778 200
15779 200
15780 200
15781 200
15782 200
15783 200
15784 200
15785 200
15786 200
15787 200
15788 200
15789 200
15790 200
15791 200
15792 200
15793 200
15794 200
15795 200
15796 200
15797 200
15798 200
15799 200
15800 200
15801 200
15802 200
15803 200
15804 200
15805 200
15806 200
15807 200
15808 200
15809 200
15810 200
15811 200
15812 200
15813 200
15814 200
15815 200
15816 200
15817 200
15818 200
15819 200
15820 200
15821 200
15822 200
15823 200
15824 200
15825 200
15826 200
15827 200
15828 200
15829 200
15830 200
15831 200
15832 200
15833 200
15834 200
15835 200
15836 200
15837 200
15838 200
15839 200
15840 200
15841 200
15842 200
15843 201
15844 201
15845 201
15846 201
15847 201
15848 201
15849 201
15850 201
15851 201
15852 201
15853 201
15854 201
15855 201
15856 201
15857 201
15858 201
15859 201
15860 201
15861 201
15862 201
15863 201
15864 201
15865 201
15866 201
15867 201
15868 201
15869 201
15870 201
15871 201
15872 201
15873 201
15874 201
15875 201
15876 201
15877 201
15878 201
15879 201
15880 201
15881 201
15882 201
15883 201
15884 201
15885 201
15886 201
15887 201
15888 201
15889 201
15890 201
15891 201
15892 201
15893 201
15894 201
15895 201
15896 201
15897 201
15898 201
15899 201
15900 201
15901 201
15902 201
15903 201
15904 201
15905 201
15906 201
15907 201
15908 201
15909 201
15910 201
15911 201
15912 201
15913 201
15914 201
15915 201
15916 201
15917 201
15918 201
15919 201
15920 201
15921 201
15922 201
15923 201
15924 201
15925 201
15926 201
15927 201
15928 201
15929 201
15930 201
15931 201
15932 201
15933 201
15934 201
15935 201
15936 201
15937 201
15938 201
15939 201
15940 201
15941 201
15942 201
15943 201
15944 201
15945 201
15946 201
15947 201
15948 201
15949 201
15950 201
15951 201
15952 201
15953 201
15954 201
15955 201
15956 201
15957 201
15958 201
15959 201
15960 201
15961 201
15962 201
15963 201
15964 201
15965 201
15966 201
15967 201
15968 201
15969 201
15970 201
15971 201
15972 201
15973 201
15974 201
15975 201
15976 201
15977 201
15978 201
15979 201
15980 201
15981 201
15982 201
15983 201
15984 201
15985 201
15986 201
15987 201
15988 201
15989 201
15990 201
15991 201
15992 201
15993 201
15994 201
15995 201
15996 201
15997 201
15998 201
15999 201
16000 201
16001 201
16002 201
16003 201
16004 201
16005 201
16006 201
16007 201
16008 201
16009 201
16010 201
16011 201
16012 201
16013 201
16014 201
16015 201
16016 201
16017 201
16018 201
16019 201
16020 201
16021 201
16022 201
16023 201
16024 201
16025 201
16026 202
16027 202
16028 202
16029 202
16030 202
16031 202
16032 202
16033 202
16034 202
16035 202
16036 202
16037 202
16038 202
16039 202
16040 202
16041 202
16042 202
16043 202
16044 202
16045 202
16046 202
16047 202
16048 202
16049 202
16050 202
16051 202
16052 202
16053 202
16054 202
16055 202
16056 202
16057 202
16058 202
16059 202
16060 202
16061 202
16062 202
16063 202
16064 202
16065 202
16066 202
16067 202
16068 202
16069 202
16070 202
16071 202
16072 202
16073 202
16074 202
16075 202
16076 202
16077 202
16078 202
16079 202
16080 202
16081 202
16082 202
16083 202
16084 202
16085 202
16086 202
16087 202
16088 202
16089 202
16090 202
16091 202
16092 202
16093 202
16094 202
16095 202
16096 202
16097 202
16098 202
16099 202
16100 202
16101 202
16102 202
16103 202
16104 202
16105 202
16106 202
16107 202
16108 202
16109 202
16110 202
16111 202
16112 202
16113 202
16114 202
16115 202
16116 202
16117 202
16118 202
16119 202
16120 202
16121 202
16122 202
16123 202
16124 202
16125 202
16126 202
16127 202
16128 202
16129 202
16130 202
16131 202
16132 202
16133 202
16134 202
16135 202
16136 202
16137 202
16138 202
16139 202
16140 202
16141 202
16142 202
16143 202
16144 202
16145 202
16146 202
16147 203
16148 203
16149 203
16150 203
16151 203
16152 203
16153 203
16154 203
16155 203
16156 203
16157 203
16158 203
16159 203
16160 203
16161 203
16162 203
16163 203
16164 203
16165 203
16166 203
16167 203
16168 203
16169 203
16170 203
16171 203
16172 203
16173 203
16174 203
16175 203
16176 203
16177 203
16178 203
16179 203
16180 203
16181 203
16182 203
16183 203
16184 203
16185 203
16186 203
16187 203
16188 203
16189 203
16190 203
16191 203
16192 203
16193 203
16194 203
16195 203
16196 203
16197 203
16198 203
16199 203
16200 203
16201 203
16202 203
16203 203
16204 203
16205 203
16206 203
16207 203
16208 203
16209 203
16210 203
16211 203
16212 203
16213 203
16214 203
16215 203
16216 203
16217 203
16218 203
16219 203
16220 203
16221 203
16222 203
16223 203
16224 203
16225 203
16226 203
16227 203
16228 203
16229 203
16230 203
16231 203
16232 203
16233 203
16234 203
16235 203
16236 203
16237 203
16238 203
16239 203
16240 203
16241 203
16242 203
16243 203
16244 203
16245 203
16246 203
16247 203
16248 203
16249 203
16250 203
16251 203
16252 203
16253 203
16254 203
16255 203
16256 203
16257 203
16258 203
16259 203
16260 203
16261 203
16262 203
16263 203
16264 203
16265 203
16266 203
16267 203
16268 203
16269 203
16270 203
16271 203
16272 203
16273 203
16274 203
16275 203
16276 203
16277 203
16278 203
16279 203
16280 203
16281 203
16282 203
16283 203
16284 203
16285 203
16286 203
16287 203
16288 203
16289 203
16290 203
16291 203
16292 203
16293 203
16294 203
16295 203
16296 203
16297 203
16298 203
16299 203
16300 203
16301 203
16302 203
16303 203
16304 203
16305 203
16306 203
16307 203
16308 203
16309 203
16310 204
16311 204
16312 204
16313 204
16314 204
16315 204
16316 204
16317 204
16318 204
16319 204
16320 204
16321 204
16322 204
16323 204
16324 204
16325 204
16326 204
16327 204
16328 204
16329 204
16330 204
16331 204
16332 204
16333 204
16334 204
16335 204
16336 204
16337 204
16338 204
16339 204
16340 204
16341 204
16342 204
16343 204
16344 204
16345 204
16346 204
16347 204
16348 204
16349 204
16350 204
16351 204
16352 204
16353 204
16354 204
16355 204
16356 204
16357 204
16358 204
16359 204
16360 204
16361 204
16362 204
16363 204
16364 204
16365 204
16366 204
16367 204
16368 204
16369 204
16370 204
16371 204
16372 204
16373 204
16374 204
16375 204
16376 204
16377 204
16378 204
16379 204
16380 204
16381 204
16382 204
16383 204
16384 204
16385 204
16386 204
16387 204
16388 204
16389 204
16390 204
16391 204
16392 204
16393 204
16394 204
16395 204
16396 204
16397 204
16398 204
16399 204
16400 204
16401 204
16402 204
16403 204
16404 204
16405 204
16406 204
16407 204
16408 204
16409 204
16410 204
16411 204
16412 204
16413 204
16414 204
16415 204
16416 204
16417 204
16418 204
16419 204
16420 204
16421 204
16422 204
16423 204
16424 204
16425 204
16426 204
16427 204
16428 204
16429 204
16430 204
16431 204
16432 204
16433 204
16434 204
16435 204
16436 204
16437 204
16438 204
16439 204
16440 204
16441 204
16442 204
16443 204
16444 204
16445 204
16446 204
16447 204
16448 204
16449 204
16450 204
16451 204
16452 204
16453 204
16454 204
16455 204
16456 204
16457 204
16458 204
16459 204
16460 204
16461 204
16462 204
16463 204
16464 204
16465 204
16466 204
16467 204
16468 204
16469 204
16470 204
16471 204
16472 204
16473 204
16474 204
16475 204
16476 204
16477 204
16478 204
16479 204
16480 204
16481 204
16482 204
16483 204
16484 204
16485 204
16486 204
16487 204
16488 204
16489 204
16490 204
16491 204
16492 204
16493 204
16494 204
16495 204
16496 204
16497 204
16498 204
16499 204
16500 204
16501 204
16502 204
16503 204
16504 204
16505 204
16506 204
16507 204
16508 204
16509 204
16510 204
16511 204
16512 204
16513 204
16514 204
16515 204
16516 204
16517 204
16518 204
16519 204
16520 204
16521 204
16522 204
16523 204
16524 204
16525 204
16526 204
16527 204
16528 204
16529 204
16530 204
16531 204
16532 204
16533 204
16534 204
16535 204
16536 204
16537 204
16538 204
16539 204
16540 204
16541 204
16542 204
16543 204
16544 204
16545 204
16546 204
16547 204
16548 204
16549 204
16550 204
16551 204
16552 204
16553 204
16554 204
16555 204
16556 204
16557 204
16558 204
16559 204
16560 204
16561 204
16562 204
16563 204
16564 204
16565 204
16566 204
16567 204
16568 204
16569 204
16570 204
16571 204
16572 204
16573 204
16574 204
16575 204
16576 204
16577 204
16578 204
16579 204
16580 204
16581 204
16582 204
16583 204
16584 204
16585 204
16586 204
16587 204
16588 204
16589 204
16590 204
16591 204
16592 204
16593 204
16594 204
16595 204
16596 204
16597 204
16598 204
16599 204
16600 204
16601 204
16602 204
16603 204
16604 204
16605 204
16606 204
16607 204
16608 204
16609 204
16610 204
16611 204
16612 204
16613 204
16614 204
16615 204
16616 204
16617 204
16618 204
16619 204
16620 204
16621 204
16622 204
16623 204
16624 204
16625 204
16626 204
16627 204
16628 204
16629 204
16630 204
16631 204
16632 204
16633 204
16634 204
16635 204
16636 204
16637 204
16638 204
16639 204
16640 204
16641 204
16642 204
16643 204
16644 204
16645 204
16646 204
16647 204
16648 204
16649 204
16650 204
16651 204
16652 204
16653 204
16654 204
16655 204
16656 204
16657 204
16658 204
16659 204
16660 204
16661 204
16662 204
16663 204
16664 204
16665 204
16666 204
16667 204
16668 204
16669 204
16670 204
16671 204
16672 204
16673 204
16674 204
16675 204
16676 204
16677 204
16678 204
16679 204
16680 204
16681 204
16682 204
16683 204
16684 204
16685 204
16686 204
16687 204
16688 204
16689 204
16690 204
16691 204
16692 204
16693 204
16694 204
16695 204
16696 204
16697 204
16698 204
16699 204
16700 204
16701 204
16702 204
16703 204
16704 204
16705 204
16706 204
16707 204
16708 204
16709 204
16710 204
16711 204
16712 204
16713 204
16714 204
16715 204
16716 204
16717 204
16718 204
16719 204
16720 204
16721 204
16722 204
16723 204
16724 204
16725 204
16726 204
16727 204
16728 204
16729 204
16730 204
16731 204
16732 204
16733 204
16734 204
16735 204
16736 204
16737 204
16738 204
16739 204
16740 204
16741 204
16742 204
16743 204
16744 204
16745 204
16746 204
16747 204
16748 204
16749 204
16750 204
16751 204
16752 204
16753 204
16754 204
16755 204
16756 204
16757 204
16758 204
16759 204
16760 204
16761 204
16762 204
16763 204
16764 204
16765 204
16766 204
16767 204
16768 204
16769 204
16770 204
16771 204
16772 204
16773 204
16774 204
16775 204
16776 204
16777 204
16778 204
16779 204
16780 204
16781 204
16782 204
16783 204
16784 204
16785 204
16786 204
16787 204
16788 204
16789 204
16790 204
16791 204
16792 204
16793 204
16794 204
16795 204
16796 204
16797 204
16798 204
16799 204
16800 204
16801 204
16802 204
16803 204
16804 204
16805 204
16806 204
16807 204
16808 204
16809 204
16810 204
16811 204
16812 204
16813 204
16814 204
16815 204
16816 204
16817 204
16818 204
16819 204
16820 204
16821 204
16822 204
16823 204
16824 204
16825 204
16826 204
16827 204
16828 204
16829 204
16830 204
16831 204
16832 204
16833 204
16834 204
16835 204
16836 204
16837 204
16838 204
16839 204
16840 204
16841 204
16842 204
16843 204
16844 204
16845 204
16846 204
16847 204
16848 204
16849 204
16850 204
16851 204
16852 204
16853 204
16854 204
16855 204
16856 204
16857 204
16858 204
16859 204
16860 204
16861 204
16862 204
16863 204
16864 204
16865 204
16866 204
16867 204
16868 205
16869 205
16870 205
16871 205
16872 205
16873 205
16874 205
16875 205
16876 205
16877 205
16878 205
16879 205
16880 205
16881 205
16882 205
16883 205
16884 205
16885 205
16886 205
16887 205
16888 205
16889 205
16890 205
16891 205
16892 205
16893 205
16894 205
16895 205
16896 205
16897 205
16898 205
16899 205
16900 205
16901 205
16902 205
16903 205
16904 205
16905 205
16906 205
16907 205
16908 205
16909 205
16910 205
16911 205
16912 205
16913 205
16914 205
16915 205
16916 205
16917 205
16918 205
16919 205
16920 205
16921 205
16922 205
16923 205
16924 205
16925 205
16926 205
16927 205
16928 205
16929 205
16930 205
16931 205
16932 205
16933 205
16934 205
16935 206
16936 206
16937 206
16938 206
16939 206
16940 206
16941 206
16942 206
16943 206
16944 206
16945 206
16946 206
16947 206
16948 206
16949 206
16950 206
16951 206
16952 206
16953 206
16954 206
16955 206
16956 206
16957 206
16958 206
16959 206
16960 206
16961 206
16962 206
16963 206
16964 206
16965 206
16966 206
16967 206
16968 206
16969 206
16970 206
16971 206
16972 206
16973 206
16974 206
16975 206
16976 206
16977 206
16978 206
16979 206
16980 206
16981 206
16982 206
16983 206
16984 206
16985 206
16986 206
16987 206
16988 206
16989 206
16990 206
16991 206
16992 206
16993 206
16994 206
16995 206
16996 206
16997 206
16998 206
16999 206
17000 206
17001 206
17002 206
17003 206
17004 206
17005 206
17006 206
17007 206
17008 206
17009 206
17010 206
17011 206
17012 206
17013 206
17014 206
17015 206
17016 206
17017 206
17018 206
17019 206
17020 206
17021 206
17022 206
17023 206
17024 206
17025 206
17026 206
17027 206
17028 206
17029 206
17030 206
17031 206
17032 206
17033 206
17034 206
17035 206
17036 206
17037 206
17038 206
17039 206
17040 206
17041 206
17042 206
17043 206
17044 206
17045 206
17046 206
17047 206
17048 206
17049 206
17050 206
17051 206
17052 206
17053 206
17054 206
17055 206
17056 206
17057 206
17058 206
17059 206
17060 207
17061 207
17062 207
17063 207
17064 207
17065 207
17066 207
17067 207
17068 207
17069 207
17070 207
17071 207
17072 207
17073 207
17074 207
17075 207
17076 207
17077 207
17078 207
17079 207
17080 207
17081 207
17082 207
17083 207
17084 207
17085 207
17086 207
17087 207
17088 207
17089 207
17090 207
17091 207
17092 207
17093 207
17094 207
17095 207
17096 207
17097 207
17098 207
17099 207
17100 207
17101 207
17102 207
17103 207
17104 207
17105 207
17106 207
17107 207
17108 207
17109 207
17110 207
17111 207
17112 207
17113 207
17114 207
17115 207
17116 207
17117 207
17118 207
17119 207
17120 207
17121 207
17122 207
17123 207
17124 207
17125 207
17126 207
17127 207
17128 207
17129 207
17130 207
17131 207
17132 207
17133 207
17134 207
17135 207
17136 207
17137 207
17138 207
17139 207
17140 207
17141 207
17142 207
17143 207
17144 207
17145 207
17146 207
17147 207
17148 207
17149 207
17150 207
17151 207
17152 207
17153 207
17154 207
17155 207
17156 207
17157 207
17158 207
17159 207
17160 207
17161 207
17162 207
17163 207
17164 207
17165 207
17166 207
17167 207
17168 207
17169 207
17170 207
17171 207
17172 207
17173 207
17174 207
17175 207
17176 207
17177 207
17178 207
17179 207
17180 207
17181 207
17182 207
17183 207
17184 207
17185 207
17186 207
17187 207
17188 207
17189 207
17190 207
17191 207
17192 207
17193 207
17194 207
17195 207
17196 207
17197 207
17198 207
17199 207
17200 207
17201 207
17202 207
17203 207
17204 207
17205 207
17206 207
17207 207
17208 207
17209 207
17210 207
17211 207
17212 207
17213 207
17214 207
17215 207
17216 207
17217 207
17218 207
17219 207
17220 207
17221 207
17222 207
17223 207
17224 207
17225 207
17226 207
17227 207
17228 207
17229 207
17230 207
17231 207
17232 207
17233 207
17234 207
17235 207
17236 207
17237 207
17238 207
17239 207
17240 207
17241 207
17242 207
17243 207
17244 207
17245 207
17246 207
17247 207
17248 207
17249 207
17250 207
17251 207
17252 207
17253 207
17254 207
17255 207
17256 207
17257 207
17258 207
17259 207
17260 207
17261 207
17262 207
17263 207
17264 207
17265 207
17266 207
17267 207
17268 207
17269 207
17270 207
17271 207
17272 207
17273 207
17274 207
17275 208
17276 208
17277 208
17278 208
17279 208
17280 208
17281 208
17282 208
17283 208
17284 208
17285 208
17286 208
17287 208
17288 208
17289 208
17290 208
17291 208
17292 208
17293 208
17294 208
17295 208
17296 208
17297 208
17298 208
17299 208
17300 208
17301 208
17302 208
17303 208
17304 208
17305 208
17306 208
17307 208
17308 208
17309 208
17310 208
17311 208
17312 208
17313 208
17314 208
17315 208
17316 208
17317 208
17318 208
17319 208
17320 208
17321 208
17322 208
17323 208
17324 208
17325 208
17326 208
17327 208
17328 208
17329 208
17330 208
17331 208
17332 208
17333 208
17334 208
17335 208
17336 208
17337 208
17338 208
17339 208
17340 208
17341 208
17342 208
17343 208
17344 208
17345 208
17346 208
17347 208
17348 208
17349 208
17350 208
17351 208
17352 208
17353 208
17354 208
17355 208
17356 208
17357 208
17358 208
17359 208
17360 208
17361 208
17362 208
17363 208
17364 208
17365 208
17366 208
17367 208
17368 208
17369 208
17370 208
17371 208
17372 208
17373 208
17374 208
17375 208
17376 208
17377 208
17378 208
17379 208
17380 208
17381 208
17382 208
17383 208
17384 208
17385 208
17386 208
17387 208
17388 208
17389 208
17390 208
17391 208
17392 208
17393 208
17394 208
17395 208
17396 208
17397 208
17398 208
17399 208
17400 208
17401 208
17402 208
17403 208
17404 208
17405 208
17406 208
17407 208
17408 208
17409 208
17410 208
17411 208
17412 208
17413 208
17414 208
17415 208
17416 208
17417 208
17418 208
17419 208
17420 208
17421 208
17422 208
17423 208
17424 208
17425 208
17426 208
17427 208
17428 208
17429 208
17430 208
17431 208
17432 208
17433 208
17434 208
17435 208
17436 208
17437 208
17438 208
17439 208
17440 208
17441 208
17442 208
17443 208
17444 208
17445 208
17446 208
17447 208
17448 208
17449 208
17450 208
17451 208
17452 208
17453 208
17454 208
17455 208
17456 208
17457 208
17458 208
17459 208
17460 208
17461 208
17462 209
17463 209
17464 209
17465 209
17466 209
17467 209
17468 209
17469 209
17470 209
17471 209
17472 209
17473 209
17474 209
17475 209
17476 209
17477 209
17478 209
17479 209
17480 209
17481 209
17482 209
17483 209
17484 209
17485 209
17486 209
17487 209
17488 209
17489 209
17490 209
17491 209
17492 209
17493 209
17494 209
17495 209
17496 209
17497 209
17498 209
17499 209
17500 209
17501 209
17502 209
17503 209
17504 209
17505 209
17506 209
17507 209
17508 209
17509 209
17510 209
17511 209
17512 209
17513 209
17514 209
17515 209
17516 209
17517 209
17518 209
17519 209
17520 209
17521 209
17522 209
17523 209
17524 209
17525 209
17526 209
17527 209
17528 209
17529 209
17530 211
17531 211
17532 211
17533 211
17534 211
17535 211
17536 211
17537 211
17538 211
17539 211
17540 211
17541 211
17542 211
17543 211
17544 211
17545 211
17546 211
17547 211
17548 211
17549 211
17550 212
17551 212
17552 212
17553 212
17554 212
17555 214
17556 214
17557 214
17558 214
17559 214
17560 214
17561 214
17562 214
17563 214
17564 214
17565 214
17566 214
17567 214
17568 214
17569 214
17570 214
17571 214
17572 214
17573 214
17574 214
17575 214
17576 214
17577 214
17578 214
17579 214
17580 214
17581 214
17582 218
17583 218
17584 218
17585 218
17586 218
17587 218
17588 218
17589 218
17590 218
17591 218
17592 218
17593 218
17594 218
17595 218
17596 218
17597 218
17598 218
17599 218
17600 218
17601 218
17602 218
17603 218
17604 218
17605 218
17606 218
17607 218
17608 218
17609 218
17610 218
17611 218
17612 218
17613 218
17614 218
17615 218
17616 218
17617 220
17618 220
17619 220
17620 220
17621 220
17622 220
17623 220
17624 220
17625 220
17626 220
17627 220
17628 222
17629 222
17630 222
17631 222
17632 222
17633 222
17634 222
17635 222
17636 222
17637 222
17638 222
17639 222
17640 222
17641 222
17642 222
17643 222
17644 222
17645 222
17646 222
17647 222
17648 222
17649 222
17650 222
17651 222
17652 222
17653 222
17654 222
17655 222
17656 222
17657 222
17658 222
17659 222
17660 222
17661 222
17662 222
17663 222
17664 222
17665 222
17666 222
17667 222
17668 222
17669 222
17670 222
17671 222
17672 222
17673 222
17674 222
17675 222
17676 222
17677 222
17678 222
17679 222
17680 222
17681 222
17682 222
17683 222
17684 222
17685 222
17686 222
17687 222
17688 222
17689 222
17690 222
17691 222
17692 222
17693 222
17694 222
17695 222
17696 222
17697 222
17698 222
17699 222
17700 222
17701 222
17702 222
17703 222
17704 222
17705 222
17706 222
17707 222
17708 222
17709 222
17710 222
17711 222
17712 222
17713 222
17714 222
17715 222
17716 222
17717 222
17718 222
17719 222
17720 222
17721 222
17722 222
17723 222
17724 222
17725 223
17726 223
17727 223
17728 223
17729 223
17730 223
17731 223
17732 223
17733 223
17734 223
17735 223
17736 223
17737 224
17738 224
17739 224
17740 224
17741 224
17742 224
17743 224
17744 224
17745 224
17746 224
17747 224
17748 224
17749 224
17750 224
17751 224
17752 224
17753 225
17754 226
17755 226
17756 226
17757 226
17758 227
17759 227
17760 227
17761 227
17762 227
17763 227
17764 227
17765 227
17766 227
17767 227
17768 227
17769 227
17770 227
17771 227
17772 227
17773 227
17774 227
17775 227
17776 227
17777 227
17778 227
17779 227
17780 227
17781 227
17782 227
17783 227
17784 227
17785 227
17786 227
17787 227
17788 227
17789 227
17790 227
17791 227
17792 227
17793 227
17794 227
17795 227
17796 227
17797 227
17798 227
17799 227
17800 227
17801 227
17802 227
17803 228
17804 228
17805 228
17806 228
17807 228
17808 228
17809 228
17810 228
17811 228
17812 229
17813 229
17814 229
17815 229
17816 229
17817 229
17818 229
17819 230
17820 231
17821 231
17822 231
17823 231
17824 231
17825 232
17826 232
17827 232
17828 232
17829 232
17830 233
17831 233
17832 233
17833 233
17834 233
17835 233
17836 233
17837 233
17838 233
17839 233
17840 233
17841 233
17842 233
17843 233
17844 233
17845 233
17846 233
17847 233
17848 233
17849 233
17850 233
17851 233
17852 233
17853 234
17854 234
17855 234
17856 234
17857 234
17858 234
17859 234
17860 234
17861 235
17862 235
17863 235
17864 235
17865 235
17866 235
17867 235
17868 235
17869 235
17870 235
17871 235
17872 235
17873 235
17874 235
17875 235
17876 235
17877 235
17878 235
17879 235
17880 235
17881 235
17882 235
17883 235
17884 235
17885 235
17886 235
17887 235
17888 235
17889 235
17890 235
17891 235
17892 235
17893 235
17894 235
17895 235
17896 235
17897 235
17898 235
17899 235
17900 235
17901 235
17902 235
17903 235
17904 235
17905 235
17906 235
17907 235
17908 235
17909 235
17910 235
17911 235
17912 235
17913 235
17914 235
17915 235
17916 235
17917 235
17918 235
17919 235
17920 235
17921 235
17922 235
17923 235
17924 235
17925 235
17926 235
17927 235
17928 235
17929 235
17930 235
17931 235
17932 235
17933 235
17934 235
17935 235
17936 235
17937 236
17938 236
17939 236
17940 236
17941 236
17942 236
17943 236
17944 236
17945 236
17946 236
17947 236
17948 236
17949 236
17950 236
17951 236
17952 236
17953 236
17954 236
17955 236
17956 236
17957 236
17958 236
17959 236
17960 236
17961 236
17962 236
17963 236
17964 236
17965 236
17966 236
17967 236
17968 236
17969 236
17970 236
17971 236
17972 236
17973 236
17974 236
17975 236
17976 236
17977 236
17978 236
17979 236
17980 236
17981 236
17982 236
17983 236
17984 236
17985 236
17986 236
17987 236
17988 236
17989 236
17990 236
17991 236
17992 236
17993 236
17994 236
17995 236
17996 236
17997 236
17998 236
17999 236
18000 236
18001 236
18002 236
18003 236
18004 236
18005 236
18006 236
18007 236
18008 236
18009 236
18010 236
18011 236
18012 236
18013 236
18014 236
18015 236
18016 236
18017 236
18018 236
18019 236
18020 236
18021 236
18022 236
18023 236
18024 236
18025 236
18026 236
18027 236
18028 236
18029 236
18030 236
18031 237
18032 237
18033 237
18034 237
18035 237
18036 237
18037 237
18038 237
18039 237
18040 237
18041 237
18042 237
18043 237
18044 237
18045 237
18046 237
18047 237
18048 237
18049 237
18050 237
18051 237
18052 237
18053 237
18054 237
18055 237
18056 237
18057 237
18058 237
18059 237
18060 237
18061 237
18062 237
18063 237
18064 237
18065 237
18066 237
18067 237
18068 237
18069 237
18070 237
18071 237
18072 237
18073 237
18074 237
18075 237
18076 237
18077 237
18078 237
18079 237
18080 237
18081 237
18082 237
18083 237
18084 237
18085 237
18086 237
18087 237
18088 237
18089 237
18090 237
18091 237
18092 237
18093 237
18094 237
18095 237
18096 237
18097 237
18098 237
18099 237
18100 237
18101 237
18102 237
18103 237
18104 237
18105 237
18106 237
18107 237
18108 237
18109 237
18110 237
18111 237
18112 237
18113 237
18114 237
18115 237
18116 237
18117 237
18118 237
18119 237
18120 237
18121 237
18122 237
18123 237
18124 237
18125 237
18126 237
18127 237
18128 237
18129 237
18130 237
18131 237
18132 237
18133 237
18134 237
18135 237
18136 237
18137 237
18138 237
18139 237
18140 237
18141 237
18142 237
18143 237
18144 237
18145 237
18146 237
18147 237
18148 237
18149 237
18150 237
18151 237
18152 237
18153 237
18154 237
18155 237
18156 237
18157 237
18158 237
18159 237
18160 237
18161 237
18162 237
18163 237
18164 237
18165 237
18166 237
18167 237
18168 237
18169 237
18170 237
18171 237
18172 237
18173 237
18174 237
18175 237
18176 237
18177 237
18178 237
18179 237
18180 237
18181 237
18182 237
18183 237
18184 237
18185 237
18186 237
18187 237
18188 237
18189 237
18190 237
18191 237
18192 237
18193 237
18194 237
18195 237
18196 237
18197 237
18198 237
18199 237
18200 237
18201 237
18202 237
18203 237
18204 237
18205 237
18206 237
18207 237
18208 237
18209 237
18210 237
18211 237
18212 237
18213 237
18214 237
18215 237
18216 237
18217 237
18218 237
18219 237
18220 237
18221 237
18222 237
18223 237
18224 237
18225 238
18226 238
18227 238
18228 238
18229 238
18230 238
18231 238
18232 238
18233 238
18234 238
18235 238
18236 238
18237 238
18238 238
18239 238
18240 238
18241 238
18242 238
18243 238
18244 238
18245 238
18246 238
18247 238
18248 238
18249 238
18250 238
18251 238
18252 238
18253 238
18254 238
18255 238
18256 238
18257 238
18258 238
18259 238
18260 238
18261 238
18262 238
18263 238
18264 238
18265 238
18266 238
18267 238
18268 238
18269 238
18270 238
18271 238
18272 238
18273 238
18274 238
18275 238
18276 238
18277 238
18278 238
18279 238
18280 238
18281 238
18282 238
18283 238
18284 238
18285 238
18286 238
18287 238
18288 238
18289 238
18290 238
18291 238
18292 238
18293 238
18294 238
18295 238
18296 238
18297 238
18298 238
18299 238
18300 238
18301 238
18302 238
18303 238
18304 238
18305 238
18306 239
18307 239
18308 239
18309 239
18310 239
18311 239
18312 239
18313 239
18314 239
18315 239
18316 239
18317 239
18318 239
18319 239
18320 239
18321 239
18322 239
18323 239
18324 239
18325 239
18326 239
18327 239
18328 239
18329 239
18330 239
18331 239
18332 239
18333 239
18334 239
18335 239
18336 239
18337 239
18338 240
18339 240
18340 240
18341 240
18342 240
18343 240
18344 240
18345 240
18346 240
18347 240
18348 240
18349 240
18350 240
18351 240
18352 240
18353 240
18354 240
18355 240
18356 240
18357 240
18358 240
18359 240
18360 240
18361 240
18362 240
18363 240
18364 240
18365 240
18366 240
18367 240
18368 240
18369 240
18370 240
18371 240
18372 240
18373 240
18374 240
18375 240
18376 240
18377 240
18378 240
18379 240
18380 240
18381 240
18382 240
18383 240
18384 240
18385 240
18386 240
18387 240
18388 240
18389 240
18390 240
18391 240
18392 240
18393 240
18394 240
18395 240
18396 240
18397 240
18398 240
18399 240
18400 240
18401 240
18402 240
18403 240
18404 240
18405 240
18406 240
18407 240
18408 240
18409 240
18410 240
18411 240
18412 240
18413 240
18414 240
18415 240
18416 240
18417 240
18418 240
18419 240
18420 240
18421 240
18422 240
18423 240
18424 240
18425 240
18426 240
18427 240
18428 240
18429 240
18430 240
18431 240
18432 240
18433 240
18434 240
18435 240
18436 240
18437 240
18438 240
18439 240
18440 240
18441 240
18442 240
18443 240
18444 240
18445 240
18446 240
18447 240
18448 240
18449 240
18450 240
18451 240
18452 240
18453 240
18454 240
18455 240
18456 240
18457 240
18458 240
18459 240
18460 240
18461 240
18462 240
18463 240
18464 240
18465 240
18466 240
18467 240
18468 240
18469 240
18470 240
18471 240
18472 240
18473 240
18474 240
18475 240
18476 240
18477 240
18478 240
18479 240
18480 240
18481 240
18482 240
18483 240
18484 240
18485 240
18486 240
18487 240
18488 240
18489 240
18490 240
18491 240
18492 240
18493 240
18494 240
18495 240
18496 240
18497 240
18498 240
18499 240
18500 240
18501 240
18502 240
18503 240
18504 240
18505 240
18506 240
18507 240
18508 240
18509 240
18510 240
18511 240
18512 240
18513 240
18514 240
18515 240
18516 240
18517 240
18518 240
18519 240
18520 240
18521 240
18522 240
18523 240
18524 240
18525 240
18526 240
18527 240
18528 240
18529 240
18530 240
18531 240
18532 240
18533 240
18534 240
18535 240
18536 240
18537 240
18538 240
18539 240
18540 240
18541 240
18542 240
18543 240
18544 240
18545 240
18546 240
18547 240
18548 240
18549 240
18550 240
18551 240
18552 240
18553 240
18554 240
18555 240
18556 240
18557 240
18558 240
18559 240
18560 240
18561 240
18562 240
18563 240
18564 240
18565 240
18566 240
18567 240
18568 240
18569 240
18570 240
18571 240
18572 240
18573 240
18574 240
18575 240
18576 240
18577 240
18578 240
18579 240
18580 240
18581 240
18582 240
18583 240
18584 240
18585 240
18586 240
18587 240
18588 240
18589 240
18590 240
18591 240
18592 240
18593 240
18594 240
18595 240
18596 240
18597 240
18598 240
18599 240
18600 240
18601 240
18602 240
18603 240
18604 240
18605 240
18606 240
18607 240
18608 240
18609 240
18610 240
18611 240
18612 240
18613 240
18614 240
18615 240
18616 240
18617 240
18618 240
18619 240
18620 240
18621 240
18622 240
18623 240
18624 240
18625 240
18626 240
18627 240
18628 240
18629 240
18630 240
18631 240
18632 240
18633 240
18634 240
18635 240
18636 240
18637 240
18638 240
18639 240
18640 240
18641 240
18642 240
18643 240
18644 240
18645 240
18646 240
18647 240
18648 240
18649 240
18650 240
18651 240
18652 240
18653 240
18654 240
18655 240
18656 240
18657 240
18658 240
18659 240
18660 240
18661 240
18662 240
18663 240
18664 240
18665 240
18666 240
18667 240
18668 240
18669 240
18670 240
18671 240
18672 240
18673 240
18674 240
18675 240
18676 240
18677 240
18678 240
18679 240
18680 240
18681 240
18682 240
18683 240
18684 240
18685 240
18686 240
18687 240
18688 240
18689 240
18690 240
18691 240
18692 240
18693 240
18694 240
18695 240
18696 240
18697 240
18698 240
18699 240
18700 240
18701 240
18702 240
18703 240
18704 240
18705 240
18706 240
18707 240
18708 240
18709 240
18710 240
18711 240
18712 240
18713 240
18714 240
18715 240
18716 240
18717 240
18718 240
18719 240
18720 240
18721 240
18722 240
18723 240
18724 240
18725 240
18726 240
18727 240
18728 240
18729 240
18730 240
18731 240
18732 240
18733 240
18734 240
18735 240
18736 240
18737 240
18738 240
18739 240
18740 240
18741 240
18742 240
18743 240
18744 240
18745 240
18746 240
18747 240
18748 240
18749 240
18750 240
18751 240
18752 240
18753 240
18754 240
18755 240
18756 240
18757 240
18758 240
18759 240
18760 240
18761 240
18762 240
18763 240
18764 240
18765 240
18766 240
18767 240
18768 240
18769 240
18770 240
18771 240
18772 240
18773 240
18774 240
18775 240
18776 240
18777 240
18778 240
18779 240
18780 240
18781 240
18782 240
18783 240
18784 240
18785 240
18786 240
18787 240
18788 240
18789 240
18790 240
18791 240
18792 240
18793 240
18794 240
18795 240
18796 240
18797 240
18798 240
18799 240
18800 240
18801 240
18802 240
18803 240
18804 240
18805 240
18806 240
18807 240
18808 240
18809 240
18810 240
18811 240
18812 240
18813 240
18814 240
18815 240
18816 240
18817 240
18818 240
18819 240
18820 240
18821 240
18822 240
18823 240
18824 240
18825 240
18826 240
18827 240
18828 243
18829 243
18830 243
18831 243
18832 243
18833 243
18834 243
18835 243
18836 243
18837 243
18838 243
18839 243
18840 243
18841 243
18842 243
18843 245
18844 245
18845 245
18846 245
18847 245
18848 245
18849 245
18850 245
18851 245
18852 245
18853 245
18854 245
18855 245
18856 245
18857 245
18858 245
18859 245
18860 245
18861 245
18862 245
18863 245
18864 245
18865 245
18866 245
18867 245
18868 245
18869 245
18870 245
18871 245
18872 245
18873 245
18874 245
18875 245
18876 245
18877 245
18878 245
18879 245
18880 245
18881 245
18882 245
18883 245
18884 245
18885 245
18886 245
18887 245
18888 245
18889 245
18890 245
18891 245
18892 245
18893 245
18894 245
18895 245
18896 245
18897 245
18898 245
18899 245
18900 245
18901 245
18902 245
18903 245
18904 245
18905 245
18906 245
18907 245
18908 245
18909 245
18910 245
18911 245
18912 245
18913 245
18914 245
18915 245
18916 245
18917 245
18918 245
18919 245
18920 245
18921 245
18922 245
18923 245
18924 245
18925 245
18926 245
18927 245
18928 245
18929 245
18930 245
18931 245
18932 245
18933 245
18934 245
18935 245
18936 245
18937 245
18938 245
18939 245
18940 245
18941 245
18942 245
18943 245
18944 245
18945 245
18946 245
18947 245
18948 245
18949 245
18950 245
18951 245
18952 245
18953 245
18954 245
18955 246
18956 246
18957 246
18958 246
18959 246
18960 246
18961 246
18962 246
18963 246
18964 246
18965 246
18966 246
18967 246
18968 246
18969 246
18970 246
18971 246
18972 246
18973 246
18974 246
18975 246
18976 246
18977 246
18978 246
18979 246
18980 246
18981 246
18982 246
18983 246
18984 246
18985 246
18986 246
18987 246
18988 246
18989 246
18990 246
18991 246
18992 246
18993 246
18994 246
18995 246
18996 246
18997 246
18998 246
18999 246
19000 246
19001 246
19002 246
19003 246
19004 246
19005 246
19006 246
19007 246
19008 246
19009 246
19010 246
19011 246
19012 246
19013 246
19014 246
19015 246
19016 246
19017 246
19018 246
19019 246
19020 246
19021 246
19022 246
19023 246
19024 246
19025 246
19026 246
19027 246
19028 246
19029 246
19030 246
19031 246
19032 246
19033 246
19034 246
19035 246
19036 246
19037 246
19038 246
19039 246
19040 246
19041 246
19042 246
19043 246
19044 246
19045 246
19046 246
19047 246
19048 246
19049 246
19050 246
19051 246
19052 246
19053 246
19054 246
19055 246
19056 246
19057 246
19058 246
19059 246
19060 246
19061 246
19062 246
19063 246
19064 246
19065 246
19066 246
19067 246
19068 246
19069 246
19070 246
19071 246
19072 246
19073 246
19074 246
19075 246
19076 246
19077 246
19078 246
19079 246
19080 246
19081 246
19082 246
19083 246
19084 246
19085 246
19086 246
19087 246
19088 246
19089 246
19090 246
19091 246
19092 246
19093 246
19094 246
19095 246
19096 246
19097 246
19098 246
19099 246
19100 246
19101 246
19102 246
19103 246
19104 246
19105 246
19106 246
19107 246
19108 246
19109 246
19110 246
19111 246
19112 246
19113 246
19114 246
19115 246
19116 246
19117 246
19118 246
19119 246
19120 246
19121 246
19122 246
19123 246
19124 246
19125 246
19126 246
19127 246
19128 246
19129 246
19130 246
19131 246
19132 246
19133 247
19134 247
19135 247
19136 247
19137 247
19138 247
19139 247
19140 247
19141 247
19142 247
19143 247
19144 247
19145 247
19146 247
19147 247
19148 247
19149 247
19150 247
19151 247
19152 247
19153 247
19154 247
19155 247
19156 247
19157 247
19158 247
19159 247
19160 247
19161 247
19162 247
19163 247
19164 247
19165 247
19166 247
19167 247
19168 247
19169 247
19170 247
19171 247
19172 247
19173 247
19174 247
19175 247
19176 247
19177 247
19178 247
19179 247
19180 247
19181 247
19182 247
19183 247
19184 247
19185 247
19186 247
19187 247
19188 247
19189 247
19190 247
19191 247
19192 247
19193 247
19194 247
19195 247
19196 247
19197 247
19198 247
19199 247
19200 247
19201 247
19202 247
19203 247
19204 247
19205 247
19206 247
19207 247
19208 247
19209 247
19210 247
19211 247
19212 247
19213 247
19214 247
19215 247
19216 247
19217 247
19218 247
19219 247
19220 247
19221 247
19222 247
19223 247
19224 247
19225 247
19226 247
19227 247
19228 247
19229 247
19230 247
19231 247
19232 247
19233 247
19234 247
19235 247
19236 247
19237 247
19238 248
19239 248
19240 248
19241 248
19242 248
19243 248
19244 248
19245 248
19246 248
19247 248
19248 248
19249 248
19250 248
19251 248
19252 248
19253 248
19254 248
19255 248
19256 248
19257 248
19258 248
19259 248
19260 248
19261 248
19262 248
19263 248
19264 248
19265 248
19266 248
19267 248
19268 248
19269 248
19270 248
19271 248
19272 248
19273 248
19274 248
19275 248
19276 248
19277 248
19278 248
19279 248
19280 248
19281 248
19282 248
19283 248
19284 248
19285 248
19286 248
19287 248
19288 248
19289 248
19290 248
19291 248
19292 248
19293 248
19294 248
19295 248
19296 248
19297 248
19298 248
19299 248
19300 248
19301 248
19302 248
19303 248
19304 248
19305 248
19306 248
19307 248
19308 248
19309 248
19310 248
19311 248
19312 248
19313 248
19314 248
19315 248
19316 248
19317 248
19318 248
19319 248
19320 248
19321 248
19322 248
19323 248
19324 248
19325 248
19326 248
19327 248
19328 248
19329 248
19330 248
19331 248
19332 248
19333 248
19334 248
19335 248
19336 248
19337 248
19338 248
19339 248
19340 248
19341 248
19342 248
19343 248
19344 248
19345 248
19346 248
19347 248
19348 248
19349 248
19350 248
19351 248
19352 248
19353 248
19354 248
19355 248
19356 248
19357 248
19358 248
19359 248
19360 248
19361 248
19362 248
19363 248
19364 248
19365 248
19366 248
19367 248
19368 248
19369 248
19370 248
19371 248
19372 248
19373 248
19374 248
19375 248
19376 248
19377 248
19378 248
19379 248
19380 248
19381 248
19382 248
19383 248
19384 248
19385 248
19386 248
19387 248
19388 248
19389 248
19390 248
19391 248
19392 248
19393 248
19394 248
19395 248
19396 248
19397 248
19398 248
19399 248
19400 248
19401 248
19402 249
19403 249
19404 249
19405 249
19406 249
19407 249
19408 249
19409 249
19410 249
19411 249
19412 249
19413 249
19414 249
19415 249
19416 249
19417 249
19418 249
19419 249
19420 249
19421 249
19422 249
19423 249
19424 249
19425 249
19426 249
19427 249
19428 249
19429 249
19430 249
19431 249
19432 249
19433 249
19434 249
19435 249
19436 249
19437 249
19438 249
19439 249
19440 249
19441 249
19442 249
19443 249
19444 249
19445 249
19446 249
19447 249
19448 249
19449 249
19450 249
19451 249
19452 249
19453 249
19454 249
19455 249
19456 249
19457 249
19458 249
19459 249
19460 249
19461 249
19462 249
19463 249
19464 249
19465 249
19466 249
19467 249
19468 249
19469 249
19470 249
19471 249
19472 249
19473 249
19474 249
19475 249
19476 249
19477 249
19478 249
19479 249
19480 249
19481 249
19482 249
19483 249
19484 249
19485 249
19486 249
19487 249
19488 249
19489 249
19490 249
19491 249
19492 249
19493 249
19494 249
19495 249
19496 249
19497 249
19498 249
19499 249
19500 249
19501 249
19502 249
19503 250
19504 250
19505 250
19506 250
19507 250
19508 250
19509 250
19510 250
19511 250
19512 250
19513 250
19514 250
19515 250
19516 250
19517 250
19518 250
19519 250
19520 250
19521 250
19522 250
19523 250
19524 250
19525 250
19526 250
19527 250
19528 250
19529 250
19530 250
19531 250
19532 250
19533 250
19534 250
19535 250
19536 250
19537 250
19538 250
19539 250
19540 250
19541 250
19542 250
19543 250
19544 250
19545 250
19546 250
19547 250
19548 250
19549 250
19550 250
19551 250
19552 250
19553 250
19554 250
19555 250
19556 250
19557 250
19558 250
19559 250
19560 250
19561 250
19562 250
19563 250
19564 250
19565 250
19566 250
19567 250
19568 250
19569 250
19570 250
19571 250
19572 250
19573 250
19574 250
19575 250
19576 250
19577 250
19578 250
19579 250
19580 250
19581 250
19582 250
19583 250
19584 250
19585 250
19586 250
19587 250
19588 250
19589 250
19590 250
19591 250
19592 250
19593 250
19594 250
19595 250
19596 250
19597 250
19598 250
19599 250
19600 250
19601 250
19602 250
19603 250
19604 250
19605 250
19606 250
19607 250
19608 250
19609 250
19610 250
19611 250
19612 250
19613 250
19614 250
19615 250
19616 250
19617 250
19618 250
19619 250
19620 250
19621 250
19622 250
19623 250
19624 250
19625 250
19626 250
19627 250
19628 250
19629 250
19630 250
19631 250
19632 250
19633 250
19634 250
19635 250
19636 250
19637 250
19638 250
19639 250
19640 250
19641 250
19642 250
19643 250
19644 250
19645 250
19646 250
19647 250
19648 250
19649 250
19650 250
19651 250
19652 250
19653 250
19654 250
19655 250
19656 250
19657 250
19658 250
19659 250
19660 250
19661 250
19662 250
19663 250
19664 250
19665 250
19666 251
19667 251
19668 251
19669 251
19670 251
19671 251
19672 251
19673 251
19674 251
19675 251
19676 251
19677 251
19678 251
19679 251
19680 251
19681 251
19682 251
19683 251
19684 251
19685 251
19686 251
19687 251
19688 251
19689 251
19690 251
19691 251
19692 251
19693 251
19694 251
19695 251
19696 251
19697 251
19698 251
19699 251
19700 251
19701 251
19702 251
19703 251
19704 251
19705 251
19706 251
19707 251
19708 251
19709 251
19710 251
19711 251
19712 251
19713 251
19714 251
19715 251
19716 251
19717 251
19718 251
19719 251
19720 251
19721 251
19722 251
19723 251
19724 251
19725 251
19726 251
19727 251
19728 251
19729 251
19730 251
19731 251
19732 251
19733 251
19734 251
19735 251
19736 251
19737 251
19738 251
19739 251
19740 251
19741 251
19742 251
19743 251
19744 251
19745 251
19746 251
19747 251
19748 251
19749 251
19750 251
19751 251
19752 251
19753 251
19754 251
19755 251
19756 251
19757 251
19758 251
19759 251
19760 251
19761 251
19762 251
19763 251
19764 251
19765 251
19766 251
19767 251
19768 251
19769 251
19770 251
19771 251
19772 251
19773 251
19774 251
19775 251
19776 251
19777 251
19778 251
19779 251
19780 251
19781 251
19782 251
19783 251
19784 251
19785 251
19786 252
19787 252
19788 252
19789 252
19790 252
19791 252
19792 252
19793 252
19794 252
19795 252
19796 252
19797 252
19798 252
19799 252
19800 252
19801 252
19802 252
19803 252
19804 252
19805 252
19806 252
19807 252
19808 252
19809 252
19810 252
19811 252
19812 252
19813 252
19814 252
19815 252
19816 252
19817 252
19818 252
19819 252
19820 252
19821 252
19822 252
19823 252
19824 252
19825 252
19826 252
19827 252
19828 252
19829 252
19830 252
19831 252
19832 252
19833 252
19834 252
19835 252
19836 252
19837 252
19838 252
19839 252
19840 252
19841 252
19842 252
19843 252
19844 252
19845 252
19846 252
19847 252
19848 252
19849 252
19850 252
19851 252
19852 252
19853 252
19854 252
19855 252
19856 252
19857 252
19858 252
19859 252
19860 252
19861 252
19862 252
19863 252
19864 252
19865 252
19866 252
19867 252
19868 252
19869 252
19870 252
19871 252
19872 252
19873 252
19874 252
19875 252
19876 252
19877 252
19878 252
19879 252
19880 252
19881 252
19882 252
19883 252
19884 252
19885 252
19886 252
19887 252
19888 252
19889 252
19890 252
19891 252
19892 252
19893 252
19894 252
19895 252
19896 252
19897 252
19898 252
19899 252
19900 252
19901 252
19902 252
19903 252
19904 252
19905 252
19906 252
19907 252
19908 252
19909 252
19910 252
19911 252
19912 252
19913 252
19914 252
19915 252
19916 252
19917 252
19918 252
19919 252
19920 252
19921 252
19922 252
19923 252
19924 252
19925 252
19926 252
19927 252
19928 252
19929 252
19930 252
19931 252
19932 252
19933 252
19934 252
19935 252
19936 252
19937 252
19938 252
19939 252
19940 252
19941 252
19942 252
19943 252
19944 252
19945 252
19946 252
19947 252
19948 252
19949 252
19950 252
19951 252
19952 252
19953 252
19954 252
19955 252
19956 252
19957 252
19958 252
19959 252
19960 252
19961 252
19962 252
19963 252
19964 252
19965 252
19966 252
19967 252
19968 252
19969 252
19970 252
19971 252
19972 252
19973 252
19974 252
19975 252
19976 252
19977 252
19978 252
19979 252
19980 252
19981 252
19982 252
19983 252
19984 252
19985 252
19986 252
19987 252
19988 252
19989 252
19990 252
19991 252
19992 252
19993 252
19994 252
19995 252
19996 252
19997 252
19998 252
19999 252
20000 252
20001 252
20002 252
20003 252
20004 252
20005 252
20006 252
20007 252
20008 252
20009 252
20010 252
20011 252
20012 253
20013 253
20014 253
20015 253
20016 253
20017 253
20018 253
20019 253
20020 253
20021 253
20022 253
20023 253
20024 253
20025 253
20026 253
20027 253
20028 253
20029 253
20030 253
20031 253
20032 253
20033 253
20034 253
20035 253
20036 253
20037 253
20038 253
20039 253
20040 253
20041 253
20042 253
20043 253
20044 253
20045 253
20046 253
20047 253
20048 253
20049 253
20050 253
20051 253
20052 253
20053 253
20054 253
20055 253
20056 253
20057 253
20058 253
20059 253
20060 253
20061 253
20062 253
20063 253
20064 253
20065 253
20066 253
20067 253
20068 253
20069 253
20070 253
20071 253
20072 253
20073 253
20074 253
20075 253
20076 253
20077 253
20078 253
20079 253
20080 253
20081 253
20082 253
20083 253
20084 253
20085 253
20086 253
20087 253
20088 253
20089 253
20090 253
20091 253
20092 253
20093 253
20094 253
20095 253
20096 253
20097 253
20098 253
20099 253
20100 253
20101 253
20102 253
20103 253
20104 253
20105 253
20106 253
20107 253
20108 253
20109 253
20110 253
20111 253
20112 253
20113 253
20114 253
20115 253
20116 253
20117 253
20118 253
20119 253
20120 253
20121 253
20122 253
20123 253
20124 253
20125 253
20126 253
20127 253
20128 253
20129 253
20130 253
20131 253
20132 253
20133 253
20134 253
20135 253
20136 253
20137 253
20138 253
20139 253
20140 253
20141 253
20142 253
20143 253
20144 253
20145 253
20146 253
20147 253
20148 253
20149 254
20150 254
20151 254
20152 254
20153 254
20154 254
20155 254
20156 254
20157 254
20158 254
20159 254
20160 254
20161 254
20162 254
20163 254
20164 254
20165 254
20166 254
20167 254
20168 254
20169 254
20170 254
20171 254
20172 254
20173 254
20174 254
20175 254
20176 254
20177 254
20178 254
20179 254
20180 254
20181 254
20182 254
20183 254
20184 254
20185 254
20186 254
20187 254
20188 254
20189 254
20190 254
20191 254
20192 254
20193 254
20194 254
20195 254
20196 254
20197 254
20198 254
20199 254
20200 254
20201 254
20202 254
20203 254
20204 254
20205 254
20206 254
20207 254
20208 254
20209 254
20210 254
20211 254
20212 254
20213 254
20214 254
20215 254
20216 254
20217 254
20218 254
20219 254
20220 254
20221 254
20222 254
20223 254
20224 254
20225 254
20226 254
20227 254
20228 254
20229 254
20230 254
20231 254
20232 254
20233 254
20234 254
20235 254
20236 254
20237 254
20238 254
20239 254
20240 254
20241 254
20242 254
20243 254
20244 254
20245 254
20246 254
20247 254
20248 254
20249 254
20250 254
20251 254
20252 254
20253 254
20254 254
20255 254
20256 254
20257 254
20258 254
20259 254
20260 254
20261 254
20262 254
20263 254
20264 254
20265 254
20266 254
20267 254
20268 254
20269 254
20270 254
20271 254
20272 254
20273 254
20274 254
20275 254
20276 254
20277 254
20278 254
20279 254
20280 254
20281 254
20282 254
20283 254
20284 254
20285 254
20286 254
20287 254
20288 254
20289 254
20290 254
20291 254
20292 254
20293 254
20294 254
20295 254
20296 254
20297 254
20298 254
20299 254
20300 254
20301 254
20302 254
20303 254
20304 254
20305 254
20306 254
20307 254
20308 254
20309 254
20310 254
20311 254
20312 254
20313 254
20314 254
20315 254
20316 254
20317 254
20318 254
20319 254
20320 254
20321 254
20322 254
20323 254
20324 254
20325 254
20326 254
20327 254
20328 254
20329 254
20330 254
20331 254
20332 254
20333 254
20334 254
20335 254
20336 254
20337 254
20338 254
20339 254
20340 254
20341 254
20342 254
20343 254
20344 254
20345 254
20346 254
20347 254
20348 254
20349 254
20350 255
20351 255
20352 255
20353 255
20354 255
20355 255
20356 255
20357 255
20358 255
20359 255
20360 257
20361 257
20362 257
20363 257
20364 257
20365 257
20366 257
20367 257
20368 257
20369 257
20370 257
20371 257
20372 257
20373 257
20374 257
20375 257
20376 257
20377 257
20378 257
20379 257
20380 257
20381 257
20382 257
20383 257
20384 257
20385 257
20386 257
20387 257
20388 257
20389 257
20390 257
20391 257
20392 257
20393 258
20394 258
20395 258
20396 258
20397 258
20398 258
20399 258
20400 258
20401 258
20402 258
20403 258
20404 258
20405 258
20406 258
20407 258
20408 258
20409 258
20410 258
20411 258
20412 258
20413 258
20414 258
20415 258
20416 258
20417 258
20418 258
20419 258
20420 258
20421 258
20422 258
20423 258
20424 258
20425 258
20426 258
20427 258
20428 258
20429 258
20430 258
20431 258
20432 258
20433 258
20434 258
20435 258
20436 258
20437 258
20438 258
20439 258
20440 258
20441 258
20442 258
20443 258
20444 258
20445 258
20446 258
20447 258
20448 258
20449 258
20450 258
20451 258
20452 258
20453 258
20454 258
20455 258
20456 258
20457 258
20458 258
20459 258
20460 258
20461 258
20462 258
20463 258
20464 258
20465 258
20466 258
20467 258
20468 258
20469 258
20470 258
20471 258
20472 258
20473 258
20474 258
20475 258
20476 258
20477 258
20478 258
20479 258
20480 258
20481 258
20482 258
20483 258
20484 258
20485 258
20486 258
20487 258
20488 258
20489 258
20490 258
20491 258
20492 258
20493 258
20494 258
20495 258
20496 258
20497 258
20498 258
20499 258
20500 258
20501 258
20502 258
20503 258
20504 258
20505 258
20506 258
20507 258
20508 258
20509 258
20510 258
20511 258
20512 258
20513 258
20514 258
20515 258
20516 258
20517 258
20518 258
20519 258
20520 258
20521 258
20522 258
20523 258
20524 258
20525 258
20526 258
20527 258
20528 258
20529 258
20530 258
20531 258
20532 258
20533 258
20534 258
20535 258
20536 258
20537 258
20538 258
20539 258
20540 258
20541 258
20542 258
20543 258
20544 258
20545 258
20546 258
20547 258
20548 258
20549 258
20550 258
20551 258
20552 258
20553 258
20554 258
20555 258
20556 258
20557 258
20558 258
20559 258
20560 258
20561 258
20562 258
20563 258
20564 258
20565 258
20566 258
20567 258
20568 258
20569 258
20570 258
20571 258
20572 258
20573 258
20574 258
20575 258
20576 258
20577 258
20578 258
20579 258
20580 258
20581 258
20582 258
20583 258
20584 258
20585 258
20586 258
20587 258
20588 258
20589 258
20590 258
20591 258
20592 258
20593 258
20594 258
20595 258
20596 258
20597 258
20598 258
20599 258
20600 258
20601 258
20602 258
20603 258
20604 258
20605 258
20606 258
20607 258
20608 258
20609 258
20610 258
20611 258
20612 258
20613 258
20614 258
20615 258
20616 258
20617 258
20618 258
20619 258
20620 258
20621 258
20622 258
20623 258
20624 258
20625 258
20626 258
20627 258
20628 258
20629 258
20630 258
20631 258
20632 258
20633 258
20634 258
20635 258
20636 258
20637 258
20638 258
20639 258
20640 258
20641 258
20642 258
20643 258
20644 258
20645 258
20646 258
20647 258
20648 258
20649 258
20650 258
20651 258
20652 258
20653 258
20654 258
20655 258
20656 258
20657 258
20658 258
20659 258
20660 258
20661 258
20662 258
20663 258
20664 258
20665 258
20666 258
20667 258
20668 258
20669 258
20670 258
20671 258
20672 258
20673 258
20674 258
20675 258
20676 258
20677 258
20678 258
20679 258
20680 258
20681 258
20682 258
20683 258
20684 258
20685 258
20686 258
20687 258
20688 258
20689 258
20690 258
20691 258
20692 258
20693 258
20694 258
20695 258
20696 258
20697 258
20698 258
20699 258
20700 258
20701 258
20702 258
20703 258
20704 258
20705 258
20706 258
20707 258
20708 258
20709 258
20710 258
20711 258
20712 258
20713 258
20714 258
20715 258
20716 258
20717 258
20718 258
20719 258
20720 258
20721 258
20722 258
20723 258
20724 258
20725 258
20726 258
20727 258
20728 258
20729 258
20730 258
20731 258
20732 258
20733 258
20734 258
20735 258
20736 258
20737 258
20738 258
20739 258
20740 258
20741 258
20742 258
20743 258
20744 258
20745 258
20746 258
20747 258
20748 258
20749 258
20750 258
20751 258
20752 258
20753 258
20754 258
20755 258
20756 258
20757 258
20758 258
20759 258
20760 258
20761 258
20762 258
20763 258
20764 258
20765 258
20766 258
20767 258
20768 258
20769 258
20770 258
20771 258
20772 258
20773 258
20774 258
20775 258
20776 258
20777 258
20778 258
20779 258
20780 258
20781 258
20782 258
20783 258
20784 258
20785 259
20786 259
20787 259
20788 259
20789 259
20790 259
20791 259
20792 259
20793 259
20794 259
20795 259
20796 259
20797 259
20798 259
20799 259
20800 259
20801 259
20802 259
20803 259
20804 259
20805 259
20806 259
20807 259
20808 259
20809 259
20810 259
20811 259
20812 259
20813 259
20814 259
20815 259
20816 259
20817 259
20818 259
20819 259
20820 259
20821 259
20822 259
20823 259
20824 259
20825 259
20826 259
20827 259
20828 259
20829 259
20830 259
20831 259
20832 259
20833 259
20834 259
20835 259
20836 259
20837 259
20838 259
20839 259
20840 259
20841 259
20842 259
20843 259
20844 259
20845 259
20846 259
20847 259
20848 259
20849 259
20850 259
20851 259
20852 259
20853 259
20854 259
20855 259
20856 259
20857 259
20858 259
20859 259
20860 259
20861 259
20862 259
20863 259
20864 259
20865 259
20866 259
20867 259
20868 259
20869 259
20870 259
20871 259
20872 259
20873 259
20874 259
20875 259
20876 259
20877 259
20878 259
20879 259
20880 259
20881 259
20882 259
20883 259
20884 259
20885 259
20886 259
20887 259
20888 259
20889 259
20890 259
20891 259
20892 259
20893 259
20894 259
20895 259
20896 259
20897 259
20898 259
20899 259
20900 259
20901 259
20902 259
20903 259
20904 260
20905 260
20906 260
20907 260
20908 260
20909 260
20910 260
20911 260
20912 260
20913 260
20914 260
20915 260
20916 260
20917 260
20918 260
20919 260
20920 260
20921 260
20922 260
20923 260
20924 260
20925 260
20926 260
20927 260
20928 260
20929 260
20930 260
20931 260
20932 260
20933 260
20934 260
20935 260
20936 260
20937 260
20938 260
20939 260
20940 260
20941 260
20942 260
20943 260
20944 260
20945 260
20946 260
20947 260
20948 260
20949 260
20950 260
20951 260
20952 260
20953 260
20954 260
20955 261
20956 261
20957 261
20958 261
20959 261
20960 261
20961 261
20962 261
20963 261
20964 261
20965 261
20966 261
20967 261
20968 261
20969 261
20970 261
20971 261
20972 261
20973 261
20974 261
20975 261
20976 261
20977 261
20978 261
20979 261
20980 261
20981 261
20982 261
20983 261
20984 261
20985 261
20986 261
20987 261
20988 261
20989 261
20990 261
20991 261
20992 261
20993 261
20994 261
20995 261
20996 261
20997 261
20998 261
20999 261
21000 261
21001 261
21002 261
21003 261
21004 262
21005 262
21006 262
21007 262
21008 262
21009 262
21010 262
21011 262
21012 262
21013 262
21014 262
21015 262
21016 262
21017 262
21018 262
21019 262
21020 262
21021 262
21022 262
21023 262
21024 262
21025 262
21026 262
21027 262
21028 262
21029 262
21030 262
21031 262
21032 262
21033 262
21034 262
21035 262
21036 262
21037 262
21038 262
21039 262
21040 262
21041 262
21042 262
21043 262
21044 262
21045 262
21046 262
21047 262
21048 262
21049 262
21050 262
21051 262
21052 262
21053 262
21054 262
21055 262
21056 262
21057 262
21058 262
21059 262
21060 262
21061 262
21062 262
21063 262
21064 262
21065 262
21066 262
21067 262
21068 262
21069 262
21070 262
21071 262
21072 262
21073 262
21074 262
21075 262
21076 262
21077 262
21078 262
21079 262
21080 262
21081 262
21082 262
21083 262
21084 262
21085 262
21086 262
21087 262
21088 262
21089 262
21090 262
21091 262
21092 262
21093 262
21094 262
21095 262
21096 262
21097 262
21098 262
21099 262
21100 262
21101 262
21102 262
21103 262
21104 262
21105 262
21106 262
21107 262
21108 262
21109 262
21110 262
21111 262
21112 262
21113 262
21114 262
21115 262
21116 262
21117 262
21118 262
21119 263
21120 263
21121 263
21122 263
21123 263
21124 263
21125 263
21126 263
21127 263
21128 263
21129 263
21130 263
21131 263
21132 263
21133 263
21134 263
21135 263
21136 263
21137 263
21138 263
21139 263
21140 263
21141 263
21142 263
21143 263
21144 263
21145 263
21146 263
21147 263
21148 263
21149 263
21150 263
21151 263
21152 263
21153 263
21154 263
21155 263
21156 263
21157 263
21158 263
21159 263
21160 263
21161 263
21162 263
21163 263
21164 263
21165 263
21166 263
21167 263
21168 263
21169 263
21170 263
21171 263
21172 263
21173 263
21174 263
21175 263
21176 263
21177 263
21178 263
21179 263
21180 263
21181 263
21182 263
21183 263
21184 263
21185 263
21186 263
21187 263
21188 263
21189 263
21190 263
21191 263
21192 263
21193 263
21194 263
21195 263
21196 263
21197 263
21198 263
21199 263
21200 263
21201 263
21202 263
21203 263
21204 263
21205 263
21206 263
21207 263
21208 263
21209 263
21210 263
21211 263
21212 263
21213 263
21214 263
21215 263
21216 263
21217 263
21218 263
21219 263
21220 263
21221 263
21222 263
21223 263
21224 263
21225 263
21226 263
21227 263
21228 263
21229 263
21230 263
21231 263
21232 263
21233 263
21234 263
21235 263
21236 263
21237 263
21238 263
21239 263
21240 264
21241 264
21242 264
21243 264
21244 264
21245 264
21246 264
21247 264
21248 264
21249 264
21250 264
21251 264
21252 264
21253 264
21254 264
21255 264
21256 264
21257 264
21258 264
21259 264
21260 264
21261 264
21262 264
21263 264
21264 264
21265 264
21266 264
21267 264
21268 264
21269 264
21270 264
21271 264
21272 264
21273 264
21274 264
21275 264
21276 264
21277 264
21278 264
21279 264
21280 264
21281 264
21282 264
21283 264
21284 264
21285 264
21286 264
21287 264
21288 264
21289 264
21290 264
21291 264
21292 264
21293 264
21294 264
21295 264
21296 264
21297 264
21298 264
21299 264
21300 264
21301 264
21302 264
21303 264
21304 264
21305 264
21306 264
21307 264
21308 264
21309 264
21310 264
21311 264
21312 264
21313 264
21314 264
21315 264
21316 264
21317 264
21318 264
21319 264
21320 264
21321 264
21322 264
21323 264
21324 264
21325 264
21326 264
21327 264
21328 264
21329 264
21330 264
21331 264
21332 264
21333 264
21334 264
21335 264
21336 264
21337 264
21338 264
21339 264
21340 264
21341 264
21342 264
21343 264
21344 264
21345 264
21346 264
21347 264
21348 264
21349 264
21350 264
21351 264
21352 264
21353 264
21354 264
21355 264
21356 264
21357 265
21358 265
21359 265
21360 265
21361 265
21362 265
21363 265
21364 265
21365 265
21366 265
21367 265
21368 265
21369 265
21370 265
21371 265
21372 265
21373 265
21374 265
21375 265
21376 265
21377 265
21378 265
21379 265
21380 265
21381 265
21382 265
21383 265
21384 265
21385 265
21386 265
21387 265
21388 265
21389 265
21390 265
21391 265
21392 265
21393 265
21394 265
21395 265
21396 265
21397 265
21398 265
21399 265
21400 265
21401 265
21402 265
21403 265
21404 265
21405 265
21406 265
21407 265
21408 265
21409 265
21410 265
21411 265
21412 265
21413 265
21414 265
21415 265
21416 265
21417 265
21418 265
21419 265
21420 265
21421 265
21422 265
21423 265
21424 265
21425 265
21426 265
21427 265
21428 265
21429 265
21430 265
21431 265
21432 265
21433 265
21434 265
21435 265
21436 265
21437 265
21438 265
21439 265
21440 265
21441 265
21442 265
21443 265
21444 265
21445 265
21446 265
21447 265
21448 265
21449 265
21450 265
21451 265
21452 265
21453 265
21454 265
21455 265
21456 265
21457 265
21458 265
21459 265
21460 265
21461 265
21462 265
21463 266
21464 266
21465 266
21466 266
21467 266
21468 266
21469 266
21470 266
21471 266
21472 266
21473 266
21474 266
21475 266
21476 266
21477 266
21478 266
21479 266
21480 266
21481 266
21482 266
21483 266
21484 266
21485 266
21486 266
21487 266
21488 266
21489 266
21490 266
21491 266
21492 266
21493 266
21494 266
21495 266
21496 266
21497 266
21498 266
21499 266
21500 266
21501 266
21502 266
21503 266
21504 266
21505 266
21506 266
21507 266
21508 266
21509 266
21510 266
21511 266
21512 266
21513 266
21514 266
21515 266
21516 266
21517 266
21518 266
21519 266
21520 266
21521 266
21522 266
21523 266
21524 266
21525 266
21526 266
21527 266
21528 266
21529 266
21530 266
21531 266
21532 266
21533 266
21534 266
21535 266
21536 266
21537 266
21538 266
21539 266
21540 266
21541 266
21542 266
21543 266
21544 266
21545 266
21546 266
21547 266
21548 266
21549 266
21550 266
21551 266
21552 266
21553 266
21554 266
21555 266
21556 266
21557 266
21558 266
21559 266
21560 266
21561 266
21562 266
21563 266
21564 266
21565 266
21566 266
21567 266
21568 266
21569 266
21570 266
21571 266
21572 266
21573 266
21574 266
21575 266
21576 266
21577 266
21578 266
21579 266
21580 266
21581 266
21582 266
21583 266
21584 266
21585 266
21586 266
21587 266
21588 266
21589 266
21590 266
21591 266
21592 266
21593 266
21594 266
21595 266
21596 266
21597 266
21598 266
21599 266
21600 266
21601 266
21602 266
21603 266
21604 266
21605 266
21606 266
21607 266
21608 266
21609 266
21610 266
21611 266
21612 266
21613 266
21614 266
21615 266
21616 266
21617 266
21618 266
21619 266
21620 266
21621 266
21622 266
21623 266
21624 266
21625 266
21626 266
21627 266
21628 266
21629 267
21630 267
21631 267
21632 267
21633 267
21634 267
21635 267
21636 267
21637 267
21638 267
21639 267
21640 267
21641 267
21642 267
21643 267
21644 267
21645 267
21646 267
21647 267
21648 267
21649 267
21650 267
21651 267
21652 267
21653 267
21654 267
21655 267
21656 267
21657 267
21658 267
21659 267
21660 267
21661 267
21662 267
21663 267
21664 267
21665 267
21666 267
21667 267
21668 267
21669 267
21670 267
21671 267
21672 267
21673 267
21674 267
21675 267
21676 267
21677 267
21678 267
21679 267
21680 267
21681 267
21682 267
21683 267
21684 267
21685 267
21686 267
21687 267
21688 267
21689 267
21690 267
21691 267
21692 267
21693 267
21694 267
21695 267
21696 267
21697 267
21698 267
21699 267
21700 267
21701 267
21702 267
21703 267
21704 267
21705 267
21706 267
21707 267
21708 267
21709 267
21710 267
21711 267
21712 267
21713 267
21714 267
21715 267
21716 267
21717 267
21718 267
21719 267
21720 267
21721 267
21722 267
21723 267
21724 267
21725 267
21726 267
21727 267
21728 267
21729 267
21730 267
21731 267
21732 267
21733 267
21734 267
21735 267
21736 267
21737 267
21738 267
21739 267
21740 267
21741 267
21742 267
21743 267
21744 267
21745 267
21746 267
21747 267
21748 267
21749 267
21750 267
21751 267
21752 267
21753 267
21754 267
21755 267
21756 267
21757 267
21758 267
21759 267
21760 267
21761 267
21762 267
21763 267
21764 267
21765 267
21766 267
21767 267
21768 267
21769 267
21770 267
21771 267
21772 267
21773 267
21774 267
21775 267
21776 267
21777 267
21778 267
21779 267
21780 267
21781 267
21782 267
21783 267
21784 267
21785 267
21786 267
21787 267
21788 267
21789 267
21790 267
21791 267
21792 267
21793 267
21794 267
21795 267
21796 267
21797 267
21798 267
21799 267
21800 267
21801 267
21802 267
21803 267
21804 267
21805 267
21806 267
21807 267
21808 267
21809 267
21810 267
21811 267
21812 267
21813 267
21814 267
21815 267
21816 267
21817 267
21818 267
21819 267
21820 267
21821 267
21822 267
21823 267
21824 267
21825 267
21826 267
21827 267
21828 267
21829 267
21830 267
21831 267
21832 267
21833 267
21834 267
21835 267
21836 267
21837 268
21838 268
21839 268
21840 268
21841 268
21842 268
21843 268
21844 268
21845 268
21846 268
21847 268
21848 268
21849 268
21850 268
21851 268
21852 268
21853 268
21854 268
21855 268
21856 268
21857 268
21858 268
21859 268
21860 268
21861 268
21862 268
21863 268
21864 268
21865 268
21866 268
21867 268
21868 268
21869 268
21870 268
21871 268
21872 268
21873 268
21874 268
21875 268
21876 268
21877 268
21878 268
21879 268
21880 268
21881 268
21882 268
21883 268
21884 268
21885 268
21886 268
21887 268
21888 268
21889 268
21890 268
21891 268
21892 268
21893 268
21894 268
21895 268
21896 268
21897 268
21898 268
21899 268
21900 268
21901 268
21902 268
21903 268
21904 268
21905 268
21906 268
21907 268
21908 268
21909 268
21910 268
21911 268
21912 268
21913 268
21914 268
21915 268
21916 268
21917 268
21918 268
21919 268
21920 268
21921 268
21922 268
21923 268
21924 268
21925 268
21926 268
21927 268
21928 268
21929 268
21930 268
21931 268
21932 268
21933 268
21934 268
21935 268
21936 268
21937 268
21938 268
21939 268
21940 268
21941 268
21942 268
21943 268
21944 268
21945 268
21946 268
21947 268
21948 268
21949 268
21950 268
21951 268
21952 268
21953 268
21954 268
21955 268
21956 268
21957 268
21958 268
21959 268
21960 268
21961 268
21962 268
21963 268
21964 268
21965 268
21966 268
21967 268
21968 268
21969 268
21970 268
21971 268
21972 268
21973 268
21974 268
21975 268
21976 268
21977 268
21978 268
21979 268
21980 268
21981 268
21982 268
21983 268
21984 268
21985 268
21986 268
21987 268
21988 268
21989 268
21990 268
21991 268
21992 268
21993 268
21994 268
21995 268
21996 268
21997 268
21998 268
21999 268
22000 268
22001 268
22002 268
22003 268
22004 268
22005 268
22006 268
22007 268
22008 268
22009 268
22010 268
22011 268
22012 268
22013 268
22014 268
22015 268
22016 268
22017 268
22018 268
22019 268
22020 268
22021 268
22022 268
22023 269
22024 269
22025 269
22026 269
22027 269
22028 269
22029 269
22030 269
22031 269
22032 269
22033 269
22034 269
22035 269
22036 269
22037 269
22038 269
22039 269
22040 269
22041 269
22042 269
22043 269
22044 269
22045 269
22046 269
22047 269
22048 269
22049 269
22050 269
22051 269
22052 269
22053 269
22054 269
22055 269
22056 269
22057 269
22058 269
22059 269
22060 269
22061 269
22062 269
22063 269
22064 269
22065 269
22066 269
22067 269
22068 269
22069 269
22070 269
22071 269
22072 269
22073 269
22074 269
22075 269
22076 269
22077 269
22078 269
22079 269
22080 269
22081 269
22082 269
22083 269
22084 269
22085 269
22086 269
22087 269
22088 269
22089 269
22090 269
22091 269
22092 269
22093 269
22094 269
22095 269
22096 269
22097 269
22098 269
22099 269
22100 269
22101 269
22102 269
22103 269
22104 269
22105 269
22106 269
22107 269
22108 269
22109 269
22110 269
22111 269
22112 269
22113 270
22114 270
22115 270
22116 270
22117 270
22118 270
22119 270
22120 270
22121 270
22122 270
22123 270
22124 270
22125 270
22126 270
22127 270
22128 270
22129 270
22130 270
22131 270
22132 270
22133 270
22134 270
22135 270
22136 270
22137 270
22138 270
22139 270
22140 270
22141 270
22142 270
22143 270
22144 270
22145 270
22146 270
22147 270
22148 270
22149 270
22150 270
22151 270
22152 270
22153 270
22154 270
22155 270
22156 270
22157 270
22158 270
22159 270
22160 270
22161 270
22162 270
22163 270
22164 270
22165 270
22166 270
22167 270
22168 270
22169 270
22170 270
22171 270
22172 270
22173 270
22174 270
22175 270
22176 270
22177 270
22178 270
22179 270
22180 270
22181 270
22182 270
22183 270
22184 270
22185 270
22186 270
22187 270
22188 270
22189 270
22190 270
22191 270
22192 270
22193 270
22194 270
22195 270
22196 270
22197 270
22198 270
22199 270
22200 270
22201 270
22202 270
22203 270
22204 270
22205 270
22206 270
22207 270
22208 270
22209 270
22210 270
22211 270
22212 270
22213 270
22214 270
22215 270
22216 270
22217 270
22218 270
22219 270
22220 270
22221 271
22222 271
22223 271
22224 271
22225 271
22226 271
22227 271
22228 272
22229 272
22230 272
22231 272
22232 272
22233 272
22234 272
22235 272
22236 272
22237 272
22238 272
22239 272
22240 272
22241 272
22242 272
22243 272
22244 272
22245 272
22246 272
22247 272
22248 272
22249 272
22250 272
22251 272
22252 272
22253 272
22254 272
22255 272
22256 272
22257 272
22258 272
22259 272
22260 272
22261 272
22262 272
22263 272
22264 272
22265 272
22266 272
22267 272
22268 272
22269 272
22270 272
22271 272
22272 272
22273 272
22274 272
22275 272
22276 272
22277 272
22278 272
22279 272
22280 272
22281 272
22282 272
22283 272
22284 272
22285 272
22286 272
22287 272
22288 272
22289 272
22290 272
22291 272
22292 272
22293 272
22294 272
22295 272
22296 272
22297 272
22298 272
22299 272
22300 272
22301 272
22302 272
22303 272
22304 272
22305 272
22306 272
22307 272
22308 272
22309 272
22310 272
22311 272
22312 272
22313 272
22314 272
22315 272
22316 272
22317 272
22318 272
22319 272
22320 272
22321 272
22322 272
22323 272
22324 272
22325 272
22326 272
22327 272
22328 272
22329 272
22330 272
22331 272
22332 272
22333 272
22334 272
22335 272
22336 272
22337 272
22338 272
22339 272
22340 272
22341 272
22342 272
22343 272
22344 272
22345 272
22346 272
22347 272
22348 272
22349 272
22350 272
22351 272
22352 272
22353 272
22354 272
22355 272
22356 272
22357 272
22358 272
22359 272
22360 272
22361 272
22362 272
22363 272
22364 272
22365 272
22366 272
22367 272
22368 272
22369 272
22370 272
22371 272
22372 272
22373 272
22374 272
22375 272
22376 272
22377 272
22378 272
22379 272
22380 272
22381 272
22382 272
22383 272
22384 272
22385 272
22386 272
22387 272
22388 272
22389 272
22390 272
22391 272
22392 272
22393 272
22394 272
22395 272
22396 272
22397 272
22398 272
22399 272
22400 272
22401 272
22402 272
22403 272
22404 272
22405 272
22406 272
22407 272
22408 272
22409 272
22410 272
22411 272
22412 272
22413 272
22414 272
22415 272
22416 272
22417 274
22418 274
22419 274
22420 274
22421 274
22422 274
22423 274
22424 274
22425 274
22426 274
22427 274
22428 274
22429 274
22430 274
22431 274
22432 274
22433 274
22434 274
22435 274
22436 274
22437 274
22438 274
22439 274
22440 274
22441 274
22442 274
22443 274
22444 274
22445 274
22446 274
22447 274
22448 274
22449 274
22450 274
22451 274
22452 274
22453 274
22454 274
22455 274
22456 274
22457 274
22458 274
22459 274
22460 274
22461 274
22462 274
22463 274
22464 274
22465 274
22466 274
22467 274
22468 274
22469 274
22470 274
22471 274
22472 274
22473 274
22474 274
22475 274
22476 274
22477 274
22478 274
22479 274
22480 274
22481 274
22482 274
22483 274
22484 274
22485 274
22486 274
22487 274
22488 274
22489 274
22490 274
22491 274
22492 274
22493 274
22494 274
22495 274
22496 274
22497 274
22498 274
22499 274
22500 274
22501 274
22502 274
22503 274
22504 274
22505 274
22506 274
22507 274
22508 274
22509 274
22510 274
22511 274
22512 274
22513 274
22514 274
22515 274
22516 274
22517 274
22518 274
22519 274
22520 274
22521 274
22522 274
22523 274
22524 274
22525 274
22526 274
22527 274
22528 274
22529 274
22530 274
22531 274
22532 274
22533 274
22534 274
22535 274
22536 274
22537 274
22538 274
22539 274
22540 274
22541 274
22542 274
22543 274
22544 274
22545 274
22546 274
22547 274
22548 274
22549 274
22550 274
22551 274
22552 274
22553 274
22554 274
22555 274
22556 274
22557 274
22558 274
22559 274
22560 274
22561 274
22562 274
22563 274
22564 274
22565 274
22566 274
22567 274
22568 274
22569 274
22570 274
22571 274
22572 274
22573 274
22574 274
22575 274
22576 274
22577 274
22578 274
22579 274
22580 274
22581 274
22582 274
22583 274
22584 274
22585 274
22586 274
22587 274
22588 274
22589 274
22590 274
22591 274
22592 274
22593 274
22594 274
22595 274
22596 274
22597 274
22598 274
22599 274
22600 274
22601 274
22602 274
22603 274
22604 274
22605 274
22606 274
22607 274
22608 274
22609 274
22610 274
22611 274
22612 274
22613 274
22614 274
22615 274
22616 274
22617 274
22618 274
22619 274
22620 274
22621 274
22622 274
22623 274
22624 274
22625 274
22626 274
22627 274
22628 274
22629 274
22630 274
22631 274
22632 274
22633 274
22634 274
22635 274
22636 274
22637 274
22638 274
22639 274
22640 274
22641 274
22642 274
22643 274
22644 274
22645 274
22646 274
22647 274
22648 274
22649 274
22650 274
22651 274
22652 274
22653 274
22654 274
22655 274
22656 274
22657 274
22658 274
22659 274
22660 274
22661 274
22662 274
22663 274
22664 274
22665 274
22666 274
22667 274
22668 274
22669 274
22670 274
22671 274
22672 274
22673 274
22674 274
22675 274
22676 274
22677 274
22678 274
22679 274
22680 274
22681 274
22682 274
22683 274
22684 274
22685 274
22686 274
22687 274
22688 274
22689 274
22690 274
22691 274
22692 274
22693 274
22694 274
22695 274
22696 274
22697 274
22698 274
22699 274
22700 274
22701 274
22702 274
22703 274
22704 274
22705 274
22706 274
22707 274
22708 274
22709 274
22710 274
22711 274
22712 274
22713 274
22714 274
22715 274
22716 274
22717 274
22718 274
22719 274
22720 274
22721 274
22722 274
22723 274
22724 274
22725 274
22726 274
22727 274
22728 274
22729 274
22730 274
22731 274
22732 274
22733 274
22734 274
22735 274
22736 274
22737 274
22738 274
22739 274
22740 274
22741 274
22742 274
22743 274
22744 274
22745 274
22746 274
22747 274
22748 274
22749 274
22750 274
22751 274
22752 274
22753 274
22754 274
22755 274
22756 274
22757 274
22758 274
22759 274
22760 274
22761 274
22762 274
22763 274
22764 274
22765 274
22766 274
22767 274
22768 274
22769 274
22770 274
22771 274
22772 274
22773 274
22774 274
22775 274
22776 274
22777 274
22778 274
22779 274
22780 274
22781 274
22782 274
22783 274
22784 274
22785 274
22786 274
22787 274
22788 274
22789 274
22790 274
22791 274
22792 274
22793 274
22794 274
22795 274
22796 274
22797 274
22798 274
22799 274
22800 274
22801 274
22802 274
22803 274
22804 274
22805 274
22806 274
22807 274
22808 274
22809 274
22810 274
22811 274
22812 274
22813 274
22814 274
22815 274
22816 274
22817 274
22818 274
22819 274
22820 274
22821 274
22822 274
22823 274
22824 274
22825 274
22826 274
22827 274
22828 274
22829 274
22830 274
22831 274
22832 274
22833 274
22834 274
22835 274
22836 274
22837 274
22838 274
22839 274
22840 274
22841 274
22842 274
22843 274
22844 274
22845 274
22846 274
22847 274
22848 274
22849 274
22850 274
22851 274
22852 274
22853 274
22854 274
22855 274
22856 274
22857 274
22858 274
22859 274
22860 274
22861 274
22862 274
22863 274
22864 274
22865 274
22866 274
22867 274
22868 274
22869 274
22870 274
22871 274
22872 274
22873 274
22874 274
22875 274
22876 274
22877 274
22878 274
22879 274
22880 274
22881 274
22882 274
22883 274
22884 274
22885 274
22886 274
22887 274
22888 274
22889 274
22890 274
22891 274
22892 274
22893 274
22894 274
22895 274
22896 274
22897 274
22898 274
22899 274
22900 274
22901 274
22902 274
22903 274
22904 274
22905 274
22906 274
22907 274
22908 274
22909 274
22910 274
22911 274
22912 274
22913 274
22914 274
22915 274
22916 274
22917 274
22918 274
22919 274
22920 274
22921 274
22922 274
22923 274
22924 274
22925 274
22926 274
22927 274
22928 274
22929 274
22930 274
22931 274
22932 274
22933 274
22934 274
22935 274
22936 274
22937 274
22938 274
22939 274
22940 274
22941 274
22942 274
22943 274
22944 274
22945 274
22946 274
22947 274
22948 274
22949 274
22950 274
22951 274
22952 274
22953 274
22954 274
22955 274
22956 274
22957 274
22958 274
22959 274
22960 274
22961 274
22962 274
22963 274
22964 274
22965 274
22966 274
22967 274
22968 274
22969 274
22970 274
22971 274
22972 274
22973 274
22974 274
22975 274
22976 274
22977 274
22978 274
22979 274
22980 274
22981 274
22982 274
22983 274
22984 274
22985 274
22986 274
22987 274
22988 274
22989 274
22990 274
22991 274
22992 274
22993 274
22994 274
22995 274
22996 274
22997 274
22998 274
22999 274
23000 274
23001 274
23002 274
23003 274
23004 274
23005 274
23006 274
23007 274
23008 274
23009 274
23010 274
23011 274
23012 274
23013 274
23014 274
23015 274
23016 274
23017 274
23018 274
23019 274
23020 274
23021 274
23022 274
23023 274
23024 274
23025 274
23026 274
23027 274
23028 274
23029 274
23030 274
23031 274
23032 274
23033 274
23034 274
23035 274
23036 274
23037 274
23038 274
23039 274
23040 274
23041 274
23042 274
23043 274
23044 274
23045 274
23046 274
23047 274
23048 274
23049 274
23050 274
23051 274
23052 274
23053 274
23054 274
23055 274
23056 274
23057 274
23058 274
23059 274
23060 274
23061 274
23062 274
23063 274
23064 274
23065 274
23066 274
23067 274
23068 274
23069 274
23070 274
23071 274
23072 274
23073 274
23074 274
23075 274
23076 274
23077 274
23078 277
23079 277
23080 277
23081 277
23082 277
23083 278
23084 278
23085 278
23086 278
23087 278
23088 278
23089 278
23090 278
23091 278
23092 278
23093 278
23094 278
23095 278
23096 278
23097 278
23098 278
23099 278
23100 278
23101 278
23102 278
23103 278
23104 278
23105 278
23106 278
23107 278
23108 278
23109 278
23110 278
23111 278
23112 278
23113 279
23114 279
23115 279
23116 279
23117 279
23118 279
23119 279
23120 279
23121 279
23122 279
23123 279
23124 279
23125 279
23126 279
23127 279
23128 279
23129 279
23130 279
23131 279
23132 279
23133 279
23134 279
23135 279
23136 279
23137 279
23138 279
23139 279
23140 279
23141 279
23142 279
23143 279
23144 279
23145 279
23146 279
23147 279
23148 279
23149 279
23150 279
23151 279
23152 280
23153 280
23154 280
23155 280
23156 280
23157 280
23158 280
23159 280
23160 280
23161 280
23162 280
23163 280
23164 280
23165 280
23166 280
23167 280
23168 280
23169 280
23170 280
23171 280
23172 280
23173 280
23174 280
23175 280
23176 280
23177 280
23178 280
23179 280
23180 280
23181 280
23182 280
23183 280
23184 280
23185 280
23186 280
23187 280
23188 280
23189 280
23190 281
23191 281
23192 281
23193 281
23194 281
23195 281
23196 281
23197 281
23198 281
23199 281
23200 281
23201 281
23202 281
23203 281
23204 281
23205 281
23206 281
23207 281
23208 281
23209 281
23210 281
23211 281
23212 281
23213 281
23214 281
23215 281
23216 281
23217 281
23218 281
23219 281
23220 281
23221 281
23222 281
23223 281
23224 281
23225 281
23226 282
23227 282
23228 282
23229 282
23230 282
23231 282
23232 282
23233 282
23234 282
23235 282
23236 282
23237 282
23238 282
23239 282
23240 282
23241 282
23242 282
23243 282
23244 282
23245 282
23246 282
23247 282
23248 282
23249 282
23250 282
23251 282
23252 282
23253 282
23254 282
23255 282
23256 282
23257 282
23258 282
23259 284
23260 284
23261 284
23262 284
23263 284
23264 284
23265 284
23266 284
23267 284
23268 284
23269 284
23270 284
23271 284
23272 284
23273 284
23274 284
23275 284
23276 284
23277 284
23278 284
23279 284
23280 284
23281 284
23282 284
23283 284
23284 284
23285 284
23286 284
23287 284
23288 284
23289 284
23290 284
23291 284
23292 284
23293 284
23294 284
23295 284
23296 284
23297 286
23298 286
23299 286
23300 286
23301 286
23302 286
23303 286
23304 286
23305 286
23306 286
23307 286
23308 286
23309 286
23310 286
23311 286
23312 286
23313 286
23314 286
23315 286
23316 286
23317 286
23318 286
23319 286
23320 286
23321 286
23322 286
23323 286
23324 286
23325 286
23326 286
23327 286
23328 286
23329 286
23330 287
23331 287
23332 287
23333 287
23334 287
23335 287
23336 287
23337 287
23338 287
23339 287
23340 287
23341 287
23342 287
23343 287
23344 287
23345 287
23346 287
23347 287
23348 287
23349 287
23350 287
23351 287
23352 287
23353 287
23354 287
23355 287
23356 287
23357 287
23358 287
23359 287
23360 287
23361 287
23362 287
23363 287
23364 287
23365 287
23366 287
23367 287
23368 287
23369 287
23370 287
23371 287
23372 287
23373 289
23374 289
23375 289
23376 289
23377 289
23378 289
23379 289
23380 289
23381 289
23382 289
23383 289
23384 289
23385 289
23386 289
23387 289
23388 289
23389 289
23390 289
23391 289
23392 289
23393 289
23394 289
23395 289
23396 289
23397 289
23398 289
23399 289
23400 289
23401 289
23402 289
23403 289
23404 289
23405 289
23406 289
23407 289
23408 289
23409 289
23410 289
23411 289
23412 289
23413 289
23414 289
23415 289
23416 289
23417 289
23418 289
23419 289
23420 289
23421 291
23422 291
23423 291
23424 291
23425 291
23426 291
23427 291
23428 291
23429 291
23430 291
23431 291
23432 291
23433 291
23434 291
23435 291
23436 291
23437 291
23438 291
23439 291
23440 291
23441 291
23442 291
23443 291
23444 291
23445 291
23446 291
23447 291
23448 291
23449 291
23450 291
23451 291
23452 291
23453 291
23454 291
23455 291
23456 291
23457 291
23458 291
23459 291
23460 291
23461 291
23462 291
23463 291
23464 291
23465 291
23466 291
23467 291
23468 291
23469 291
23470 291
23471 291
23472 291
23473 291
23474 291
23475 291
23476 291
23477 291
23478 291
23479 291
23480 291
23481 291
23482 291
23483 291
23484 291
23485 291
23486 291
23487 291
23488 291
23489 291
23490 291
23491 291
23492 291
23493 291
23494 291
23495 291
23496 291
23497 291
23498 291
23499 291
23500 291
23501 291
23502 291
23503 291
23504 291
23505 291
23506 291
23507 291
23508 291
23509 291
23510 291
23511 291
23512 291
23513 291
23514 291
23515 291
23516 291
23517 291
23518 291
23519 291
23520 291
23521 291
23522 291
23523 291
23524 291
23525 291
23526 291
23527 291
23528 291
23529 291
23530 291
23531 291
23532 291
23533 291
23534 291
23535 291
23536 291
23537 293
23538 293
23539 293
23540 293
23541 293
23542 293
23543 293
23544 293
23545 293
23546 293
23547 293
23548 293
23549 293
23550 293
23551 293
23552 293
23553 293
23554 293
23555 293
23556 293
23557 293
23558 293
23559 293
23560 293
23561 293
23562 293
23563 293
23564 293
23565 293
23566 293
23567 293
23568 293
23569 293
23570 293
23571 293
23572 293
23573 293
23574 293
23575 293
23576 293
23577 293
23578 293
23579 293
23580 293
23581 293
23582 293
23583 293
23584 293
23585 294
23586 294
23587 294
23588 294
23589 294
23590 294
23591 294
23592 294
23593 294
23594 294
23595 294
23596 294
23597 294
23598 294
23599 294
23600 294
23601 294
23602 294
23603 294
23604 294
23605 294
23606 294
23607 294
23608 294
23609 294
23610 294
23611 294
23612 294
23613 294
23614 294
23615 294
23616 294
23617 294
23618 294
23619 294
23620 294
23621 294
23622 294
23623 294
23624 294
23625 294
23626 294
23627 294
23628 294
23629 294
23630 294
23631 294
23632 294
23633 294
23634 294
23635 294
23636 294
23637 294
23638 294
23639 294
23640 294
23641 294
23642 294
23643 294
23644 294
23645 294
23646 294
23647 294
23648 294
23649 294
23650 294
23651 294
23652 294
23653 294
23654 294
23655 294
23656 294
23657 294
23658 294
23659 294
23660 294
23661 294
23662 294
23663 294
23664 294
23665 294
23666 294
23667 294
23668 294
23669 294
23670 294
23671 294
23672 294
23673 294
23674 294
23675 294
23676 294
23677 294
23678 294
23679 294
23680 294
23681 294
23682 294
23683 294
23684 294
23685 294
23686 294
23687 294
23688 294
23689 294
23690 294
23691 294
23692 294
23693 294
23694 294
23695 294
23696 294
23697 294
23698 294
23699 294
23700 294
23701 294
23702 294
23703 294
23704 294
23705 294
23706 294
23707 294
23708 294
23709 294
23710 294
23711 294
23712 294
23713 294
23714 294
23715 294
23716 294
23717 294
23718 294
23719 294
23720 294
23721 294
23722 294
23723 294
23724 294
23725 294
23726 294
23727 294
23728 294
23729 294
23730 294
23731 294
23732 294
23733 294
23734 294
23735 294
23736 294
23737 294
23738 294
23739 294
23740 294
23741 294
23742 294
23743 294
23744 294
23745 294
23746 294
23747 294
23748 294
23749 294
23750 294
23751 294
23752 294
23753 294
23754 294
23755 294
23756 294
23757 294
23758 294
23759 294
23760 294
23761 294
23762 294
23763 294
23764 294
23765 294
23766 294
23767 294
23768 294
23769 294
23770 294
23771 294
23772 294
23773 294
23774 294
23775 294
23776 294
23777 294
23778 294
23779 294
23780 294
23781 294
23782 294
23783 294
23784 294
23785 294
23786 294
23787 294
23788 294
23789 294
23790 294
23791 294
23792 294
23793 294
23794 294
23795 294
23796 294
23797 294
23798 294
23799 294
23800 294
23801 294
23802 294
23803 294
23804 294
23805 294
23806 294
23807 294
23808 294
23809 294
23810 294
23811 294
23812 294
23813 294
23814 294
23815 294
23816 294
23817 294
23818 294
23819 294
23820 294
23821 294
23822 294
23823 294
23824 294
23825 294
23826 294
23827 294
23828 294
23829 294
23830 294
23831 294
23832 294
23833 294
23834 294
23835 294
23836 294
23837 294
23838 294
23839 294
23840 294
23841 294
23842 294
23843 294
23844 294
23845 294
23846 294
23847 294
23848 294
23849 294
23850 294
23851 294
23852 294
23853 294
23854 294
23855 294
23856 294
23857 294
23858 294
23859 294
23860 294
23861 294
23862 294
23863 294
23864 294
23865 294
23866 294
23867 294
23868 294
23869 294
23870 294
23871 294
23872 294
23873 294
23874 294
23875 294
23876 294
23877 294
23878 294
23879 294
23880 294
23881 294
23882 294
23883 294
23884 294
23885 294
23886 294
23887 294
23888 294
23889 294
23890 294
23891 294
23892 294
23893 294
23894 294
23895 294
23896 294
23897 294
23898 294
23899 294
23900 294
23901 294
23902 294
23903 294
23904 294
23905 294
23906 294
23907 294
23908 294
23909 294
23910 294
23911 294
23912 294
23913 294
23914 295
23915 295
23916 295
23917 295
23918 295
23919 295
23920 295
23921 295
23922 295
23923 295
23924 295
23925 295
23926 295
23927 295
23928 295
23929 295
23930 295
23931 295
23932 295
23933 295
23934 295
23935 295
23936 295
23937 295
23938 295
23939 295
23940 295
23941 295
23942 295
23943 295
23944 295
23945 295
23946 295
23947 295
23948 295
23949 295
23950 295
23951 295
23952 295
23953 295
23954 295
23955 295
23956 295
23957 295
23958 295
23959 295
23960 295
23961 295
23962 295
23963 295
23964 295
23965 295
23966 295
23967 295
23968 295
23969 295
23970 295
23971 295
23972 295
23973 295
23974 295
23975 295
23976 295
23977 295
23978 295
23979 295
23980 295
23981 295
23982 295
23983 295
23984 295
23985 295
23986 295
23987 295
23988 295
23989 295
23990 295
23991 295
23992 295
23993 295
23994 295
23995 295
23996 295
23997 295
23998 295
23999 295
24000 295
24001 295
24002 295
24003 295
24004 295
24005 295
24006 295
24007 295
24008 295
24009 295
24010 295
24011 295
24012 295
24013 295
24014 295
24015 295
24016 295
24017 295
24018 295
24019 295
24020 295
24021 295
24022 295
24023 295
24024 295
24025 295
24026 295
24027 295
24028 295
24029 295
24030 295
24031 295
24032 295
24033 295
24034 295
24035 295
24036 295
24037 295
24038 295
24039 295
24040 295
24041 296
24042 296
24043 296
24044 296
24045 296
24046 296
24047 296
24048 296
24049 296
24050 296
24051 296
24052 296
24053 296
24054 296
24055 296
24056 296
24057 296
24058 296
24059 296
24060 296
24061 296
24062 296
24063 296
24064 296
24065 296
24066 296
24067 296
24068 296
24069 296
24070 296
24071 296
24072 296
24073 296
24074 296
24075 296
24076 296
24077 296
24078 296
24079 296
24080 296
24081 296
24082 296
24083 296
24084 296
24085 296
24086 296
24087 296
24088 296
24089 296
24090 296
24091 296
24092 296
24093 296
24094 296
24095 296
24096 296
24097 296
24098 296
24099 296
24100 296
24101 296
24102 296
24103 296
24104 296
24105 296
24106 296
24107 296
24108 296
24109 296
24110 296
24111 296
24112 296
24113 296
24114 296
24115 296
24116 296
24117 296
24118 296
24119 296
24120 296
24121 296
24122 296
24123 296
24124 296
24125 296
24126 296
24127 296
24128 296
24129 296
24130 296
24131 296
24132 296
24133 296
24134 296
24135 296
24136 296
24137 296
24138 296
24139 296
24140 296
24141 296
24142 296
24143 296
24144 296
24145 296
24146 296
24147 296
24148 296
24149 296
24150 296
24151 296
24152 296
24153 296
24154 296
24155 296
24156 296
24157 296
24158 296
24159 296
24160 296
24161 296
24162 296
24163 296
24164 296
24165 296
24166 296
24167 296
24168 296
24169 296
24170 296
24171 296
24172 296
24173 296
24174 296
24175 297
24176 297
24177 297
24178 297
24179 297
24180 297
24181 297
24182 297
24183 297
24184 297
24185 297
24186 297
24187 297
24188 297
24189 297
24190 297
24191 297
24192 297
24193 297
24194 297
24195 297
24196 297
24197 297
24198 297
24199 297
24200 297
24201 297
24202 297
24203 297
24204 297
24205 297
24206 297
24207 297
24208 297
24209 297
24210 297
24211 297
24212 297
24213 297
24214 297
24215 297
24216 297
24217 297
24218 297
24219 297
24220 297
24221 297
24222 297
24223 297
24224 297
24225 297
24226 297
24227 297
24228 297
24229 297
24230 297
24231 297
24232 297
24233 297
24234 297
24235 297
24236 297
24237 297
24238 297
24239 297
24240 297
24241 297
24242 297
24243 297
24244 297
24245 297
24246 297
24247 297
24248 297
24249 297
24250 297
24251 297
24252 297
24253 297
24254 297
24255 297
24256 297
24257 297
24258 297
24259 297
24260 297
24261 297
24262 297
24263 297
24264 297
24265 297
24266 297
24267 297
24268 297
24269 297
24270 297
24271 297
24272 297
24273 297
24274 297
24275 297
24276 297
24277 297
24278 297
24279 297
24280 297
24281 297
24282 297
24283 297
24284 297
24285 297
24286 297
24287 297
24288 297
24289 297
24290 297
24291 297
24292 297
24293 297
24294 297
24295 297
24296 297
24297 297
24298 297
24299 297
24300 297
24301 297
24302 297
24303 297
24304 297
24305 297
24306 297
24307 297
24308 297
24309 297
24310 297
24311 297
24312 297
24313 297
24314 297
24315 297
24316 297
24317 297
24318 297
24319 297
24320 297
24321 297
24322 297
24323 297
24324 297
24325 297
24326 297
24327 297
24328 297
24329 297
24330 297
24331 297
24332 297
24333 297
24334 297
24335 297
24336 297
24337 297
24338 297
24339 297
24340 297
24341 297
24342 297
24343 297
24344 297
24345 297
24346 297
24347 297
24348 297
24349 297
24350 297
24351 297
24352 297
24353 297
24354 297
24355 297
24356 297
24357 297
24358 297
24359 297
24360 297
24361 297
24362 297
24363 297
24364 297
24365 297
24366 297
24367 297
24368 297
24369 297
24370 297
24371 297
24372 297
24373 297
24374 297
24375 297
24376 297
24377 297
24378 297
24379 297
24380 297
24381 297
24382 297
24383 297
24384 297
24385 297
24386 297
24387 297
24388 297
24389 297
24390 297
24391 297
24392 297
24393 297
24394 297
24395 297
24396 297
24397 297
24398 297
24399 297
24400 297
24401 297
24402 297
24403 297
24404 297
24405 297
24406 297
24407 297
24408 297
24409 297
24410 297
24411 297
24412 297
24413 297
24414 297
24415 297
24416 297
24417 297
24418 297
24419 297
24420 297
24421 297
24422 297
24423 297
24424 297
24425 297
24426 297
24427 297
24428 297
24429 297
24430 297
24431 297
24432 297
24433 297
24434 297
24435 297
24436 297
24437 297
24438 297
24439 297
24440 297
24441 297
24442 297
24443 297
24444 297
24445 297
24446 297
24447 297
24448 297
24449 297
24450 297
24451 297
24452 297
24453 297
24454 297
24455 297
24456 297
24457 297
24458 297
24459 297
24460 297
24461 297
24462 297
24463 297
24464 297
24465 297
24466 297
24467 297
24468 297
24469 297
24470 297
24471 297
24472 297
24473 297
24474 297
24475 297
24476 297
24477 297
24478 297
24479 297
24480 297
24481 297
24482 297
24483 297
24484 297
24485 297
24486 297
24487 297
24488 297
24489 297
24490 297
24491 297
24492 297
24493 297
24494 297
24495 297
24496 297
24497 297
24498 297
24499 297
24500 297
24501 297
24502 297
24503 297
24504 297
24505 297
24506 297
24507 297
24508 297
24509 297
24510 297
24511 297
24512 297
24513 297
24514 297
24515 297
24516 297
24517 297
24518 297
24519 297
24520 297
24521 297
24522 297
24523 297
24524 297
24525 297
24526 297
24527 297
24528 297
24529 297
24530 297
24531 297
24532 297
24533 297
24534 297
24535 297
24536 297
24537 297
24538 297
24539 297
24540 297
24541 297
24542 297
24543 297
24544 297
24545 297
24546 297
24547 297
24548 297
24549 297
24550 297
24551 297
24552 298
24553 298
24554 298
24555 298
24556 298
24557 298
24558 298
24559 298
24560 298
24561 298
24562 298
24563 298
24564 298
24565 298
24566 298
24567 298
24568 298
24569 298
24570 298
24571 298
24572 298
24573 298
24574 298
24575 298
24576 298
24577 298
24578 298
24579 298
24580 298
24581 298
24582 298
24583 298
24584 298
24585 298
24586 298
24587 298
24588 298
24589 298
24590 298
24591 298
24592 298
24593 298
24594 298
24595 298
24596 298
24597 298
24598 298
24599 298
24600 298
24601 298
24602 298
24603 298
24604 298
24605 298
24606 298
24607 298
24608 298
24609 298
24610 298
24611 298
24612 298
24613 298
24614 298
24615 298
24616 298
24617 298
24618 298
24619 298
24620 298
24621 298
24622 298
24623 298
24624 298
24625 298
24626 298
24627 298
24628 298
24629 298
24630 298
24631 298
24632 298
24633 298
24634 298
24635 298
24636 298
24637 298
24638 298
24639 298
24640 298
24641 298
24642 299
24643 299
24644 299
24645 299
24646 299
24647 299
24648 299
24649 299
24650 299
24651 299
24652 299
24653 299
24654 299
24655 299
24656 299
24657 299
24658 299
24659 299
24660 299
24661 299
24662 299
24663 299
24664 299
24665 299
24666 299
24667 299
24668 299
24669 299
24670 299
24671 299
24672 299
24673 299
24674 299
24675 299
24676 299
24677 299
24678 299
24679 299
24680 299
24681 299
24682 299
24683 299
24684 299
24685 299
24686 299
24687 299
24688 299
24689 299
24690 299
24691 299
24692 299
24693 299
24694 299
24695 299
24696 299
24697 299
24698 299
24699 299
24700 299
24701 299
24702 299
24703 299
24704 299
24705 299
24706 299
24707 299
24708 299
24709 299
24710 299
24711 299
24712 299
24713 299
24714 299
24715 299
24716 299
24717 299
24718 299
24719 299
24720 299
24721 299
24722 299
24723 299
24724 299
24725 299
24726 299
24727 299
24728 299
24729 299
24730 299
24731 299
24732 299
24733 299
24734 299
24735 299
24736 299
24737 299
24738 299
24739 299
24740 299
24741 299
24742 299
24743 299
24744 299
24745 299
24746 299
24747 299
24748 299
24749 299
24750 299
24751 299
24752 299
24753 299
24754 299
24755 299
24756 299
24757 300
24758 300
24759 300
24760 300
24761 300
24762 300
24763 300
24764 300
24765 300
24766 300
24767 300
24768 300
24769 300
24770 300
24771 300
24772 300
24773 300
24774 300
24775 300
24776 300
24777 300
24778 300
24779 300
24780 300
24781 300
24782 300
24783 300
24784 300
24785 300
24786 300
24787 300
24788 300
24789 300
24790 300
24791 300
24792 300
24793 300
24794 300
24795 300
24796 300
24797 300
24798 300
24799 300
24800 300
24801 300
24802 300
24803 300
24804 300
24805 300
24806 300
24807 300
24808 300
24809 300
24810 300
24811 300
24812 300
24813 300
24814 300
24815 300
24816 300
24817 300
24818 300
24819 300
24820 300
24821 300
24822 300
24823 300
24824 300
24825 300
24826 300
24827 300
24828 300
24829 300
24830 300
24831 300
24832 300
24833 300
24834 300
24835 300
24836 300
24837 300
24838 300
24839 300
24840 300
24841 300
24842 300
24843 300
24844 300
24845 300
24846 300
24847 300
24848 300
24849 300
24850 300
24851 300
24852 300
24853 300
24854 300
24855 300
24856 300
24857 300
24858 300
24859 300
24860 300
24861 300
24862 300
24863 300
24864 300
24865 300
24866 300
24867 300
24868 300
24869 300
24870 300
24871 300
24872 300
24873 300
24874 300
24875 300
24876 300
24877 300
24878 300
24879 300
24880 300
24881 300
24882 300
24883 300
24884 300
24885 300
24886 300
24887 300
24888 300
24889 300
24890 300
24891 300
24892 301
24893 301
24894 301
24895 301
24896 301
24897 301
24898 301
24899 301
24900 301
24901 301
24902 301
24903 301
24904 301
24905 301
24906 301
24907 301
24908 301
24909 301
24910 301
24911 301
24912 301
24913 301
24914 301
24915 301
24916 301
24917 301
24918 301
24919 301
24920 301
24921 301
24922 301
24923 301
24924 301
24925 301
24926 301
24927 301
24928 301
24929 301
24930 301
24931 301
24932 301
24933 301
24934 301
24935 301
24936 301
24937 301
24938 301
24939 301
24940 301
24941 301
24942 301
24943 301
24944 301
24945 301
24946 301
24947 301
24948 301
24949 301
24950 301
24951 301
24952 301
24953 301
24954 301
24955 301
24956 301
24957 301
24958 301
24959 301
24960 301
24961 301
24962 301
24963 301
24964 301
24965 301
24966 301
24967 301
24968 301
24969 301
24970 301
24971 301
24972 301
24973 301
24974 301
24975 301
24976 301
24977 301
24978 301
24979 301
24980 301
24981 301
24982 301
24983 301
24984 301
24985 301
24986 301
24987 301
24988 301
24989 301
24990 301
24991 301
24992 301
24993 301
24994 301
24995 301
24996 301
24997 301
24998 301
24999 301
25000 301
25001 301
25002 301
25003 301
25004 301
25005 301
25006 301
25007 301
25008 301
25009 301
25010 301
25011 301
25012 301
25013 301
25014 301
25015 301
25016 301
25017 301
25018 301
25019 301
25020 301
25021 301
25022 301
25023 301
25024 301
25025 301
25026 301
25027 301
25028 301
25029 301
25030 301
25031 301
25032 301
25033 301
25034 301
25035 301
25036 301
25037 301
25038 301
25039 301
25040 301
25041 301
25042 301
25043 301
25044 301
25045 301
25046 301
25047 301
25048 301
25049 301
25050 301
25051 301
25052 301
25053 301
25054 301
25055 301
25056 301
25057 301
25058 301
25059 301
25060 301
25061 301
25062 301
25063 301
25064 301
25065 301
25066 301
25067 301
25068 301
25069 301
25070 301
25071 301
25072 301
25073 301
25074 301
25075 301
25076 301
25077 301
25078 301
25079 301
25080 301
25081 301
25082 301
25083 301
25084 301
25085 301
25086 301
25087 301
25088 301
25089 301
25090 301
25091 301
25092 301
25093 301
25094 301
25095 301
25096 301
25097 301
25098 301
25099 301
25100 301
25101 301
25102 301
25103 301
25104 301
25105 301
25106 301
25107 301
25108 301
25109 301
25110 301
25111 301
25112 301
25113 301
25114 301
25115 301
25116 301
25117 301
25118 301
25119 301
25120 301
25121 301
25122 301
25123 301
25124 301
25125 301
25126 301
25127 301
25128 301
25129 301
25130 301
25131 301
25132 301
25133 301
25134 301
25135 301
25136 301
25137 301
25138 301
25139 301
25140 301
25141 301
25142 301
25143 301
25144 301
25145 301
25146 301
25147 301
25148 301
25149 301
25150 301
25151 301
25152 301
25153 301
25154 301
25155 301
25156 301
25157 301
25158 301
25159 301
25160 301
25161 301
25162 301
25163 301
25164 301
25165 301
25166 301
25167 301
25168 301
25169 301
25170 301
25171 301
25172 301
25173 301
25174 301
25175 301
25176 301
25177 301
25178 301
25179 301
25180 301
25181 302
25182 302
25183 302
25184 302
25185 302
25186 302
25187 302
25188 302
25189 302
25190 302
25191 302
25192 302
25193 302
25194 302
25195 302
25196 302
25197 302
25198 302
25199 302
25200 302
25201 302
25202 302
25203 302
25204 302
25205 302
25206 302
25207 302
25208 302
25209 302
25210 302
25211 302
25212 302
25213 302
25214 302
25215 302
25216 302
25217 302
25218 302
25219 302
25220 302
25221 302
25222 302
25223 302
25224 302
25225 302
25226 302
25227 302
25228 302
25229 302
25230 302
25231 302
25232 302
25233 302
25234 302
25235 302
25236 302
25237 302
25238 302
25239 302
25240 302
25241 302
25242 302
25243 302
25244 302
25245 302
25246 302
25247 302
25248 302
25249 302
25250 302
25251 302
25252 302
25253 302
25254 302
25255 302
25256 302
25257 302
25258 302
25259 302
25260 302
25261 302
25262 302
25263 302
25264 302
25265 302
25266 302
25267 302
25268 302
25269 302
25270 302
25271 302
25272 302
25273 302
25274 302
25275 302
25276 302
25277 302
25278 302
25279 302
25280 302
25281 302
25282 302
25283 302
25284 302
25285 302
25286 302
25287 302
25288 302
25289 302
25290 302
25291 302
25292 302
25293 302
25294 302
25295 302
25296 302
25297 302
25298 302
25299 302
25300 302
25301 302
25302 302
25303 302
25304 302
25305 302
25306 302
25307 302
25308 302
25309 302
25310 302
25311 302
25312 302
25313 302
25314 302
25315 302
25316 302
25317 302
25318 302
25319 302
25320 302
25321 302
25322 302
25323 302
25324 302
25325 302
25326 302
25327 302
25328 302
25329 302
25330 302
25331 302
25332 302
25333 302
25334 302
25335 302
25336 302
25337 302
25338 302
25339 302
25340 302
25341 303
25342 303
25343 303
25344 303
25345 303
25346 303
25347 303
25348 303
25349 303
25350 303
25351 303
25352 303
25353 303
25354 303
25355 303
25356 303
25357 303
25358 303
25359 303
25360 303
25361 303
25362 303
25363 303
25364 303
25365 303
25366 303
25367 303
25368 303
25369 303
25370 303
25371 303
25372 303
25373 303
25374 303
25375 303
25376 303
25377 303
25378 303
25379 303
25380 303
25381 303
25382 303
25383 303
25384 303
25385 303
25386 303
25387 303
25388 303
25389 303
25390 303
25391 303
25392 303
25393 303
25394 303
25395 303
25396 303
25397 303
25398 303
25399 303
25400 303
25401 303
25402 303
25403 303
25404 303
25405 303
25406 303
25407 303
25408 303
25409 303
25410 303
25411 303
25412 303
25413 303
25414 303
25415 303
25416 303
25417 303
25418 303
25419 303
25420 303
25421 303
25422 303
25423 303
25424 303
25425 303
25426 303
25427 303
25428 303
25429 303
25430 303
25431 303
25432 303
25433 303
25434 303
25435 303
25436 303
25437 303
25438 303
25439 303
25440 303
25441 303
25442 303
25443 303
25444 303
25445 303
25446 303
25447 303
25448 303
25449 303
25450 303
25451 303
25452 303
25453 303
25454 303
25455 303
25456 303
25457 303
25458 303
25459 303
25460 303
25461 303
25462 303
25463 303
25464 303
25465 303
25466 303
25467 303
25468 303
25469 303
25470 303
25471 303
25472 303
25473 303
25474 303
25475 303
25476 303
25477 303
25478 303
25479 303
25480 303
25481 303
25482 303
25483 303
25484 303
25485 303
25486 303
25487 303
25488 303
25489 303
25490 303
25491 303
25492 303
25493 303
25494 303
25495 303
25496 303
25497 303
25498 303
25499 303
25500 303
25501 303
25502 303
25503 303
25504 303
25505 303
25506 303
25507 303
25508 303
25509 303
25510 303
25511 303
25512 303
25513 303
25514 303
25515 303
25516 303
25517 303
25518 303
25519 303
25520 303
25521 303
25522 303
25523 303
25524 303
25525 303
25526 303
25527 303
25528 303
25529 303
25530 303
25531 303
25532 303
25533 303
25534 303
25535 303
25536 303
25537 303
25538 303
25539 303
25540 303
25541 303
25542 303
25543 303
25544 303
25545 303
25546 303
25547 303
25548 303
25549 303
25550 303
25551 303
25552 303
25553 303
25554 303
25555 303
25556 303
25557 303
25558 303
25559 303
25560 303
25561 303
25562 303
25563 303
25564 303
25565 303
25566 303
25567 303
25568 303
25569 303
25570 303
25571 303
25572 303
25573 303
25574 303
25575 303
25576 303
25577 303
25578 303
25579 303
25580 303
25581 303
25582 303
25583 303
25584 303
25585 303
25586 303
25587 303
25588 303
25589 303
25590 303
25591 303
25592 303
25593 303
25594 303
25595 303
25596 303
25597 303
25598 303
25599 303
25600 303
25601 303
25602 303
25603 303
25604 303
25605 303
25606 303
25607 303
25608 303
25609 303
25610 303
25611 303
25612 303
25613 303
25614 303
25615 303
25616 303
25617 303
25618 303
25619 303
25620 303
25621 303
25622 303
25623 303
25624 303
25625 303
25626 303
25627 303
25628 303
25629 303
25630 303
25631 303
25632 303
25633 303
25634 303
25635 303
25636 303
25637 303
25638 303
25639 303
25640 303
25641 303
25642 303
25643 303
25644 303
25645 303
25646 303
25647 303
25648 303
25649 303
25650 303
25651 303
25652 303
25653 303
25654 303
25655 303
25656 303
25657 303
25658 303
25659 303
25660 303
25661 303
25662 303
25663 303
25664 303
25665 303
25666 303
25667 303
25668 303
25669 303
25670 303
25671 303
25672 303
25673 303
25674 303
25675 303
25676 303
25677 303
25678 303
25679 303
25680 303
25681 303
25682 303
25683 303
25684 303
25685 303
25686 303
25687 303
25688 303
25689 303
25690 303
25691 303
25692 303
25693 303
25694 303
25695 303
25696 303
25697 303
25698 303
25699 303
25700 303
25701 303
25702 303
25703 303
25704 303
25705 303
25706 303
25707 303
25708 303
25709 303
25710 303
25711 303
25712 303
25713 303
25714 303
25715 303
25716 303
25717 303
25718 303
25719 303
25720 303
25721 303
25722 303
25723 303
25724 303
25725 303
25726 303
25727 303
25728 303
25729 303
25730 303
25731 303
25732 303
25733 303
25734 303
25735 303
25736 303
25737 303
25738 303
25739 303
25740 303
25741 303
25742 303
25743 303
25744 303
25745 303
25746 303
25747 303
25748 303
25749 303
25750 303
25751 303
25752 303
25753 303
25754 303
25755 303
25756 303
25757 303
25758 303
25759 303
25760 303
25761 303
25762 303
25763 303
25764 303
25765 303
25766 303
25767 303
25768 303
25769 303
25770 303
25771 303
25772 303
25773 303
25774 303
25775 303
25776 303
25777 303
25778 303
25779 303
25780 303
25781 303
25782 303
25783 303
25784 303
25785 303
25786 303
25787 303
25788 303
25789 303
25790 303
25791 303
25792 303
25793 303
25794 303
25795 303
25796 303
25797 303
25798 303
25799 303
25800 303
25801 303
25802 303
25803 303
25804 303
25805 303
25806 303
25807 303
25808 303
25809 303
25810 303
25811 303
25812 303
25813 303
25814 303
25815 303
25816 303
25817 303
25818 303
25819 303
25820 303
25821 303
25822 303
25823 303
25824 303
25825 303
25826 303
25827 303
25828 303
25829 303
25830 303
25831 303
25832 303
25833 303
25834 303
25835 303
25836 303
25837 303
25838 303
25839 303
25840 303
25841 303
25842 303
25843 303
25844 303
25845 303
25846 303
25847 303
25848 303
25849 303
25850 303
25851 303
25852 303
25853 303
25854 303
25855 303
25856 303
25857 303
25858 303
25859 303
25860 303
25861 303
25862 303
25863 303
25864 303
25865 303
25866 303
25867 303
25868 303
25869 303
25870 303
25871 303
25872 303
25873 303
25874 303
25875 303
25876 303
25877 303
25878 303
25879 303
25880 303
25881 303
25882 303
25883 303
25884 303
25885 303
25886 303
25887 303
25888 303
25889 303
25890 303
25891 303
25892 303
25893 303
25894 303
25895 303
25896 303
25897 303
25898 303
25899 303
25900 303
25901 303
25902 303
25903 303
25904 303
25905 303
25906 303
25907 303
25908 303
25909 303
25910 303
25911 303
25912 303
25913 303
25914 303
25915 303
25916 303
25917 303
25918 303
25919 303
25920 303
25921 303
25922 303
25923 303
25924 303
25925 303
25926 303
25927 303
25928 303
25929 303
25930 303
25931 303
25932 303
25933 303
25934 303
25935 303
25936 303
25937 303
25938 303
25939 303
25940 303
25941 303
25942 303
25943 303
25944 303
25945 303
25946 303
25947 303
25948 303
25949 303
25950 303
25951 303
25952 303
25953 303
25954 303
25955 303
25956 303
25957 303
25958 303
25959 303
25960 303
25961 303
25962 303
25963 303
25964 303
25965 303
25966 303
25967 303
25968 303
25969 303
25970 303
25971 303
25972 303
25973 303
25974 304
25975 304
25976 304
25977 304
25978 304
25979 304
25980 304
25981 304
25982 304
25983 304
25984 304
25985 304
25986 304
25987 304
25988 304
25989 304
25990 304
25991 304
25992 304
25993 304
25994 304
25995 304
25996 304
25997 304
25998 304
25999 304
26000 304
26001 304
26002 304
26003 304
26004 304
26005 304
26006 304
26007 304
26008 304
26009 304
26010 304
26011 304
26012 304
26013 304
26014 304
26015 304
26016 304
26017 304
26018 304
26019 304
26020 304
26021 304
26022 304
26023 304
26024 304
26025 304
26026 304
26027 304
26028 304
26029 304
26030 304
26031 304
26032 304
26033 304
26034 304
26035 304
26036 304
26037 304
26038 304
26039 304
26040 304
26041 304
26042 304
26043 304
26044 304
26045 304
26046 304
26047 304
26048 304
26049 304
26050 304
26051 304
26052 304
26053 304
26054 304
26055 304
26056 304
26057 304
26058 304
26059 304
26060 304
26061 304
26062 304
26063 304
26064 304
26065 304
26066 304
26067 304
26068 305
26069 305
26070 305
26071 305
26072 305
26073 305
26074 305
26075 305
26076 305
26077 305
26078 305
26079 305
26080 305
26081 305
26082 305
26083 305
26084 305
26085 305
26086 305
26087 305
26088 305
26089 305
26090 305
26091 305
26092 305
26093 305
26094 305
26095 305
26096 305
26097 305
26098 305
26099 305
26100 305
26101 305
26102 305
26103 305
26104 305
26105 305
26106 305
26107 305
26108 305
26109 305
26110 305
26111 305
26112 305
26113 305
26114 305
26115 305
26116 305
26117 305
26118 305
26119 305
26120 305
26121 305
26122 305
26123 305
26124 305
26125 305
26126 305
26127 305
26128 305
26129 305
26130 305
26131 305
26132 305
26133 305
26134 305
26135 305
26136 305
26137 305
26138 305
26139 305
26140 305
26141 305
26142 305
26143 305
26144 305
26145 305
26146 305
26147 305
26148 305
26149 305
26150 305
26151 305
26152 305
26153 305
26154 305
26155 305
26156 305
26157 305
26158 305
26159 305
26160 305
26161 305
26162 305
26163 305
26164 305
26165 305
26166 305
26167 305
26168 305
26169 305
26170 305
26171 305
26172 305
26173 305
26174 305
26175 305
26176 305
26177 305
26178 305
26179 305
26180 305
26181 305
26182 305
26183 305
26184 305
26185 305
26186 305
26187 305
26188 305
26189 305
26190 305
26191 305
26192 305
26193 305
26194 305
26195 305
26196 305
26197 305
26198 305
26199 305
26200 305
26201 305
26202 305
26203 305
26204 305
26205 305
26206 305
26207 305
26208 305
26209 305
26210 305
26211 305
26212 305
26213 305
26214 305
26215 305
26216 305
26217 305
26218 305
26219 305
26220 305
26221 305
26222 305
26223 305
26224 305
26225 305
26226 305
26227 305
26228 305
26229 305
26230 305
26231 305
26232 305
26233 305
26234 305
26235 305
26236 305
26237 305
26238 305
26239 305
26240 305
26241 305
26242 305
26243 305
26244 305
26245 305
26246 305
26247 305
26248 305
26249 305
26250 305
26251 305
26252 305
26253 305
26254 305
26255 305
26256 305
26257 305
26258 305
26259 305
26260 305
26261 305
26262 305
26263 305
26264 305
26265 305
26266 305
26267 305
26268 305
26269 305
26270 305
26271 305
26272 305
26273 305
26274 305
26275 305
26276 305
26277 305
26278 305
26279 305
26280 305
26281 305
26282 305
26283 305
26284 305
26285 305
26286 305
26287 305
26288 305
26289 305
26290 305
26291 305
26292 305
26293 305
26294 305
26295 305
26296 305
26297 305
26298 305
26299 305
26300 305
26301 305
26302 305
26303 305
26304 305
26305 305
26306 305
26307 305
26308 305
26309 305
26310 305
26311 305
26312 305
26313 305
26314 305
26315 305
26316 305
26317 305
26318 305
26319 305
26320 305
26321 305
26322 305
26323 305
26324 305
26325 305
26326 305
26327 305
26328 305
26329 305
26330 305
26331 305
26332 305
26333 305
26334 305
26335 305
26336 305
26337 305
26338 305
26339 305
26340 305
26341 305
26342 305
26343 305
26344 305
26345 305
26346 305
26347 305
26348 305
26349 305
26350 305
26351 305
26352 305
26353 305
26354 305
26355 305
26356 305
26357 305
26358 305
26359 305
26360 305
26361 305
26362 305
26363 305
26364 305
26365 305
26366 305
26367 305
26368 305
26369 305
26370 305
26371 305
26372 305
26373 305
26374 305
26375 305
26376 305
26377 305
26378 305
26379 305
26380 305
26381 305
26382 305
26383 305
26384 305
26385 305
26386 305
26387 305
26388 305
26389 305
26390 305
26391 305
26392 305
26393 305
26394 305
26395 305
26396 305
26397 305
26398 305
26399 305
26400 305
26401 305
26402 305
26403 305
26404 305
26405 305
26406 305
26407 305
26408 305
26409 305
26410 305
26411 305
26412 305
26413 305
26414 305
26415 305
26416 305
26417 305
26418 305
26419 305
26420 305
26421 305
26422 305
26423 305
26424 305
26425 305
26426 305
26427 305
26428 305
26429 305
26430 305
26431 305
26432 305
26433 305
26434 305
26435 305
26436 305
26437 305
26438 305
26439 305
26440 305
26441 305
26442 305
26443 305
26444 305
26445 305
26446 305
26447 305
26448 305
26449 305
26450 305
26451 305
26452 305
26453 305
26454 305
26455 305
26456 305
26457 305
26458 305
26459 305
26460 305
26461 305
26462 305
26463 305
26464 305
26465 305
26466 305
26467 305
26468 305
26469 305
26470 305
26471 305
26472 305
26473 305
26474 305
26475 305
26476 305
26477 305
26478 305
26479 305
26480 305
26481 305
26482 305
26483 305
26484 305
26485 305
26486 305
26487 305
26488 305
26489 305
26490 305
26491 305
26492 305
26493 305
26494 305
26495 305
26496 305
26497 305
26498 305
26499 305
26500 305
26501 305
26502 305
26503 305
26504 305
26505 305
26506 305
26507 305
26508 305
26509 305
26510 305
26511 305
26512 305
26513 305
26514 305
26515 305
26516 305
26517 305
26518 305
26519 305
26520 305
26521 305
26522 305
26523 305
26524 305
26525 305
26526 305
26527 305
26528 305
26529 305
26530 305
26531 305
26532 305
26533 305
26534 305
26535 305
26536 305
26537 305
26538 305
26539 305
26540 305
26541 305
26542 305
26543 305
26544 305
26545 305
26546 305
26547 305
26548 305
26549 305
26550 305
26551 305
26552 305
26553 305
26554 305
26555 305
26556 305
26557 305
26558 305
26559 305
26560 305
26561 305
26562 305
26563 305
26564 305
26565 305
26566 305
26567 305
26568 305
26569 305
26570 305
26571 306
26572 306
26573 306
26574 306
26575 306
26576 306
26577 306
26578 306
26579 306
26580 306
26581 306
26582 306
26583 306
26584 306
26585 306
26586 306
26587 306
26588 306
26589 306
26590 306
26591 306
26592 306
26593 306
26594 306
26595 306
26596 306
26597 306
26598 306
26599 306
26600 306
26601 306
26602 306
26603 306
26604 306
26605 306
26606 306
26607 306
26608 306
26609 306
26610 306
26611 306
26612 306
26613 306
26614 306
26615 306
26616 306
26617 306
26618 306
26619 306
26620 306
26621 306
26622 306
26623 306
26624 306
26625 306
26626 306
26627 306
26628 306
26629 306
26630 306
26631 306
26632 306
26633 306
26634 306
26635 306
26636 306
26637 306
26638 306
26639 306
26640 306
26641 306
26642 306
26643 306
26644 306
26645 306
26646 306
26647 306
26648 306
26649 306
26650 306
26651 306
26652 306
26653 306
26654 306
26655 306
26656 306
26657 306
26658 306
26659 306
26660 306
26661 306
26662 306
26663 306
26664 306
26665 306
26666 306
26667 306
26668 306
26669 306
26670 306
26671 306
26672 306
26673 306
26674 306
26675 306
26676 306
26677 306
26678 306
26679 306
26680 306
26681 306
26682 306
26683 306
26684 306
26685 306
26686 306
26687 306
26688 306
26689 306
26690 306
26691 306
26692 306
26693 306
26694 306
26695 306
26696 306
26697 306
26698 306
26699 306
26700 307
26701 307
26702 307
26703 307
26704 307
26705 307
26706 307
26707 307
26708 307
26709 307
26710 307
26711 307
26712 307
26713 307
26714 307
26715 307
26716 307
26717 307
26718 307
26719 307
26720 307
26721 307
26722 307
26723 307
26724 307
26725 307
26726 307
26727 307
26728 307
26729 307
26730 307
26731 307
26732 307
26733 307
26734 307
26735 307
26736 307
26737 307
26738 307
26739 307
26740 307
26741 307
26742 307
26743 307
26744 307
26745 307
26746 307
26747 307
26748 307
26749 307
26750 307
26751 307
26752 307
26753 307
26754 307
26755 307
26756 307
26757 307
26758 307
26759 307
26760 307
26761 307
26762 307
26763 307
26764 307
26765 307
26766 307
26767 307
26768 307
26769 307
26770 307
26771 307
26772 307
26773 307
26774 307
26775 307
26776 307
26777 307
26778 307
26779 307
26780 307
26781 307
26782 307
26783 307
26784 307
26785 307
26786 307
26787 307
26788 307
26789 307
26790 307
26791 307
26792 307
26793 307
26794 307
26795 307
26796 307
26797 307
26798 307
26799 307
26800 307
26801 307
26802 307
26803 307
26804 307
26805 307
26806 307
26807 307
26808 307
26809 307
26810 307
26811 307
26812 307
26813 307
26814 307
26815 307
26816 307
26817 307
26818 308
26819 308
26820 308
26821 308
26822 308
26823 308
26824 308
26825 308
26826 308
26827 308
26828 308
26829 308
26830 308
26831 308
26832 308
26833 308
26834 308
26835 308
26836 308
26837 308
26838 308
26839 308
26840 308
26841 308
26842 308
26843 308
26844 308
26845 308
26846 308
26847 308
26848 308
26849 308
26850 308
26851 308
26852 308
26853 308
26854 308
26855 308
26856 308
26857 308
26858 308
26859 308
26860 308
26861 308
26862 308
26863 308
26864 308
26865 308
26866 308
26867 308
26868 308
26869 308
26870 308
26871 308
26872 308
26873 308
26874 308
26875 308
26876 308
26877 308
26878 308
26879 308
26880 308
26881 308
26882 308
26883 308
26884 308
26885 308
26886 308
26887 308
26888 308
26889 308
26890 308
26891 308
26892 308
26893 308
26894 308
26895 308
26896 308
26897 308
26898 308
26899 308
26900 308
26901 308
26902 308
26903 308
26904 308
26905 308
26906 308
26907 308
26908 308
26909 308
26910 308
26911 308
26912 308
26913 308
26914 308
26915 308
26916 308
26917 308
26918 308
26919 308
26920 308
26921 308
26922 308
26923 308
26924 308
26925 308
26926 308
26927 308
26928 308
26929 308
26930 308
26931 308
26932 308
26933 308
26934 308
26935 308
26936 308
26937 308
26938 308
26939 308
26940 308
26941 308
26942 308
26943 308
26944 308
26945 308
26946 308
26947 308
26948 309
26949 309
26950 309
26951 309
26952 309
26953 309
26954 309
26955 309
26956 309
26957 309
26958 309
26959 309
26960 309
26961 309
26962 309
26963 309
26964 309
26965 309
26966 309
26967 309
26968 309
26969 309
26970 309
26971 309
26972 309
26973 309
26974 309
26975 309
26976 309
26977 309
26978 309
26979 309
26980 309
26981 309
26982 309
26983 309
26984 309
26985 309
26986 309
26987 309
26988 309
26989 309
26990 309
26991 309
26992 309
26993 309
26994 309
26995 309
26996 309
26997 309
26998 309
26999 309
27000 309
27001 309
27002 309
27003 309
27004 309
27005 309
27006 309
27007 309
27008 309
27009 309
27010 309
27011 309
27012 309
27013 309
27014 309
27015 309
27016 309
27017 309
27018 309
27019 309
27020 309
27021 309
27022 309
27023 309
27024 309
27025 309
27026 309
27027 309
27028 309
27029 309
27030 309
27031 309
27032 309
27033 309
27034 309
27035 309
27036 309
27037 309
27038 309
27039 309
27040 309
27041 309
27042 309
27043 309
27044 309
27045 309
27046 309
27047 309
27048 309
27049 309
27050 309
27051 309
27052 309
27053 309
27054 309
27055 309
27056 309
27057 309
27058 309
27059 309
27060 309
27061 309
27062 309
27063 309
27064 309
27065 309
27066 309
27067 309
27068 309
27069 309
27070 309
27071 309
27072 309
27073 309
27074 309
27075 309
27076 309
27077 309
27078 309
27079 309
27080 309
27081 309
27082 309
27083 309
27084 310
27085 310
27086 310
27087 310
27088 310
27089 310
27090 310
27091 310
27092 310
27093 310
27094 310
27095 310
27096 310
27097 310
27098 310
27099 310
27100 310
27101 310
27102 310
27103 310
27104 310
27105 310
27106 310
27107 310
27108 310
27109 310
27110 310
27111 310
27112 310
27113 310
27114 310
27115 310
27116 310
27117 310
27118 310
27119 310
27120 310
27121 310
27122 310
27123 310
27124 310
27125 310
27126 310
27127 310
27128 310
27129 310
27130 310
27131 310
27132 310
27133 310
27134 310
27135 310
27136 310
27137 310
27138 310
27139 310
27140 310
27141 310
27142 310
27143 310
27144 310
27145 310
27146 310
27147 310
27148 310
27149 310
27150 310
27151 310
27152 310
27153 310
27154 310
27155 310
27156 310
27157 310
27158 310
27159 310
27160 310
27161 310
27162 310
27163 310
27164 310
27165 310
27166 310
27167 310
27168 310
27169 310
27170 310
27171 310
27172 310
27173 310
27174 310
27175 310
27176 310
27177 310
27178 310
27179 310
27180 310
27181 310
27182 310
27183 310
27184 310
27185 310
27186 310
27187 310
27188 310
27189 310
27190 310
27191 310
27192 310
27193 310
27194 310
27195 310
27196 310
27197 310
27198 310
27199 310
27200 311
27201 311
27202 311
27203 311
27204 311
27205 311
27206 311
27207 311
27208 311
27209 311
27210 311
27211 311
27212 311
27213 311
27214 311
27215 311
27216 311
27217 311
27218 311
27219 311
27220 311
27221 311
27222 311
27223 311
27224 311
27225 311
27226 311
27227 311
27228 311
27229 311
27230 311
27231 311
27232 311
27233 311
27234 311
27235 311
27236 311
27237 311
27238 311
27239 311
27240 311
27241 311
27242 311
27243 311
27244 311
27245 311
27246 311
27247 311
27248 311
27249 311
27250 311
27251 311
27252 311
27253 311
27254 311
27255 311
27256 311
27257 311
27258 311
27259 311
27260 311
27261 311
27262 311
27263 311
27264 311
27265 311
27266 311
27267 311
27268 311
27269 311
27270 311
27271 311
27272 311
27273 311
27274 311
27275 311
27276 311
27277 311
27278 311
27279 311
27280 311
27281 311
27282 311
27283 311
27284 311
27285 311
27286 311
27287 311
27288 311
27289 311
27290 311
27291 311
27292 311
27293 311
27294 311
27295 311
27296 311
27297 311
27298 311
27299 311
27300 311
27301 311
27302 311
27303 311
27304 311
27305 311
27306 311
27307 311
27308 311
27309 311
27310 311
27311 311
27312 311
27313 311
27314 311
27315 311
27316 311
27317 311
27318 311
27319 311
27320 311
27321 311
27322 311
27323 311
27324 311
27325 311
27326 311
27327 311
27328 311
27329 311
27330 311
27331 311
27332 311
27333 311
27334 311
27335 311
27336 311
27337 311
27338 311
27339 311
27340 311
27341 311
27342 311
27343 311
27344 311
27345 311
27346 311
27347 311
27348 311
27349 311
27350 311
27351 311
27352 311
27353 311
27354 311
27355 311
27356 311
27357 311
27358 311
27359 311
27360 311
27361 311
27362 311
27363 311
27364 311
27365 311
27366 311
27367 311
27368 311
27369 311
27370 312
27371 312
27372 312
27373 312
27374 312
27375 312
27376 312
27377 312
27378 312
27379 312
27380 312
27381 312
27382 312
27383 312
27384 312
27385 312
27386 312
27387 312
27388 312
27389 312
27390 312
27391 312
27392 312
27393 312
27394 312
27395 312
27396 312
27397 312
27398 312
27399 312
27400 312
27401 312
27402 312
27403 312
27404 312
27405 312
27406 312
27407 312
27408 312
27409 312
27410 312
27411 312
27412 312
27413 312
27414 312
27415 312
27416 312
27417 312
27418 312
27419 312
27420 312
27421 312
27422 312
27423 312
27424 312
27425 312
27426 312
27427 312
27428 312
27429 312
27430 312
27431 312
27432 312
27433 312
27434 312
27435 312
27436 312
27437 312
27438 312
27439 312
27440 312
27441 312
27442 312
27443 312
27444 312
27445 312
27446 312
27447 312
27448 312
27449 312
27450 312
27451 312
27452 312
27453 312
27454 312
27455 312
27456 312
27457 312
27458 312
27459 312
27460 312
27461 312
27462 312
27463 312
27464 312
27465 312
27466 312
27467 312
27468 312
27469 312
27470 312
27471 312
27472 312
27473 312
27474 312
27475 312
27476 312
27477 312
27478 312
27479 312
27480 312
27481 312
27482 312
27483 312
27484 312
27485 312
27486 312
27487 312
27488 312
27489 312
27490 312
27491 312
27492 312
27493 312
27494 312
27495 312
27496 312
27497 312
27498 312
27499 312
27500 312
27501 312
27502 312
27503 312
27504 312
27505 312
27506 312
27507 312
27508 312
27509 312
27510 312
27511 312
27512 312
27513 312
27514 312
27515 312
27516 312
27517 312
27518 312
27519 312
27520 312
27521 312
27522 312
27523 312
27524 312
27525 312
27526 312
27527 313
27528 313
27529 313
27530 313
27531 313
27532 313
27533 313
27534 313
27535 313
27536 313
27537 313
27538 313
27539 313
27540 313
27541 313
27542 313
27543 313
27544 313
27545 313
27546 313
27547 313
27548 313
27549 313
27550 313
27551 313
27552 313
27553 313
27554 313
27555 313
27556 313
27557 313
27558 313
27559 313
27560 313
27561 313
27562 313
27563 313
27564 313
27565 313
27566 313
27567 313
27568 313
27569 313
27570 313
27571 313
27572 313
27573 313
27574 313
27575 313
27576 313
27577 313
27578 313
27579 313
27580 313
27581 313
27582 313
27583 313
27584 313
27585 313
27586 313
27587 313
27588 313
27589 313
27590 313
27591 313
27592 313
27593 313
27594 313
27595 313
27596 313
27597 313
27598 313
27599 313
27600 313
27601 313
27602 313
27603 313
27604 313
27605 313
27606 313
27607 313
27608 313
27609 313
27610 313
27611 313
27612 313
27613 313
27614 313
27615 313
27616 313
27617 313
27618 313
27619 313
27620 313
27621 313
27622 313
27623 313
27624 313
27625 313
27626 313
27627 313
27628 313
27629 313
27630 313
27631 313
27632 313
27633 313
27634 313
27635 313
27636 313
27637 313
27638 313
27639 313
27640 313
27641 313
27642 313
27643 313
27644 313
27645 313
27646 313
27647 313
27648 313
27649 313
27650 313
27651 313
27652 313
27653 313
27654 313
27655 313
27656 313
27657 313
27658 313
27659 313
27660 313
27661 313
27662 313
27663 313
27664 313
27665 313
27666 313
27667 313
27668 313
27669 313
27670 313
27671 313
27672 313
27673 313
27674 313
27675 313
27676 313
27677 313
27678 313
27679 313
27680 313
27681 313
27682 313
27683 313
27684 313
27685 313
27686 313
27687 313
27688 313
27689 313
27690 313
27691 313
27692 313
27693 313
27694 313
27695 313
27696 313
27697 313
27698 313
27699 313
27700 313
27701 313
27702 313
27703 313
27704 313
27705 313
27706 313
27707 313
27708 313
27709 313
27710 313
27711 313
27712 313
27713 313
27714 313
27715 313
27716 313
27717 313
27718 313
27719 313
27720 313
27721 313
27722 313
27723 313
27724 313
27725 313
27726 313
27727 313
27728 313
27729 313
27730 313
27731 313
27732 313
27733 313
27734 313
27735 313
27736 313
27737 313
27738 313
27739 313
27740 313
27741 313
27742 313
27743 313
27744 313
27745 313
27746 313
27747 313
27748 313
27749 313
27750 313
27751 313
27752 313
27753 313
27754 313
27755 313
27756 313
27757 313
27758 313
27759 313
27760 313
27761 313
27762 313
27763 313
27764 313
27765 313
27766 313
27767 313
27768 313
27769 313
27770 313
27771 313
27772 313
27773 313
27774 313
27775 313
27776 313
27777 313
27778 313
27779 313
27780 313
27781 313
27782 313
27783 314
27784 314
27785 314
27786 314
27787 314
27788 314
27789 314
27790 314
27791 314
27792 314
27793 314
27794 314
27795 314
27796 314
27797 314
27798 314
27799 314
27800 314
27801 314
27802 314
27803 314
27804 314
27805 314
27806 314
27807 314
27808 314
27809 314
27810 314
27811 314
27812 314
27813 314
27814 314
27815 314
27816 314
27817 314
27818 314
27819 314
27820 314
27821 314
27822 314
27823 314
27824 314
27825 314
27826 314
27827 314
27828 314
27829 314
27830 314
27831 314
27832 314
27833 314
27834 314
27835 314
27836 314
27837 314
27838 314
27839 314
27840 314
27841 314
27842 314
27843 314
27844 314
27845 314
27846 314
27847 314
27848 314
27849 314
27850 314
27851 314
27852 314
27853 314
27854 314
27855 314
27856 314
27857 314
27858 314
27859 314
27860 314
27861 314
27862 314
27863 314
27864 314
27865 314
27866 314
27867 314
27868 314
27869 314
27870 314
27871 314
27872 314
27873 314
27874 314
27875 314
27876 317
27877 317
27878 317
27879 317
27880 317
27881 317
27882 317
27883 317
27884 317
27885 317
27886 317
27887 317
27888 317
27889 317
27890 317
27891 317
27892 317
27893 317
27894 317
27895 317
27896 317
27897 317
27898 317
27899 317
27900 317
27901 317
27902 317
27903 317
27904 317
27905 317
27906 317
27907 317
27908 317
27909 317
27910 317
27911 317
27912 317
27913 317
27914 317
27915 317
27916 317
27917 317
27918 317
27919 317
27920 318
27921 318
27922 318
27923 318
27924 318
27925 318
27926 318
27927 318
27928 318
27929 318
27930 318
27931 318
27932 318
27933 318
27934 318
27935 318
27936 318
27937 318
27938 318
27939 318
27940 318
27941 318
27942 318
27943 318
27944 318
27945 318
27946 318
27947 318
27948 318
27949 318
27950 318
27951 318
27952 318
27953 318
27954 318
27955 318
27956 318
27957 318
27958 318
27959 318
27960 318
27961 318
27962 318
27963 318
27964 318
27965 318
27966 318
27967 318
27968 318
27969 318
27970 318
27971 318
27972 318
27973 318
27974 318
27975 318
27976 318
27977 318
27978 318
27979 318
27980 318
27981 318
27982 318
27983 318
27984 318
27985 318
27986 318
27987 318
27988 318
27989 318
27990 318
27991 318
27992 318
27993 318
27994 318
27995 318
27996 318
27997 318
27998 318
27999 318
28000 318
28001 318
28002 318
28003 318
28004 318
28005 318
28006 318
28007 318
28008 318
28009 318
28010 318
28011 318
28012 318
28013 318
28014 318
28015 318
28016 318
28017 318
28018 318
28019 318
28020 318
28021 318
28022 318
28023 318
28024 318
28025 318
28026 318
28027 318
28028 318
28029 318
28030 318
28031 318
28032 318
28033 318
28034 318
28035 318
28036 318
28037 318
28038 318
28039 318
28040 318
28041 318
28042 318
28043 318
28044 318
28045 318
28046 318
28047 318
28048 318
28049 318
28050 318
28051 318
28052 318
28053 318
28054 318
28055 318
28056 318
28057 318
28058 318
28059 318
28060 318
28061 318
28062 318
28063 318
28064 318
28065 318
28066 318
28067 318
28068 318
28069 318
28070 318
28071 318
28072 318
28073 318
28074 318
28075 318
28076 318
28077 318
28078 318
28079 318
28080 318
28081 318
28082 318
28083 318
28084 318
28085 318
28086 318
28087 318
28088 318
28089 318
28090 318
28091 318
28092 318
28093 318
28094 318
28095 318
28096 319
28097 319
28098 319
28099 319
28100 319
28101 319
28102 319
28103 319
28104 319
28105 319
28106 319
28107 319
28108 319
28109 319
28110 319
28111 319
28112 319
28113 319
28114 319
28115 319
28116 319
28117 319
28118 319
28119 319
28120 319
28121 319
28122 319
28123 319
28124 319
28125 319
28126 319
28127 319
28128 319
28129 319
28130 319
28131 319
28132 319
28133 319
28134 319
28135 319
28136 319
28137 319
28138 319
28139 319
28140 319
28141 319
28142 319
28143 319
28144 319
28145 319
28146 319
28147 319
28148 319
28149 319
28150 319
28151 319
28152 319
28153 319
28154 319
28155 319
28156 319
28157 319
28158 319
28159 319
28160 319
28161 319
28162 319
28163 319
28164 319
28165 319
28166 319
28167 319
28168 319
28169 319
28170 319
28171 319
28172 319
28173 319
28174 319
28175 319
28176 319
28177 319
28178 319
28179 319
28180 319
28181 319
28182 319
28183 319
28184 319
28185 319
28186 319
28187 319
28188 319
28189 319
28190 319
28191 319
28192 319
28193 319
28194 319
28195 319
28196 319
28197 319
28198 319
28199 319
28200 319
28201 319
28202 319
28203 319
28204 319
28205 319
28206 319
28207 319
28208 319
28209 319
28210 319
28211 319
28212 320
28213 320
28214 320
28215 320
28216 320
28217 320
28218 320
28219 320
28220 320
28221 320
28222 320
28223 320
28224 320
28225 320
28226 320
28227 320
28228 320
28229 320
28230 320
28231 320
28232 320
28233 320
28234 320
28235 320
28236 320
28237 320
28238 320
28239 320
28240 320
28241 320
28242 320
28243 320
28244 320
28245 320
28246 320
28247 320
28248 320
28249 320
28250 320
28251 320
28252 320
28253 320
28254 320
28255 320
28256 320
28257 320
28258 320
28259 320
28260 320
28261 320
28262 320
28263 320
28264 320
28265 320
28266 320
28267 320
28268 320
28269 320
28270 320
28271 320
28272 320
28273 320
28274 320
28275 320
28276 320
28277 320
28278 320
28279 320
28280 320
28281 320
28282 320
28283 320
28284 320
28285 320
28286 320
28287 320
28288 320
28289 320
28290 320
28291 320
28292 320
28293 320
28294 320
28295 320
28296 320
28297 320
28298 320
28299 320
28300 320
28301 320
28302 320
28303 320
28304 320
28305 320
28306 320
28307 320
28308 320
28309 320
28310 320
28311 320
28312 320
28313 320
28314 320
28315 320
28316 320
28317 320
28318 320
28319 320
28320 320
28321 320
28322 320
28323 320
28324 320
28325 320
28326 320
28327 320
28328 320
28329 320
28330 320
28331 320
28332 320
28333 320
28334 320
28335 320
28336 320
28337 320
28338 320
28339 320
28340 320
28341 320
28342 320
28343 320
28344 320
28345 320
28346 320
28347 320
28348 320
28349 320
28350 320
28351 320
28352 320
28353 320
28354 320
28355 320
28356 320
28357 320
28358 320
28359 320
28360 320
28361 320
28362 321
28363 321
28364 321
28365 321
28366 321
28367 321
28368 321
28369 321
28370 321
28371 321
28372 321
28373 321
28374 321
28375 321
28376 321
28377 321
28378 321
28379 321
28380 321
28381 321
28382 321
28383 321
28384 321
28385 321
28386 321
28387 321
28388 321
28389 321
28390 321
28391 321
28392 321
28393 321
28394 321
28395 321
28396 321
28397 321
28398 321
28399 321
28400 321
28401 321
28402 321
28403 321
28404 321
28405 321
28406 321
28407 321
28408 321
28409 321
28410 321
28411 321
28412 321
28413 321
28414 321
28415 321
28416 321
28417 321
28418 321
28419 321
28420 321
28421 321
28422 321
28423 321
28424 321
28425 321
28426 321
28427 321
28428 321
28429 321
28430 321
28431 321
28432 321
28433 321
28434 321
28435 321
28436 321
28437 321
28438 321
28439 321
28440 321
28441 321
28442 321
28443 321
28444 321
28445 321
28446 321
28447 321
28448 321
28449 321
28450 321
28451 321
28452 321
28453 321
28454 321
28455 321
28456 321
28457 321
28458 321
28459 321
28460 321
28461 321
28462 321
28463 321
28464 321
28465 321
28466 321
28467 321
28468 321
28469 321
28470 321
28471 321
28472 321
28473 321
28474 321
28475 321
28476 321
28477 321
28478 321
28479 321
28480 321
28481 321
28482 321
28483 321
28484 321
28485 321
28486 321
28487 321
28488 321
28489 321
28490 321
28491 321
28492 321
28493 321
28494 321
28495 321
28496 321
28497 321
28498 321
28499 321
28500 321
28501 321
28502 321
28503 321
28504 321
28505 321
28506 321
28507 321
28508 321
28509 321
28510 321
28511 321
28512 321
28513 321
28514 321
28515 321
28516 321
28517 321
28518 321
28519 321
28520 321
28521 321
28522 321
28523 321
28524 321
28525 321
28526 321
28527 321
28528 321
28529 321
28530 321
28531 321
28532 321
28533 321
28534 321
28535 321
28536 321
28537 321
28538 321
28539 321
28540 321
28541 321
28542 321
28543 321
28544 321
28545 321
28546 321
28547 321
28548 321
28549 321
28550 321
28551 321
28552 321
28553 321
28554 321
28555 321
28556 321
28557 321
28558 321
28559 321
28560 321
28561 321
28562 321
28563 321
28564 321
28565 321
28566 321
28567 321
28568 321
28569 321
28570 321
28571 321
28572 321
28573 321
28574 321
28575 321
28576 321
28577 321
28578 321
28579 321
28580 321
28581 321
28582 321
28583 321
28584 321
28585 321
28586 321
28587 321
28588 321
28589 321
28590 321
28591 321
28592 321
28593 321
28594 321
28595 321
28596 321
28597 321
28598 321
28599 321
28600 321
28601 321
28602 321
28603 321
28604 321
28605 321
28606 321
28607 321
28608 321
28609 321
28610 321
28611 321
28612 321
28613 321
28614 321
28615 321
28616 321
28617 321
28618 321
28619 321
28620 321
28621 321
28622 321
28623 321
28624 321
28625 321
28626 321
28627 321
28628 321
28629 321
28630 321
28631 321
28632 321
28633 321
28634 321
28635 321
28636 321
28637 321
28638 321
28639 321
28640 321
28641 321
28642 321
28643 321
28644 321
28645 321
28646 322
28647 322
28648 322
28649 322
28650 322
28651 322
28652 322
28653 322
28654 322
28655 322
28656 322
28657 322
28658 322
28659 322
28660 322
28661 322
28662 322
28663 322
28664 322
28665 322
28666 322
28667 322
28668 322
28669 322
28670 322
28671 322
28672 322
28673 322
28674 322
28675 322
28676 322
28677 322
28678 322
28679 322
28680 322
28681 322
28682 322
28683 322
28684 322
28685 322
28686 322
28687 322
28688 322
28689 322
28690 322
28691 322
28692 322
28693 322
28694 322
28695 322
28696 322
28697 322
28698 322
28699 322
28700 322
28701 322
28702 322
28703 322
28704 322
28705 322
28706 322
28707 322
28708 322
28709 322
28710 322
28711 322
28712 322
28713 322
28714 322
28715 322
28716 322
28717 322
28718 322
28719 322
28720 322
28721 322
28722 322
28723 322
28724 322
28725 322
28726 322
28727 322
28728 322
28729 322
28730 322
28731 322
28732 322
28733 322
28734 322
28735 322
28736 322
28737 322
28738 322
28739 322
28740 322
28741 322
28742 322
28743 322
28744 322
28745 322
28746 322
28747 322
28748 322
28749 322
28750 322
28751 322
28752 322
28753 322
28754 322
28755 322
28756 322
28757 322
28758 322
28759 322
28760 322
28761 322
28762 322
28763 322
28764 322
28765 322
28766 322
28767 322
28768 322
28769 322
28770 322
28771 322
28772 322
28773 322
28774 322
28775 322
28776 322
28777 322
28778 322
28779 322
28780 322
28781 322
28782 322
28783 322
28784 322
28785 322
28786 322
28787 322
28788 322
28789 322
28790 322
28791 322
28792 322
28793 322
28794 322
28795 322
28796 322
28797 322
28798 322
28799 322
28800 322
28801 322
28802 322
28803 322
28804 322
28805 322
28806 322
28807 323
28808 323
28809 323
28810 323
28811 323
28812 323
28813 323
28814 323
28815 323
28816 323
28817 323
28818 323
28819 323
28820 323
28821 323
28822 323
28823 323
28824 323
28825 323
28826 323
28827 323
28828 323
28829 323
28830 323
28831 323
28832 323
28833 323
28834 323
28835 323
28836 323
28837 323
28838 323
28839 323
28840 323
28841 323
28842 323
28843 323
28844 323
28845 323
28846 323
28847 323
28848 323
28849 323
28850 323
28851 323
28852 323
28853 323
28854 323
28855 323
28856 323
28857 323
28858 323
28859 323
28860 323
28861 323
28862 323
28863 323
28864 323
28865 323
28866 323
28867 323
28868 323
28869 323
28870 323
28871 323
28872 323
28873 323
28874 323
28875 323
28876 323
28877 323
28878 323
28879 323
28880 323
28881 323
28882 323
28883 323
28884 323
28885 323
28886 323
28887 323
28888 323
28889 323
28890 323
28891 323
28892 323
28893 323
28894 323
28895 323
28896 323
28897 323
28898 323
28899 323
28900 323
28901 323
28902 323
28903 323
28904 323
28905 323
28906 323
28907 323
28908 323
28909 323
28910 323
28911 323
28912 323
28913 323
28914 323
28915 323
28916 323
28917 323
28918 323
28919 323
28920 323
28921 323
28922 323
28923 323
28924 323
28925 323
28926 323
28927 323
28928 323
28929 323
28930 323
28931 323
28932 323
28933 323
28934 323
28935 323
28936 323
28937 323
28938 323
28939 323
28940 323
28941 323
28942 323
28943 323
28944 323
28945 323
28946 324
28947 324
28948 324
28949 324
28950 324
28951 324
28952 324
28953 324
28954 324
28955 324
28956 324
28957 324
28958 324
28959 324
28960 324
28961 324
28962 324
28963 324
28964 324
28965 324
28966 324
28967 324
28968 324
28969 324
28970 324
28971 324
28972 324
28973 324
28974 324
28975 324
28976 324
28977 324
28978 324
28979 324
28980 324
28981 324
28982 324
28983 324
28984 324
28985 324
28986 324
28987 324
28988 324
28989 324
28990 324
28991 324
28992 324
28993 324
28994 324
28995 324
28996 324
28997 324
28998 324
28999 324
29000 324
29001 324
29002 324
29003 324
29004 324
29005 324
29006 324
29007 324
29008 324
29009 324
29010 324
29011 324
29012 324
29013 324
29014 324
29015 324
29016 324
29017 324
29018 324
29019 324
29020 324
29021 324
29022 324
29023 324
29024 324
29025 324
29026 324
29027 324
29028 324
29029 324
29030 324
29031 324
29032 324
29033 324
29034 324
29035 324
29036 324
29037 324
29038 324
29039 324
29040 324
29041 324
29042 324
29043 324
29044 324
29045 324
29046 324
29047 324
29048 324
29049 324
29050 324
29051 324
29052 324
29053 324
29054 324
29055 324
29056 324
29057 324
29058 324
29059 324
29060 324
29061 324
29062 324
29063 324
29064 324
29065 324
29066 324
29067 324
29068 324
29069 324
29070 324
29071 324
29072 324
29073 324
29074 324
29075 324
29076 324
29077 324
29078 324
29079 324
29080 324
29081 324
29082 324
29083 324
29084 324
29085 324
29086 324
29087 324
29088 324
29089 324
29090 324
29091 324
29092 324
29093 324
29094 324
29095 324
29096 324
29097 324
29098 324
29099 324
29100 324
29101 324
29102 324
29103 324
29104 324
29105 324
29106 324
29107 324
29108 324
29109 324
29110 324
29111 324
29112 324
29113 324
29114 324
29115 324
29116 324
29117 324
29118 324
29119 324
29120 324
29121 324
29122 324
29123 324
29124 324
29125 324
29126 324
29127 324
29128 324
29129 324
29130 324
29131 324
29132 324
29133 324
29134 324
29135 324
29136 324
29137 324
29138 324
29139 324
29140 324
29141 324
29142 324
29143 324
29144 324
29145 324
29146 324
29147 324
29148 324
29149 324
29150 324
29151 324
29152 324
29153 324
29154 324
29155 324
29156 324
29157 324
29158 324
29159 324
29160 324
29161 324
29162 324
29163 324
29164 324
29165 324
29166 324
29167 324
29168 324
29169 324
29170 324
29171 324
29172 324
29173 324
29174 324
29175 324
29176 324
29177 324
29178 324
29179 324
29180 324
29181 324
29182 324
29183 324
29184 324
29185 324
29186 324
29187 324
29188 324
29189 324
29190 324
29191 324
29192 324
29193 324
29194 324
29195 324
29196 324
29197 324
29198 324
29199 324
29200 324
29201 324
29202 324
29203 324
29204 324
29205 324
29206 324
29207 324
29208 324
29209 324
29210 324
29211 324
29212 324
29213 324
29214 324
29215 324
29216 324
29217 324
29218 324
29219 324
29220 324
29221 324
29222 324
29223 324
29224 324
29225 324
29226 324
29227 324
29228 324
29229 324
29230 324
29231 324
29232 324
29233 324
29234 324
29235 324
29236 324
29237 324
29238 324
29239 324
29240 324
29241 324
29242 324
29243 324
29244 324
29245 324
29246 324
29247 324
29248 324
29249 324
29250 324
29251 324
29252 324
29253 324
29254 324
29255 324
29256 324
29257 324
29258 324
29259 324
29260 324
29261 324
29262 324
29263 324
29264 324
29265 324
29266 324
29267 324
29268 324
29269 324
29270 324
29271 324
29272 324
29273 324
29274 324
29275 324
29276 324
29277 324
29278 324
29279 324
29280 324
29281 324
29282 324
29283 324
29284 324
29285 324
29286 324
29287 324
29288 324
29289 324
29290 324
29291 324
29292 325
29293 325
29294 325
29295 325
29296 325
29297 325
29298 325
29299 325
29300 325
29301 325
29302 325
29303 325
29304 325
29305 325
29306 325
29307 325
29308 325
29309 325
29310 325
29311 325
29312 325
29313 325
29314 325
29315 325
29316 325
29317 325
29318 325
29319 325
29320 325
29321 325
29322 325
29323 325
29324 325
29325 325
29326 325
29327 325
29328 325
29329 325
29330 325
29331 325
29332 325
29333 325
29334 325
29335 325
29336 325
29337 325
29338 325
29339 325
29340 325
29341 325
29342 325
29343 325
29344 325
29345 325
29346 325
29347 325
29348 325
29349 325
29350 325
29351 325
29352 325
29353 325
29354 325
29355 325
29356 325
29357 325
29358 325
29359 325
29360 325
29361 325
29362 325
29363 325
29364 325
29365 325
29366 325
29367 325
29368 325
29369 325
29370 325
29371 325
29372 325
29373 325
29374 325
29375 325
29376 325
29377 325
29378 325
29379 325
29380 325
29381 325
29382 325
29383 325
29384 325
29385 325
29386 325
29387 325
29388 325
29389 325
29390 325
29391 325
29392 325
29393 325
29394 325
29395 325
29396 325
29397 325
29398 325
29399 325
29400 325
29401 325
29402 325
29403 325
29404 325
29405 325
29406 325
29407 325
29408 325
29409 325
29410 325
29411 325
29412 325
29413 325
29414 325
29415 325
29416 325
29417 325
29418 325
29419 325
29420 325
29421 325
29422 325
29423 325
29424 325
29425 325
29426 325
29427 325
29428 325
29429 325
29430 325
29431 325
29432 325
29433 325
29434 325
29435 325
29436 325
29437 325
29438 325
29439 325
29440 325
29441 325
29442 325
29443 325
29444 325
29445 325
29446 325
29447 325
29448 325
29449 325
29450 325
29451 325
29452 325
29453 325
29454 325
29455 325
29456 325
29457 325
29458 325
29459 325
29460 325
29461 325
29462 325
29463 325
29464 325
29465 325
29466 325
29467 325
29468 325
29469 325
29470 325
29471 325
29472 325
29473 325
29474 325
29475 325
29476 325
29477 325
29478 325
29479 325
29480 325
29481 325
29482 325
29483 325
29484 325
29485 325
29486 325
29487 325
29488 325
29489 325
29490 326
29491 326
29492 326
29493 326
29494 326
29495 326
29496 326
29497 326
29498 326
29499 326
29500 326
29501 326
29502 326
29503 326
29504 326
29505 326
29506 326
29507 326
29508 326
29509 326
29510 326
29511 326
29512 326
29513 326
29514 326
29515 326
29516 326
29517 326
29518 326
29519 326
29520 326
29521 326
29522 326
29523 326
29524 326
29525 326
29526 326
29527 326
29528 326
29529 326
29530 326
29531 326
29532 326
29533 326
29534 326
29535 326
29536 326
29537 326
29538 326
29539 326
29540 326
29541 326
29542 326
29543 326
29544 326
29545 326
29546 326
29547 326
29548 326
29549 326
29550 326
29551 326
29552 326
29553 326
29554 326
29555 326
29556 326
29557 326
29558 326
29559 326
29560 326
29561 326
29562 326
29563 326
29564 326
29565 326
29566 326
29567 326
29568 326
29569 326
29570 326
29571 326
29572 326
29573 326
29574 326
29575 326
29576 326
29577 326
29578 326
29579 326
29580 326
29581 326
29582 326
29583 326
29584 326
29585 326
29586 326
29587 326
29588 326
29589 327
29590 327
29591 327
29592 327
29593 327
29594 327
29595 327
29596 327
29597 327
29598 327
29599 327
29600 327
29601 327
29602 327
29603 327
29604 327
29605 327
29606 327
29607 327
29608 327
29609 327
29610 327
29611 327
29612 327
29613 327
29614 327
29615 327
29616 327
29617 327
29618 327
29619 327
29620 327
29621 327
29622 327
29623 327
29624 327
29625 327
29626 327
29627 327
29628 327
29629 327
29630 327
29631 327
29632 327
29633 327
29634 327
29635 327
29636 327
29637 327
29638 327
29639 327
29640 327
29641 327
29642 327
29643 327
29644 327
29645 327
29646 327
29647 327
29648 327
29649 327
29650 327
29651 327
29652 327
29653 327
29654 327
29655 327
29656 327
29657 327
29658 327
29659 327
29660 327
29661 327
29662 327
29663 327
29664 327
29665 327
29666 327
29667 327
29668 327
29669 327
29670 327
29671 327
29672 327
29673 327
29674 327
29675 327
29676 327
29677 327
29678 327
29679 327
29680 327
29681 327
29682 327
29683 327
29684 327
29685 327
29686 327
29687 327
29688 327
29689 327
29690 327
29691 327
29692 327
29693 327
29694 327
29695 327
29696 327
29697 327
29698 327
29699 327
29700 327
29701 327
29702 327
29703 327
29704 327
29705 327
29706 327
29707 327
29708 327
29709 327
29710 327
29711 327
29712 327
29713 327
29714 327
29715 327
29716 327
29717 327
29718 327
29719 327
29720 327
29721 327
29722 327
29723 327
29724 327
29725 327
29726 327
29727 327
29728 327
29729 327
29730 327
29731 327
29732 327
29733 327
29734 327
29735 327
29736 327
29737 327
29738 327
29739 327
29740 327
29741 327
29742 327
29743 327
29744 327
29745 327
29746 327
29747 327
29748 327
29749 327
29750 327
29751 327
29752 327
29753 327
29754 327
29755 327
29756 327
29757 327
29758 327
29759 327
29760 327
29761 327
29762 327
29763 327
29764 327
29765 327
29766 327
29767 327
29768 327
29769 327
29770 327
29771 327
29772 327
29773 327
29774 327
29775 327
29776 327
29777 327
29778 327
29779 327
29780 327
29781 327
29782 327
29783 327
29784 327
29785 327
29786 327
29787 327
29788 327
29789 327
29790 327
29791 327
29792 327
29793 327
29794 327
29795 327
29796 327
29797 327
29798 327
29799 327
29800 327
29801 327
29802 327
29803 327
29804 327
29805 327
29806 327
29807 327
29808 327
29809 327
29810 327
29811 327
29812 327
29813 327
29814 327
29815 327
29816 327
29817 327
29818 327
29819 327
29820 327
29821 327
29822 327
29823 327
29824 327
29825 327
29826 327
29827 327
29828 327
29829 327
29830 327
29831 327
29832 327
29833 327
29834 327
29835 327
29836 327
29837 327
29838 327
29839 327
29840 327
29841 327
29842 327
29843 327
29844 327
29845 327
29846 327
29847 327
29848 327
29849 327
29850 327
29851 327
29852 327
29853 327
29854 327
29855 327
29856 327
29857 327
29858 327
29859 327
29860 327
29861 327
29862 327
29863 327
29864 327
29865 327
29866 327
29867 327
29868 327
29869 327
29870 327
29871 327
29872 327
29873 327
29874 327
29875 327
29876 327
29877 327
29878 327
29879 327
29880 327
29881 327
29882 327
29883 327
29884 327
29885 327
29886 327
29887 327
29888 327
29889 327
29890 327
29891 327
29892 327
29893 327
29894 327
29895 327
29896 327
29897 327
29898 327
29899 327
29900 327
29901 327
29902 327
29903 328
29904 328
29905 328
29906 328
29907 328
29908 328
29909 328
29910 328
29911 328
29912 328
29913 328
29914 328
29915 328
29916 328
29917 328
29918 328
29919 328
29920 328
29921 328
29922 328
29923 328
29924 328
29925 328
29926 328
29927 328
29928 328
29929 328
29930 328
29931 328
29932 328
29933 328
29934 328
29935 328
29936 328
29937 328
29938 328
29939 328
29940 328
29941 328
29942 328
29943 328
29944 328
29945 328
29946 328
29947 328
29948 328
29949 328
29950 328
29951 328
29952 328
29953 328
29954 328
29955 328
29956 328
29957 328
29958 328
29959 328
29960 328
29961 328
29962 328
29963 328
29964 328
29965 328
29966 328
29967 328
29968 328
29969 328
29970 328
29971 328
29972 328
29973 328
29974 328
29975 328
29976 328
29977 328
29978 328
29979 328
29980 328
29981 328
29982 328
29983 328
29984 328
29985 328
29986 328
29987 328
29988 328
29989 328
29990 328
29991 328
29992 328
29993 328
29994 328
29995 328
29996 328
29997 328
29998 328
29999 328
30000 328
30001 328
30002 328
30003 328
30004 328
30005 328
30006 328
30007 328
30008 328
30009 328
30010 328
30011 328
30012 328
30013 328
30014 328
30015 328
30016 328
30017 328
30018 328
30019 328
30020 328
30021 328
30022 328
30023 328
30024 328
30025 328
30026 328
30027 328
30028 328
30029 328
30030 328
30031 328
30032 328
30033 328
30034 328
30035 328
30036 328
30037 328
30038 328
30039 328
30040 328
30041 328
30042 328
30043 328
30044 328
30045 328
30046 328
30047 328
30048 328
30049 328
30050 328
30051 328
30052 328
30053 328
30054 328
30055 328
30056 328
30057 328
30058 328
30059 328
30060 328
30061 328
30062 328
30063 328
30064 328
30065 328
30066 328
30067 328
30068 328
30069 328
30070 328
30071 328
30072 328
30073 328
30074 328
30075 328
30076 328
30077 328
30078 328
30079 328
30080 328
30081 328
30082 328
30083 328
30084 328
30085 328
30086 328
30087 328
30088 328
30089 328
30090 328
30091 329
30092 329
30093 329
30094 329
30095 329
30096 329
30097 329
30098 329
30099 329
30100 329
30101 329
30102 329
30103 329
30104 329
30105 329
30106 329
30107 329
30108 329
30109 329
30110 329
30111 329
30112 329
30113 329
30114 329
30115 329
30116 329
30117 329
30118 329
30119 329
30120 329
30121 329
30122 329
30123 329
30124 329
30125 329
30126 329
30127 329
30128 329
30129 329
30130 329
30131 329
30132 329
30133 329
30134 329
30135 329
30136 329
30137 329
30138 329
30139 329
30140 329
30141 329
30142 329
30143 329
30144 329
30145 329
30146 329
30147 329
30148 329
30149 329
30150 329
30151 329
30152 329
30153 329
30154 329
30155 329
30156 329
30157 329
30158 329
30159 329
30160 329
30161 329
30162 329
30163 329
30164 329
30165 329
30166 329
30167 329
30168 329
30169 329
30170 329
30171 329
30172 329
30173 329
30174 329
30175 329
30176 329
30177 329
30178 329
30179 329
30180 329
30181 329
30182 329
30183 329
30184 329
30185 329
30186 329
30187 329
30188 329
30189 329
30190 329
30191 329
30192 329
30193 329
30194 329
30195 329
30196 329
30197 329
30198 329
30199 329
30200 329
30201 329
30202 329
30203 329
30204 329
30205 329
30206 329
30207 329
30208 329
30209 329
30210 329
30211 329
30212 329
30213 329
30214 329
30215 329
30216 330
30217 330
30218 330
30219 330
30220 330
30221 330
30222 330
30223 330
30224 330
30225 330
30226 330
30227 330
30228 330
30229 330
30230 330
30231 330
30232 330
30233 330
30234 330
30235 330
30236 330
30237 330
30238 330
30239 330
30240 330
30241 330
30242 330
30243 330
30244 330
30245 330
30246 330
30247 330
30248 330
30249 330
30250 330
30251 330
30252 330
30253 330
30254 330
30255 330
30256 330
30257 330
30258 330
30259 330
30260 330
30261 330
30262 330
30263 330
30264 330
30265 330
30266 330
30267 330
30268 330
30269 330
30270 330
30271 330
30272 330
30273 330
30274 330
30275 330
30276 330
30277 330
30278 330
30279 330
30280 330
30281 330
30282 330
30283 330
30284 330
30285 330
30286 330
30287 330
30288 330
30289 330
30290 330
30291 330
30292 330
30293 330
30294 330
30295 330
30296 330
30297 330
30298 330
30299 330
30300 330
30301 330
30302 330
30303 330
30304 330
30305 330
30306 330
30307 330
30308 330
30309 330
30310 330
30311 330
30312 330
30313 330
30314 330
30315 330
30316 330
30317 330
30318 330
30319 330
30320 330
30321 330
30322 330
30323 330
30324 330
30325 330
30326 330
30327 330
30328 330
30329 330
30330 330
30331 330
30332 330
30333 330
30334 330
30335 330
30336 330
30337 330
30338 330
30339 330
30340 330
30341 330
30342 330
30343 330
30344 330
30345 330
30346 330
30347 330
30348 330
30349 330
30350 330
30351 330
30352 330
30353 330
30354 330
30355 330
30356 330
30357 330
30358 331
30359 331
30360 331
30361 331
30362 331
30363 331
30364 331
30365 331
30366 331
30367 331
30368 331
30369 331
30370 331
30371 331
30372 331
30373 331
30374 331
30375 331
30376 331
30377 331
30378 331
30379 331
30380 331
30381 331
30382 331
30383 331
30384 331
30385 331
30386 331
30387 331
30388 331
30389 331
30390 331
30391 331
30392 331
30393 331
30394 331
30395 331
30396 331
30397 331
30398 331
30399 331
30400 331
30401 331
30402 331
30403 331
30404 331
30405 331
30406 331
30407 331
30408 331
30409 331
30410 331
30411 331
30412 331
30413 331
30414 331
30415 331
30416 331
30417 331
30418 331
30419 331
30420 331
30421 331
30422 331
30423 331
30424 331
30425 331
30426 331
30427 331
30428 331
30429 331
30430 331
30431 331
30432 331
30433 331
30434 331
30435 331
30436 331
30437 331
30438 331
30439 331
30440 331
30441 331
30442 331
30443 331
30444 331
30445 331
30446 331
30447 331
30448 331
30449 331
30450 331
30451 331
30452 331
30453 331
30454 331
30455 331
30456 331
30457 331
30458 331
30459 331
30460 331
30461 331
30462 331
30463 331
30464 331
30465 331
30466 331
30467 331
30468 331
30469 331
30470 331
30471 331
30472 331
30473 331
30474 331
30475 331
30476 331
30477 331
30478 332
30479 332
30480 332
30481 332
30482 332
30483 332
30484 332
30485 332
30486 332
30487 332
30488 332
30489 332
30490 332
30491 332
30492 332
30493 332
30494 332
30495 332
30496 332
30497 332
30498 332
30499 332
30500 332
30501 332
30502 332
30503 332
30504 332
30505 332
30506 332
30507 332
30508 332
30509 332
30510 332
30511 332
30512 332
30513 332
30514 332
30515 332
30516 332
30517 332
30518 332
30519 332
30520 332
30521 332
30522 332
30523 332
30524 332
30525 332
30526 332
30527 332
30528 332
30529 332
30530 332
30531 332
30532 332
30533 332
30534 332
30535 332
30536 332
30537 332
30538 332
30539 332
30540 332
30541 332
30542 332
30543 332
30544 332
30545 332
30546 332
30547 332
30548 332
30549 332
30550 332
30551 332
30552 332
30553 332
30554 332
30555 332
30556 332
30557 332
30558 332
30559 332
30560 332
30561 332
30562 332
30563 332
30564 332
30565 332
30566 332
30567 332
30568 332
30569 332
30570 332
30571 332
30572 332
30573 332
30574 332
30575 332
30576 332
30577 332
30578 332
30579 332
30580 332
30581 332
30582 332
30583 332
30584 332
30585 332
30586 332
30587 332
30588 332
30589 332
30590 332
30591 332
30592 332
30593 332
30594 332
30595 332
30596 332
30597 333
30598 340
30599 340
30600 340
30601 340
30602 340
30603 340
30604 340
30605 340
30606 340
30607 340
30608 340
30609 340
30610 340
30611 340
30612 340
30613 340
30614 340
30615 340
30616 340
30617 340
30618 340
30619 340
30620 340
30621 340
30622 340
30623 340
30624 340
30625 340
30626 340
30627 340
30628 340
30629 340
30630 340
30631 340
30632 340
30633 340
30634 340
30635 340
30636 340
30637 340
30638 340
30639 340
30640 340
30641 340
30642 340
30643 340
30644 340
30645 340
30646 340
30647 340
30648 340
30649 340
30650 340
30651 340
30652 340
30653 340
30654 340
30655 340
30656 340
30657 340
30658 340
30659 340
30660 340
30661 340
30662 340
30663 340
30664 340
30665 340
30666 340
30667 340
30668 340
30669 340
30670 340
30671 340
30672 345
30673 345
30674 345
30675 345
30676 345
30677 345
30678 345
30679 345
30680 345
30681 345
30682 345
30683 345
30684 345
30685 345
30686 345
30687 345
30688 345
30689 345
30690 345
30691 345
30692 345
30693 345
30694 345
30695 345
30696 345
30697 345
30698 345
30699 345
30700 345
30701 345
30702 345
30703 345
30704 345
30705 346
30706 346
30707 346
30708 346
30709 346
30710 346
30711 346
30712 346
30713 346
30714 346
30715 346
30716 346
30717 346
30718 346
30719 346
30720 346
30721 346
30722 346
30723 346
30724 346
30725 346
30726 346
30727 346
30728 346
30729 346
30730 346
30731 346
30732 346
30733 346
30734 346
30735 346
30736 346
30737 346
30738 346
30739 346
30740 346
30741 346
30742 346
30743 346
30744 346
30745 346
30746 346
30747 346
30748 346
30749 346
30750 346
30751 346
30752 346
30753 346
30754 346
30755 346
30756 346
30757 346
30758 346
30759 346
30760 346
30761 346
30762 346
30763 346
30764 346
30765 346
30766 346
30767 346
30768 346
30769 346
30770 346
30771 346
30772 346
30773 346
30774 346
30775 346
30776 346
30777 346
30778 346
30779 346
30780 346
30781 346
30782 346
30783 346
30784 346
30785 346
30786 346
30787 346
30788 346
30789 346
30790 346
30791 346
30792 346
30793 346
30794 346
30795 346
30796 346
30797 346
30798 346
30799 346
30800 346
30801 346
30802 346
30803 346
30804 346
30805 346
30806 346
30807 346
30808 346
30809 346
30810 346
30811 346
30812 346
30813 346
30814 346
30815 346
30816 346
30817 346
30818 346
30819 346
30820 346
30821 346
30822 346
30823 346
30824 346
30825 346
30826 346
30827 346
30828 346
30829 346
30830 346
30831 346
30832 346
30833 346
30834 346
30835 346
30836 346
30837 346
30838 346
30839 346
30840 346
30841 346
30842 346
30843 346
30844 347
30845 347
30846 347
30847 347
30848 347
30849 347
30850 347
30851 347
30852 347
30853 347
30854 347
30855 347
30856 347
30857 347
30858 347
30859 347
30860 347
30861 347
30862 347
30863 347
30864 347
30865 347
30866 347
30867 347
30868 347
30869 347
30870 347
30871 347
30872 347
30873 347
30874 347
30875 347
30876 347
30877 347
30878 347
30879 347
30880 347
30881 347
30882 347
30883 347
30884 347
30885 347
30886 347
30887 347
30888 347
30889 347
30890 347
30891 347
30892 347
30893 347
30894 347
30895 347
30896 347
30897 347
30898 347
30899 347
30900 347
30901 347
30902 347
30903 347
30904 347
30905 347
30906 347
30907 347
30908 347
30909 347
30910 347
30911 347
30912 347
30913 347
30914 347
30915 347
30916 347
30917 347
30918 347
30919 347
30920 347
30921 347
30922 347
30923 347
30924 347
30925 347
30926 347
30927 347
30928 347
30929 347
30930 347
30931 347
30932 347
30933 347
30934 347
30935 347
30936 347
30937 347
30938 347
30939 347
30940 347
30941 347
30942 347
30943 347
30944 347
30945 347
30946 347
30947 347
30948 347
30949 347
30950 347
30951 347
30952 347
30953 347
30954 347
30955 347
30956 347
30957 347
30958 347
30959 347
30960 347
30961 347
30962 347
30963 347
30964 347
30965 347
30966 347
30967 347
30968 347
30969 347
30970 347
30971 347
30972 347
30973 347
30974 348
30975 348
30976 348
30977 348
30978 348
30979 348
30980 348
30981 348
30982 348
30983 348
30984 348
30985 348
30986 348
30987 348
30988 348
30989 348
30990 348
30991 348
30992 348
30993 348
30994 348
30995 348
30996 348
30997 348
30998 348
30999 348
31000 348
31001 348
31002 348
31003 348
31004 348
31005 348
31006 348
31007 348
31008 348
31009 348
31010 348
31011 348
31012 348
31013 348
31014 348
31015 348
31016 348
31017 348
31018 348
31019 348
31020 348
31021 348
31022 348
31023 348
31024 348
31025 348
31026 348
31027 348
31028 348
31029 348
31030 348
31031 348
31032 348
31033 348
31034 348
31035 348
31036 348
31037 348
31038 348
31039 348
31040 348
31041 348
31042 348
31043 348
31044 348
31045 348
31046 348
31047 348
31048 348
31049 348
31050 348
31051 348
31052 348
31053 348
31054 348
31055 348
31056 348
31057 348
31058 348
31059 348
31060 348
31061 348
31062 348
31063 348
31064 348
31065 348
31066 348
31067 348
31068 348
31069 348
31070 348
31071 348
31072 348
31073 348
31074 348
31075 348
31076 348
31077 348
31078 348
31079 348
31080 348
31081 348
31082 348
31083 348
31084 348
31085 348
31086 348
31087 348
31088 348
31089 348
31090 348
31091 348
31092 348
31093 349
31094 349
31095 349
31096 349
31097 349
31098 349
31099 349
31100 349
31101 349
31102 349
31103 349
31104 349
31105 349
31106 349
31107 349
31108 349
31109 349
31110 349
31111 349
31112 349
31113 349
31114 349
31115 349
31116 349
31117 349
31118 349
31119 349
31120 349
31121 349
31122 349
31123 349
31124 349
31125 349
31126 349
31127 349
31128 349
31129 349
31130 349
31131 349
31132 349
31133 349
31134 349
31135 349
31136 349
31137 349
31138 349
31139 349
31140 349
31141 349
31142 349
31143 349
31144 349
31145 349
31146 349
31147 349
31148 349
31149 349
31150 349
31151 349
31152 349
31153 349
31154 349
31155 349
31156 349
31157 349
31158 349
31159 349
31160 349
31161 349
31162 349
31163 349
31164 349
31165 349
31166 349
31167 349
31168 349
31169 349
31170 349
31171 349
31172 349
31173 349
31174 349
31175 349
31176 349
31177 349
31178 349
31179 349
31180 349
31181 349
31182 349
31183 349
31184 349
31185 349
31186 349
31187 349
31188 349
31189 349
31190 349
31191 349
31192 349
31193 349
31194 349
31195 349
31196 349
31197 349
31198 349
31199 349
31200 349
31201 349
31202 349
31203 349
31204 349
31205 349
31206 349
31207 349
31208 349
31209 349
31210 349
31211 349
31212 349
31213 349
31214 349
31215 349
31216 349
31217 349
31218 349
31219 349
31220 349
31221 349
31222 349
31223 349
31224 349
31225 349
31226 349
31227 349
31228 349
31229 349
31230 349
31231 349
31232 349
31233 349
31234 349
31235 349
31236 349
31237 349
31238 349
31239 349
31240 349
31241 349
31242 349
31243 349
31244 349
31245 349
31246 349
31247 349
31248 349
31249 349
31250 349
31251 349
31252 349
31253 349
31254 349
31255 349
31256 349
31257 349
31258 349
31259 349
31260 349
31261 349
31262 349
31263 349
31264 349
31265 349
31266 349
31267 349
31268 349
31269 349
31270 349
31271 349
31272 349
31273 349
31274 349
31275 349
31276 349
31277 349
31278 349
31279 349
31280 349
31281 349
31282 349
31283 349
31284 349
31285 349
31286 349
31287 349
31288 349
31289 349
31290 349
31291 349
31292 349
31293 349
31294 349
31295 349
31296 349
31297 349
31298 349
31299 349
31300 349
31301 349
31302 349
31303 349
31304 349
31305 349
31306 349
31307 349
31308 349
31309 349
31310 349
31311 349
31312 349
31313 349
31314 349
31315 349
31316 349
31317 349
31318 349
31319 349
31320 349
31321 349
31322 349
31323 349
31324 349
31325 349
31326 349
31327 349
31328 349
31329 349
31330 349
31331 349
31332 349
31333 349
31334 350
31335 350
31336 350
31337 350
31338 350
31339 350
31340 350
31341 350
31342 350
31343 350
31344 350
31345 350
31346 350
31347 350
31348 350
31349 350
31350 350
31351 350
31352 350
31353 350
31354 350
31355 350
31356 350
31357 350
31358 350
31359 350
31360 350
31361 350
31362 350
31363 350
31364 350
31365 350
31366 350
31367 350
31368 350
31369 350
31370 350
31371 350
31372 350
31373 350
31374 350
31375 350
31376 350
31377 350
31378 350
31379 350
31380 350
31381 350
31382 350
31383 350
31384 350
31385 350
31386 350
31387 350
31388 350
31389 350
31390 350
31391 350
31392 350
31393 350
31394 350
31395 350
31396 350
31397 350
31398 350
31399 350
31400 350
31401 350
31402 350
31403 350
31404 350
31405 350
31406 350
31407 350
31408 350
31409 350
31410 350
31411 350
31412 350
31413 350
31414 350
31415 350
31416 350
31417 350
31418 350
31419 350
31420 350
31421 350
31422 350
31423 350
31424 350
31425 350
31426 350
31427 350
31428 350
31429 350
31430 350
31431 350
31432 350
31433 350
31434 350
31435 350
31436 350
31437 350
31438 350
31439 350
31440 350
31441 350
31442 350
31443 350
31444 350
31445 350
31446 350
31447 350
31448 350
31449 350
31450 350
31451 350
31452 350
31453 350
31454 350
31455 350
31456 350
31457 351
31458 351
31459 351
31460 351
31461 351
31462 351
31463 351
31464 351
31465 351
31466 351
31467 351
31468 351
31469 351
31470 351
31471 351
31472 351
31473 351
31474 351
31475 351
31476 351
31477 351
31478 351
31479 351
31480 351
31481 351
31482 351
31483 351
31484 351
31485 351
31486 351
31487 351
31488 351
31489 351
31490 351
31491 351
31492 351
31493 351
31494 351
31495 351
31496 351
31497 351
31498 351
31499 351
31500 351
31501 351
31502 351
31503 351
31504 351
31505 351
31506 351
31507 351
31508 351
31509 351
31510 351
31511 351
31512 351
31513 351
31514 351
31515 351
31516 351
31517 351
31518 351
31519 351
31520 351
31521 351
31522 351
31523 351
31524 351
31525 351
31526 351
31527 351
31528 351
31529 351
31530 351
31531 351
31532 351
31533 351
31534 351
31535 351
31536 351
31537 351
31538 351
31539 351
31540 351
31541 351
31542 351
31543 351
31544 351
31545 351
31546 351
31547 351
31548 351
31549 351
31550 351
31551 351
31552 351
31553 351
31554 351
31555 351
31556 351
31557 351
31558 351
31559 351
31560 351
31561 351
31562 351
31563 351
31564 351
31565 351
31566 351
31567 351
31568 351
31569 351
31570 351
31571 351
31572 351
31573 351
31574 351
31575 351
31576 351
31577 351
31578 351
31579 351
31580 351
31581 351
31582 351
31583 351
31584 351
31585 351
31586 351
31587 351
31588 351
31589 351
31590 351
31591 351
31592 351
31593 351
31594 351
31595 351
31596 351
31597 351
31598 351
31599 351
31600 351
31601 351
31602 351
31603 351
31604 351
31605 351
31606 351
31607 351
31608 351
31609 351
31610 351
31611 352
31612 352
31613 352
31614 352
31615 352
31616 352
31617 352
31618 352
31619 352
31620 352
31621 352
31622 352
31623 352
31624 352
31625 352
31626 352
31627 352
31628 352
31629 352
31630 352
31631 352
31632 352
31633 352
31634 352
31635 352
31636 352
31637 352
31638 352
31639 352
31640 352
31641 352
31642 352
31643 352
31644 352
31645 352
31646 352
31647 352
31648 352
31649 352
31650 352
31651 352
31652 352
31653 352
31654 352
31655 352
31656 352
31657 352
31658 352
31659 352
31660 352
31661 352
31662 352
31663 352
31664 352
31665 352
31666 352
31667 352
31668 352
31669 352
31670 352
31671 352
31672 352
31673 352
31674 352
31675 352
31676 352
31677 352
31678 352
31679 352
31680 352
31681 352
31682 352
31683 352
31684 352
31685 352
31686 352
31687 352
31688 352
31689 352
31690 352
31691 352
31692 352
31693 352
31694 352
31695 352
31696 352
31697 352
31698 352
31699 352
31700 352
31701 352
31702 352
31703 352
31704 352
31705 352
31706 352
31707 352
31708 352
31709 352
31710 352
31711 352
31712 352
31713 352
31714 353
31715 353
31716 353
31717 353
31718 353
31719 353
31720 353
31721 353
31722 353
31723 353
31724 353
31725 353
31726 353
31727 353
31728 353
31729 353
31730 353
31731 353
31732 353
31733 353
31734 353
31735 353
31736 353
31737 353
31738 353
31739 353
31740 353
31741 353
31742 356
31743 356
31744 356
31745 356
31746 356
31747 356
31748 356
31749 356
31750 356
31751 356
31752 356
31753 356
31754 356
31755 356
31756 356
31757 356
31758 356
31759 356
31760 359
31761 359
31762 359
31763 359
31764 359
31765 359
31766 359
31767 359
31768 359
31769 359
31770 359
31771 359
31772 359
31773 359
31774 359
31775 359
31776 359
31777 359
31778 359
31779 359
31780 359
31781 359
31782 359
31783 359
31784 359
31785 359
31786 359
31787 359
31788 359
31789 359
31790 359
31791 359
31792 359
31793 359
31794 359
31795 359
31796 359
31797 359
31798 359
31799 359
31800 359
31801 359
31802 359
31803 359
31804 359
31805 359
31806 359
31807 359
31808 359
31809 359
31810 359
31811 359
31812 359
31813 359
31814 359
31815 359
31816 359
31817 359
31818 359
31819 359
31820 359
31821 359
31822 359
31823 359
31824 359
31825 359
31826 359
31827 359
31828 359
31829 359
31830 359
31831 359
31832 359
31833 359
31834 359
31835 360
31836 360
31837 360
31838 360
31839 360
31840 360
31841 360
31842 360
31843 360
31844 360
31845 360
31846 360
31847 360
31848 360
31849 360
31850 360
31851 360
31852 360
31853 360
31854 360
31855 360
31856 360
31857 360
31858 360
31859 360
31860 360
31861 360
31862 360
31863 360
31864 360
31865 360
31866 360
31867 361
31868 361
31869 361
31870 361
31871 361
31872 361
31873 361
31874 361
31875 361
31876 361
31877 361
31878 361
31879 361
31880 361
31881 361
31882 361
31883 361
31884 361
31885 361
31886 361
31887 361
31888 361
31889 361
31890 361
31891 361
31892 361
31893 361
31894 361
31895 361
31896 361
31897 361
31898 361
31899 361
31900 361
31901 361
31902 361
31903 361
31904 361
31905 361
31906 361
31907 361
31908 361
31909 361
31910 361
31911 361
31912 361
31913 361
31914 361
31915 361
31916 361
31917 361
31918 361
31919 361
31920 361
31921 361
31922 361
31923 361
31924 361
31925 361
31926 361
31927 361
31928 361
31929 361
31930 361
31931 361
31932 361
31933 361
31934 361
31935 361
31936 361
31937 361
31938 361
31939 361
31940 361
31941 361
31942 361
31943 361
31944 361
31945 361
31946 361
31947 361
31948 361
31949 361
31950 361
31951 361
31952 361
31953 361
31954 361
31955 361
31956 361
31957 361
31958 361
31959 361
31960 361
31961 361
31962 361
31963 361
31964 361
31965 361
31966 361
31967 361
31968 361
31969 361
31970 361
31971 361
31972 361
31973 361
31974 361
31975 361
31976 361
31977 361
31978 361
31979 361
31980 361
31981 362
31982 362
31983 362
31984 362
31985 362
31986 362
31987 362
31988 362
31989 362
31990 362
31991 362
31992 362
31993 362
31994 362
31995 362
31996 362
31997 362
31998 362
31999 362
32000 362
32001 362
32002 362
32003 362
32004 362
32005 362
32006 362
32007 362
32008 362
32009 362
32010 362
32011 362
32012 362
32013 362
32014 362
32015 362
32016 362
32017 362
32018 362
32019 362
32020 362
32021 362
32022 362
32023 362
32024 362
32025 362
32026 362
32027 362
32028 362
32029 362
32030 362
32031 362
32032 362
32033 362
32034 362
32035 362
32036 362
32037 362
32038 362
32039 362
32040 362
32041 362
32042 362
32043 362
32044 362
32045 362
32046 362
32047 362
32048 362
32049 362
32050 362
32051 362
32052 362
32053 362
32054 362
32055 362
32056 362
32057 362
32058 362
32059 362
32060 362
32061 362
32062 362
32063 362
32064 362
32065 362
32066 362
32067 362
32068 362
32069 362
32070 362
32071 362
32072 362
32073 362
32074 362
32075 362
32076 362
32077 362
32078 362
32079 362
32080 362
32081 362
32082 362
32083 362
32084 362
32085 362
32086 362
32087 362
32088 362
32089 362
32090 362
32091 362
32092 362
32093 362
32094 362
32095 362
32096 362
32097 363
32098 363
32099 363
32100 363
32101 363
32102 363
32103 363
32104 363
32105 363
32106 363
32107 363
32108 363
32109 363
32110 363
32111 363
32112 363
32113 363
32114 363
32115 363
32116 363
32117 363
32118 363
32119 363
32120 363
32121 363
32122 363
32123 363
32124 363
32125 363
32126 363
32127 363
32128 363
32129 363
32130 363
32131 363
32132 363
32133 363
32134 363
32135 363
32136 363
32137 363
32138 363
32139 363
32140 363
32141 363
32142 363
32143 363
32144 363
32145 363
32146 363
32147 363
32148 363
32149 363
32150 363
32151 363
32152 363
32153 363
32154 363
32155 363
32156 363
32157 363
32158 363
32159 363
32160 363
32161 363
32162 363
32163 363
32164 363
32165 363
32166 363
32167 363
32168 363
32169 363
32170 363
32171 363
32172 363
32173 363
32174 363
32175 363
32176 363
32177 363
32178 363
32179 363
32180 363
32181 363
32182 363
32183 363
32184 363
32185 363
32186 363
32187 363
32188 363
32189 363
32190 363
32191 363
32192 363
32193 363
32194 363
32195 363
32196 363
32197 363
32198 363
32199 363
32200 363
32201 363
32202 363
32203 363
32204 363
32205 363
32206 363
32207 363
32208 363
32209 363
32210 363
32211 363
32212 363
32213 363
32214 363
32215 363
32216 363
32217 363
32218 363
32219 363
32220 363
32221 363
32222 363
32223 363
32224 363
32225 363
32226 363
32227 363
32228 363
32229 363
32230 363
32231 363
32232 363
32233 363
32234 363
32235 363
32236 363
32237 363
32238 363
32239 363
32240 363
32241 363
32242 363
32243 363
32244 363
32245 363
32246 363
32247 363
32248 363
32249 363
32250 363
32251 363
32252 363
32253 363
32254 363
32255 363
32256 363
32257 363
32258 363
32259 363
32260 363
32261 363
32262 363
32263 363
32264 363
32265 363
32266 363
32267 363
32268 363
32269 363
32270 363
32271 363
32272 363
32273 363
32274 363
32275 363
32276 363
32277 363
32278 363
32279 363
32280 363
32281 363
32282 363
32283 363
32284 363
32285 363
32286 363
32287 363
32288 363
32289 365
32290 365
32291 365
32292 365
32293 365
32294 365
32295 365
32296 365
32297 365
32298 365
32299 365
32300 365
32301 365
32302 365
32303 365
32304 365
32305 365
32306 365
32307 365
32308 365
32309 365
32310 365
32311 365
32312 365
32313 365
32314 365
32315 365
32316 365
32317 365
32318 365
32319 365
32320 365
32321 365
32322 365
32323 365
32324 365
32325 365
32326 365
32327 365
32328 365
32329 365
32330 365
32331 365
32332 365
32333 365
32334 365
32335 365
32336 365
32337 365
32338 365
32339 365
32340 365
32341 365
32342 365
32343 365
32344 365
32345 365
32346 365
32347 365
32348 365
32349 365
32350 365
32351 365
32352 365
32353 365
32354 365
32355 365
32356 365
32357 365
32358 365
32359 365
32360 365
32361 365
32362 365
32363 365
32364 365
32365 365
32366 365
32367 365
32368 365
32369 365
32370 365
32371 365
32372 365
32373 365
32374 365
32375 365
32376 365
32377 365
32378 365
32379 365
32380 365
32381 365
32382 365
32383 365
32384 365
32385 365
32386 365
32387 365
32388 365
32389 365
32390 365
32391 365
32392 365
32393 365
32394 365
32395 365
32396 365
32397 365
32398 365
32399 365
32400 366
32401 366
32402 366
32403 366
32404 366
32405 366
32406 366
32407 366
32408 380
32409 380
32410 380
32411 380
32412 380
32413 380
32414 380
32415 380
32416 380
32417 380
32418 380
32419 380
32420 380
32421 380
32422 380
32423 380
32424 380
32425 380
32426 380
32427 380
32428 380
32429 380
32430 380
32431 380
32432 380
32433 380
32434 380
32435 380
32436 380
32437 380
32438 380
32439 380
32440 380
32441 380
32442 380
32443 380
32444 380
32445 380
32446 380
32447 380
32448 380
32449 380
32450 380
32451 380
32452 380
32453 380
32454 380
32455 380
32456 380
32457 380
32458 380
32459 380
32460 380
32461 380
32462 380
32463 380
32464 380
32465 380
32466 380
32467 380
32468 380
32469 380
32470 380
32471 380
32472 380
32473 380
32474 380
32475 380
32476 380
32477 380
32478 380
32479 380
32480 380
32481 380
32482 380
32483 380
32484 380
32485 380
32486 380
32487 380
32488 380
32489 380
32490 380
32491 380
32492 380
32493 380
32494 380
32495 380
32496 380
32497 380
32498 380
32499 380
32500 380
32501 380
32502 380
32503 380
32504 380
32505 380
32506 380
32507 380
32508 380
32509 380
32510 380
32511 380
32512 380
32513 380
32514 380
32515 380
32516 380
32517 380
32518 381
32519 381
32520 381
32521 381
32522 381
32523 381
32524 381
32525 381
32526 381
32527 381
32528 381
32529 381
32530 381
32531 381
32532 381
32533 381
32534 381
32535 381
32536 381
32537 381
32538 381
32539 381
32540 381
32541 381
32542 381
32543 381
32544 381
32545 381
32546 381
32547 381
32548 381
32549 381
32550 381
32551 381
32552 381
32553 381
32554 381
32555 381
32556 381
32557 381
32558 381
32559 381
32560 381
32561 381
32562 381
32563 381
32564 381
32565 381
32566 381
32567 381
32568 381
32569 381
32570 381
32571 381
32572 381
32573 381
32574 381
32575 381
32576 381
32577 381
32578 381
32579 381
32580 381
32581 381
32582 381
32583 381
32584 381
32585 381
32586 381
32587 381
32588 381
32589 381
32590 381
32591 381
32592 381
32593 381
32594 381
32595 381
32596 381
32597 381
32598 381
32599 381
32600 381
32601 381
32602 381
32603 381
32604 381
32605 381
32606 381
32607 381
32608 381
32609 381
32610 381
32611 381
32612 381
32613 381
32614 381
32615 381
32616 381
32617 381
32618 381
32619 381
32620 381
32621 381
32622 381
32623 381
32624 381
32625 381
32626 381
32627 381
32628 381
32629 381
32630 381
32631 381
32632 381
32633 381
32634 381
32635 381
32636 381
32637 381
32638 381
32639 381
32640 381
32641 382
32642 382
32643 382
32644 382
32645 382
32646 382
32647 382
32648 382
32649 382
32650 382
32651 382
32652 382
32653 382
32654 382
32655 382
32656 382
32657 382
32658 382
32659 382
32660 382
32661 382
32662 382
32663 382
32664 382
32665 382
32666 382
32667 382
32668 382
32669 382
32670 382
32671 382
32672 382
32673 382
32674 382
32675 382
32676 382
32677 382
32678 382
32679 382
32680 382
32681 382
32682 382
32683 382
32684 382
32685 382
32686 382
32687 382
32688 382
32689 382
32690 382
32691 382
32692 382
32693 382
32694 382
32695 382
32696 382
32697 382
32698 382
32699 382
32700 382
32701 382
32702 382
32703 382
32704 382
32705 382
32706 382
32707 382
32708 382
32709 382
32710 382
32711 382
32712 382
32713 382
32714 382
32715 382
32716 382
32717 382
32718 382
32719 382
32720 382
32721 382
32722 382
32723 382
32724 382
32725 382
32726 382
32727 382
32728 382
32729 382
32730 382
32731 382
32732 382
32733 382
32734 382
32735 382
32736 382
32737 382
32738 382
32739 382
32740 382
32741 382
32742 382
32743 382
32744 382
32745 382
32746 382
32747 382
32748 382
32749 382
32750 382
32751 382
32752 382
32753 382
32754 382
32755 382
32756 382
32757 382
32758 382
32759 382
32760 382
32761 382
32762 383
32763 383
32764 383
32765 383
32766 383
32767 383
32768 383
32769 383
32770 383
32771 383
32772 383
32773 383
32774 383
32775 383
32776 383
32777 383
32778 383
32779 383
32780 383
32781 383
32782 383
32783 383
32784 383
32785 383
32786 383
32787 383
32788 383
32789 383
32790 383
32791 383
32792 383
32793 383
32794 383
32795 383
32796 383
32797 383
32798 383
32799 383
32800 383
32801 383
32802 383
32803 383
32804 383
32805 383
32806 383
32807 383
32808 383
32809 383
32810 383
32811 383
32812 383
32813 383
32814 383
32815 383
32816 383
32817 383
32818 383
32819 383
32820 383
32821 383
32822 383
32823 383
32824 383
32825 383
32826 383
32827 383
32828 383
32829 383
32830 383
32831 383
32832 383
32833 383
32834 383
32835 383
32836 383
32837 383
32838 383
32839 383
32840 383
32841 383
32842 383
32843 383
32844 383
32845 383
32846 383
32847 383
32848 383
32849 383
32850 383
32851 383
32852 383
32853 383
32854 383
32855 383
32856 383
32857 383
32858 383
32859 383
32860 383
32861 383
32862 383
32863 383
32864 383
32865 383
32866 383
32867 383
32868 383
32869 383
32870 383
32871 383
32872 383
32873 383
32874 383
32875 383
32876 383
32877 383
32878 383
32879 383
32880 383
32881 383
32882 383
32883 383
32884 383
32885 383
32886 383
32887 383
32888 383
32889 384
32890 384
32891 384
32892 384
32893 384
32894 384
32895 384
32896 384
32897 384
32898 384
32899 384
32900 384
32901 384
32902 384
32903 384
32904 384
32905 384
32906 384
32907 384
32908 384
32909 384
32910 384
32911 384
32912 384
32913 384
32914 384
32915 384
32916 384
32917 384
32918 384
32919 384
32920 384
32921 384
32922 384
32923 384
32924 384
32925 384
32926 384
32927 384
32928 384
32929 384
32930 384
32931 384
32932 384
32933 384
32934 384
32935 384
32936 384
32937 384
32938 384
32939 384
32940 384
32941 384
32942 384
32943 384
32944 384
32945 384
32946 384
32947 384
32948 384
32949 384
32950 384
32951 384
32952 384
32953 384
32954 384
32955 384
32956 384
32957 384
32958 384
32959 384
32960 384
32961 384
32962 384
32963 384
32964 384
32965 384
32966 384
32967 384
32968 384
32969 384
32970 384
32971 384
32972 384
32973 384
32974 384
32975 384
32976 384
32977 384
32978 384
32979 384
32980 384
32981 384
32982 384
32983 384
32984 384
32985 384
32986 384
32987 384
32988 384
32989 384
32990 384
32991 384
32992 384
32993 384
32994 384
32995 384
32996 384
32997 384
32998 384
32999 384
33000 384
33001 384
33002 384
33003 384
33004 385
33005 385
33006 385
33007 385
33008 385
33009 385
33010 385
33011 385
33012 385
33013 385
33014 385
33015 385
33016 385
33017 385
33018 385
33019 385
33020 385
33021 385
33022 385
33023 385
33024 385
33025 385
33026 385
33027 385
33028 385
33029 385
33030 385
33031 385
33032 385
33033 385
33034 385
33035 385
33036 385
33037 385
33038 385
33039 385
33040 385
33041 385
33042 385
33043 385
33044 385
33045 385
33046 385
33047 385
33048 385
33049 385
33050 385
33051 385
33052 385
33053 385
33054 385
33055 385
33056 385
33057 385
33058 385
33059 385
33060 385
33061 385
33062 385
33063 385
33064 385
33065 385
33066 385
33067 385
33068 385
33069 385
33070 385
33071 385
33072 385
33073 385
33074 385
33075 385
33076 385
33077 385
33078 385
33079 385
33080 385
33081 385
33082 385
33083 385
33084 385
33085 385
33086 385
33087 385
33088 385
33089 385
33090 385
33091 385
33092 385
33093 385
33094 385
33095 385
33096 385
33097 385
33098 385
33099 385
33100 385
33101 385
33102 385
33103 385
33104 385
33105 385
33106 385
33107 385
33108 385
33109 385
33110 385
33111 385
33112 385
33113 385
33114 385
33115 385
33116 385
33117 385
33118 385
33119 385
33120 385
33121 385
33122 385
33123 385
33124 385
33125 385
33126 385
33127 385
33128 385
33129 385
33130 385
33131 386
33132 386
33133 386
33134 386
33135 386
33136 386
33137 386
33138 386
33139 386
33140 386
33141 386
33142 386
33143 386
33144 386
33145 386
33146 386
33147 386
33148 386
33149 386
33150 386
33151 386
33152 386
33153 386
33154 386
33155 386
33156 386
33157 386
33158 386
33159 386
33160 386
33161 386
33162 386
33163 386
33164 386
33165 386
33166 386
33167 386
33168 386
33169 386
33170 386
33171 386
33172 386
33173 386
33174 386
33175 386
33176 386
33177 386
33178 386
33179 386
33180 386
33181 386
33182 386
33183 386
33184 386
33185 386
33186 386
33187 386
33188 386
33189 386
33190 386
33191 386
33192 386
33193 386
33194 386
33195 386
33196 386
33197 386
33198 386
33199 386
33200 386
33201 386
33202 386
33203 386
33204 386
33205 386
33206 386
33207 386
33208 386
33209 386
33210 386
33211 386
33212 386
33213 386
33214 386
33215 386
33216 386
33217 386
33218 386
33219 386
33220 386
33221 386
33222 386
33223 386
33224 386
33225 386
33226 386
33227 386
33228 386
33229 386
33230 386
33231 386
33232 386
33233 386
33234 386
33235 386
33236 386
33237 386
33238 386
33239 386
33240 386
33241 386
33242 386
33243 386
33244 386
33245 386
33246 386
33247 386
33248 386
33249 386
33250 386
33251 386
33252 386
33253 386
33254 386
33255 386
33256 386
33257 386
33258 386
33259 386
33260 386
33261 386
33262 386
33263 386
33264 386
33265 387
33266 387
33267 387
33268 387
33269 387
33270 387
33271 387
33272 387
33273 387
33274 387
33275 387
33276 387
33277 387
33278 387
33279 387
33280 387
33281 387
33282 387
33283 387
33284 387
33285 387
33286 387
33287 387
33288 387
33289 387
33290 387
33291 387
33292 387
33293 387
33294 387
33295 387
33296 387
33297 387
33298 387
33299 387
33300 387
33301 387
33302 387
33303 387
33304 387
33305 387
33306 387
33307 387
33308 387
33309 387
33310 387
33311 387
33312 387
33313 387
33314 387
33315 387
33316 387
33317 387
33318 387
33319 387
33320 387
33321 387
33322 387
33323 387
33324 387
33325 387
33326 387
33327 387
33328 387
33329 387
33330 387
33331 387
33332 387
33333 387
33334 387
33335 387
33336 387
33337 387
33338 387
33339 387
33340 387
33341 387
33342 387
33343 387
33344 387
33345 387
33346 387
33347 387
33348 387
33349 387
33350 387
33351 387
33352 387
33353 387
33354 387
33355 387
33356 387
33357 387
33358 387
33359 387
33360 387
33361 387
33362 387
33363 387
33364 387
33365 387
33366 387
33367 387
33368 387
33369 387
33370 387
33371 387
33372 387
33373 387
33374 387
33375 387
33376 387
33377 387
33378 387
33379 387
33380 388
33381 388
33382 388
33383 388
33384 388
33385 388
33386 388
33387 388
33388 388
33389 388
33390 388
33391 388
33392 388
33393 388
33394 388
33395 388
33396 388
33397 388
33398 388
33399 388
33400 388
33401 388
33402 388
33403 388
33404 388
33405 388
33406 388
33407 388
33408 388
33409 388
33410 388
33411 388
33412 388
33413 388
33414 388
33415 388
33416 388
33417 388
33418 388
33419 388
33420 388
33421 388
33422 388
33423 388
33424 388
33425 388
33426 388
33427 388
33428 388
33429 388
33430 388
33431 388
33432 388
33433 388
33434 388
33435 388
33436 388
33437 388
33438 388
33439 388
33440 388
33441 388
33442 388
33443 388
33444 388
33445 388
33446 388
33447 388
33448 388
33449 388
33450 388
33451 388
33452 388
33453 388
33454 388
33455 388
33456 388
33457 388
33458 388
33459 388
33460 388
33461 388
33462 388
33463 388
33464 388
33465 388
33466 388
33467 388
33468 388
33469 388
33470 388
33471 388
33472 388
33473 388
33474 389
33475 389
33476 389
33477 389
33478 389
33479 389
33480 389
33481 389
33482 389
33483 389
33484 389
33485 389
33486 389
33487 389
33488 389
33489 389
33490 389
33491 389
33492 389
33493 389
33494 389
33495 389
33496 389
33497 389
33498 389
33499 389
33500 389
33501 389
33502 389
33503 389
33504 389
33505 389
33506 389
33507 389
33508 389
33509 389
33510 389
33511 389
33512 389
33513 389
33514 389
33515 389
33516 389
33517 389
33518 389
33519 389
33520 389
33521 389
33522 389
33523 389
33524 389
33525 389
33526 389
33527 389
33528 389
33529 389
33530 389
33531 389
33532 389
33533 389
33534 389
33535 389
33536 389
33537 389
33538 389
33539 389
33540 389
33541 389
33542 389
33543 389
33544 389
33545 389
33546 389
33547 389
33548 389
33549 389
33550 389
33551 389
33552 389
33553 389
33554 389
33555 389
33556 389
33557 389
33558 389
33559 389
33560 389
33561 389
33562 389
33563 389
33564 389
33565 389
33566 389
33567 389
33568 389
33569 389
33570 389
33571 389
33572 389
33573 389
33574 389
33575 389
33576 389
33577 389
33578 389
33579 389
33580 389
33581 389
33582 389
33583 389
33584 389
33585 390
33586 390
33587 390
33588 390
33589 390
33590 390
33591 390
33592 390
33593 390
33594 390
33595 390
33596 390
33597 390
33598 390
33599 390
33600 390
33601 390
33602 390
33603 390
33604 390
33605 390
33606 390
33607 390
33608 390
33609 390
33610 390
33611 390
33612 390
33613 390
33614 390
33615 390
33616 390
33617 390
33618 390
33619 390
33620 390
33621 390
33622 390
33623 390
33624 390
33625 390
33626 390
33627 390
33628 390
33629 390
33630 390
33631 390
33632 390
33633 390
33634 390
33635 390
33636 390
33637 390
33638 390
33639 390
33640 390
33641 390
33642 390
33643 390
33644 390
33645 390
33646 390
33647 390
33648 390
33649 390
33650 390
33651 390
33652 390
33653 390
33654 390
33655 390
33656 390
33657 390
33658 390
33659 390
33660 390
33661 390
33662 390
33663 390
33664 390
33665 390
33666 390
33667 390
33668 390
33669 390
33670 390
33671 390
33672 390
33673 390
33674 390
33675 390
33676 390
33677 390
33678 390
33679 390
33680 390
33681 390
33682 390
33683 390
33684 390
33685 390
33686 390
33687 390
33688 390
33689 390
33690 390
33691 390
33692 390
33693 390
33694 390
33695 390
33696 390
33697 390
33698 390
33699 390
33700 390
33701 390
33702 390
33703 390
33704 390
33705 390
33706 390
33707 390
33708 390
33709 390
33710 390
33711 390
33712 390
33713 390
33714 390
33715 391
33716 391
33717 391
33718 391
33719 391
33720 391
33721 391
33722 391
33723 391
33724 391
33725 391
33726 391
33727 391
33728 391
33729 391
33730 391
33731 391
33732 391
33733 391
33734 391
33735 391
33736 391
33737 391
33738 391
33739 391
33740 391
33741 391
33742 391
33743 391
33744 391
33745 391
33746 391
33747 391
33748 391
33749 391
33750 391
33751 391
33752 391
33753 391
33754 391
33755 391
33756 391
33757 391
33758 391
33759 391
33760 391
33761 391
33762 391
33763 391
33764 391
33765 391
33766 391
33767 391
33768 391
33769 391
33770 391
33771 391
33772 391
33773 391
33774 391
33775 391
33776 391
33777 391
33778 391
33779 391
33780 391
33781 391
33782 391
33783 391
33784 391
33785 391
33786 391
33787 391
33788 391
33789 391
33790 391
33791 391
33792 391
33793 391
33794 391
33795 391
33796 391
33797 391
33798 391
33799 391
33800 391
33801 391
33802 391
33803 391
33804 391
33805 391
33806 391
33807 391
33808 391
33809 391
33810 391
33811 391
33812 391
33813 391
33814 391
33815 391
33816 391
33817 391
33818 391
33819 391
33820 391
33821 391
33822 391
33823 391
33824 391
33825 391
33826 391
33827 391
33828 391
33829 391
33830 391
33831 391
33832 391
33833 391
33834 391
33835 391
33836 391
33837 391
33838 391
33839 391
33840 391
33841 391
33842 391
33843 391
33844 391
33845 391
33846 391
33847 391
33848 391
33849 391
33850 391
33851 391
33852 391
33853 391
33854 391
33855 391
33856 391
33857 391
33858 391
33859 391
33860 391
33861 391
33862 391
33863 391
33864 391
33865 391
33866 391
33867 391
33868 391
33869 391
33870 391
33871 391
33872 391
33873 391
33874 391
33875 391
33876 391
33877 391
33878 391
33879 391
33880 391
33881 391
33882 391
33883 391
33884 391
33885 391
33886 391
33887 391
33888 391
33889 391
33890 391
33891 391
33892 391
33893 391
33894 391
33895 391
33896 391
33897 391
33898 391
33899 391
33900 391
33901 391
33902 391
33903 391
33904 392
33905 392
33906 392
33907 392
33908 392
33909 392
33910 392
33911 392
33912 392
33913 392
33914 392
33915 392
33916 392
33917 392
33918 392
33919 392
33920 392
33921 392
33922 392
33923 392
33924 392
33925 392
33926 392
33927 392
33928 392
33929 392
33930 392
33931 392
33932 392
33933 392
33934 392
33935 392
33936 392
33937 392
33938 392
33939 392
33940 392
33941 392
33942 392
33943 392
33944 392
33945 392
33946 392
33947 392
33948 392
33949 392
33950 392
33951 392
33952 392
33953 392
33954 392
33955 392
33956 392
33957 392
33958 392
33959 392
33960 392
33961 392
33962 392
33963 392
33964 392
33965 392
33966 392
33967 392
33968 392
33969 392
33970 392
33971 392
33972 392
33973 392
33974 392
33975 392
33976 392
33977 392
33978 392
33979 392
33980 392
33981 392
33982 392
33983 392
33984 392
33985 392
33986 392
33987 392
33988 392
33989 392
33990 392
33991 392
33992 392
33993 392
33994 392
33995 392
33996 392
33997 392
33998 392
33999 392
34000 392
34001 392
34002 392
34003 392
34004 392
34005 392
34006 392
34007 392
34008 392
34009 392
34010 392
34011 392
34012 392
34013 392
34014 392
34015 392
34016 392
34017 392
34018 392
34019 392
34020 392
34021 392
34022 392
34023 392
34024 392
34025 392
34026 392
34027 392
34028 392
34029 392
34030 392
34031 392
34032 392
34033 392
34034 392
34035 392
34036 392
34037 392
34038 392
34039 392
34040 392
34041 392
34042 392
34043 392
34044 392
34045 392
34046 392
34047 392
34048 392
34049 392
34050 392
34051 392
34052 392
34053 392
34054 392
34055 392
34056 392
34057 392
34058 392
34059 392
34060 392
34061 392
34062 392
34063 392
34064 392
34065 392
34066 392
34067 392
34068 392
34069 392
34070 392
34071 392
34072 392
34073 392
34074 392
34075 392
34076 392
34077 392
34078 392
34079 392
34080 392
34081 392
34082 392
34083 392
34084 392
34085 392
34086 392
34087 392
34088 392
34089 392
34090 392
34091 392
34092 392
34093 392
34094 392
34095 392
34096 392
34097 392
34098 392
34099 392
34100 392
34101 392
34102 392
34103 392
34104 392
34105 392
34106 392
34107 392
34108 392
34109 392
34110 392
34111 392
34112 392
34113 392
34114 392
34115 392
34116 392
34117 392
34118 392
34119 392
34120 392
34121 392
34122 392
34123 392
34124 392
34125 392
34126 392
34127 392
34128 392
34129 392
34130 392
34131 392
34132 392
34133 392
34134 392
34135 392
34136 393
34137 393
34138 393
34139 393
34140 393
34141 393
34142 393
34143 393
34144 393
34145 393
34146 393
34147 393
34148 393
34149 393
34150 393
34151 393
34152 393
34153 393
34154 393
34155 393
34156 393
34157 393
34158 393
34159 393
34160 393
34161 393
34162 393
34163 393
34164 393
34165 393
34166 393
34167 393
34168 393
34169 393
34170 393
34171 393
34172 393
34173 393
34174 393
34175 393
34176 393
34177 393
34178 393
34179 393
34180 393
34181 393
34182 393
34183 393
34184 393
34185 393
34186 393
34187 393
34188 393
34189 393
34190 393
34191 393
34192 393
34193 393
34194 393
34195 393
34196 393
34197 393
34198 393
34199 393
34200 393
34201 393
34202 393
34203 393
34204 393
34205 393
34206 393
34207 393
34208 393
34209 393
34210 393
34211 393
34212 393
34213 393
34214 393
34215 393
34216 393
34217 393
34218 393
34219 393
34220 393
34221 393
34222 393
34223 393
34224 393
34225 393
34226 393
34227 393
34228 393
34229 393
34230 393
34231 393
34232 393
34233 393
34234 393
34235 393
34236 393
34237 393
34238 393
34239 393
34240 393
34241 393
34242 393
34243 393
34244 393
34245 393
34246 393
34247 393
34248 393
34249 393
34250 393
34251 393
34252 393
34253 393
34254 393
34255 393
34256 393
34257 393
34258 393
34259 393
34260 393
34261 393
34262 393
34263 393
34264 393
34265 393
34266 393
34267 393
34268 393
34269 393
34270 393
34271 393
34272 393
34273 393
34274 393
34275 393
34276 393
34277 393
34278 393
34279 393
34280 393
34281 393
34282 393
34283 393
34284 393
34285 393
34286 393
34287 393
34288 393
34289 393
34290 393
34291 393
34292 393
34293 393
34294 393
34295 393
34296 393
34297 393
34298 393
34299 393
34300 393
34301 393
34302 393
34303 393
34304 393
34305 393
34306 393
34307 393
34308 393
34309 393
34310 393
34311 393
34312 393
34313 393
34314 393
34315 393
34316 393
34317 393
34318 393
34319 393
34320 393
34321 393
34322 393
34323 393
34324 393
34325 393
34326 393
34327 393
34328 393
34329 393
34330 393
34331 393
34332 393
34333 393
34334 393
34335 393
34336 393
34337 393
34338 393
34339 393
34340 393
34341 393
34342 393
34343 393
34344 393
34345 393
34346 393
34347 393
34348 393
34349 393
34350 393
34351 393
34352 393
34353 393
34354 393
34355 393
34356 393
34357 393
34358 393
34359 393
34360 393
34361 393
34362 393
34363 393
34364 393
34365 393
34366 393
34367 393
34368 393
34369 393
34370 393
34371 394
34372 394
34373 394
34374 394
34375 394
34376 394
34377 394
34378 394
34379 394
34380 394
34381 394
34382 394
34383 394
34384 394
34385 394
34386 394
34387 394
34388 394
34389 394
34390 394
34391 394
34392 394
34393 394
34394 394
34395 394
34396 394
34397 394
34398 394
34399 394
34400 394
34401 394
34402 394
34403 394
34404 394
34405 394
34406 394
34407 394
34408 394
34409 394
34410 394
34411 394
34412 394
34413 394
34414 394
34415 394
34416 394
34417 394
34418 394
34419 394
34420 394
34421 394
34422 394
34423 394
34424 394
34425 394
34426 394
34427 394
34428 394
34429 394
34430 394
34431 394
34432 394
34433 394
34434 394
34435 394
34436 394
34437 394
34438 394
34439 394
34440 394
34441 394
34442 394
34443 394
34444 394
34445 394
34446 394
34447 394
34448 394
34449 394
34450 394
34451 394
34452 394
34453 394
34454 394
34455 394
34456 394
34457 394
34458 394
34459 394
34460 394
34461 394
34462 394
34463 394
34464 394
34465 394
34466 394
34467 394
34468 394
34469 394
34470 394
34471 394
34472 394
34473 394
34474 394
34475 394
34476 394
34477 394
34478 394
34479 394
34480 394
34481 394
34482 394
34483 394
34484 394
34485 394
34486 394
34487 394
34488 394
34489 394
34490 394
34491 394
34492 394
34493 394
34494 394
34495 394
34496 394
34497 394
34498 394
34499 394
34500 394
34501 394
34502 394
34503 394
34504 394
34505 394
34506 394
34507 394
34508 395
34509 395
34510 395
34511 395
34512 395
34513 395
34514 395
34515 395
34516 395
34517 395
34518 395
34519 395
34520 395
34521 395
34522 395
34523 395
34524 395
34525 395
34526 395
34527 395
34528 395
34529 395
34530 395
34531 395
34532 395
34533 395
34534 395
34535 395
34536 395
34537 395
34538 395
34539 395
34540 395
34541 395
34542 395
34543 395
34544 395
34545 395
34546 395
34547 395
34548 395
34549 395
34550 395
34551 395
34552 395
34553 395
34554 395
34555 395
34556 395
34557 395
34558 395
34559 395
34560 395
34561 395
34562 395
34563 395
34564 395
34565 395
34566 395
34567 395
34568 395
34569 395
34570 395
34571 395
34572 395
34573 395
34574 395
34575 395
34576 395
34577 395
34578 395
34579 395
34580 395
34581 395
34582 395
34583 395
34584 395
34585 395
34586 395
34587 395
34588 395
34589 395
34590 395
34591 395
34592 395
34593 395
34594 395
34595 395
34596 395
34597 395
34598 395
34599 395
34600 395
34601 395
34602 395
34603 395
34604 395
34605 395
34606 395
34607 395
34608 395
34609 395
34610 395
34611 395
34612 395
34613 395
34614 395
34615 395
34616 395
34617 395
34618 395
34619 395
34620 395
34621 395
34622 395
34623 395
34624 395
34625 395
34626 395
34627 395
34628 395
34629 395
34630 395
34631 395
34632 395
34633 395
34634 395
34635 395
34636 395
34637 395
34638 395
34639 395
34640 395
34641 395
34642 395
34643 395
34644 395
34645 395
34646 395
34647 395
34648 395
34649 395
34650 396
34651 396
34652 396
34653 396
34654 396
34655 396
34656 396
34657 396
34658 396
34659 396
34660 396
34661 396
34662 396
34663 396
34664 396
34665 396
34666 396
34667 396
34668 396
34669 396
34670 396
34671 396
34672 396
34673 396
34674 396
34675 396
34676 396
34677 396
34678 396
34679 396
34680 396
34681 396
34682 396
34683 396
34684 396
34685 396
34686 396
34687 396
34688 396
34689 396
34690 396
34691 396
34692 396
34693 396
34694 396
34695 396
34696 396
34697 396
34698 396
34699 396
34700 396
34701 396
34702 396
34703 396
34704 396
34705 406
34706 406
34707 406
34708 406
34709 406
34710 406
34711 406
34712 406
34713 406
34714 406
34715 406
34716 406
34717 406
34718 406
34719 406
34720 406
34721 406
34722 406
34723 406
34724 406
34725 406
34726 406
34727 406
34728 406
34729 406
34730 406
34731 406
34732 406
34733 406
34734 406
34735 406
34736 406
34737 406
34738 406
34739 406
34740 406
34741 406
34742 406
34743 406
34744 406
34745 406
34746 406
34747 406
34748 406
34749 406
34750 406
34751 406
34752 406
34753 406
34754 406
34755 406
34756 406
34757 406
34758 406
34759 406
34760 406
34761 406
34762 406
34763 406
34764 406
34765 406
34766 406
34767 406
34768 407
34769 407
34770 407
34771 407
34772 407
34773 407
34774 407
34775 407
34776 407
34777 407
34778 407
34779 407
34780 407
34781 407
34782 407
34783 407
34784 407
34785 407
34786 407
34787 407
34788 407
34789 407
34790 407
34791 407
34792 407
34793 407
34794 407
34795 407
34796 407
34797 407
34798 407
34799 407
34800 407
34801 407
34802 407
34803 407
34804 407
34805 407
34806 407
34807 407
34808 407
34809 407
34810 407
34811 407
34812 407
34813 407
34814 407
34815 407
34816 407
34817 407
34818 407
34819 407
34820 407
34821 407
34822 407
34823 407
34824 407
34825 407
34826 407
34827 407
34828 407
34829 407
34830 407
34831 407
34832 407
34833 407
34834 407
34835 407
34836 407
34837 407
34838 407
34839 407
34840 407
34841 407
34842 407
34843 407
34844 407
34845 407
34846 407
34847 407
34848 407
34849 407
34850 407
34851 407
34852 407
34853 407
34854 407
34855 407
34856 407
34857 407
34858 407
34859 407
34860 407
34861 407
34862 407
34863 407
34864 407
34865 407
34866 407
34867 407
34868 407
34869 407
34870 407
34871 407
34872 407
34873 407
34874 407
34875 407
34876 407
34877 407
34878 407
34879 407
34880 407
34881 407
34882 407
34883 407
34884 408
34885 408
34886 408
34887 408
34888 408
34889 408
34890 408
34891 408
34892 408
34893 408
34894 408
34895 408
34896 408
34897 408
34898 408
34899 408
34900 408
34901 408
34902 408
34903 408
34904 408
34905 408
34906 408
34907 408
34908 408
34909 408
34910 408
34911 408
34912 408
34913 408
34914 408
34915 408
34916 408
34917 408
34918 408
34919 408
34920 408
34921 408
34922 408
34923 408
34924 408
34925 408
34926 408
34927 408
34928 408
34929 408
34930 408
34931 408
34932 408
34933 408
34934 408
34935 408
34936 408
34937 408
34938 408
34939 408
34940 408
34941 408
34942 408
34943 408
34944 408
34945 408
34946 408
34947 408
34948 408
34949 408
34950 408
34951 408
34952 408
34953 408
34954 408
34955 408
34956 408
34957 408
34958 408
34959 408
34960 408
34961 408
34962 408
34963 408
34964 408
34965 408
34966 408
34967 408
34968 408
34969 408
34970 408
34971 408
34972 408
34973 408
34974 408
34975 408
34976 408
34977 408
34978 408
34979 408
34980 408
34981 408
34982 408
34983 408
34984 408
34985 408
34986 408
34987 408
34988 408
34989 408
34990 408
34991 408
34992 408
34993 408
34994 408
34995 408
34996 408
34997 408
34998 408
34999 408
35000 408
35001 408
35002 408
35003 408
35004 408
35005 408
35006 408
35007 408
35008 408
35009 408
35010 408
35011 409
35012 409
35013 409
35014 409
35015 409
35016 409
35017 409
35018 409
35019 409
35020 409
35021 409
35022 409
35023 409
35024 409
35025 409
35026 409
35027 409
35028 409
35029 409
35030 409
35031 409
35032 409
35033 409
35034 409
35035 409
35036 409
35037 409
35038 409
35039 409
35040 409
35041 409
35042 409
35043 409
35044 409
35045 409
35046 409
35047 409
35048 409
35049 409
35050 409
35051 409
35052 409
35053 409
35054 409
35055 409
35056 409
35057 409
35058 409
35059 409
35060 409
35061 409
35062 409
35063 409
35064 409
35065 409
35066 409
35067 409
35068 409
35069 409
35070 409
35071 409
35072 409
35073 409
35074 409
35075 410
35076 410
35077 410
35078 410
35079 410
35080 410
35081 410
35082 410
35083 410
35084 410
35085 410
35086 410
35087 410
35088 410
35089 410
35090 410
35091 410
35092 410
35093 410
35094 410
35095 410
35096 410
35097 410
35098 410
35099 410
35100 410
35101 410
35102 410
35103 410
35104 410
35105 410
35106 410
35107 410
35108 410
35109 410
35110 410
35111 410
35112 410
35113 410
35114 410
35115 410
35116 410
35117 410
35118 410
35119 410
35120 410
35121 410
35122 410
35123 410
35124 410
35125 410
35126 410
35127 410
35128 410
35129 410
35130 410
35131 410
35132 410
35133 410
35134 410
35135 410
35136 410
35137 410
35138 410
35139 410
35140 410
35141 410
35142 410
35143 410
35144 410
35145 410
35146 410
35147 410
35148 410
35149 410
35150 410
35151 410
35152 410
35153 410
35154 410
35155 410
35156 410
35157 410
35158 410
35159 410
35160 410
35161 410
35162 410
35163 410
35164 410
35165 410
35166 410
35167 410
35168 410
35169 410
35170 410
35171 410
35172 410
35173 410
35174 410
35175 410
35176 410
35177 410
35178 410
35179 410
35180 410
35181 410
35182 410
35183 410
35184 410
35185 410
35186 410
35187 410
35188 410
35189 410
35190 410
35191 410
35192 410
35193 410
35194 410
35195 410
35196 410
35197 410
35198 410
35199 410
35200 410
35201 410
35202 410
35203 410
35204 413
35205 413
35206 413
35207 413
35208 413
35209 413
35210 413
35211 413
35212 413
35213 413
35214 413
35215 414
35216 414
35217 414
35218 414
35219 414
35220 414
35221 414
35222 414
35223 414
35224 414
35225 414
35226 414
35227 414
35228 414
35229 414
35230 414
35231 414
35232 414
35233 414
35234 414
35235 414
35236 414
35237 414
35238 414
35239 414
35240 414
35241 414
35242 414
35243 414
35244 414
35245 414
35246 414
35247 414
35248 414
35249 414
35250 414
35251 414
35252 414
35253 414
35254 414
35255 414
35256 414
35257 414
35258 414
35259 414
35260 414
35261 414
35262 414
35263 414
35264 414
35265 414
35266 414
35267 414
35268 414
35269 414
35270 414
35271 414
35272 414
35273 414
35274 414
35275 414
35276 414
35277 414
35278 414
35279 414
35280 414
35281 414
35282 414
35283 414
35284 414
35285 414
35286 414
35287 414
35288 414
35289 414
35290 414
35291 414
35292 414
35293 418
35294 418
35295 418
35296 418
35297 418
35298 418
35299 418
35300 418
35301 418
35302 418
35303 418
35304 418
35305 418
35306 418
35307 418
35308 418
35309 418
35310 418
35311 418
35312 418
35313 418
35314 418
35315 418
35316 418
35317 418
35318 418
35319 418
35320 418
35321 418
35322 418
35323 418
35324 418
35325 418
35326 418
35327 418
35328 418
35329 418
35330 418
35331 418
35332 418
35333 418
35334 418
35335 418
35336 418
35337 418
35338 418
35339 418
35340 418
35341 418
35342 418
35343 418
35344 418
35345 418
35346 418
35347 418
35348 418
35349 418
35350 418
35351 418
35352 418
35353 418
35354 418
35355 418
35356 418
35357 418
35358 419
35359 419
35360 419
35361 419
35362 419
35363 419
35364 419
35365 419
35366 419
35367 419
35368 419
35369 419
35370 419
35371 419
35372 419
35373 419
35374 419
35375 419
35376 419
35377 419
35378 419
35379 419
35380 419
35381 419
35382 419
35383 419
35384 419
35385 419
35386 419
35387 419
35388 419
35389 419
35390 419
35391 419
35392 419
35393 419
35394 419
35395 419
35396 419
35397 419
35398 419
35399 419
35400 419
35401 419
35402 419
35403 419
35404 419
35405 419
35406 419
35407 419
35408 419
35409 419
35410 419
35411 419
35412 419
35413 419
35414 419
35415 419
35416 419
35417 419
35418 419
35419 419
35420 419
35421 419
35422 419
35423 419
35424 419
35425 419
35426 419
35427 419
35428 419
35429 419
35430 419
35431 419
35432 419
35433 423
35434 423
35435 423
35436 423
35437 423
35438 423
35439 423
35440 423
35441 423
35442 423
35443 423
35444 423
35445 423
35446 423
35447 423
35448 423
35449 423
35450 423
35451 423
35452 423
35453 423
35454 423
35455 423
35456 423
35457 423
35458 423
35459 423
35460 423
35461 423
35462 423
35463 423
35464 423
35465 423
35466 423
35467 423
35468 423
35469 423
35470 423
35471 423
35472 423
35473 423
35474 423
35475 423
35476 423
35477 423
35478 423
35479 423
35480 423
35481 423
35482 423
35483 423
35484 423
35485 423
35486 423
35487 423
35488 423
35489 423
35490 423
35491 423
35492 423
35493 423
35494 423
35495 423
35496 423
35497 423
35498 423
35499 423
35500 423
35501 423
35502 423
35503 423
35504 423
35505 423
35506 423
35507 423
35508 423
35509 423
35510 423
35511 423
35512 423
35513 423
35514 423
35515 423
35516 423
35517 423
35518 423
35519 423
35520 423
35521 423
35522 423
35523 423
35524 423
35525 423
35526 423
35527 423
35528 423
35529 423
35530 423
35531 423
35532 423
35533 423
35534 423
35535 423
35536 423
35537 423
35538 423
35539 423
35540 423
35541 423
35542 423
35543 423
35544 423
35545 423
35546 423
35547 423
35548 423
35549 423
35550 423
35551 423
35552 423
35553 423
35554 423
35555 423
35556 423
35557 423
35558 423
35559 423
35560 423
35561 424
35562 424
35563 424
35564 424
35565 424
35566 424
35567 424
35568 424
35569 424
35570 424
35571 424
35572 424
35573 424
35574 424
35575 424
35576 424
35577 424
35578 424
35579 424
35580 424
35581 424
35582 424
35583 424
35584 424
35585 424
35586 424
35587 424
35588 424
35589 424
35590 424
35591 424
35592 424
35593 424
35594 424
35595 424
35596 424
35597 424
35598 424
35599 424
35600 424
35601 424
35602 424
35603 424
35604 424
35605 424
35606 424
35607 424
35608 424
35609 424
35610 424
35611 424
35612 424
35613 424
35614 424
35615 424
35616 424
35617 424
35618 424
35619 424
35620 424
35621 424
35622 424
35623 424
35624 424
35625 424
35626 424
35627 424
35628 424
35629 424
35630 424
35631 424
35632 424
35633 424
35634 424
35635 424
35636 424
35637 424
35638 424
35639 424
35640 424
35641 424
35642 424
35643 424
35644 424
35645 424
35646 424
35647 424
35648 424
35649 424
35650 424
35651 424
35652 424
35653 424
35654 424
35655 424
35656 424
35657 424
35658 424
35659 424
35660 424
35661 424
35662 424
35663 424
35664 424
35665 424
35666 424
35667 424
35668 424
35669 424
35670 424
35671 424
35672 424
35673 424
35674 424
35675 424
35676 424
35677 424
35678 424
35679 424
35680 424
35681 424
35682 424
35683 424
35684 424
35685 424
35686 424
35687 424
35688 424
35689 425
35690 425
35691 425
35692 425
35693 425
35694 425
35695 425
35696 425
35697 425
35698 425
35699 425
35700 425
35701 425
35702 425
35703 425
35704 425
35705 425
35706 425
35707 425
35708 425
35709 425
35710 425
35711 425
35712 425
35713 425
35714 425
35715 425
35716 425
35717 425
35718 425
35719 425
35720 425
35721 425
35722 425
35723 425
35724 425
35725 425
35726 425
35727 425
35728 425
35729 425
35730 425
35731 425
35732 425
35733 425
35734 425
35735 425
35736 425
35737 425
35738 425
35739 425
35740 425
35741 425
35742 425
35743 425
35744 425
35745 425
35746 425
35747 425
35748 425
35749 425
35750 425
35751 425
35752 425
35753 425
35754 425
35755 425
35756 425
35757 425
35758 425
35759 425
35760 425
35761 425
35762 425
35763 425
35764 425
35765 425
35766 425
35767 425
35768 425
35769 425
35770 425
35771 425
35772 425
35773 425
35774 425
35775 425
35776 425
35777 425
35778 425
35779 425
35780 425
35781 425
35782 425
35783 425
35784 425
35785 425
35786 425
35787 425
35788 425
35789 425
35790 425
35791 425
35792 425
35793 425
35794 425
35795 425
35796 425
35797 425
35798 425
35799 425
35800 425
35801 425
35802 425
35803 425
35804 426
35805 426
35806 426
35807 426
35808 426
35809 426
35810 426
35811 426
35812 426
35813 426
35814 426
35815 426
35816 426
35817 426
35818 426
35819 426
35820 426
35821 426
35822 426
35823 426
35824 426
35825 426
35826 426
35827 426
35828 426
35829 426
35830 426
35831 426
35832 426
35833 426
35834 426
35835 426
35836 426
35837 426
35838 426
35839 426
35840 426
35841 426
35842 426
35843 426
35844 426
35845 426
35846 426
35847 426
35848 426
35849 426
35850 426
35851 426
35852 426
35853 426
35854 426
35855 426
35856 426
35857 426
35858 426
35859 426
35860 426
35861 426
35862 426
35863 426
35864 426
35865 426
35866 426
35867 426
35868 426
35869 426
35870 426
35871 426
35872 426
35873 426
35874 426
35875 426
35876 426
35877 426
35878 426
35879 426
35880 426
35881 426
35882 426
35883 426
35884 426
35885 426
35886 426
35887 426
35888 426
35889 426
35890 426
35891 426
35892 426
35893 426
35894 426
35895 426
35896 426
35897 426
35898 426
35899 426
35900 426
35901 426
35902 426
35903 426
35904 426
35905 426
35906 426
35907 426
35908 426
35909 426
35910 426
35911 426
35912 426
35913 426
35914 426
35915 426
35916 426
35917 426
35918 426
35919 427
35920 427
35921 427
35922 427
35923 427
35924 427
35925 427
35926 427
35927 427
35928 427
35929 427
35930 427
35931 427
35932 427
35933 427
35934 427
35935 427
35936 427
35937 427
35938 427
35939 427
35940 427
35941 427
35942 427
35943 427
35944 427
35945 427
35946 427
35947 427
35948 427
35949 427
35950 427
35951 427
35952 427
35953 427
35954 427
35955 427
35956 427
35957 427
35958 427
35959 427
35960 427
35961 427
35962 427
35963 427
35964 427
35965 427
35966 427
35967 427
35968 427
35969 427
35970 427
35971 427
35972 427
35973 427
35974 427
35975 427
35976 427
35977 427
35978 427
35979 427
35980 427
35981 427
35982 427
35983 427
35984 427
35985 427
35986 427
35987 427
35988 427
35989 427
35990 427
35991 427
35992 427
35993 427
35994 427
35995 427
35996 427
35997 427
35998 427
35999 427
36000 427
36001 427
36002 427
36003 427
36004 427
36005 427
36006 427
36007 427
36008 427
36009 427
36010 427
36011 427
36012 427
36013 427
36014 427
36015 427
36016 427
36017 427
36018 427
36019 427
36020 427
36021 427
36022 427
36023 427
36024 427
36025 427
36026 427
36027 427
36028 427
36029 427
36030 427
36031 427
36032 427
36033 427
36034 427
36035 427
36036 427
36037 427
36038 427
36039 427
36040 427
36041 427
36042 427
36043 427
36044 427
36045 427
36046 427
36047 427
36048 427
36049 427
36050 427
36051 427
36052 427
36053 427
36054 427
36055 427
36056 427
36057 428
36058 428
36059 428
36060 428
36061 428
36062 428
36063 428
36064 428
36065 428
36066 428
36067 428
36068 428
36069 428
36070 428
36071 428
36072 428
36073 428
36074 428
36075 428
36076 428
36077 428
36078 428
36079 428
36080 428
36081 428
36082 428
36083 428
36084 428
36085 428
36086 428
36087 428
36088 428
36089 428
36090 428
36091 428
36092 428
36093 428
36094 428
36095 428
36096 428
36097 428
36098 428
36099 428
36100 428
36101 428
36102 428
36103 428
36104 428
36105 428
36106 428
36107 428
36108 428
36109 428
36110 428
36111 428
36112 428
36113 428
36114 428
36115 428
36116 428
36117 428
36118 428
36119 428
36120 428
36121 428
36122 428
36123 428
36124 428
36125 428
36126 428
36127 428
36128 428
36129 428
36130 428
36131 428
36132 428
36133 428
36134 428
36135 428
36136 428
36137 428
36138 428
36139 428
36140 428
36141 428
36142 428
36143 428
36144 428
36145 428
36146 428
36147 428
36148 428
36149 428
36150 428
36151 428
36152 428
36153 428
36154 428
36155 428
36156 428
36157 428
36158 428
36159 428
36160 428
36161 428
36162 428
36163 428
36164 428
36165 428
36166 428
36167 428
36168 428
36169 428
36170 428
36171 428
36172 428
36173 428
36174 428
36175 428
36176 428
36177 428
36178 428
36179 428
36180 428
36181 428
36182 428
36183 428
36184 428
36185 428
36186 428
36187 428
36188 428
36189 428
36190 428
36191 428
36192 428
36193 428
36194 428
36195 428
36196 429
36197 429
36198 429
36199 429
36200 429
36201 429
36202 429
36203 429
36204 429
36205 429
36206 429
36207 429
36208 429
36209 429
36210 429
36211 429
36212 429
36213 429
36214 429
36215 429
36216 429
36217 429
36218 429
36219 429
36220 429
36221 429
36222 429
36223 429
36224 429
36225 429
36226 429
36227 429
36228 429
36229 429
36230 429
36231 429
36232 429
36233 429
36234 429
36235 429
36236 429
36237 429
36238 429
36239 429
36240 429
36241 429
36242 429
36243 429
36244 429
36245 429
36246 429
36247 429
36248 429
36249 429
36250 429
36251 429
36252 429
36253 429
36254 429
36255 429
36256 429
36257 429
36258 429
36259 429
36260 429
36261 429
36262 429
36263 429
36264 429
36265 429
36266 429
36267 429
36268 429
36269 429
36270 429
36271 429
36272 429
36273 429
36274 429
36275 429
36276 429
36277 429
36278 429
36279 429
36280 429
36281 429
36282 429
36283 429
36284 429
36285 429
36286 429
36287 429
36288 429
36289 429
36290 429
36291 429
36292 429
36293 429
36294 429
36295 429
36296 429
36297 429
36298 429
36299 429
36300 429
36301 429
36302 429
36303 429
36304 429
36305 429
36306 429
36307 429
36308 429
36309 429
36310 429
36311 429
36312 429
36313 429
36314 429
36315 429
36316 429
36317 429
36318 429
36319 429
36320 429
36321 429
36322 429
36323 429
36324 429
36325 429
36326 429
36327 430
36328 430
36329 430
36330 430
36331 430
36332 430
36333 430
36334 430
36335 430
36336 430
36337 430
36338 430
36339 430
36340 430
36341 430
36342 430
36343 430
36344 430
36345 430
36346 430
36347 430
36348 430
36349 430
36350 430
36351 430
36352 430
36353 430
36354 430
36355 430
36356 430
36357 430
36358 430
36359 430
36360 430
36361 430
36362 430
36363 430
36364 430
36365 430
36366 430
36367 430
36368 430
36369 430
36370 430
36371 430
36372 430
36373 430
36374 430
36375 430
36376 430
36377 430
36378 430
36379 430
36380 430
36381 430
36382 430
36383 430
36384 430
36385 430
36386 430
36387 430
36388 430
36389 430
36390 430
36391 430
36392 430
36393 430
36394 430
36395 430
36396 430
36397 430
36398 430
36399 430
36400 430
36401 430
36402 430
36403 430
36404 430
36405 430
36406 430
36407 430
36408 430
36409 430
36410 430
36411 430
36412 430
36413 430
36414 430
36415 430
36416 430
36417 430
36418 430
36419 430
36420 430
36421 430
36422 430
36423 430
36424 430
36425 430
36426 430
36427 430
36428 430
36429 430
36430 430
36431 430
36432 430
36433 430
36434 430
36435 430
36436 430
36437 430
36438 430
36439 430
36440 430
36441 430
36442 430
36443 430
36444 430
36445 430
36446 430
36447 430
36448 431
36449 431
36450 431
36451 431
36452 431
36453 431
36454 431
36455 431
36456 431
36457 431
36458 431
36459 431
36460 431
36461 431
36462 431
36463 431
36464 431
36465 431
36466 431
36467 431
36468 431
36469 431
36470 431
36471 431
36472 431
36473 431
36474 431
36475 431
36476 431
36477 431
36478 431
36479 431
36480 431
36481 431
36482 431
36483 431
36484 431
36485 431
36486 431
36487 431
36488 431
36489 431
36490 431
36491 431
36492 431
36493 431
36494 431
36495 431
36496 431
36497 431
36498 431
36499 431
36500 431
36501 431
36502 431
36503 431
36504 431
36505 431
36506 431
36507 431
36508 431
36509 431
36510 431
36511 431
36512 431
36513 431
36514 431
36515 431
36516 431
36517 431
36518 431
36519 431
36520 431
36521 431
36522 431
36523 431
36524 431
36525 431
36526 431
36527 431
36528 431
36529 431
36530 431
36531 431
36532 431
36533 431
36534 431
36535 431
36536 431
36537 431
36538 431
36539 431
36540 431
36541 431
36542 431
36543 431
36544 431
36545 431
36546 431
36547 431
36548 431
36549 431
36550 431
36551 431
36552 431
36553 431
36554 431
36555 431
36556 431
36557 431
36558 431
36559 432
36560 432
36561 432
36562 432
36563 432
36564 432
36565 432
36566 432
36567 432
36568 432
36569 432
36570 432
36571 432
36572 432
36573 432
36574 432
36575 432
36576 432
36577 432
36578 432
36579 432
36580 432
36581 432
36582 432
36583 432
36584 432
36585 432
36586 432
36587 432
36588 432
36589 432
36590 432
36591 432
36592 432
36593 432
36594 432
36595 432
36596 432
36597 432
36598 432
36599 432
36600 432
36601 432
36602 432
36603 432
36604 432
36605 432
36606 432
36607 432
36608 432
36609 432
36610 432
36611 432
36612 432
36613 432
36614 432
36615 432
36616 432
36617 432
36618 432
36619 432
36620 432
36621 432
36622 432
36623 432
36624 432
36625 432
36626 432
36627 432
36628 432
36629 432
36630 432
36631 432
36632 432
36633 432
36634 432
36635 432
36636 432
36637 432
36638 432
36639 432
36640 432
36641 432
36642 432
36643 432
36644 432
36645 432
36646 432
36647 432
36648 432
36649 432
36650 432
36651 432
36652 432
36653 432
36654 432
36655 432
36656 432
36657 432
36658 432
36659 432
36660 432
36661 432
36662 432
36663 432
36664 432
36665 432
36666 432
36667 432
36668 432
36669 432
36670 432
36671 432
36672 432
36673 432
36674 432
36675 432
36676 432
36677 432
36678 432
36679 432
36680 432
36681 432
36682 432
36683 432
36684 432
36685 432
36686 432
36687 432
36688 432
36689 432
36690 432
36691 432
36692 432
36693 432
36694 432
36695 432
36696 432
36697 432
36698 432
36699 432
36700 432
36701 432
36702 432
36703 433
36704 433
36705 433
36706 433
36707 433
36708 433
36709 433
36710 433
36711 433
36712 433
36713 433
36714 433
36715 433
36716 433
36717 433
36718 433
36719 433
36720 433
36721 433
36722 433
36723 433
36724 433
36725 433
36726 433
36727 433
36728 433
36729 433
36730 433
36731 433
36732 433
36733 433
36734 433
36735 433
36736 433
36737 433
36738 433
36739 433
36740 433
36741 433
36742 433
36743 433
36744 433
36745 433
36746 433
36747 433
36748 433
36749 433
36750 433
36751 433
36752 433
36753 433
36754 433
36755 433
36756 433
36757 433
36758 433
36759 433
36760 433
36761 433
36762 433
36763 433
36764 433
36765 433
36766 433
36767 433
36768 433
36769 433
36770 433
36771 433
36772 433
36773 433
36774 433
36775 433
36776 433
36777 433
36778 433
36779 433
36780 433
36781 433
36782 433
36783 433
36784 433
36785 433
36786 433
36787 433
36788 433
36789 433
36790 433
36791 433
36792 433
36793 433
36794 433
36795 433
36796 433
36797 433
36798 433
36799 433
36800 433
36801 433
36802 433
36803 433
36804 433
36805 433
36806 433
36807 433
36808 433
36809 433
36810 433
36811 433
36812 433
36813 433
36814 433
36815 433
36816 433
36817 433
36818 433
36819 433
36820 433
36821 433
36822 433
36823 433
36824 434
36825 434
36826 434
36827 434
36828 434
36829 434
36830 434
36831 434
36832 434
36833 434
36834 434
36835 434
36836 434
36837 434
36838 434
36839 434
36840 434
36841 434
36842 434
36843 434
36844 434
36845 434
36846 434
36847 434
36848 434
36849 434
36850 434
36851 434
36852 434
36853 434
36854 434
36855 434
36856 434
36857 434
36858 434
36859 434
36860 434
36861 434
36862 434
36863 434
36864 434
36865 434
36866 434
36867 434
36868 434
36869 434
36870 434
36871 434
36872 434
36873 434
36874 434
36875 434
36876 434
36877 434
36878 434
36879 434
36880 434
36881 434
36882 434
36883 434
36884 434
36885 434
36886 434
36887 434
36888 434
36889 434
36890 434
36891 434
36892 434
36893 434
36894 434
36895 434
36896 434
36897 434
36898 434
36899 434
36900 434
36901 434
36902 434
36903 434
36904 434
36905 434
36906 434
36907 434
36908 434
36909 434
36910 434
36911 434
36912 434
36913 434
36914 434
36915 434
36916 434
36917 434
36918 434
36919 434
36920 434
36921 434
36922 434
36923 434
36924 434
36925 434
36926 434
36927 434
36928 434
36929 434
36930 434
36931 434
36932 434
36933 434
36934 434
36935 434
36936 434
36937 434
36938 434
36939 434
36940 434
36941 434
36942 434
36943 434
36944 434
36945 434
36946 434
36947 434
36948 434
36949 434
36950 434
36951 434
36952 434
36953 434
36954 434
36955 434
36956 434
36957 434
36958 435
36959 435
36960 435
36961 435
36962 435
36963 435
36964 435
36965 435
36966 435
36967 435
36968 435
36969 435
36970 435
36971 435
36972 435
36973 435
36974 435
36975 435
36976 435
36977 435
36978 435
36979 435
36980 435
36981 435
36982 435
36983 435
36984 435
36985 435
36986 435
36987 435
36988 435
36989 435
36990 435
36991 435
36992 435
36993 435
36994 435
36995 435
36996 435
36997 435
36998 435
36999 435
37000 435
37001 435
37002 435
37003 435
37004 435
37005 435
37006 435
37007 435
37008 435
37009 435
37010 435
37011 435
37012 435
37013 435
37014 435
37015 435
37016 435
37017 435
37018 435
37019 435
37020 435
37021 435
37022 435
37023 435
37024 435
37025 435
37026 435
37027 435
37028 435
37029 435
37030 435
37031 435
37032 435
37033 435
37034 435
37035 435
37036 435
37037 435
37038 435
37039 435
37040 435
37041 435
37042 435
37043 435
37044 435
37045 435
37046 435
37047 435
37048 435
37049 435
37050 435
37051 435
37052 435
37053 435
37054 435
37055 435
37056 435
37057 435
37058 435
37059 435
37060 435
37061 435
37062 435
37063 435
37064 435
37065 435
37066 435
37067 435
37068 435
37069 435
37070 435
37071 435
37072 435
37073 435
37074 435
37075 435
37076 435
37077 435
37078 435
37079 435
37080 435
37081 435
37082 435
37083 435
37084 435
37085 435
37086 435
37087 435
37088 435
37089 435
37090 435
37091 435
37092 435
37093 435
37094 435
37095 435
37096 435
37097 435
37098 435
37099 435
37100 435
37101 435
37102 435
37103 435
37104 435
37105 435
37106 435
37107 435
37108 435
37109 435
37110 435
37111 435
37112 435
37113 435
37114 435
37115 435
37116 435
37117 435
37118 435
37119 435
37120 435
37121 435
37122 435
37123 435
37124 435
37125 435
37126 435
37127 435
37128 435
37129 435
37130 435
37131 435
37132 435
37133 435
37134 435
37135 435
37136 435
37137 435
37138 435
37139 435
37140 435
37141 435
37142 435
37143 435
37144 435
37145 435
37146 435
37147 435
37148 435
37149 435
37150 435
37151 435
37152 435
37153 435
37154 435
37155 435
37156 435
37157 435
37158 435
37159 435
37160 435
37161 435
37162 435
37163 435
37164 435
37165 435
37166 435
37167 435
37168 435
37169 435
37170 435
37171 435
37172 435
37173 435
37174 435
37175 435
37176 435
37177 435
37178 435
37179 435
37180 435
37181 435
37182 435
37183 435
37184 435
37185 435
37186 435
37187 435
37188 435
37189 435
37190 435
37191 435
37192 435
37193 435
37194 435
37195 435
37196 435
37197 435
37198 435
37199 435
37200 435
37201 435
37202 435
37203 436
37204 436
37205 436
37206 436
37207 436
37208 436
37209 436
37210 436
37211 436
37212 436
37213 436
37214 436
37215 436
37216 436
37217 436
37218 436
37219 436
37220 436
37221 436
37222 436
37223 436
37224 436
37225 436
37226 436
37227 436
37228 436
37229 436
37230 436
37231 436
37232 436
37233 436
37234 436
37235 436
37236 436
37237 436
37238 436
37239 436
37240 436
37241 436
37242 437
37243 437
37244 437
37245 437
37246 437
37247 437
37248 437
37249 437
37250 437
37251 437
37252 437
37253 437
37254 437
37255 437
37256 437
37257 437
37258 437
37259 437
37260 437
37261 437
37262 437
37263 437
37264 437
37265 437
37266 437
37267 437
37268 437
37269 437
37270 437
37271 437
37272 437
37273 437
37274 437
37275 437
37276 437
37277 437
37278 437
37279 437
37280 437
37281 437
37282 437
37283 437
37284 437
37285 437
37286 437
37287 437
37288 437
37289 437
37290 437
37291 437
37292 437
37293 437
37294 437
37295 437
37296 437
37297 437
37298 437
37299 437
37300 437
37301 438
37302 438
37303 438
37304 438
37305 438
37306 438
37307 438
37308 438
37309 438
37310 438
37311 438
37312 438
37313 438
37314 438
37315 438
37316 438
37317 438
37318 438
37319 438
37320 438
37321 438
37322 438
37323 438
37324 438
37325 438
37326 438
37327 438
37328 438
37329 438
37330 438
37331 438
37332 438
37333 438
37334 438
37335 438
37336 438
37337 438
37338 438
37339 438
37340 438
37341 438
37342 438
37343 438
37344 438
37345 438
37346 438
37347 438
37348 438
37349 438
37350 438
37351 438
37352 438
37353 438
37354 438
37355 438
37356 438
37357 438
37358 438
37359 438
37360 438
37361 438
37362 438
37363 438
37364 438
37365 438
37366 438
37367 438
37368 438
37369 438
37370 438
37371 438
37372 438
37373 438
37374 438
37375 438
37376 438
37377 438
37378 438
37379 438
37380 438
37381 438
37382 438
37383 438
37384 438
37385 438
37386 438
37387 438
37388 438
37389 438
37390 438
37391 438
37392 438
37393 438
37394 438
37395 438
37396 438
37397 438
37398 438
37399 438
37400 438
37401 438
37402 438
37403 438
37404 438
37405 438
37406 438
37407 438
37408 438
37409 438
37410 438
37411 438
37412 438
37413 438
37414 438
37415 438
37416 438
37417 438
37418 438
37419 438
37420 438
37421 438
37422 438
37423 438
37424 438
37425 438
37426 438
37427 438
37428 438
37429 438
37430 438
37431 438
37432 438
37433 438
37434 438
37435 438
37436 438
37437 438
37438 438
37439 438
37440 438
37441 438
37442 438
37443 438
37444 439
37445 439
37446 439
37447 439
37448 439
37449 439
37450 439
37451 439
37452 439
37453 439
37454 439
37455 439
37456 439
37457 439
37458 439
37459 439
37460 439
37461 439
37462 439
37463 439
37464 439
37465 439
37466 439
37467 439
37468 439
37469 439
37470 439
37471 439
37472 439
37473 439
37474 439
37475 439
37476 439
37477 439
37478 439
37479 439
37480 439
37481 439
37482 439
37483 439
37484 439
37485 439
37486 439
37487 439
37488 439
37489 439
37490 439
37491 439
37492 439
37493 439
37494 439
37495 439
37496 439
37497 439
37498 439
37499 439
37500 439
37501 439
37502 439
37503 439
37504 439
37505 439
37506 439
37507 439
37508 439
37509 439
37510 439
37511 439
37512 439
37513 439
37514 439
37515 439
37516 439
37517 439
37518 439
37519 439
37520 439
37521 439
37522 439
37523 439
37524 439
37525 439
37526 439
37527 439
37528 439
37529 439
37530 439
37531 439
37532 439
37533 439
37534 439
37535 439
37536 439
37537 439
37538 439
37539 439
37540 439
37541 439
37542 439
37543 439
37544 439
37545 439
37546 439
37547 439
37548 439
37549 439
37550 439
37551 439
37552 439
37553 439
37554 439
37555 439
37556 439
37557 439
37558 439
37559 439
37560 439
37561 439
37562 439
37563 439
37564 439
37565 439
37566 439
37567 439
37568 439
37569 439
37570 439
37571 440
37572 440
37573 440
37574 440
37575 440
37576 440
37577 440
37578 440
37579 440
37580 440
37581 440
37582 440
37583 440
37584 440
37585 440
37586 440
37587 440
37588 440
37589 440
37590 440
37591 440
37592 440
37593 440
37594 440
37595 440
37596 440
37597 440
37598 440
37599 440
37600 440
37601 440
37602 440
37603 440
37604 440
37605 440
37606 440
37607 440
37608 440
37609 440
37610 440
37611 440
37612 440
37613 440
37614 440
37615 440
37616 440
37617 440
37618 440
37619 440
37620 440
37621 440
37622 440
37623 440
37624 440
37625 440
37626 440
37627 440
37628 440
37629 440
37630 440
37631 440
37632 440
37633 440
37634 440
37635 440
37636 440
37637 440
37638 440
37639 440
37640 440
37641 440
37642 440
37643 440
37644 440
37645 440
37646 440
37647 440
37648 440
37649 440
37650 440
37651 440
37652 440
37653 440
37654 440
37655 440
37656 440
37657 440
37658 440
37659 440
37660 440
37661 440
37662 440
37663 440
37664 440
37665 440
37666 440
37667 440
37668 440
37669 440
37670 440
37671 440
37672 440
37673 440
37674 440
37675 440
37676 440
37677 440
37678 440
37679 440
37680 440
37681 440
37682 440
37683 440
37684 440
37685 440
37686 440
37687 440
37688 440
37689 440
37690 440
37691 440
37692 440
37693 440
37694 441
37695 441
37696 441
37697 441
37698 441
37699 441
37700 441
37701 441
37702 441
37703 441
37704 441
37705 441
37706 441
37707 441
37708 441
37709 441
37710 441
37711 441
37712 441
37713 441
37714 441
37715 441
37716 441
37717 441
37718 441
37719 441
37720 441
37721 441
37722 441
37723 441
37724 441
37725 441
37726 441
37727 441
37728 441
37729 441
37730 441
37731 441
37732 441
37733 441
37734 441
37735 441
37736 441
37737 441
37738 441
37739 441
37740 441
37741 441
37742 441
37743 441
37744 441
37745 441
37746 441
37747 441
37748 441
37749 441
37750 441
37751 441
37752 441
37753 441
37754 441
37755 441
37756 441
37757 441
37758 441
37759 441
37760 441
37761 441
37762 441
37763 441
37764 441
37765 441
37766 441
37767 441
37768 441
37769 441
37770 441
37771 441
37772 441
37773 441
37774 441
37775 441
37776 441
37777 441
37778 441
37779 441
37780 441
37781 441
37782 441
37783 441
37784 441
37785 441
37786 441
37787 441
37788 441
37789 441
37790 441
37791 441
37792 441
37793 441
37794 441
37795 441
37796 441
37797 441
37798 441
37799 441
37800 441
37801 441
37802 441
37803 441
37804 441
37805 441
37806 441
37807 441
37808 441
37809 441
37810 441
37811 441
37812 441
37813 441
37814 441
37815 441
37816 441
37817 441
37818 441
37819 441
37820 441
37821 441
37822 441
37823 441
37824 441
37825 441
37826 441
37827 441
37828 441
37829 441
37830 441
37831 441
37832 441
37833 441
37834 441
37835 441
37836 441
37837 441
37838 441
37839 441
37840 442
37841 442
37842 442
37843 442
37844 442
37845 442
37846 442
37847 442
37848 442
37849 442
37850 442
37851 442
37852 442
37853 442
37854 442
37855 442
37856 442
37857 442
37858 442
37859 442
37860 442
37861 442
37862 442
37863 442
37864 442
37865 442
37866 442
37867 442
37868 442
37869 442
37870 442
37871 442
37872 442
37873 442
37874 442
37875 442
37876 442
37877 442
37878 442
37879 442
37880 442
37881 442
37882 442
37883 442
37884 442
37885 442
37886 442
37887 442
37888 442
37889 442
37890 442
37891 442
37892 442
37893 442
37894 442
37895 442
37896 442
37897 442
37898 442
37899 442
37900 442
37901 442
37902 442
37903 442
37904 442
37905 442
37906 442
37907 442
37908 442
37909 442
37910 442
37911 442
37912 442
37913 442
37914 442
37915 442
37916 442
37917 442
37918 442
37919 442
37920 442
37921 442
37922 442
37923 442
37924 442
37925 442
37926 442
37927 442
37928 442
37929 442
37930 442
37931 442
37932 442
37933 442
37934 442
37935 442
37936 442
37937 442
37938 442
37939 442
37940 442
37941 442
37942 442
37943 442
37944 442
37945 442
37946 442
37947 442
37948 442
37949 442
37950 442
37951 442
37952 442
37953 442
37954 442
37955 442
37956 442
37957 442
37958 442
37959 442
37960 442
37961 442
37962 442
37963 442
37964 442
37965 442
37966 442
37967 442
37968 442
37969 442
37970 443
37971 443
37972 443
37973 443
37974 443
37975 443
37976 443
37977 443
37978 443
37979 443
37980 443
37981 443
37982 443
37983 443
37984 443
37985 443
37986 443
37987 443
37988 443
37989 443
37990 443
37991 443
37992 443
37993 443
37994 443
37995 443
37996 443
37997 443
37998 443
37999 443
38000 443
38001 443
38002 443
38003 443
38004 443
38005 443
38006 443
38007 443
38008 443
38009 443
38010 443
38011 443
38012 443
38013 443
38014 443
38015 443
38016 443
38017 443
38018 443
38019 443
38020 443
38021 443
38022 443
38023 443
38024 443
38025 443
38026 443
38027 443
38028 443
38029 443
38030 443
38031 443
38032 443
38033 443
38034 443
38035 443
38036 443
38037 443
38038 443
38039 443
38040 443
38041 443
38042 443
38043 443
38044 443
38045 443
38046 443
38047 443
38048 443
38049 443
38050 443
38051 443
38052 443
38053 443
38054 443
38055 443
38056 443
38057 443
38058 443
38059 443
38060 443
38061 443
38062 443
38063 443
38064 443
38065 443
38066 443
38067 443
38068 443
38069 443
38070 443
38071 443
38072 443
38073 443
38074 443
38075 443
38076 443
38077 444
38078 444
38079 444
38080 444
38081 444
38082 444
38083 444
38084 444
38085 444
38086 444
38087 444
38088 444
38089 444
38090 444
38091 444
38092 444
38093 444
38094 444
38095 444
38096 444
38097 444
38098 444
38099 444
38100 444
38101 444
38102 444
38103 444
38104 444
38105 444
38106 444
38107 444
38108 444
38109 444
38110 444
38111 444
38112 444
38113 444
38114 444
38115 444
38116 444
38117 444
38118 444
38119 444
38120 444
38121 444
38122 444
38123 444
38124 444
38125 444
38126 444
38127 444
38128 444
38129 444
38130 444
38131 444
38132 444
38133 444
38134 444
38135 444
38136 444
38137 444
38138 444
38139 444
38140 444
38141 444
38142 444
38143 444
38144 444
38145 444
38146 444
38147 444
38148 444
38149 444
38150 444
38151 444
38152 444
38153 444
38154 444
38155 444
38156 444
38157 444
38158 444
38159 444
38160 444
38161 444
38162 444
38163 444
38164 444
38165 444
38166 444
38167 444
38168 444
38169 444
38170 444
38171 444
38172 444
38173 444
38174 444
38175 444
38176 444
38177 444
38178 444
38179 444
38180 444
38181 444
38182 444
38183 444
38184 444
38185 444
38186 444
38187 444
38188 444
38189 444
38190 444
38191 444
38192 444
38193 444
38194 445
38195 445
38196 445
38197 445
38198 445
38199 445
38200 445
38201 445
38202 445
38203 445
38204 445
38205 445
38206 445
38207 445
38208 445
38209 445
38210 445
38211 445
38212 445
38213 445
38214 445
38215 445
38216 445
38217 445
38218 445
38219 445
38220 445
38221 445
38222 445
38223 445
38224 445
38225 445
38226 445
38227 445
38228 445
38229 445
38230 445
38231 445
38232 445
38233 445
38234 445
38235 445
38236 445
38237 445
38238 445
38239 445
38240 445
38241 445
38242 445
38243 445
38244 445
38245 445
38246 445
38247 445
38248 445
38249 445
38250 445
38251 445
38252 445
38253 445
38254 445
38255 445
38256 445
38257 445
38258 445
38259 445
38260 445
38261 445
38262 445
38263 445
38264 445
38265 445
38266 445
38267 445
38268 445
38269 445
38270 445
38271 445
38272 445
38273 445
38274 445
38275 445
38276 445
38277 445
38278 445
38279 445
38280 445
38281 445
38282 445
38283 445
38284 445
38285 445
38286 445
38287 445
38288 445
38289 445
38290 445
38291 445
38292 445
38293 445
38294 445
38295 445
38296 445
38297 445
38298 445
38299 445
38300 445
38301 445
38302 445
38303 445
38304 445
38305 445
38306 445
38307 445
38308 445
38309 445
38310 445
38311 445
38312 445
38313 445
38314 445
38315 445
38316 445
38317 445
38318 445
38319 445
38320 445
38321 445
38322 445
38323 445
38324 445
38325 445
38326 445
38327 445
38328 445
38329 445
38330 446
38331 446
38332 446
38333 446
38334 446
38335 446
38336 446
38337 446
38338 446
38339 446
38340 446
38341 446
38342 446
38343 446
38344 446
38345 446
38346 446
38347 446
38348 446
38349 446
38350 446
38351 446
38352 446
38353 446
38354 446
38355 446
38356 446
38357 446
38358 446
38359 446
38360 446
38361 446
38362 446
38363 446
38364 446
38365 446
38366 446
38367 446
38368 446
38369 446
38370 446
38371 446
38372 446
38373 446
38374 446
38375 446
38376 446
38377 446
38378 446
38379 446
38380 446
38381 446
38382 446
38383 446
38384 446
38385 446
38386 446
38387 446
38388 446
38389 446
38390 446
38391 446
38392 446
38393 446
38394 446
38395 446
38396 446
38397 446
38398 446
38399 446
38400 446
38401 446
38402 446
38403 446
38404 446
38405 446
38406 446
38407 446
38408 446
38409 446
38410 446
38411 446
38412 446
38413 446
38414 446
38415 446
38416 447
38417 447
38418 447
38419 447
38420 447
38421 447
38422 447
38423 447
38424 447
38425 447
38426 447
38427 447
38428 447
38429 447
38430 447
38431 447
38432 447
38433 447
38434 447
38435 447
38436 447
38437 447
38438 447
38439 447
38440 447
38441 447
38442 447
38443 447
38444 447
38445 447
38446 447
38447 447
38448 447
38449 447
38450 447
38451 447
38452 447
38453 447
38454 447
38455 447
38456 447
38457 447
38458 447
38459 447
38460 447
38461 447
38462 447
38463 447
38464 447
38465 447
38466 447
38467 447
38468 447
38469 447
38470 447
38471 447
38472 447
38473 447
38474 447
38475 447
38476 447
38477 447
38478 447
38479 447
38480 447
38481 447
38482 447
38483 447
38484 447
38485 447
38486 447
38487 447
38488 447
38489 447
38490 447
38491 447
38492 447
38493 447
38494 447
38495 447
38496 447
38497 447
38498 447
38499 447
38500 447
38501 447
38502 447
38503 447
38504 447
38505 447
38506 447
38507 447
38508 447
38509 447
38510 447
38511 447
38512 447
38513 447
38514 447
38515 447
38516 447
38517 447
38518 447
38519 447
38520 447
38521 447
38522 447
38523 447
38524 447
38525 447
38526 447
38527 447
38528 447
38529 447
38530 447
38531 447
38532 447
38533 448
38534 448
38535 448
38536 448
38537 448
38538 448
38539 448
38540 448
38541 448
38542 448
38543 448
38544 448
38545 448
38546 448
38547 448
38548 448
38549 448
38550 448
38551 448
38552 448
38553 448
38554 448
38555 448
38556 448
38557 448
38558 448
38559 448
38560 448
38561 448
38562 448
38563 448
38564 448
38565 448
38566 448
38567 448
38568 448
38569 448
38570 448
38571 448
38572 448
38573 448
38574 448
38575 448
38576 448
38577 448
38578 448
38579 448
38580 448
38581 448
38582 448
38583 448
38584 448
38585 448
38586 448
38587 448
38588 448
38589 448
38590 448
38591 448
38592 448
38593 448
38594 448
38595 448
38596 448
38597 448
38598 448
38599 448
38600 448
38601 448
38602 448
38603 448
38604 448
38605 448
38606 448
38607 448
38608 448
38609 448
38610 448
38611 448
38612 448
38613 448
38614 448
38615 448
38616 448
38617 448
38618 448
38619 448
38620 448
38621 448
38622 448
38623 448
38624 448
38625 448
38626 448
38627 448
38628 448
38629 448
38630 448
38631 448
38632 448
38633 448
38634 448
38635 448
38636 448
38637 448
38638 448
38639 448
38640 448
38641 448
38642 448
38643 448
38644 448
38645 448
38646 448
38647 448
38648 448
38649 448
38650 448
38651 448
38652 448
38653 448
38654 448
38655 448
38656 448
38657 448
38658 448
38659 448
38660 448
38661 448
38662 448
38663 448
38664 448
38665 448
38666 448
38667 448
38668 448
38669 448
38670 448
38671 448
38672 450
38673 450
38674 450
38675 450
38676 450
38677 450
38678 450
38679 450
38680 450
38681 450
38682 450
38683 450
38684 450
38685 450
38686 450
38687 450
38688 450
38689 450
38690 450
38691 450
38692 450
38693 450
38694 450
38695 450
38696 450
38697 450
38698 450
38699 450
38700 450
38701 450
38702 450
38703 450
38704 450
38705 450
38706 450
38707 450
38708 450
38709 450
38710 450
38711 450
38712 450
38713 450
38714 450
38715 450
38716 450
38717 450
38718 450
38719 450
38720 450
38721 450
38722 450
38723 450
38724 450
38725 450
38726 450
38727 450
38728 450
38729 450
38730 450
38731 450
38732 450
38733 450
38734 450
38735 450
38736 450
38737 450
38738 450
38739 450
38740 450
38741 450
38742 450
38743 450
38744 450
38745 450
38746 450
38747 450
38748 450
38749 450
38750 450
38751 450
38752 450
38753 450
38754 450
38755 450
38756 450
38757 450
38758 450
38759 450
38760 450
38761 450
38762 450
38763 450
38764 450
38765 450
38766 450
38767 450
38768 450
38769 450
38770 450
38771 450
38772 450
38773 450
38774 450
38775 450
38776 450
38777 450
38778 450
38779 450
38780 450
38781 450
38782 450
38783 450
38784 450
38785 450
38786 450
38787 450
38788 450
38789 451
38790 451
38791 451
38792 451
38793 451
38794 451
38795 451
38796 451
38797 451
38798 451
38799 451
38800 451
38801 451
38802 451
38803 451
38804 451
38805 451
38806 451
38807 451
38808 451
38809 451
38810 451
38811 451
38812 451
38813 451
38814 451
38815 451
38816 451
38817 451
38818 451
38819 451
38820 451
38821 451
38822 451
38823 451
38824 451
38825 451
38826 451
38827 451
38828 451
38829 451
38830 451
38831 451
38832 451
38833 451
38834 451
38835 451
38836 451
38837 451
38838 451
38839 451
38840 451
38841 451
38842 451
38843 451
38844 451
38845 451
38846 451
38847 451
38848 451
38849 451
38850 451
38851 451
38852 451
38853 451
38854 451
38855 451
38856 451
38857 451
38858 451
38859 451
38860 451
38861 451
38862 451
38863 451
38864 451
38865 451
38866 451
38867 451
38868 451
38869 451
38870 451
38871 451
38872 451
38873 451
38874 451
38875 451
38876 451
38877 451
38878 451
38879 451
38880 451
38881 451
38882 451
38883 451
38884 451
38885 451
38886 451
38887 451
38888 451
38889 451
38890 451
38891 451
38892 451
38893 451
38894 451
38895 451
38896 451
38897 451
38898 451
38899 451
38900 451
38901 451
38902 451
38903 451
38904 451
38905 451
38906 451
38907 451
38908 451
38909 451
38910 451
38911 451
38912 451
38913 451
38914 451
38915 451
38916 451
38917 451
38918 451
38919 451
38920 451
38921 451
38922 451
38923 451
38924 451
38925 451
38926 451
38927 451
38928 451
38929 451
38930 451
38931 451
38932 451
38933 451
38934 451
38935 451
38936 451
38937 451
38938 451
38939 451
38940 451
38941 451
38942 451
38943 451
38944 451
38945 451
38946 451
38947 451
38948 451
38949 451
38950 451
38951 451
38952 451
38953 451
38954 451
38955 451
38956 451
38957 451
38958 451
38959 451
38960 451
38961 451
38962 451
38963 451
38964 451
38965 451
38966 451
38967 451
38968 451
38969 451
38970 451
38971 451
38972 451
38973 451
38974 451
38975 451
38976 451
38977 451
38978 451
38979 451
38980 451
38981 451
38982 451
38983 451
38984 451
38985 451
38986 451
38987 451
38988 451
38989 451
38990 451
38991 451
38992 451
38993 451
38994 451
38995 451
38996 451
38997 451
38998 451
38999 451
39000 451
39001 451
39002 451
39003 451
39004 451
39005 451
39006 451
39007 451
39008 451
39009 451
39010 451
39011 451
39012 451
39013 451
39014 451
39015 451
39016 451
39017 451
39018 451
39019 451
39020 451
39021 451
39022 451
39023 451
39024 451
39025 451
39026 451
39027 451
39028 451
39029 451
39030 451
39031 451
39032 451
39033 451
39034 451
39035 451
39036 451
39037 451
39038 451
39039 451
39040 451
39041 451
39042 452
39043 452
39044 452
39045 452
39046 452
39047 452
39048 452
39049 452
39050 452
39051 452
39052 452
39053 452
39054 452
39055 452
39056 452
39057 452
39058 452
39059 452
39060 452
39061 452
39062 452
39063 452
39064 452
39065 452
39066 452
39067 452
39068 452
39069 452
39070 452
39071 452
39072 452
39073 452
39074 452
39075 452
39076 452
39077 452
39078 452
39079 452
39080 452
39081 452
39082 452
39083 452
39084 452
39085 452
39086 452
39087 452
39088 452
39089 452
39090 452
39091 452
39092 452
39093 452
39094 452
39095 452
39096 452
39097 452
39098 452
39099 452
39100 452
39101 452
39102 452
39103 452
39104 452
39105 452
39106 452
39107 452
39108 452
39109 452
39110 452
39111 452
39112 452
39113 452
39114 452
39115 452
39116 452
39117 452
39118 452
39119 452
39120 452
39121 452
39122 452
39123 452
39124 452
39125 452
39126 452
39127 452
39128 452
39129 452
39130 452
39131 452
39132 452
39133 452
39134 452
39135 452
39136 452
39137 452
39138 452
39139 452
39140 452
39141 452
39142 452
39143 452
39144 452
39145 452
39146 452
39147 452
39148 452
39149 452
39150 452
39151 452
39152 452
39153 452
39154 452
39155 452
39156 452
39157 452
39158 452
39159 452
39160 452
39161 452
39162 452
39163 452
39164 452
39165 452
39166 452
39167 452
39168 452
39169 452
39170 452
39171 452
39172 452
39173 452
39174 452
39175 452
39176 452
39177 452
39178 452
39179 452
39180 452
39181 452
39182 452
39183 452
39184 452
39185 452
39186 452
39187 452
39188 452
39189 452
39190 452
39191 452
39192 452
39193 452
39194 452
39195 452
39196 452
39197 452
39198 452
39199 452
39200 452
39201 453
39202 453
39203 453
39204 453
39205 453
39206 453
39207 453
39208 453
39209 453
39210 453
39211 453
39212 453
39213 453
39214 453
39215 453
39216 453
39217 453
39218 453
39219 453
39220 453
39221 453
39222 453
39223 453
39224 453
39225 453
39226 453
39227 453
39228 453
39229 453
39230 453
39231 453
39232 453
39233 453
39234 453
39235 453
39236 453
39237 453
39238 453
39239 453
39240 453
39241 453
39242 453
39243 453
39244 453
39245 453
39246 453
39247 453
39248 453
39249 453
39250 453
39251 453
39252 453
39253 453
39254 453
39255 453
39256 453
39257 453
39258 453
39259 453
39260 453
39261 453
39262 453
39263 453
39264 453
39265 453
39266 453
39267 453
39268 453
39269 453
39270 453
39271 453
39272 453
39273 453
39274 453
39275 453
39276 453
39277 453
39278 453
39279 453
39280 453
39281 453
39282 453
39283 453
39284 453
39285 453
39286 453
39287 453
39288 453
39289 453
39290 453
39291 453
39292 453
39293 453
39294 453
39295 453
39296 453
39297 453
39298 453
39299 453
39300 453
39301 453
39302 453
39303 453
39304 453
39305 453
39306 453
39307 453
39308 453
39309 453
39310 453
39311 453
39312 453
39313 453
39314 453
39315 453
39316 453
39317 453
39318 453
39319 453
39320 453
39321 454
39322 454
39323 454
39324 454
39325 454
39326 454
39327 454
39328 454
39329 454
39330 454
39331 454
39332 454
39333 454
39334 454
39335 454
39336 454
39337 454
39338 454
39339 454
39340 454
39341 454
39342 454
39343 454
39344 454
39345 454
39346 454
39347 454
39348 454
39349 454
39350 454
39351 454
39352 454
39353 454
39354 454
39355 454
39356 454
39357 454
39358 454
39359 454
39360 454
39361 454
39362 454
39363 454
39364 454
39365 454
39366 454
39367 454
39368 454
39369 454
39370 454
39371 454
39372 454
39373 454
39374 454
39375 454
39376 454
39377 454
39378 454
39379 454
39380 454
39381 454
39382 454
39383 454
39384 454
39385 454
39386 454
39387 454
39388 454
39389 454
39390 454
39391 454
39392 454
39393 454
39394 454
39395 454
39396 454
39397 454
39398 454
39399 454
39400 454
39401 454
39402 454
39403 454
39404 454
39405 454
39406 454
39407 454
39408 454
39409 454
39410 454
39411 454
39412 454
39413 454
39414 454
39415 454
39416 454
39417 454
39418 454
39419 454
39420 454
39421 454
39422 454
39423 454
39424 454
39425 454
39426 454
39427 454
39428 454
39429 454
39430 454
39431 454
39432 454
39433 454
39434 454
39435 454
39436 454
39437 454
39438 454
39439 454
39440 454
39441 454
39442 454
39443 454
39444 454
39445 454
39446 454
39447 454
39448 454
39449 454
39450 454
39451 454
39452 454
39453 454
39454 454
39455 454
39456 454
39457 454
39458 454
39459 454
39460 454
39461 455
39462 455
39463 455
39464 455
39465 455
39466 455
39467 455
39468 455
39469 455
39470 455
39471 455
39472 455
39473 455
39474 455
39475 455
39476 455
39477 455
39478 455
39479 455
39480 455
39481 455
39482 455
39483 455
39484 455
39485 455
39486 455
39487 455
39488 455
39489 455
39490 455
39491 455
39492 455
39493 455
39494 455
39495 455
39496 455
39497 455
39498 455
39499 455
39500 455
39501 455
39502 455
39503 455
39504 455
39505 455
39506 455
39507 455
39508 455
39509 455
39510 455
39511 455
39512 455
39513 455
39514 455
39515 455
39516 455
39517 455
39518 455
39519 455
39520 455
39521 455
39522 455
39523 455
39524 455
39525 455
39526 455
39527 455
39528 455
39529 455
39530 455
39531 455
39532 455
39533 455
39534 455
39535 455
39536 455
39537 455
39538 455
39539 455
39540 455
39541 455
39542 455
39543 455
39544 455
39545 455
39546 455
39547 455
39548 455
39549 455
39550 455
39551 455
39552 455
39553 455
39554 455
39555 455
39556 455
39557 455
39558 455
39559 455
39560 455
39561 455
39562 455
39563 455
39564 455
39565 455
39566 455
39567 455
39568 455
39569 455
39570 455
39571 455
39572 455
39573 455
39574 455
39575 455
39576 455
39577 455
39578 455
39579 455
39580 455
39581 455
39582 455
39583 455
39584 455
39585 455
39586 455
39587 455
39588 455
39589 456
39590 456
39591 456
39592 456
39593 456
39594 456
39595 456
39596 456
39597 456
39598 456
39599 456
39600 456
39601 456
39602 456
39603 456
39604 456
39605 456
39606 456
39607 456
39608 456
39609 456
39610 456
39611 456
39612 456
39613 456
39614 456
39615 456
39616 456
39617 456
39618 456
39619 456
39620 456
39621 456
39622 456
39623 456
39624 456
39625 456
39626 456
39627 456
39628 456
39629 456
39630 456
39631 456
39632 456
39633 456
39634 456
39635 456
39636 456
39637 456
39638 456
39639 456
39640 456
39641 456
39642 456
39643 456
39644 456
39645 456
39646 456
39647 456
39648 456
39649 456
39650 456
39651 456
39652 456
39653 456
39654 456
39655 456
39656 456
39657 456
39658 456
39659 456
39660 456
39661 456
39662 456
39663 456
39664 456
39665 456
39666 456
39667 456
39668 456
39669 456
39670 456
39671 456
39672 456
39673 456
39674 456
39675 456
39676 456
39677 456
39678 456
39679 456
39680 456
39681 456
39682 456
39683 456
39684 456
39685 456
39686 456
39687 456
39688 456
39689 456
39690 456
39691 456
39692 456
39693 456
39694 456
39695 456
39696 456
39697 456
39698 456
39699 456
39700 456
39701 456
39702 456
39703 456
39704 456
39705 456
39706 456
39707 456
39708 456
39709 456
39710 456
39711 456
39712 456
39713 456
39714 456
39715 456
39716 456
39717 456
39718 456
39719 457
39720 457
39721 457
39722 457
39723 457
39724 457
39725 457
39726 457
39727 457
39728 457
39729 457
39730 457
39731 457
39732 457
39733 457
39734 457
39735 457
39736 457
39737 457
39738 457
39739 457
39740 457
39741 457
39742 457
39743 457
39744 457
39745 457
39746 457
39747 457
39748 457
39749 457
39750 457
39751 457
39752 457
39753 457
39754 457
39755 457
39756 457
39757 457
39758 457
39759 457
39760 457
39761 457
39762 457
39763 457
39764 457
39765 457
39766 457
39767 457
39768 457
39769 457
39770 457
39771 457
39772 457
39773 457
39774 457
39775 457
39776 457
39777 457
39778 457
39779 457
39780 457
39781 457
39782 457
39783 457
39784 457
39785 457
39786 457
39787 457
39788 457
39789 457
39790 457
39791 457
39792 457
39793 457
39794 457
39795 457
39796 457
39797 457
39798 457
39799 457
39800 457
39801 457
39802 457
39803 457
39804 457
39805 457
39806 457
39807 457
39808 457
39809 457
39810 457
39811 457
39812 457
39813 457
39814 457
39815 457
39816 457
39817 457
39818 457
39819 457
39820 457
39821 457
39822 457
39823 457
39824 457
39825 457
39826 457
39827 457
39828 457
39829 457
39830 457
39831 457
39832 457
39833 457
39834 457
39835 457
39836 457
39837 457
39838 457
39839 457
39840 457
39841 458
39842 458
39843 458
39844 458
39845 458
39846 458
39847 458
39848 458
39849 458
39850 458
39851 458
39852 458
39853 458
39854 458
39855 458
39856 458
39857 458
39858 458
39859 458
39860 458
39861 458
39862 458
39863 458
39864 458
39865 458
39866 458
39867 458
39868 458
39869 458
39870 458
39871 458
39872 458
39873 458
39874 458
39875 458
39876 458
39877 458
39878 458
39879 458
39880 458
39881 458
39882 458
39883 458
39884 458
39885 458
39886 458
39887 458
39888 458
39889 458
39890 458
39891 458
39892 458
39893 458
39894 458
39895 458
39896 458
39897 458
39898 458
39899 458
39900 458
39901 458
39902 458
39903 458
39904 458
39905 458
39906 458
39907 458
39908 458
39909 458
39910 458
39911 458
39912 458
39913 458
39914 458
39915 458
39916 458
39917 458
39918 458
39919 458
39920 458
39921 458
39922 458
39923 458
39924 458
39925 458
39926 458
39927 458
39928 458
39929 458
39930 458
39931 458
39932 458
39933 458
39934 458
39935 458
39936 458
39937 458
39938 458
39939 458
39940 458
39941 458
39942 458
39943 458
39944 458
39945 458
39946 458
39947 458
39948 458
39949 458
39950 458
39951 458
39952 458
39953 458
39954 458
39955 458
39956 458
39957 458
39958 458
39959 458
39960 458
39961 458
39962 458
39963 458
39964 458
39965 458
39966 458
39967 458
39968 458
39969 458
39970 458
39971 458
39972 458
39973 458
39974 458
39975 458
39976 458
39977 458
39978 458
39979 458
39980 458
39981 458
39982 458
39983 458
39984 458
39985 458
39986 458
39987 459
39988 459
39989 459
39990 459
39991 459
39992 459
39993 459
39994 459
39995 459
39996 459
39997 459
39998 459
39999 459
40000 459
40001 459
40002 459
40003 459
40004 459
40005 459
40006 459
40007 459
40008 459
40009 459
40010 459
40011 459
40012 459
40013 459
40014 459
40015 459
40016 459
40017 459
40018 459
40019 459
40020 459
40021 459
40022 459
40023 459
40024 459
40025 459
40026 459
40027 459
40028 459
40029 459
40030 459
40031 459
40032 459
40033 459
40034 459
40035 459
40036 459
40037 459
40038 459
40039 459
40040 459
40041 459
40042 459
40043 459
40044 459
40045 459
40046 459
40047 459
40048 459
40049 459
40050 459
40051 459
40052 459
40053 459
40054 459
40055 459
40056 459
40057 459
40058 459
40059 459
40060 459
40061 459
40062 459
40063 459
40064 459
40065 459
40066 459
40067 459
40068 459
40069 459
40070 459
40071 459
40072 459
40073 459
40074 459
40075 459
40076 459
40077 459
40078 459
40079 459
40080 459
40081 459
40082 459
40083 459
40084 459
40085 459
40086 459
40087 459
40088 459
40089 459
40090 459
40091 459
40092 459
40093 459
40094 459
40095 459
40096 459
40097 459
40098 459
40099 459
40100 459
40101 459
40102 459
40103 459
40104 459
40105 459
40106 459
40107 459
40108 459
40109 459
40110 459
40111 459
40112 459
40113 459
40114 459
40115 459
40116 459
40117 459
40118 459
40119 459
40120 459
40121 459
40122 459
40123 459
40124 459
40125 459
40126 459
40127 459
40128 459
40129 459
40130 459
40131 459
40132 459
40133 459
40134 459
40135 459
40136 459
40137 460
40138 460
40139 460
40140 460
40141 460
40142 460
40143 460
40144 460
40145 460
40146 460
40147 460
40148 460
40149 460
40150 460
40151 460
40152 460
40153 460
40154 460
40155 460
40156 460
40157 460
40158 460
40159 460
40160 460
40161 460
40162 460
40163 460
40164 460
40165 460
40166 460
40167 460
40168 460
40169 460
40170 460
40171 460
40172 460
40173 460
40174 460
40175 460
40176 460
40177 460
40178 460
40179 460
40180 460
40181 460
40182 460
40183 460
40184 460
40185 460
40186 460
40187 460
40188 460
40189 460
40190 460
40191 460
40192 460
40193 460
40194 460
40195 460
40196 460
40197 460
40198 460
40199 460
40200 460
40201 460
40202 460
40203 460
40204 460
40205 460
40206 460
40207 460
40208 460
40209 460
40210 460
40211 460
40212 460
40213 460
40214 460
40215 460
40216 460
40217 460
40218 460
40219 460
40220 460
40221 460
40222 460
40223 460
40224 460
40225 460
40226 460
40227 460
40228 460
40229 460
40230 460
40231 460
40232 460
40233 460
40234 460
40235 460
40236 460
40237 460
40238 460
40239 460
40240 460
40241 460
40242 460
40243 460
40244 460
40245 460
40246 460
40247 460
40248 460
40249 460
40250 460
40251 460
40252 460
40253 460
40254 460
40255 460
40256 460
40257 460
40258 460
40259 460
40260 460
40261 460
40262 460
40263 460
40264 460
40265 460
40266 460
40267 460
40268 460
40269 460
40270 460
40271 460
40272 460
40273 460
40274 460
40275 460
40276 460
40277 460
40278 460
40279 460
40280 460
40281 460
40282 460
40283 460
40284 460
40285 460
40286 460
40287 461
40288 461
40289 461
40290 461
40291 461
40292 461
40293 461
40294 461
40295 461
40296 461
40297 461
40298 461
40299 461
40300 461
40301 461
40302 461
40303 461
40304 461
40305 461
40306 461
40307 461
40308 461
40309 461
40310 461
40311 461
40312 461
40313 461
40314 461
40315 461
40316 461
40317 461
40318 461
40319 461
40320 461
40321 461
40322 461
40323 461
40324 461
40325 461
40326 461
40327 461
40328 461
40329 461
40330 461
40331 461
40332 461
40333 461
40334 461
40335 461
40336 461
40337 461
40338 461
40339 461
40340 461
40341 461
40342 461
40343 461
40344 461
40345 461
40346 461
40347 461
40348 461
40349 461
40350 461
40351 461
40352 461
40353 461
40354 461
40355 461
40356 461
40357 461
40358 461
40359 461
40360 461
40361 461
40362 461
40363 461
40364 461
40365 461
40366 461
40367 461
40368 461
40369 461
40370 461
40371 461
40372 461
40373 461
40374 461
40375 461
40376 461
40377 461
40378 461
40379 461
40380 461
40381 461
40382 461
40383 461
40384 461
40385 461
40386 461
40387 461
40388 461
40389 461
40390 461
40391 461
40392 461
40393 461
40394 461
40395 461
40396 461
40397 461
40398 461
40399 461
40400 461
40401 461
40402 461
40403 461
40404 461
40405 461
40406 461
40407 461
40408 461
40409 461
40410 461
40411 461
40412 461
40413 461
40414 461
40415 461
40416 461
40417 461
40418 461
40419 461
40420 461
40421 461
40422 461
40423 461
40424 461
40425 461
40426 461
40427 461
40428 461
40429 461
40430 461
40431 461
40432 461
40433 461
40434 461
40435 461
40436 462
40437 462
40438 462
40439 462
40440 462
40441 462
40442 462
40443 462
40444 462
40445 462
40446 462
40447 462
40448 462
40449 462
40450 462
40451 462
40452 462
40453 462
40454 462
40455 462
40456 462
40457 462
40458 462
40459 462
40460 462
40461 462
40462 462
40463 462
40464 462
40465 462
40466 462
40467 462
40468 462
40469 462
40470 462
40471 462
40472 462
40473 462
40474 462
40475 462
40476 462
40477 462
40478 462
40479 462
40480 462
40481 462
40482 462
40483 462
40484 462
40485 462
40486 462
40487 462
40488 462
40489 462
40490 462
40491 462
40492 462
40493 462
40494 462
40495 462
40496 462
40497 462
40498 462
40499 462
40500 462
40501 462
40502 462
40503 462
40504 463
40505 463
40506 463
40507 463
40508 463
40509 463
40510 463
40511 463
40512 463
40513 463
40514 463
40515 463
40516 463
40517 463
40518 463
40519 463
40520 463
40521 463
40522 463
40523 463
40524 463
40525 463
40526 463
40527 463
40528 463
40529 463
40530 463
40531 463
40532 463
40533 463
40534 463
40535 463
40536 463
40537 463
40538 463
40539 463
40540 463
40541 463
40542 463
40543 463
40544 463
40545 463
40546 463
40547 463
40548 463
40549 463
40550 463
40551 463
40552 463
40553 463
40554 463
40555 463
40556 463
40557 463
40558 463
40559 463
40560 463
40561 463
40562 463
40563 463
40564 463
40565 463
40566 463
40567 463
40568 463
40569 463
40570 463
40571 463
40572 463
40573 463
40574 463
40575 463
40576 463
40577 463
40578 463
40579 463
40580 463
40581 463
40582 463
40583 463
40584 463
40585 463
40586 463
40587 463
40588 463
40589 463
40590 463
40591 463
40592 463
40593 463
40594 463
40595 463
40596 463
40597 463
40598 463
40599 463
40600 463
40601 463
40602 463
40603 463
40604 463
40605 463
40606 463
40607 463
40608 463
40609 463
40610 463
40611 464
40612 464
40613 464
40614 464
40615 464
40616 464
40617 464
40618 464
40619 464
40620 464
40621 464
40622 464
40623 464
40624 464
40625 464
40626 464
40627 464
40628 464
40629 464
40630 464
40631 464
40632 464
40633 464
40634 464
40635 464
40636 464
40637 464
40638 464
40639 464
40640 464
40641 464
40642 464
40643 464
40644 464
40645 464
40646 464
40647 464
40648 464
40649 464
40650 464
40651 464
40652 464
40653 464
40654 464
40655 464
40656 464
40657 464
40658 464
40659 464
40660 464
40661 464
40662 464
40663 464
40664 464
40665 464
40666 464
40667 464
40668 464
40669 464
40670 464
40671 464
40672 464
40673 464
40674 464
40675 464
40676 464
40677 464
40678 464
40679 464
40680 464
40681 464
40682 464
40683 464
40684 464
40685 464
40686 464
40687 464
40688 464
40689 464
40690 464
40691 464
40692 464
40693 464
40694 464
40695 464
40696 464
40697 464
40698 464
40699 464
40700 464
40701 464
40702 464
40703 464
40704 464
40705 464
40706 464
40707 464
40708 464
40709 464
40710 464
40711 464
40712 464
40713 464
40714 464
40715 464
40716 464
40717 464
40718 464
40719 464
40720 464
40721 464
40722 464
40723 464
40724 464
40725 464
40726 465
40727 465
40728 465
40729 465
40730 465
40731 465
40732 465
40733 465
40734 465
40735 465
40736 465
40737 465
40738 465
40739 465
40740 465
40741 465
40742 465
40743 465
40744 465
40745 465
40746 465
40747 465
40748 465
40749 465
40750 465
40751 465
40752 465
40753 465
40754 465
40755 465
40756 465
40757 465
40758 465
40759 465
40760 465
40761 465
40762 465
40763 465
40764 465
40765 465
40766 465
40767 465
40768 465
40769 465
40770 465
40771 465
40772 465
40773 465
40774 465
40775 465
40776 465
40777 465
40778 465
40779 465
40780 465
40781 465
40782 465
40783 465
40784 465
40785 465
40786 465
40787 465
40788 465
40789 465
40790 465
40791 465
40792 465
40793 465
40794 465
40795 465
40796 465
40797 465
40798 465
40799 465
40800 465
40801 465
40802 465
40803 465
40804 465
40805 465
40806 465
40807 465
40808 465
40809 465
40810 465
40811 465
40812 465
40813 465
40814 465
40815 465
40816 465
40817 465
40818 465
40819 465
40820 465
40821 465
40822 465
40823 465
40824 465
40825 465
40826 465
40827 465
40828 465
40829 465
40830 465
40831 465
40832 465
40833 465
40834 465
40835 465
40836 465
40837 465
40838 465
40839 465
40840 465
40841 465
40842 465
40843 465
40844 465
40845 465
40846 465
40847 465
40848 465
40849 465
40850 466
40851 466
40852 466
40853 466
40854 466
40855 466
40856 466
40857 466
40858 466
40859 466
40860 466
40861 466
40862 466
40863 466
40864 466
40865 466
40866 466
40867 466
40868 466
40869 466
40870 466
40871 466
40872 466
40873 466
40874 466
40875 466
40876 466
40877 466
40878 466
40879 466
40880 466
40881 466
40882 466
40883 466
40884 466
40885 466
40886 466
40887 466
40888 466
40889 466
40890 466
40891 466
40892 466
40893 466
40894 466
40895 466
40896 466
40897 466
40898 466
40899 466
40900 466
40901 466
40902 466
40903 466
40904 466
40905 466
40906 466
40907 466
40908 466
40909 466
40910 466
40911 466
40912 466
40913 466
40914 466
40915 466
40916 466
40917 466
40918 466
40919 466
40920 466
40921 466
40922 466
40923 466
40924 466
40925 466
40926 466
40927 466
40928 466
40929 466
40930 466
40931 466
40932 466
40933 466
40934 466
40935 466
40936 466
40937 466
40938 466
40939 466
40940 466
40941 466
40942 466
40943 466
40944 466
40945 466
40946 466
40947 466
40948 466
40949 466
40950 466
40951 466
40952 466
40953 466
40954 466
40955 466
40956 466
40957 466
40958 466
40959 466
40960 466
40961 466
40962 466
40963 466
40964 466
40965 466
40966 466
40967 466
40968 466
40969 466
40970 466
40971 466
40972 466
40973 466
40974 466
40975 466
40976 466
40977 466
40978 466
40979 466
40980 466
40981 466
40982 466
40983 466
40984 466
40985 466
40986 466
40987 466
40988 466
40989 466
40990 466
40991 466
40992 466
40993 467
40994 467
40995 467
40996 467
40997 467
40998 467
40999 467
41000 467
41001 467
41002 467
41003 467
41004 467
41005 467
41006 467
41007 467
41008 467
41009 467
41010 467
41011 467
41012 467
41013 467
41014 467
41015 467
41016 467
41017 467
41018 467
41019 467
41020 467
41021 467
41022 467
41023 467
41024 467
41025 467
41026 467
41027 467
41028 467
41029 467
41030 467
41031 467
41032 467
41033 467
41034 467
41035 467
41036 467
41037 467
41038 467
41039 467
41040 467
41041 467
41042 467
41043 467
41044 467
41045 467
41046 467
41047 467
41048 467
41049 467
41050 467
41051 467
41052 467
41053 467
41054 467
41055 467
41056 467
41057 467
41058 467
41059 467
41060 467
41061 467
41062 467
41063 467
41064 467
41065 467
41066 467
41067 467
41068 467
41069 467
41070 467
41071 467
41072 467
41073 467
41074 467
41075 467
41076 467
41077 467
41078 467
41079 467
41080 467
41081 467
41082 467
41083 467
41084 467
41085 467
41086 467
41087 467
41088 467
41089 467
41090 467
41091 467
41092 467
41093 467
41094 467
41095 467
41096 467
41097 467
41098 467
41099 467
41100 467
41101 467
41102 467
41103 467
41104 467
41105 467
41106 467
41107 467
41108 467
41109 467
41110 467
41111 467
41112 467
41113 467
41114 467
41115 467
41116 467
41117 467
41118 468
41119 468
41120 468
41121 468
41122 468
41123 468
41124 468
41125 468
41126 468
41127 468
41128 468
41129 468
41130 468
41131 468
41132 468
41133 468
41134 468
41135 468
41136 468
41137 468
41138 468
41139 468
41140 468
41141 468
41142 468
41143 468
41144 468
41145 468
41146 468
41147 468
41148 468
41149 468
41150 468
41151 468
41152 468
41153 468
41154 468
41155 468
41156 468
41157 468
41158 468
41159 468
41160 468
41161 468
41162 468
41163 468
41164 468
41165 468
41166 468
41167 468
41168 468
41169 468
41170 468
41171 468
41172 468
41173 468
41174 468
41175 468
41176 468
41177 468
41178 468
41179 468
41180 468
41181 468
41182 468
41183 468
41184 468
41185 468
41186 468
41187 468
41188 468
41189 468
41190 468
41191 468
41192 468
41193 468
41194 468
41195 468
41196 468
41197 468
41198 468
41199 468
41200 468
41201 468
41202 468
41203 468
41204 468
41205 468
41206 468
41207 468
41208 468
41209 468
41210 468
41211 468
41212 468
41213 468
41214 468
41215 468
41216 468
41217 468
41218 468
41219 468
41220 468
41221 468
41222 468
41223 468
41224 468
41225 468
41226 468
41227 468
41228 468
41229 468
41230 468
41231 468
41232 468
41233 469
41234 469
41235 469
41236 469
41237 469
41238 469
41239 469
41240 469
41241 469
41242 469
41243 469
41244 469
41245 469
41246 469
41247 469
41248 469
41249 469
41250 469
41251 469
41252 469
41253 469
41254 469
41255 469
41256 469
41257 469
41258 469
41259 469
41260 469
41261 469
41262 469
41263 469
41264 469
41265 469
41266 469
41267 469
41268 469
41269 469
41270 469
41271 469
41272 469
41273 469
41274 469
41275 469
41276 469
41277 469
41278 469
41279 469
41280 469
41281 469
41282 469
41283 469
41284 469
41285 469
41286 469
41287 469
41288 469
41289 469
41290 469
41291 469
41292 469
41293 469
41294 469
41295 469
41296 469
41297 469
41298 469
41299 469
41300 469
41301 469
41302 469
41303 469
41304 469
41305 469
41306 469
41307 469
41308 469
41309 469
41310 469
41311 469
41312 469
41313 469
41314 469
41315 469
41316 469
41317 469
41318 469
41319 469
41320 469
41321 469
41322 469
41323 469
41324 469
41325 469
41326 469
41327 469
41328 469
41329 469
41330 469
41331 469
41332 469
41333 469
41334 469
41335 469
41336 469
41337 469
41338 469
41339 469
41340 469
41341 469
41342 469
41343 469
41344 469
41345 469
41346 469
41347 469
41348 469
41349 469
41350 469
41351 469
41352 469
41353 469
41354 469
41355 469
41356 469
41357 469
41358 469
41359 469
41360 469
41361 469
41362 469
41363 469
41364 470
41365 470
41366 470
41367 470
41368 470
41369 470
41370 470
41371 470
41372 470
41373 470
41374 470
41375 470
41376 470
41377 470
41378 470
41379 470
41380 470
41381 470
41382 470
41383 470
41384 470
41385 470
41386 470
41387 470
41388 470
41389 470
41390 470
41391 470
41392 470
41393 470
41394 470
41395 470
41396 470
41397 470
41398 470
41399 470
41400 470
41401 470
41402 470
41403 470
41404 470
41405 470
41406 470
41407 470
41408 470
41409 470
41410 470
41411 470
41412 470
41413 470
41414 470
41415 470
41416 470
41417 470
41418 470
41419 470
41420 470
41421 470
41422 470
41423 470
41424 470
41425 470
41426 470
41427 470
41428 470
41429 470
41430 470
41431 470
41432 470
41433 470
41434 470
41435 470
41436 470
41437 470
41438 470
41439 470
41440 470
41441 470
41442 470
41443 470
41444 470
41445 470
41446 470
41447 470
41448 470
41449 470
41450 470
41451 470
41452 470
41453 470
41454 470
41455 470
41456 470
41457 470
41458 470
41459 470
41460 470
41461 470
41462 470
41463 470
41464 470
41465 471
41466 471
41467 471
41468 471
41469 471
41470 471
41471 471
41472 471
41473 471
41474 471
41475 471
41476 471
41477 471
41478 471
41479 471
41480 471
41481 471
41482 471
41483 471
41484 471
41485 471
41486 471
41487 471
41488 471
41489 471
41490 471
41491 471
41492 471
41493 471
41494 471
41495 471
41496 471
41497 471
41498 471
41499 471
41500 471
41501 471
41502 471
41503 471
41504 471
41505 471
41506 471
41507 471
41508 471
41509 471
41510 471
41511 471
41512 471
41513 471
41514 471
41515 471
41516 471
41517 471
41518 471
41519 471
41520 471
41521 471
41522 471
41523 471
41524 471
41525 471
41526 471
41527 471
41528 471
41529 471
41530 471
41531 471
41532 471
41533 471
41534 471
41535 471
41536 471
41537 471
41538 471
41539 471
41540 471
41541 471
41542 471
41543 471
41544 471
41545 471
41546 471
41547 471
41548 471
41549 471
41550 471
41551 471
41552 471
41553 471
41554 471
41555 471
41556 471
41557 471
41558 471
41559 471
41560 471
41561 471
41562 471
41563 471
41564 471
41565 471
41566 471
41567 471
41568 471
41569 471
41570 471
41571 471
41572 471
41573 471
41574 471
41575 471
41576 471
41577 471
41578 471
41579 471
41580 471
41581 471
41582 471
41583 471
41584 471
41585 471
41586 471
41587 471
41588 472
41589 472
41590 472
41591 472
41592 472
41593 472
41594 472
41595 472
41596 472
41597 472
41598 472
41599 472
41600 472
41601 472
41602 472
41603 472
41604 472
41605 472
41606 472
41607 472
41608 472
41609 472
41610 472
41611 472
41612 472
41613 472
41614 472
41615 472
41616 472
41617 472
41618 472
41619 472
41620 472
41621 472
41622 472
41623 472
41624 472
41625 472
41626 472
41627 472
41628 472
41629 472
41630 472
41631 472
41632 472
41633 472
41634 472
41635 472
41636 472
41637 472
41638 472
41639 472
41640 472
41641 472
41642 472
41643 472
41644 472
41645 472
41646 472
41647 472
41648 472
41649 472
41650 472
41651 472
41652 472
41653 472
41654 472
41655 472
41656 472
41657 472
41658 472
41659 472
41660 472
41661 472
41662 472
41663 472
41664 472
41665 472
41666 472
41667 472
41668 472
41669 472
41670 472
41671 472
41672 472
41673 472
41674 472
41675 472
41676 472
41677 472
41678 472
41679 472
41680 472
41681 472
41682 472
41683 472
41684 472
41685 472
41686 472
41687 472
41688 472
41689 472
41690 472
41691 472
41692 472
41693 472
41694 472
41695 472
41696 472
41697 472
41698 472
41699 472
41700 472
41701 472
41702 472
41703 472
41704 472
41705 473
41706 473
41707 473
41708 473
41709 473
41710 473
41711 473
41712 473
41713 473
41714 473
41715 473
41716 473
41717 473
41718 473
41719 473
41720 473
41721 473
41722 473
41723 473
41724 473
41725 473
41726 473
41727 473
41728 473
41729 473
41730 473
41731 473
41732 473
41733 473
41734 473
41735 473
41736 473
41737 473
41738 473
41739 473
41740 473
41741 473
41742 473
41743 473
41744 473
41745 473
41746 473
41747 473
41748 473
41749 473
41750 473
41751 473
41752 473
41753 473
41754 473
41755 473
41756 473
41757 473
41758 473
41759 473
41760 473
41761 473
41762 473
41763 473
41764 473
41765 473
41766 473
41767 473
41768 473
41769 473
41770 473
41771 473
41772 473
41773 473
41774 473
41775 473
41776 473
41777 473
41778 473
41779 473
41780 473
41781 473
41782 473
41783 473
41784 473
41785 473
41786 473
41787 473
41788 473
41789 473
41790 473
41791 473
41792 473
41793 473
41794 473
41795 473
41796 473
41797 473
41798 473
41799 473
41800 473
41801 473
41802 473
41803 473
41804 473
41805 473
41806 473
41807 473
41808 473
41809 473
41810 473
41811 473
41812 473
41813 473
41814 473
41815 473
41816 473
41817 473
41818 473
41819 473
41820 473
41821 473
41822 473
41823 473
41824 473
41825 473
41826 473
41827 473
41828 473
41829 473
41830 473
41831 473
41832 473
41833 473
41834 473
41835 473
41836 473
41837 473
41838 473
41839 473
41840 473
41841 473
41842 473
41843 473
41844 473
41845 474
41846 474
41847 474
41848 474
41849 474
41850 474
41851 474
41852 474
41853 474
41854 474
41855 474
41856 474
41857 474
41858 474
41859 474
41860 474
41861 474
41862 474
41863 474
41864 474
41865 474
41866 474
41867 474
41868 474
41869 474
41870 474
41871 474
41872 474
41873 474
41874 474
41875 474
41876 474
41877 474
41878 474
41879 474
41880 474
41881 474
41882 474
41883 474
41884 474
41885 474
41886 474
41887 474
41888 474
41889 474
41890 474
41891 474
41892 474
41893 474
41894 474
41895 474
41896 474
41897 474
41898 474
41899 474
41900 474
41901 474
41902 474
41903 474
41904 474
41905 474
41906 474
41907 474
41908 474
41909 474
41910 474
41911 474
41912 474
41913 474
41914 474
41915 478
41916 478
41917 478
41918 478
41919 478
41920 478
41921 478
41922 478
41923 478
41924 478
41925 478
41926 478
41927 478
41928 478
41929 478
41930 478
41931 478
41932 478
41933 478
41934 478
41935 478
41936 478
41937 478
41938 478
41939 478
41940 478
41941 478
41942 478
41943 478
41944 478
41945 478
41946 478
41947 478
41948 478
41949 478
41950 478
41951 478
41952 479
41953 479
41954 479
41955 479
41956 479
41957 479
41958 479
41959 479
41960 479
41961 479
41962 479
41963 479
41964 479
41965 479
41966 479
41967 479
41968 479
41969 479
41970 479
41971 479
41972 479
41973 479
41974 479
41975 479
41976 479
41977 479
41978 479
41979 479
41980 479
41981 479
41982 479
41983 479
41984 479
41985 479
41986 479
41987 479
41988 479
41989 479
41990 479
41991 479
41992 479
41993 479
41994 479
41995 479
41996 479
41997 479
41998 479
41999 479
42000 479
42001 479
42002 479
42003 479
42004 479
42005 479
42006 479
42007 479
42008 479
42009 479
42010 479
42011 479
42012 479
42013 479
42014 479
42015 479
42016 479
42017 479
42018 479
42019 479
42020 479
42021 479
42022 479
42023 479
42024 479
42025 479
42026 479
42027 479
42028 479
42029 479
42030 479
42031 479
42032 479
42033 479
42034 479
42035 479
42036 479
42037 479
42038 479
42039 479
42040 479
42041 479
42042 479
42043 479
42044 479
42045 479
42046 479
42047 479
42048 479
42049 479
42050 479
42051 479
42052 479
42053 479
42054 479
42055 479
42056 479
42057 479
42058 479
42059 479
42060 479
42061 479
42062 479
42063 479
42064 479
42065 479
42066 479
42067 479
42068 479
42069 479
42070 479
42071 479
42072 480
42073 480
42074 480
42075 480
42076 480
42077 480
42078 480
42079 480
42080 480
42081 480
42082 480
42083 480
42084 480
42085 480
42086 480
42087 480
42088 480
42089 480
42090 480
42091 480
42092 480
42093 480
42094 480
42095 480
42096 480
42097 480
42098 480
42099 480
42100 480
42101 480
42102 480
42103 480
42104 480
42105 480
42106 480
42107 480
42108 480
42109 480
42110 480
42111 480
42112 480
42113 480
42114 480
42115 480
42116 480
42117 480
42118 480
42119 480
42120 480
42121 480
42122 480
42123 480
42124 480
42125 480
42126 480
42127 480
42128 480
42129 480
42130 480
42131 480
42132 480
42133 480
42134 480
42135 480
42136 480
42137 480
42138 480
42139 480
42140 480
42141 480
42142 480
42143 480
42144 480
42145 480
42146 480
42147 480
42148 480
42149 480
42150 480
42151 480
42152 480
42153 480
42154 480
42155 480
42156 480
42157 480
42158 480
42159 480
42160 480
42161 480
42162 480
42163 480
42164 480
42165 480
42166 480
42167 480
42168 480
42169 480
42170 480
42171 480
42172 480
42173 480
42174 480
42175 480
42176 480
42177 480
42178 480
42179 480
42180 480
42181 480
42182 480
42183 480
42184 480
42185 480
42186 480
42187 480
42188 480
42189 480
42190 480
42191 480
42192 480
42193 480
42194 480
42195 480
42196 480
42197 480
42198 480
42199 480
42200 480
42201 480
42202 480
42203 480
42204 480
42205 480
42206 480
42207 480
42208 480
42209 480
42210 480
42211 480
42212 481
42213 481
42214 481
42215 481
42216 481
42217 481
42218 481
42219 481
42220 481
42221 481
42222 481
42223 481
42224 481
42225 481
42226 481
42227 481
42228 481
42229 481
42230 481
42231 481
42232 481
42233 481
42234 481
42235 481
42236 481
42237 481
42238 481
42239 481
42240 481
42241 481
42242 481
42243 481
42244 481
42245 481
42246 481
42247 481
42248 481
42249 481
42250 481
42251 481
42252 481
42253 481
42254 481
42255 481
42256 481
42257 481
42258 481
42259 481
42260 481
42261 481
42262 481
42263 481
42264 481
42265 481
42266 481
42267 481
42268 481
42269 481
42270 481
42271 481
42272 481
42273 481
42274 481
42275 481
42276 481
42277 481
42278 481
42279 481
42280 481
42281 481
42282 481
42283 481
42284 481
42285 481
42286 481
42287 481
42288 481
42289 481
42290 481
42291 481
42292 481
42293 481
42294 481
42295 481
42296 481
42297 481
42298 481
42299 481
42300 481
42301 481
42302 481
42303 481
42304 481
42305 481
42306 481
42307 481
42308 481
42309 481
42310 481
42311 481
42312 481
42313 481
42314 481
42315 481
42316 481
42317 481
42318 481
42319 481
42320 481
42321 481
42322 481
42323 481
42324 481
42325 481
42326 481
42327 481
42328 482
42329 482
42330 482
42331 482
42332 482
42333 482
42334 482
42335 482
42336 482
42337 482
42338 482
42339 482
42340 482
42341 482
42342 482
42343 482
42344 482
42345 482
42346 482
42347 482
42348 482
42349 482
42350 482
42351 482
42352 482
42353 482
42354 482
42355 482
42356 482
42357 482
42358 482
42359 482
42360 482
42361 482
42362 482
42363 482
42364 482
42365 482
42366 482
42367 482
42368 482
42369 482
42370 482
42371 482
42372 482
42373 482
42374 482
42375 482
42376 482
42377 482
42378 482
42379 482
42380 482
42381 482
42382 482
42383 482
42384 482
42385 482
42386 482
42387 482
42388 482
42389 482
42390 482
42391 482
42392 482
42393 482
42394 482
42395 482
42396 482
42397 482
42398 482
42399 482
42400 482
42401 482
42402 482
42403 482
42404 482
42405 482
42406 482
42407 482
42408 482
42409 482
42410 482
42411 482
42412 482
42413 482
42414 482
42415 482
42416 482
42417 482
42418 482
42419 482
42420 482
42421 482
42422 482
42423 482
42424 482
42425 482
42426 482
42427 482
42428 482
42429 482
42430 482
42431 482
42432 482
42433 482
42434 482
42435 482
42436 482
42437 482
42438 482
42439 482
42440 482
42441 482
42442 482
42443 482
42444 482
42445 482
42446 482
42447 482
42448 482
42449 482
42450 482
42451 482
42452 482
42453 482
42454 482
42455 482
42456 482
42457 482
42458 482
42459 482
42460 482
42461 482
42462 482
42463 482
42464 482
42465 482
42466 482
42467 482
42468 482
42469 482
42470 482
42471 482
42472 483
42473 483
42474 483
42475 483
42476 483
42477 483
42478 483
42479 483
42480 483
42481 483
42482 483
42483 483
42484 483
42485 483
42486 483
42487 483
42488 483
42489 483
42490 483
42491 483
42492 483
42493 483
42494 483
42495 483
42496 483
42497 483
42498 483
42499 483
42500 483
42501 483
42502 483
42503 483
42504 483
42505 483
42506 483
42507 483
42508 483
42509 483
42510 483
42511 483
42512 483
42513 483
42514 483
42515 483
42516 483
42517 483
42518 483
42519 483
42520 483
42521 483
42522 483
42523 483
42524 483
42525 483
42526 483
42527 483
42528 483
42529 483
42530 483
42531 483
42532 483
42533 483
42534 483
42535 483
42536 483
42537 483
42538 483
42539 483
42540 483
42541 483
42542 483
42543 483
42544 483
42545 483
42546 483
42547 483
42548 483
42549 483
42550 483
42551 483
42552 483
42553 483
42554 483
42555 483
42556 483
42557 483
42558 483
42559 483
42560 483
42561 483
42562 483
42563 483
42564 483
42565 483
42566 483
42567 483
42568 483
42569 483
42570 483
42571 483
42572 483
42573 483
42574 483
42575 483
42576 483
42577 483
42578 483
42579 483
42580 483
42581 483
42582 483
42583 483
42584 483
42585 483
42586 483
42587 483
42588 483
42589 483
42590 483
42591 483
42592 483
42593 483
42594 483
42595 483
42596 483
42597 483
42598 483
42599 483
42600 483
42601 483
42602 483
42603 483
42604 483
42605 483
42606 483
42607 483
42608 484
42609 484
42610 484
42611 484
42612 484
42613 484
42614 484
42615 484
42616 484
42617 484
42618 484
42619 484
42620 484
42621 484
42622 484
42623 484
42624 484
42625 484
42626 484
42627 484
42628 484
42629 484
42630 484
42631 484
42632 484
42633 484
42634 484
42635 484
42636 484
42637 484
42638 484
42639 484
42640 484
42641 484
42642 484
42643 484
42644 484
42645 484
42646 484
42647 484
42648 484
42649 484
42650 484
42651 484
42652 484
42653 484
42654 484
42655 484
42656 484
42657 484
42658 484
42659 484
42660 484
42661 484
42662 494
42663 494
42664 494
42665 494
42666 494
42667 494
42668 494
42669 494
42670 494
42671 494
42672 494
42673 494
42674 494
42675 494
42676 494
42677 494
42678 494
42679 494
42680 494
42681 494
42682 494
42683 494
42684 494
42685 494
42686 494
42687 494
42688 494
42689 494
42690 494
42691 494
42692 494
42693 494
42694 494
42695 494
42696 494
42697 494
42698 494
42699 494
42700 494
42701 494
42702 494
42703 494
42704 494
42705 494
42706 494
42707 494
42708 494
42709 494
42710 494
42711 494
42712 494
42713 494
42714 494
42715 494
42716 494
42717 494
42718 494
42719 494
42720 494
42721 494
42722 494
42723 494
42724 494
42725 494
42726 494
42727 494
42728 494
42729 495
42730 495
42731 495
42732 495
42733 495
42734 495
42735 495
42736 495
42737 495
42738 495
42739 495
42740 495
42741 495
42742 495
42743 495
42744 495
42745 495
42746 495
42747 495
42748 495
42749 495
42750 495
42751 495
42752 495
42753 495
42754 495
42755 495
42756 495
42757 495
42758 495
42759 495
42760 495
42761 495
42762 495
42763 495
42764 495
42765 495
42766 495
42767 495
42768 495
42769 495
42770 495
42771 495
42772 495
42773 495
42774 495
42775 495
42776 495
42777 495
42778 495
42779 495
42780 495
42781 495
42782 495
42783 495
42784 495
42785 495
42786 495
42787 495
42788 495
42789 495
42790 495
42791 495
42792 495
42793 495
42794 495
42795 495
42796 495
42797 495
42798 495
42799 495
42800 495
42801 495
42802 495
42803 495
42804 495
42805 495
42806 495
42807 495
42808 495
42809 495
42810 495
42811 495
42812 495
42813 495
42814 495
42815 495
42816 495
42817 495
42818 495
42819 495
42820 495
42821 495
42822 495
42823 495
42824 495
42825 495
42826 495
42827 495
42828 495
42829 495
42830 495
42831 495
42832 495
42833 495
42834 495
42835 495
42836 495
42837 495
42838 495
42839 495
42840 495
42841 495
42842 495
42843 495
42844 495
42845 495
42846 495
42847 495
42848 495
42849 495
42850 495
42851 495
42852 495
42853 495
42854 495
42855 495
42856 495
42857 495
42858 495
42859 495
42860 495
42861 495
42862 495
42863 495
42864 495
42865 495
42866 495
42867 495
42868 495
42869 496
42870 496
42871 496
42872 496
42873 496
42874 496
42875 496
42876 496
42877 496
42878 496
42879 496
42880 496
42881 496
42882 496
42883 496
42884 496
42885 496
42886 496
42887 496
42888 496
42889 496
42890 496
42891 496
42892 496
42893 496
42894 496
42895 496
42896 496
42897 496
42898 496
42899 496
42900 496
42901 496
42902 496
42903 496
42904 496
42905 496
42906 496
42907 496
42908 496
42909 496
42910 496
42911 496
42912 496
42913 496
42914 496
42915 496
42916 496
42917 496
42918 496
42919 496
42920 496
42921 496
42922 496
42923 496
42924 496
42925 496
42926 496
42927 496
42928 496
42929 496
42930 496
42931 496
42932 496
42933 496
42934 496
42935 496
42936 496
42937 496
42938 496
42939 496
42940 496
42941 496
42942 496
42943 496
42944 496
42945 496
42946 496
42947 496
42948 496
42949 496
42950 496
42951 496
42952 496
42953 496
42954 496
42955 496
42956 496
42957 496
42958 496
42959 496
42960 496
42961 496
42962 496
42963 496
42964 496
42965 496
42966 496
42967 496
42968 496
42969 496
42970 496
42971 496
42972 496
42973 496
42974 496
42975 496
42976 496
42977 496
42978 496
42979 496
42980 496
42981 496
42982 496
42983 496
42984 496
42985 496
42986 496
42987 496
42988 496
42989 496
42990 496
42991 496
42992 496
42993 497
42994 497
42995 497
42996 497
42997 497
42998 497
42999 497
43000 497
43001 497
43002 497
43003 497
43004 497
43005 497
43006 497
43007 497
43008 497
43009 497
43010 497
43011 497
43012 497
43013 497
43014 497
43015 497
43016 497
43017 497
43018 497
43019 497
43020 497
43021 497
43022 497
43023 497
43024 497
43025 497
43026 497
43027 497
43028 497
43029 497
43030 497
43031 497
43032 497
43033 497
43034 497
43035 497
43036 497
43037 497
43038 497
43039 497
43040 497
43041 497
43042 497
43043 497
43044 497
43045 497
43046 497
43047 497
43048 497
43049 497
43050 497
43051 497
43052 497
43053 497
43054 497
43055 497
43056 497
43057 497
43058 497
43059 497
43060 497
43061 497
43062 497
43063 497
43064 497
43065 497
43066 497
43067 497
43068 497
43069 497
43070 497
43071 497
43072 497
43073 497
43074 497
43075 497
43076 497
43077 497
43078 497
43079 497
43080 497
43081 497
43082 497
43083 497
43084 497
43085 497
43086 497
43087 497
43088 497
43089 497
43090 497
43091 497
43092 497
43093 497
43094 497
43095 497
43096 497
43097 497
43098 497
43099 497
43100 497
43101 497
43102 497
43103 497
43104 497
43105 497
43106 497
43107 498
43108 498
43109 498
43110 498
43111 498
43112 498
43113 498
43114 498
43115 498
43116 498
43117 498
43118 498
43119 498
43120 498
43121 498
43122 498
43123 498
43124 498
43125 498
43126 498
43127 498
43128 498
43129 498
43130 498
43131 498
43132 498
43133 498
43134 498
43135 498
43136 498
43137 498
43138 498
43139 498
43140 498
43141 498
43142 498
43143 498
43144 498
43145 498
43146 498
43147 498
43148 498
43149 498
43150 498
43151 498
43152 498
43153 498
43154 498
43155 498
43156 498
43157 498
43158 498
43159 498
43160 498
43161 498
43162 498
43163 498
43164 498
43165 498
43166 498
43167 498
43168 498
43169 498
43170 498
43171 498
43172 498
43173 498
43174 498
43175 498
43176 498
43177 498
43178 498
43179 498
43180 498
43181 498
43182 498
43183 498
43184 498
43185 498
43186 498
43187 498
43188 498
43189 498
43190 498
43191 498
43192 498
43193 498
43194 498
43195 498
43196 498
43197 498
43198 498
43199 498
43200 498
43201 498
43202 498
43203 498
43204 498
43205 498
43206 498
43207 498
43208 498
43209 498
43210 498
43211 498
43212 498
43213 498
43214 498
43215 498
43216 498
43217 498
43218 498
43219 498
43220 498
43221 498
43222 498
43223 498
43224 498
43225 498
43226 498
43227 498
43228 498
43229 498
43230 498
43231 498
43232 498
43233 498
43234 498
43235 498
43236 498
43237 498
43238 498
43239 498
43240 498
43241 498
43242 499
43243 499
43244 499
43245 499
43246 499
43247 499
43248 499
43249 499
43250 499
43251 499
43252 499
43253 499
43254 499
43255 499
43256 499
43257 499
43258 499
43259 499
43260 499
43261 499
43262 499
43263 499
43264 499
43265 499
43266 499
43267 499
43268 499
43269 499
43270 499
43271 499
43272 499
43273 499
43274 499
43275 499
43276 499
43277 499
43278 499
43279 499
43280 499
43281 499
43282 499
43283 499
43284 499
43285 499
43286 499
43287 499
43288 499
43289 499
43290 499
43291 499
43292 499
43293 499
43294 499
43295 499
43296 499
43297 499
43298 499
43299 499
43300 499
43301 499
43302 499
43303 499
43304 499
43305 499
43306 499
43307 499
43308 499
43309 499
43310 499
43311 499
43312 499
43313 499
43314 499
43315 499
43316 499
43317 499
43318 499
43319 499
43320 499
43321 499
43322 499
43323 499
43324 499
43325 499
43326 499
43327 499
43328 499
43329 499
43330 499
43331 499
43332 499
43333 510
43334 510
43335 510
43336 510
43337 510
43338 510
43339 510
43340 510
43341 510
43342 510
43343 510
43344 510
43345 510
43346 510
43347 510
43348 510
43349 511
43350 511
43351 511
43352 511
43353 511
43354 511
43355 511
43356 511
43357 511
43358 511
43359 511
43360 511
43361 511
43362 511
43363 511
43364 511
43365 511
43366 511
43367 511
43368 511
43369 511
43370 511
43371 511
43372 511
43373 511
43374 511
43375 511
43376 511
43377 511
43378 511
43379 511
43380 511
43381 511
43382 511
43383 511
43384 511
43385 511
43386 511
43387 511
43388 511
43389 511
43390 511
43391 511
43392 511
43393 511
43394 522
43395 522
43396 522
43397 522
43398 522
43399 522
43400 522
43401 522
43402 522
43403 522
43404 522
43405 522
43406 522
43407 522
43408 522
43409 522
43410 522
43411 522
43412 522
43413 522
43414 522
43415 522
43416 522
43417 522
43418 522
43419 522
43420 522
43421 522
43422 522
43423 522
43424 522
43425 522
43426 522
43427 522
43428 522
43429 522
43430 522
43431 522
43432 522
43433 522
43434 522
43435 522
43436 522
43437 522
43438 522
43439 522
43440 522
43441 522
43442 522
43443 522
43444 522
43445 522
43446 522
43447 522
43448 522
43449 522
43450 522
43451 522
43452 522
43453 522
43454 522
43455 522
43456 522
43457 522
43458 522
43459 522
43460 522
43461 522
43462 522
43463 522
43464 522
43465 522
43466 522
43467 522
43468 522
43469 522
43470 522
43471 522
43472 522
43473 522
43474 522
43475 522
43476 522
43477 522
43478 522
43479 522
43480 522
43481 522
43482 522
43483 522
43484 522
43485 522
43486 522
43487 522
43488 522
43489 523
43490 523
43491 523
43492 523
43493 523
43494 523
43495 523
43496 523
43497 524
43498 524
43499 524
43500 524
43501 524
43502 524
43503 524
43504 524
43505 524
43506 524
43507 524
43508 524
43509 524
43510 524
43511 524
43512 524
43513 524
43514 524
43515 524
43516 524
43517 524
43518 524
43519 524
43520 524
43521 524
43522 524
43523 524
43524 524
43525 524
43526 524
43527 524
43528 524
43529 524
43530 524
43531 524
43532 524
43533 524
43534 524
43535 524
43536 524
43537 524
43538 524
43539 524
43540 524
43541 524
43542 524
43543 524
43544 524
43545 524
43546 524
43547 524
43548 524
43549 524
43550 524
43551 524
43552 524
43553 524
43554 524
43555 524
43556 524
43557 524
43558 524
43559 524
43560 524
43561 524
43562 524
43563 524
43564 524
43565 524
43566 524
43567 524
43568 524
43569 524
43570 524
43571 524
43572 524
43573 524
43574 524
43575 524
43576 524
43577 524
43578 524
43579 524
43580 524
43581 524
43582 524
43583 524
43584 524
43585 524
43586 524
43587 524
43588 524
43589 524
43590 524
43591 524
43592 524
43593 524
43594 524
43595 524
43596 524
43597 524
43598 524
43599 524
43600 524
43601 524
43602 524
43603 524
43604 524
43605 524
43606 524
43607 524
43608 524
43609 524
43610 524
43611 524
43612 524
43613 524
43614 524
43615 524
43616 524
43617 524
43618 524
43619 524
43620 524
43621 524
43622 524
43623 524
43624 524
43625 524
43626 524
43627 524
43628 524
43629 524
43630 524
43631 524
43632 524
43633 524
43634 524
43635 524
43636 524
43637 524
43638 524
43639 525
43640 525
43641 525
43642 525
43643 525
43644 525
43645 525
43646 525
43647 525
43648 525
43649 525
43650 525
43651 525
43652 525
43653 525
43654 525
43655 525
43656 525
43657 525
43658 525
43659 525
43660 525
43661 525
43662 525
43663 525
43664 525
43665 525
43666 525
43667 525
43668 525
43669 525
43670 525
43671 525
43672 525
43673 525
43674 525
43675 525
43676 525
43677 525
43678 525
43679 525
43680 525
43681 525
43682 525
43683 525
43684 525
43685 525
43686 525
43687 525
43688 525
43689 525
43690 525
43691 525
43692 525
43693 525
43694 525
43695 525
43696 525
43697 525
43698 525
43699 525
43700 525
43701 525
43702 525
43703 525
43704 525
43705 525
43706 525
43707 525
43708 525
43709 525
43710 525
43711 525
43712 525
43713 525
43714 525
43715 525
43716 525
43717 525
43718 525
43719 525
43720 525
43721 525
43722 525
43723 525
43724 525
43725 525
43726 525
43727 525
43728 525
43729 525
43730 525
43731 525
43732 525
43733 525
43734 525
43735 525
43736 525
43737 525
43738 526
43739 526
43740 526
43741 526
43742 526
43743 526
43744 526
43745 526
43746 526
43747 526
43748 526
43749 526
43750 526
43751 526
43752 526
43753 526
43754 526
43755 526
43756 526
43757 526
43758 526
43759 526
43760 526
43761 526
43762 526
43763 526
43764 526
43765 526
43766 526
43767 526
43768 526
43769 526
43770 526
43771 526
43772 526
43773 526
43774 526
43775 526
43776 526
43777 526
43778 526
43779 526
43780 526
43781 526
43782 526
43783 526
43784 526
43785 526
43786 526
43787 526
43788 526
43789 526
43790 526
43791 526
43792 526
43793 526
43794 526
43795 526
43796 526
43797 526
43798 526
43799 526
43800 526
43801 526
43802 526
43803 526
43804 526
43805 526
43806 526
43807 526
43808 526
43809 526
43810 526
43811 526
43812 526
43813 526
43814 526
43815 526
43816 526
43817 526
43818 526
43819 526
43820 526
43821 526
43822 526
43823 526
43824 526
43825 526
43826 526
43827 526
43828 526
43829 526
43830 526
43831 526
43832 526
43833 526
43834 526
43835 526
43836 526
43837 526
43838 526
43839 526
43840 526
43841 526
43842 526
43843 526
43844 526
43845 526
43846 526
43847 526
43848 526
43849 526
43850 526
43851 526
43852 526
43853 526
43854 526
43855 526
43856 526
43857 526
43858 526
43859 527
43860 527
43861 527
43862 527
43863 527
43864 528
43865 528
43866 528
43867 528
43868 528
43869 528
43870 528
43871 528
43872 528
43873 528
43874 528
43875 528
43876 528
43877 528
43878 528
43879 528
43880 528
43881 528
43882 528
43883 528
43884 528
43885 528
43886 528
43887 528
43888 528
43889 528
43890 528
43891 528
43892 528
43893 528
43894 528
43895 528
43896 528
43897 528
43898 528
43899 528
43900 528
43901 528
43902 528
43903 528
43904 528
43905 528
43906 528
43907 528
43908 528
43909 528
43910 528
43911 528
43912 529
43913 529
43914 529
43915 529
43916 529
43917 529
43918 529
43919 529
43920 529
43921 529
43922 529
43923 529
43924 529
43925 529
43926 529
43927 529
43928 529
43929 529
43930 529
43931 529
43932 529
43933 529
43934 529
43935 529
43936 529
43937 529
43938 529
43939 529
43940 529
43941 529
43942 529
43943 529
43944 529
43945 529
43946 529
43947 529
43948 529
43949 529
43950 529
43951 529
43952 529
43953 529
43954 529
43955 529
43956 529
43957 529
43958 529
43959 529
43960 529
43961 529
43962 529
43963 529
43964 529
43965 529
43966 529
43967 529
43968 529
43969 529
43970 529
43971 529
43972 529
43973 529
43974 529
43975 529
43976 529
43977 529
43978 529
43979 529
43980 529
43981 529
43982 529
43983 529
43984 529
43985 529
43986 529
43987 529
43988 529
43989 529
43990 529
43991 529
43992 529
43993 529
43994 529
43995 529
43996 529
43997 529
43998 529
43999 529
44000 529
44001 529
44002 529
44003 529
44004 529
44005 529
44006 529
44007 529
44008 529
44009 529
44010 529
44011 529
44012 529
44013 529
44014 529
44015 529
44016 529
44017 529
44018 529
44019 529
44020 529
44021 529
44022 529
44023 529
44024 529
44025 529
44026 529
44027 529
44028 529
44029 529
44030 529
44031 529
44032 529
44033 529
44034 529
44035 529
44036 529
44037 529
44038 529
44039 529
44040 530
44041 530
44042 530
44043 530
44044 530
44045 530
44046 530
44047 530
44048 530
44049 530
44050 530
44051 530
44052 530
44053 530
44054 530
44055 530
44056 530
44057 530
44058 530
44059 530
44060 530
44061 530
44062 530
44063 530
44064 530
44065 530
44066 530
44067 530
44068 530
44069 530
44070 530
44071 530
44072 530
44073 530
44074 530
44075 530
44076 530
44077 530
44078 530
44079 530
44080 530
44081 530
44082 530
44083 530
44084 530
44085 530
44086 530
44087 530
44088 530
44089 530
44090 530
44091 530
44092 530
44093 530
44094 530
44095 530
44096 530
44097 530
44098 530
44099 530
44100 530
44101 530
44102 530
44103 530
44104 530
44105 530
44106 530
44107 530
44108 530
44109 530
44110 530
44111 530
44112 530
44113 530
44114 530
44115 530
44116 530
44117 530
44118 530
44119 530
44120 530
44121 530
44122 530
44123 530
44124 530
44125 530
44126 530
44127 530
44128 530
44129 530
44130 530
44131 530
44132 530
44133 530
44134 530
44135 530
44136 530
44137 530
44138 530
44139 530
44140 530
44141 530
44142 530
44143 530
44144 530
44145 530
44146 530
44147 530
44148 530
44149 530
44150 530
44151 530
44152 530
44153 530
44154 530
44155 530
44156 530
44157 530
44158 530
44159 530
44160 530
44161 530
44162 530
44163 530
44164 530
44165 530
44166 530
44167 530
44168 530
44169 530
44170 530
44171 530
44172 530
44173 530
44174 530
44175 530
44176 530
44177 530
44178 530
44179 530
44180 530
44181 530
44182 530
44183 530
44184 530
44185 530
44186 530
44187 530
44188 530
44189 530
44190 530
44191 530
44192 530
44193 530
44194 530
44195 530
44196 531
44197 531
44198 531
44199 531
44200 531
44201 531
44202 531
44203 531
44204 531
44205 531
44206 531
44207 531
44208 531
44209 531
44210 531
44211 531
44212 531
44213 531
44214 531
44215 531
44216 531
44217 531
44218 531
44219 531
44220 531
44221 531
44222 531
44223 531
44224 531
44225 531
44226 531
44227 531
44228 531
44229 531
44230 531
44231 531
44232 531
44233 531
44234 531
44235 531
44236 531
44237 531
44238 531
44239 531
44240 531
44241 531
44242 531
44243 531
44244 531
44245 531
44246 531
44247 531
44248 531
44249 531
44250 531
44251 531
44252 531
44253 531
44254 531
44255 531
44256 531
44257 531
44258 531
44259 531
44260 531
44261 531
44262 531
44263 531
44264 531
44265 531
44266 531
44267 531
44268 531
44269 531
44270 531
44271 531
44272 531
44273 531
44274 531
44275 531
44276 531
44277 531
44278 531
44279 531
44280 531
44281 531
44282 531
44283 531
44284 531
44285 531
44286 531
44287 531
44288 531
44289 531
44290 531
44291 531
44292 531
44293 531
44294 531
44295 531
44296 531
44297 531
44298 531
44299 531
44300 531
44301 531
44302 531
44303 531
44304 531
44305 531
44306 531
44307 531
44308 531
44309 531
44310 531
44311 531
44312 531
44313 531
44314 531
44315 531
44316 531
44317 531
44318 531
44319 531
44320 531
44321 531
44322 531
44323 531
44324 531
44325 531
44326 531
44327 531
44328 531
44329 531
44330 531
44331 531
44332 531
44333 531
44334 531
44335 531
44336 531
44337 531
44338 531
44339 531
44340 531
44341 531
44342 531
44343 531
44344 531
44345 531
44346 531
44347 531
44348 531
44349 531
44350 531
44351 531
44352 531
44353 531
44354 531
44355 531
44356 531
44357 531
44358 531
44359 531
44360 531
44361 532
44362 532
44363 532
44364 532
44365 532
44366 532
44367 532
44368 532
44369 532
44370 532
44371 532
44372 532
44373 532
44374 532
44375 532
44376 532
44377 532
44378 532
44379 532
44380 532
44381 532
44382 532
44383 532
44384 532
44385 532
44386 532
44387 532
44388 532
44389 532
44390 532
44391 532
44392 532
44393 532
44394 532
44395 532
44396 532
44397 532
44398 532
44399 532
44400 532
44401 532
44402 532
44403 532
44404 532
44405 532
44406 532
44407 532
44408 532
44409 532
44410 532
44411 532
44412 532
44413 532
44414 532
44415 532
44416 532
44417 532
44418 532
44419 532
44420 532
44421 532
44422 532
44423 532
44424 532
44425 532
44426 532
44427 532
44428 532
44429 532
44430 532
44431 532
44432 532
44433 532
44434 532
44435 532
44436 532
44437 532
44438 532
44439 532
44440 532
44441 532
44442 532
44443 532
44444 532
44445 532
44446 532
44447 532
44448 532
44449 532
44450 532
44451 532
44452 532
44453 532
44454 532
44455 532
44456 532
44457 532
44458 532
44459 532
44460 532
44461 532
44462 532
44463 532
44464 532
44465 532
44466 532
44467 532
44468 532
44469 532
44470 532
44471 532
44472 532
44473 532
44474 532
44475 532
44476 532
44477 532
44478 532
44479 532
44480 532
44481 532
44482 532
44483 532
44484 532
44485 532
44486 532
44487 532
44488 532
44489 532
44490 532
44491 532
44492 532
44493 532
44494 532
44495 532
44496 532
44497 532
44498 532
44499 532
44500 532
44501 532
44502 532
44503 532
44504 532
44505 532
44506 532
44507 532
44508 532
44509 532
44510 532
44511 532
44512 532
44513 532
44514 532
44515 532
44516 532
44517 532
44518 532
44519 532
44520 532
44521 532
44522 532
44523 532
44524 532
44525 532
44526 532
44527 532
44528 532
44529 532
44530 532
44531 532
44532 532
44533 532
44534 532
44535 532
44536 532
44537 532
44538 532
44539 532
44540 532
44541 532
44542 532
44543 532
44544 532
44545 532
44546 532
44547 532
44548 532
44549 532
44550 532
44551 532
44552 532
44553 532
44554 532
44555 532
44556 532
44557 532
44558 532
44559 532
44560 532
44561 532
44562 532
44563 532
44564 532
44565 532
44566 532
44567 532
44568 532
44569 532
44570 532
44571 532
44572 532
44573 532
44574 532
44575 532
44576 532
44577 532
44578 532
44579 532
44580 532
44581 532
44582 532
44583 532
44584 532
44585 532
44586 532
44587 532
44588 532
44589 532
44590 532
44591 532
44592 532
44593 532
44594 532
44595 532
44596 532
44597 532
44598 532
44599 532
44600 532
44601 532
44602 532
44603 532
44604 532
44605 532
44606 532
44607 532
44608 532
44609 532
44610 532
44611 532
44612 532
44613 532
44614 532
44615 532
44616 532
44617 532
44618 532
44619 532
44620 532
44621 532
44622 532
44623 532
44624 532
44625 532
44626 533
44627 533
44628 533
44629 533
44630 533
44631 533
44632 533
44633 533
44634 533
44635 533
44636 533
44637 533
44638 533
44639 533
44640 533
44641 533
44642 533
44643 533
44644 533
44645 533
44646 533
44647 533
44648 533
44649 533
44650 533
44651 533
44652 533
44653 533
44654 533
44655 533
44656 533
44657 533
44658 533
44659 533
44660 533
44661 533
44662 533
44663 533
44664 533
44665 533
44666 533
44667 533
44668 533
44669 533
44670 533
44671 533
44672 533
44673 533
44674 533
44675 533
44676 533
44677 533
44678 533
44679 533
44680 533
44681 533
44682 533
44683 533
44684 533
44685 533
44686 533
44687 533
44688 533
44689 533
44690 533
44691 533
44692 533
44693 533
44694 533
44695 533
44696 533
44697 533
44698 533
44699 534
44700 534
44701 534
44702 534
44703 534
44704 534
44705 534
44706 534
44707 534
44708 534
44709 534
44710 534
44711 534
44712 534
44713 534
44714 534
44715 534
44716 534
44717 534
44718 534
44719 534
44720 534
44721 534
44722 534
44723 534
44724 534
44725 534
44726 534
44727 534
44728 534
44729 534
44730 534
44731 534
44732 534
44733 534
44734 534
44735 534
44736 534
44737 534
44738 534
44739 534
44740 534
44741 534
44742 534
44743 534
44744 534
44745 534
44746 534
44747 534
44748 534
44749 534
44750 534
44751 534
44752 534
44753 534
44754 534
44755 534
44756 534
44757 534
44758 534
44759 534
44760 534
44761 534
44762 534
44763 534
44764 534
44765 534
44766 534
44767 534
44768 534
44769 534
44770 534
44771 534
44772 534
44773 534
44774 534
44775 534
44776 534
44777 534
44778 534
44779 534
44780 534
44781 534
44782 534
44783 534
44784 534
44785 534
44786 534
44787 534
44788 534
44789 534
44790 534
44791 534
44792 534
44793 534
44794 534
44795 534
44796 534
44797 534
44798 534
44799 534
44800 534
44801 534
44802 534
44803 534
44804 534
44805 534
44806 534
44807 534
44808 534
44809 534
44810 534
44811 534
44812 534
44813 534
44814 534
44815 534
44816 534
44817 534
44818 534
44819 534
44820 534
44821 534
44822 534
44823 534
44824 534
44825 534
44826 534
44827 534
44828 534
44829 534
44830 534
44831 534
44832 534
44833 534
44834 534
44835 535
44836 535
44837 535
44838 535
44839 535
44840 535
44841 535
44842 535
44843 535
44844 535
44845 535
44846 535
44847 535
44848 535
44849 535
44850 535
44851 535
44852 535
44853 535
44854 535
44855 535
44856 535
44857 535
44858 535
44859 535
44860 535
44861 535
44862 535
44863 535
44864 535
44865 535
44866 535
44867 535
44868 535
44869 535
44870 535
44871 535
44872 535
44873 535
44874 535
44875 535
44876 535
44877 535
44878 535
44879 535
44880 535
44881 535
44882 535
44883 535
44884 535
44885 535
44886 535
44887 535
44888 535
44889 535
44890 535
44891 535
44892 535
44893 535
44894 535
44895 535
44896 535
44897 535
44898 535
44899 535
44900 535
44901 535
44902 535
44903 535
44904 535
44905 535
44906 535
44907 535
44908 535
44909 535
44910 535
44911 535
44912 535
44913 535
44914 535
44915 535
44916 535
44917 535
44918 535
44919 535
44920 535
44921 535
44922 535
44923 535
44924 535
44925 535
44926 535
44927 535
44928 535
44929 535
44930 535
44931 535
44932 535
44933 535
44934 535
44935 535
44936 535
44937 535
44938 535
44939 535
44940 535
44941 535
44942 535
44943 535
44944 535
44945 535
44946 535
44947 535
44948 535
44949 535
44950 536
44951 536
44952 536
44953 536
44954 536
44955 536
44956 536
44957 536
44958 536
44959 536
44960 536
44961 536
44962 536
44963 536
44964 536
44965 536
44966 536
44967 536
44968 536
44969 536
44970 536
44971 536
44972 536
44973 536
44974 536
44975 536
44976 536
44977 536
44978 536
44979 536
44980 536
44981 536
44982 536
44983 536
44984 536
44985 536
44986 536
44987 536
44988 536
44989 536
44990 536
44991 536
44992 536
44993 536
44994 536
44995 536
44996 536
44997 536
44998 536
44999 536
45000 536
45001 536
45002 536
45003 536
45004 536
45005 536
45006 536
45007 536
45008 536
45009 536
45010 536
45011 536
45012 536
45013 536
45014 536
45015 536
45016 536
45017 536
45018 536
45019 536
45020 536
45021 536
45022 536
45023 536
45024 536
45025 536
45026 536
45027 536
45028 536
45029 536
45030 536
45031 536
45032 536
45033 536
45034 536
45035 536
45036 536
45037 536
45038 536
45039 536
45040 536
45041 536
45042 536
45043 536
45044 536
45045 536
45046 536
45047 536
45048 536
45049 536
45050 536
45051 536
45052 536
45053 536
45054 536
45055 536
45056 536
45057 536
45058 536
45059 536
45060 536
45061 536
45062 536
45063 536
45064 536
45065 536
45066 536
45067 536
45068 536
45069 536
45070 536
45071 536
45072 536
45073 536
45074 536
45075 536
45076 536
45077 536
45078 536
45079 536
45080 536
45081 536
45082 536
45083 536
45084 536
45085 536
45086 536
45087 536
45088 536
45089 536
45090 536
45091 536
45092 536
45093 536
45094 536
45095 536
45096 536
45097 536
45098 536
45099 536
45100 536
45101 536
45102 536
45103 536
45104 536
45105 536
45106 536
45107 536
45108 536
45109 536
45110 536
45111 536
45112 536
45113 536
45114 536
45115 536
45116 536
45117 536
45118 536
45119 536
45120 536
45121 536
45122 536
45123 536
45124 536
45125 536
45126 536
45127 537
45128 537
45129 537
45130 537
45131 537
45132 537
45133 537
45134 537
45135 537
45136 537
45137 537
45138 537
45139 537
45140 537
45141 537
45142 537
45143 537
45144 537
45145 537
45146 537
45147 537
45148 537
45149 537
45150 537
45151 537
45152 537
45153 537
45154 537
45155 537
45156 537
45157 537
45158 537
45159 537
45160 537
45161 537
45162 537
45163 537
45164 537
45165 537
45166 537
45167 537
45168 537
45169 537
45170 537
45171 537
45172 537
45173 537
45174 537
45175 537
45176 537
45177 537
45178 537
45179 537
45180 537
45181 537
45182 537
45183 537
45184 537
45185 537
45186 537
45187 537
45188 537
45189 537
45190 537
45191 537
45192 537
45193 537
45194 537
45195 537
45196 537
45197 537
45198 537
45199 537
45200 537
45201 537
45202 537
45203 537
45204 537
45205 537
45206 537
45207 537
45208 537
45209 537
45210 537
45211 537
45212 537
45213 537
45214 537
45215 537
45216 537
45217 537
45218 537
45219 537
45220 537
45221 537
45222 537
45223 537
45224 537
45225 537
45226 537
45227 537
45228 537
45229 537
45230 537
45231 537
45232 537
45233 537
45234 537
45235 537
45236 537
45237 537
45238 537
45239 537
45240 537
45241 537
45242 537
45243 537
45244 537
45245 537
45246 537
45247 537
45248 537
45249 537
45250 537
45251 537
45252 537
45253 537
45254 537
45255 537
45256 537
45257 537
45258 537
45259 537
45260 538
45261 538
45262 538
45263 538
45264 538
45265 538
45266 538
45267 538
45268 538
45269 538
45270 538
45271 538
45272 538
45273 538
45274 538
45275 538
45276 538
45277 538
45278 538
45279 538
45280 538
45281 538
45282 538
45283 538
45284 538
45285 538
45286 538
45287 538
45288 538
45289 538
45290 538
45291 538
45292 538
45293 538
45294 538
45295 538
45296 538
45297 538
45298 538
45299 538
45300 538
45301 538
45302 538
45303 538
45304 538
45305 538
45306 538
45307 538
45308 538
45309 538
45310 538
45311 538
45312 538
45313 538
45314 538
45315 538
45316 538
45317 538
45318 538
45319 538
45320 538
45321 538
45322 538
45323 538
45324 538
45325 538
45326 538
45327 538
45328 538
45329 538
45330 538
45331 538
45332 538
45333 538
45334 538
45335 538
45336 538
45337 538
45338 538
45339 538
45340 538
45341 538
45342 538
45343 538
45344 538
45345 538
45346 538
45347 538
45348 538
45349 538
45350 538
45351 538
45352 538
45353 538
45354 538
45355 538
45356 538
45357 538
45358 538
45359 538
45360 539
45361 539
45362 539
45363 539
45364 539
45365 539
45366 539
45367 539
45368 539
45369 539
45370 539
45371 539
45372 539
45373 539
45374 539
45375 539
45376 539
45377 539
45378 539
45379 539
45380 539
45381 539
45382 539
45383 539
45384 539
45385 539
45386 539
45387 539
45388 539
45389 539
45390 539
45391 539
45392 539
45393 539
45394 539
45395 539
45396 539
45397 539
45398 539
45399 539
45400 539
45401 539
45402 539
45403 539
45404 539
45405 539
45406 539
45407 539
45408 539
45409 539
45410 539
45411 539
45412 539
45413 539
45414 539
45415 539
45416 539
45417 539
45418 539
45419 539
45420 539
45421 539
45422 539
45423 539
45424 539
45425 539
45426 539
45427 539
45428 539
45429 539
45430 539
45431 539
45432 539
45433 539
45434 539
45435 539
45436 539
45437 539
45438 539
45439 539
45440 539
45441 539
45442 539
45443 539
45444 539
45445 539
45446 539
45447 539
45448 539
45449 539
45450 539
45451 539
45452 539
45453 539
45454 539
45455 539
45456 539
45457 539
45458 539
45459 539
45460 539
45461 539
45462 539
45463 539
45464 539
45465 539
45466 539
45467 539
45468 539
45469 539
45470 539
45471 539
45472 539
45473 539
45474 539
45475 539
45476 539
45477 539
45478 539
45479 539
45480 539
45481 539
45482 539
45483 539
45484 539
45485 539
45486 539
45487 539
45488 539
45489 539
45490 539
45491 539
45492 539
45493 539
45494 539
45495 539
45496 539
45497 539
45498 539
45499 539
45500 539
45501 539
45502 539
45503 539
45504 539
45505 539
45506 539
45507 539
45508 539
45509 539
45510 539
45511 539
45512 539
45513 539
45514 539
45515 539
45516 539
45517 539
45518 539
45519 539
45520 540
45521 540
45522 540
45523 540
45524 540
45525 540
45526 540
45527 540
45528 540
45529 540
45530 540
45531 540
45532 540
45533 540
45534 540
45535 540
45536 540
45537 540
45538 540
45539 540
45540 540
45541 540
45542 540
45543 540
45544 540
45545 540
45546 540
45547 540
45548 540
45549 540
45550 540
45551 540
45552 540
45553 540
45554 540
45555 540
45556 540
45557 540
45558 540
45559 540
45560 540
45561 540
45562 540
45563 540
45564 540
45565 540
45566 540
45567 540
45568 540
45569 540
45570 540
45571 540
45572 540
45573 540
45574 540
45575 540
45576 540
45577 540
45578 540
45579 540
45580 540
45581 540
45582 540
45583 540
45584 540
45585 540
45586 540
45587 540
45588 540
45589 540
45590 540
45591 540
45592 540
45593 540
45594 540
45595 540
45596 540
45597 540
45598 540
45599 540
45600 540
45601 540
45602 540
45603 540
45604 540
45605 540
45606 540
45607 540
45608 540
45609 540
45610 540
45611 540
45612 540
45613 540
45614 540
45615 540
45616 540
45617 540
45618 540
45619 540
45620 540
45621 540
45622 540
45623 540
45624 540
45625 540
45626 540
45627 540
45628 540
45629 540
45630 541
45631 541
45632 541
45633 541
45634 541
45635 541
45636 541
45637 541
45638 541
45639 541
45640 541
45641 541
45642 541
45643 541
45644 541
45645 541
45646 541
45647 541
45648 541
45649 541
45650 541
45651 541
45652 541
45653 541
45654 541
45655 541
45656 541
45657 541
45658 541
45659 541
45660 541
45661 541
45662 541
45663 541
45664 541
45665 541
45666 541
45667 541
45668 541
45669 541
45670 541
45671 541
45672 541
45673 541
45674 541
45675 541
45676 541
45677 541
45678 541
45679 541
45680 541
45681 541
45682 541
45683 541
45684 541
45685 541
45686 541
45687 541
45688 541
45689 541
45690 541
45691 541
45692 541
45693 541
45694 541
45695 541
45696 541
45697 541
45698 541
45699 541
45700 541
45701 541
45702 541
45703 541
45704 541
45705 541
45706 541
45707 541
45708 541
45709 541
45710 541
45711 541
45712 541
45713 541
45714 541
45715 541
45716 541
45717 541
45718 541
45719 541
45720 541
45721 541
45722 541
45723 541
45724 541
45725 541
45726 541
45727 541
45728 541
45729 541
45730 541
45731 541
45732 541
45733 541
45734 541
45735 541
45736 541
45737 541
45738 541
45739 541
45740 541
45741 541
45742 541
45743 541
45744 541
45745 541
45746 541
45747 541
45748 541
45749 541
45750 541
45751 541
45752 541
45753 541
45754 541
45755 541
45756 541
45757 541
45758 541
45759 541
45760 541
45761 541
45762 541
45763 541
45764 541
45765 541
45766 541
45767 542
45768 542
45769 542
45770 542
45771 542
45772 542
45773 542
45774 542
45775 542
45776 542
45777 542
45778 542
45779 542
45780 542
45781 542
45782 542
45783 542
45784 542
45785 542
45786 542
45787 542
45788 542
45789 542
45790 542
45791 542
45792 542
45793 542
45794 542
45795 542
45796 542
45797 542
45798 542
45799 542
45800 542
45801 542
45802 542
45803 542
45804 542
45805 542
45806 542
45807 542
45808 542
45809 542
45810 542
45811 542
45812 542
45813 542
45814 542
45815 542
45816 542
45817 542
45818 542
45819 542
45820 542
45821 542
45822 542
45823 542
45824 542
45825 542
45826 542
45827 542
45828 542
45829 542
45830 542
45831 542
45832 542
45833 542
45834 542
45835 542
45836 542
45837 542
45838 542
45839 542
45840 542
45841 542
45842 542
45843 542
45844 542
45845 542
45846 542
45847 542
45848 542
45849 542
45850 542
45851 542
45852 542
45853 542
45854 542
45855 542
45856 542
45857 542
45858 542
45859 542
45860 542
45861 542
45862 542
45863 542
45864 542
45865 542
45866 542
45867 542
45868 542
45869 542
45870 542
45871 542
45872 542
45873 542
45874 542
45875 542
45876 543
45877 543
45878 543
45879 543
45880 543
45881 543
45882 543
45883 543
45884 543
45885 543
45886 543
45887 543
45888 543
45889 543
45890 543
45891 543
45892 543
45893 543
45894 543
45895 543
45896 543
45897 543
45898 543
45899 543
45900 543
45901 543
45902 543
45903 543
45904 543
45905 543
45906 543
45907 543
45908 543
45909 543
45910 543
45911 543
45912 543
45913 543
45914 543
45915 543
45916 543
45917 543
45918 543
45919 543
45920 543
45921 543
45922 543
45923 543
45924 543
45925 543
45926 543
45927 543
45928 543
45929 543
45930 543
45931 543
45932 543
45933 543
45934 543
45935 543
45936 543
45937 543
45938 543
45939 543
45940 543
45941 543
45942 543
45943 543
45944 543
45945 543
45946 543
45947 543
45948 543
45949 543
45950 543
45951 543
45952 543
45953 543
45954 543
45955 543
45956 543
45957 543
45958 543
45959 543
45960 543
45961 543
45962 543
45963 543
45964 543
45965 543
45966 543
45967 543
45968 543
45969 543
45970 543
45971 543
45972 543
45973 543
45974 543
45975 543
45976 543
45977 543
45978 543
45979 543
45980 543
45981 543
45982 543
45983 543
45984 543
45985 543
45986 543
45987 543
45988 543
45989 543
45990 543
45991 543
45992 543
45993 543
45994 543
45995 543
45996 543
45997 543
45998 543
45999 544
46000 544
46001 544
46002 544
46003 544
46004 544
46005 544
46006 544
46007 544
46008 544
46009 544
46010 544
46011 544
46012 544
46013 544
46014 544
46015 544
46016 544
46017 544
46018 544
46019 544
46020 544
46021 544
46022 544
46023 544
46024 544
46025 544
46026 544
46027 544
46028 544
46029 544
46030 544
46031 544
46032 544
46033 544
46034 544
46035 544
46036 544
46037 544
46038 544
46039 544
46040 544
46041 544
46042 544
46043 544
46044 544
46045 544
46046 544
46047 544
46048 544
46049 544
46050 544
46051 544
46052 544
46053 544
46054 544
46055 544
46056 544
46057 544
46058 544
46059 544
46060 544
46061 544
46062 544
46063 544
46064 544
46065 544
46066 544
46067 544
46068 544
46069 544
46070 544
46071 544
46072 544
46073 544
46074 544
46075 544
46076 544
46077 544
46078 544
46079 544
46080 544
46081 544
46082 544
46083 544
46084 544
46085 544
46086 544
46087 544
46088 544
46089 544
46090 544
46091 544
46092 544
46093 544
46094 544
46095 544
46096 544
46097 544
46098 544
46099 544
46100 544
46101 544
46102 544
46103 544
46104 544
46105 544
46106 544
46107 544
46108 544
46109 544
46110 544
46111 544
46112 544
46113 544
46114 544
46115 544
46116 544
46117 544
46118 544
46119 544
46120 544
46121 544
46122 544
46123 544
46124 544
46125 544
46126 544
46127 544
46128 544
46129 544
46130 544
46131 544
46132 544
46133 544
46134 544
46135 544
46136 544
46137 544
46138 544
46139 544
46140 544
46141 544
46142 544
46143 544
46144 544
46145 544
46146 544
46147 544
46148 545
46149 545
46150 545
46151 545
46152 545
46153 545
46154 545
46155 545
46156 545
46157 545
46158 545
46159 545
46160 545
46161 545
46162 545
46163 545
46164 545
46165 545
46166 545
46167 545
46168 545
46169 545
46170 545
46171 545
46172 545
46173 545
46174 545
46175 545
46176 545
46177 545
46178 545
46179 545
46180 545
46181 545
46182 545
46183 545
46184 545
46185 545
46186 545
46187 545
46188 545
46189 545
46190 545
46191 545
46192 545
46193 545
46194 545
46195 545
46196 545
46197 545
46198 545
46199 545
46200 545
46201 545
46202 545
46203 545
46204 545
46205 545
46206 545
46207 545
46208 545
46209 545
46210 545
46211 545
46212 545
46213 545
46214 545
46215 545
46216 545
46217 545
46218 545
46219 545
46220 545
46221 545
46222 545
46223 545
46224 545
46225 545
46226 545
46227 545
46228 545
46229 545
46230 545
46231 545
46232 545
46233 545
46234 545
46235 545
46236 545
46237 545
46238 545
46239 545
46240 545
46241 545
46242 545
46243 545
46244 545
46245 545
46246 545
46247 545
46248 545
46249 545
46250 545
46251 545
46252 545
46253 545
46254 545
46255 545
46256 545
46257 545
46258 545
46259 545
46260 545
46261 545
46262 545
46263 545
46264 545
46265 545
46266 545
46267 546
46268 546
46269 546
46270 546
46271 546
46272 546
46273 546
46274 546
46275 546
46276 546
46277 546
46278 546
46279 546
46280 546
46281 546
46282 546
46283 546
46284 546
46285 546
46286 546
46287 546
46288 546
46289 546
46290 546
46291 546
46292 546
46293 546
46294 546
46295 546
46296 546
46297 546
46298 546
46299 546
46300 546
46301 546
46302 546
46303 546
46304 546
46305 546
46306 546
46307 546
46308 546
46309 546
46310 546
46311 546
46312 546
46313 546
46314 546
46315 546
46316 546
46317 546
46318 546
46319 546
46320 546
46321 546
46322 546
46323 546
46324 546
46325 546
46326 546
46327 546
46328 546
46329 546
46330 546
46331 546
46332 546
46333 546
46334 546
46335 546
46336 546
46337 546
46338 546
46339 546
46340 546
46341 546
46342 546
46343 546
46344 546
46345 546
46346 546
46347 546
46348 546
46349 546
46350 546
46351 546
46352 546
46353 546
46354 546
46355 546
46356 546
46357 546
46358 546
46359 546
46360 546
46361 546
46362 546
46363 546
46364 546
46365 546
46366 546
46367 546
46368 546
46369 546
46370 546
46371 546
46372 546
46373 546
46374 546
46375 546
46376 546
46377 546
46378 546
46379 546
46380 546
46381 546
46382 546
46383 546
46384 546
46385 546
46386 546
46387 546
46388 546
46389 546
46390 546
46391 546
46392 546
46393 546
46394 546
46395 546
46396 546
46397 546
46398 546
46399 546
46400 546
46401 546
46402 546
46403 546
46404 546
46405 546
46406 546
46407 546
46408 547
46409 547
46410 547
46411 547
46412 547
46413 547
46414 547
46415 547
46416 547
46417 547
46418 547
46419 547
46420 547
46421 547
46422 547
46423 547
46424 547
46425 547
46426 547
46427 547
46428 547
46429 547
46430 547
46431 547
46432 547
46433 547
46434 547
46435 547
46436 547
46437 547
46438 547
46439 547
46440 547
46441 547
46442 547
46443 547
46444 547
46445 547
46446 547
46447 547
46448 547
46449 547
46450 547
46451 547
46452 547
46453 547
46454 547
46455 547
46456 547
46457 547
46458 547
46459 547
46460 547
46461 547
46462 547
46463 547
46464 547
46465 547
46466 547
46467 547
46468 547
46469 547
46470 547
46471 547
46472 547
46473 547
46474 547
46475 547
46476 547
46477 547
46478 547
46479 547
46480 547
46481 547
46482 547
46483 547
46484 547
46485 547
46486 547
46487 547
46488 547
46489 547
46490 547
46491 547
46492 547
46493 547
46494 547
46495 547
46496 547
46497 547
46498 547
46499 547
46500 547
46501 547
46502 547
46503 547
46504 547
46505 547
46506 547
46507 547
46508 547
46509 547
46510 547
46511 547
46512 547
46513 547
46514 547
46515 547
46516 547
46517 547
46518 547
46519 547
46520 547
46521 547
46522 547
46523 547
46524 547
46525 547
46526 547
46527 547
46528 547
46529 547
46530 547
46531 547
46532 547
46533 547
46534 547
46535 547
46536 547
46537 547
46538 547
46539 547
46540 547
46541 547
46542 547
46543 547
46544 547
46545 547
46546 547
46547 547
46548 547
46549 547
46550 547
46551 547
46552 547
46553 547
46554 547
46555 547
46556 547
46557 547
46558 547
46559 547
46560 547
46561 547
46562 547
46563 547
46564 547
46565 547
46566 547
46567 547
46568 547
46569 547
46570 547
46571 547
46572 547
46573 547
46574 547
46575 547
46576 547
46577 547
46578 547
46579 547
46580 547
46581 547
46582 547
46583 547
46584 547
46585 547
46586 547
46587 547
46588 547
46589 547
46590 547
46591 547
46592 547
46593 547
46594 547
46595 547
46596 547
46597 547
46598 547
46599 547
46600 547
46601 547
46602 547
46603 547
46604 547
46605 547
46606 547
46607 547
46608 547
46609 547
46610 547
46611 547
46612 547
46613 547
46614 547
46615 547
46616 547
46617 547
46618 547
46619 547
46620 547
46621 547
46622 547
46623 547
46624 547
46625 547
46626 547
46627 547
46628 547
46629 547
46630 547
46631 547
46632 547
46633 547
46634 547
46635 547
46636 547
46637 547
46638 547
46639 547
46640 547
46641 547
46642 547
46643 547
46644 547
46645 547
46646 547
46647 547
46648 547
46649 547
46650 547
46651 547
46652 547
46653 548
46654 548
46655 548
46656 548
46657 548
46658 548
46659 548
46660 548
46661 548
46662 548
46663 548
46664 548
46665 548
46666 548
46667 548
46668 548
46669 548
46670 548
46671 548
46672 548
46673 548
46674 548
46675 548
46676 548
46677 548
46678 548
46679 548
46680 548
46681 548
46682 548
46683 548
46684 548
46685 548
46686 548
46687 548
46688 548
46689 548
46690 548
46691 548
46692 548
46693 548
46694 548
46695 548
46696 548
46697 548
46698 548
46699 548
46700 548
46701 548
46702 548
46703 548
46704 548
46705 548
46706 548
46707 548
46708 548
46709 548
46710 548
46711 548
46712 548
46713 548
46714 548
46715 548
46716 548
46717 548
46718 548
46719 548
46720 548
46721 548
46722 548
46723 548
46724 548
46725 548
46726 548
46727 548
46728 548
46729 548
46730 548
46731 548
46732 548
46733 548
46734 548
46735 548
46736 548
46737 548
46738 548
46739 548
46740 548
46741 548
46742 548
46743 548
46744 548
46745 548
46746 548
46747 548
46748 548
46749 548
46750 548
46751 548
46752 548
46753 548
46754 548
46755 548
46756 548
46757 548
46758 548
46759 548
46760 548
46761 548
46762 548
46763 548
46764 548
46765 548
46766 548
46767 548
46768 548
46769 548
46770 548
46771 548
46772 548
46773 548
46774 548
46775 548
46776 548
46777 548
46778 548
46779 548
46780 548
46781 548
46782 548
46783 548
46784 548
46785 548
46786 548
46787 548
46788 548
46789 548
46790 548
46791 548
46792 548
46793 548
46794 548
46795 548
46796 548
46797 548
46798 548
46799 548
46800 548
46801 548
46802 549
46803 549
46804 549
46805 549
46806 549
46807 549
46808 549
46809 549
46810 549
46811 549
46812 549
46813 549
46814 549
46815 549
46816 549
46817 549
46818 549
46819 549
46820 549
46821 549
46822 549
46823 549
46824 549
46825 549
46826 549
46827 549
46828 549
46829 549
46830 549
46831 549
46832 549
46833 549
46834 549
46835 549
46836 549
46837 549
46838 549
46839 549
46840 549
46841 549
46842 549
46843 549
46844 549
46845 549
46846 549
46847 549
46848 549
46849 549
46850 549
46851 549
46852 549
46853 549
46854 549
46855 549
46856 549
46857 549
46858 549
46859 549
46860 549
46861 549
46862 549
46863 549
46864 549
46865 549
46866 549
46867 549
46868 549
46869 549
46870 549
46871 549
46872 549
46873 549
46874 549
46875 549
46876 549
46877 549
46878 549
46879 549
46880 549
46881 549
46882 549
46883 549
46884 549
46885 549
46886 549
46887 549
46888 549
46889 549
46890 549
46891 549
46892 549
46893 549
46894 549
46895 549
46896 549
46897 549
46898 549
46899 549
46900 549
46901 549
46902 549
46903 549
46904 549
46905 549
46906 549
46907 549
46908 549
46909 549
46910 549
46911 549
46912 549
46913 549
46914 549
46915 549
46916 549
46917 549
46918 549
46919 549
46920 549
46921 549
46922 549
46923 549
46924 549
46925 549
46926 549
46927 549
46928 549
46929 549
46930 549
46931 549
46932 550
46933 550
46934 550
46935 550
46936 550
46937 550
46938 550
46939 550
46940 550
46941 550
46942 550
46943 550
46944 550
46945 550
46946 550
46947 550
46948 550
46949 550
46950 550
46951 550
46952 550
46953 550
46954 550
46955 550
46956 550
46957 550
46958 550
46959 550
46960 550
46961 550
46962 550
46963 550
46964 550
46965 550
46966 550
46967 550
46968 550
46969 550
46970 550
46971 550
46972 550
46973 550
46974 550
46975 550
46976 550
46977 550
46978 550
46979 550
46980 550
46981 550
46982 550
46983 550
46984 550
46985 550
46986 550
46987 550
46988 550
46989 550
46990 550
46991 550
46992 550
46993 550
46994 550
46995 550
46996 550
46997 550
46998 550
46999 550
47000 550
47001 550
47002 550
47003 550
47004 550
47005 550
47006 550
47007 550
47008 550
47009 550
47010 550
47011 550
47012 550
47013 550
47014 550
47015 550
47016 550
47017 550
47018 550
47019 550
47020 550
47021 550
47022 550
47023 550
47024 550
47025 550
47026 550
47027 550
47028 550
47029 550
47030 550
47031 550
47032 550
47033 550
47034 550
47035 550
47036 550
47037 550
47038 550
47039 550
47040 550
47041 550
47042 550
47043 550
47044 550
47045 550
47046 550
47047 550
47048 550
47049 550
47050 550
47051 550
47052 550
47053 550
47054 550
47055 550
47056 550
47057 550
47058 550
47059 550
47060 550
47061 550
47062 550
47063 550
47064 550
47065 550
47066 550
47067 550
47068 550
47069 550
47070 550
47071 550
47072 550
47073 550
47074 550
47075 550
47076 550
47077 550
47078 550
47079 550
47080 550
47081 550
47082 550
47083 550
47084 550
47085 550
47086 550
47087 550
47088 550
47089 550
47090 550
47091 550
47092 550
47093 550
47094 550
47095 550
47096 550
47097 550
47098 550
47099 550
47100 550
47101 550
47102 550
47103 550
47104 550
47105 550
47106 550
47107 550
47108 550
47109 551
47110 551
47111 551
47112 551
47113 551
47114 551
47115 551
47116 551
47117 551
47118 551
47119 551
47120 551
47121 551
47122 551
47123 551
47124 551
47125 551
47126 551
47127 551
47128 551
47129 551
47130 551
47131 551
47132 551
47133 551
47134 551
47135 551
47136 551
47137 551
47138 551
47139 551
47140 551
47141 551
47142 551
47143 551
47144 551
47145 551
47146 551
47147 551
47148 551
47149 551
47150 551
47151 551
47152 551
47153 551
47154 551
47155 551
47156 551
47157 551
47158 551
47159 551
47160 551
47161 551
47162 551
47163 551
47164 551
47165 551
47166 551
47167 551
47168 551
47169 551
47170 551
47171 551
47172 551
47173 551
47174 551
47175 551
47176 551
47177 551
47178 551
47179 551
47180 551
47181 551
47182 551
47183 552
47184 552
47185 552
47186 552
47187 552
47188 552
47189 552
47190 552
47191 552
47192 552
47193 552
47194 552
47195 552
47196 552
47197 552
47198 552
47199 552
47200 552
47201 552
47202 552
47203 552
47204 552
47205 552
47206 552
47207 552
47208 552
47209 552
47210 552
47211 552
47212 552
47213 552
47214 552
47215 552
47216 552
47217 552
47218 552
47219 552
47220 552
47221 552
47222 552
47223 552
47224 552
47225 552
47226 552
47227 552
47228 552
47229 552
47230 552
47231 552
47232 552
47233 552
47234 552
47235 552
47236 552
47237 552
47238 552
47239 552
47240 552
47241 552
47242 552
47243 552
47244 552
47245 552
47246 552
47247 552
47248 552
47249 552
47250 552
47251 552
47252 552
47253 552
47254 552
47255 552
47256 552
47257 552
47258 552
47259 552
47260 552
47261 552
47262 552
47263 552
47264 552
47265 552
47266 552
47267 552
47268 552
47269 552
47270 552
47271 552
47272 552
47273 552
47274 552
47275 552
47276 552
47277 552
47278 552
47279 552
47280 552
47281 552
47282 552
47283 552
47284 552
47285 552
47286 552
47287 552
47288 552
47289 552
47290 552
47291 552
47292 552
47293 552
47294 552
47295 552
47296 552
47297 552
47298 552
47299 552
47300 552
47301 552
47302 552
47303 552
47304 552
47305 552
47306 552
47307 552
47308 552
47309 552
47310 552
47311 552
47312 552
47313 552
47314 552
47315 552
47316 552
47317 552
47318 552
47319 552
47320 552
47321 552
47322 552
47323 552
47324 552
47325 552
47326 552
47327 552
47328 552
47329 552
47330 552
47331 552
47332 552
47333 552
47334 552
47335 552
47336 552
47337 552
47338 552
47339 552
47340 552
47341 552
47342 552
47343 552
47344 552
47345 552
47346 552
47347 552
47348 552
47349 552
47350 552
47351 552
47352 552
47353 552
47354 552
47355 552
47356 552
47357 552
47358 552
47359 552
47360 552
47361 552
47362 552
47363 552
47364 552
47365 552
47366 552
47367 552
47368 552
47369 552
47370 552
47371 552
47372 552
47373 552
47374 552
47375 552
47376 552
47377 552
47378 552
47379 552
47380 552
47381 552
47382 552
47383 552
47384 552
47385 552
47386 552
47387 552
47388 552
47389 552
47390 552
47391 552
47392 552
47393 552
47394 552
47395 552
47396 552
47397 552
47398 552
47399 552
47400 552
47401 552
47402 552
47403 552
47404 552
47405 552
47406 552
47407 552
47408 552
47409 552
47410 552
47411 552
47412 552
47413 552
47414 552
47415 552
47416 552
47417 552
47418 552
47419 552
47420 552
47421 552
47422 552
47423 552
47424 552
47425 552
47426 552
47427 552
47428 552
47429 552
47430 552
47431 552
47432 552
47433 552
47434 552
47435 552
47436 552
47437 552
47438 552
47439 552
47440 552
47441 552
47442 552
47443 552
47444 552
47445 552
47446 552
47447 552
47448 552
47449 552
47450 552
47451 552
47452 552
47453 552
47454 552
47455 552
47456 552
47457 552
47458 552
47459 552
47460 552
47461 552
47462 552
47463 552
47464 552
47465 552
47466 552
47467 552
47468 552
47469 552
47470 552
47471 552
47472 552
47473 552
47474 552
47475 552
47476 552
47477 552
47478 552
47479 552
47480 552
47481 552
47482 552
47483 552
47484 552
47485 552
47486 552
47487 552
47488 552
47489 552
47490 552
47491 552
47492 552
47493 552
47494 552
47495 552
47496 552
47497 552
47498 552
47499 552
47500 552
47501 552
47502 552
47503 552
47504 552
47505 552
47506 552
47507 552
47508 552
47509 552
47510 552
47511 552
47512 552
47513 552
47514 552
47515 552
47516 552
47517 552
47518 552
47519 552
47520 552
47521 552
47522 552
47523 552
47524 552
47525 553
47526 553
47527 553
47528 553
47529 553
47530 553
47531 553
47532 553
47533 553
47534 553
47535 553
47536 553
47537 553
47538 553
47539 553
47540 553
47541 553
47542 553
47543 553
47544 553
47545 553
47546 553
47547 553
47548 553
47549 553
47550 553
47551 553
47552 553
47553 553
47554 553
47555 553
47556 553
47557 553
47558 553
47559 553
47560 553
47561 553
47562 553
47563 553
47564 553
47565 553
47566 553
47567 553
47568 553
47569 553
47570 553
47571 553
47572 553
47573 553
47574 553
47575 553
47576 553
47577 553
47578 553
47579 553
47580 553
47581 553
47582 553
47583 553
47584 553
47585 553
47586 553
47587 553
47588 553
47589 553
47590 553
47591 553
47592 553
47593 553
47594 553
47595 553
47596 553
47597 553
47598 553
47599 553
47600 553
47601 553
47602 553
47603 553
47604 553
47605 553
47606 553
47607 553
47608 553
47609 553
47610 553
47611 553
47612 553
47613 553
47614 553
47615 553
47616 553
47617 553
47618 553
47619 553
47620 553
47621 553
47622 553
47623 553
47624 553
47625 553
47626 553
47627 553
47628 553
47629 553
47630 553
47631 553
47632 553
47633 553
47634 553
47635 553
47636 553
47637 553
47638 553
47639 553
47640 553
47641 553
47642 553
47643 553
47644 553
47645 553
47646 553
47647 553
47648 553
47649 553
47650 553
47651 553
47652 553
47653 553
47654 553
47655 553
47656 553
47657 553
47658 553
47659 553
47660 553
47661 553
47662 553
47663 553
47664 553
47665 553
47666 553
47667 553
47668 553
47669 553
47670 553
47671 553
47672 553
47673 553
47674 553
47675 553
47676 553
47677 553
47678 553
47679 553
47680 553
47681 553
47682 553
47683 553
47684 553
47685 553
47686 553
47687 553
47688 553
47689 553
47690 553
47691 553
47692 553
47693 553
47694 553
47695 553
47696 553
47697 553
47698 553
47699 553
47700 553
47701 553
47702 553
47703 553
47704 553
47705 553
47706 553
47707 553
47708 553
47709 553
47710 553
47711 553
47712 553
47713 553
47714 553
47715 553
47716 553
47717 553
47718 553
47719 553
47720 553
47721 553
47722 553
47723 553
47724 553
47725 553
47726 553
47727 553
47728 553
47729 553
47730 553
47731 553
47732 553
47733 553
47734 553
47735 553
47736 553
47737 553
47738 553
47739 553
47740 553
47741 553
47742 553
47743 553
47744 553
47745 553
47746 553
47747 553
47748 553
47749 553
47750 554
47751 554
47752 554
47753 554
47754 554
47755 554
47756 554
47757 554
47758 554
47759 554
47760 554
47761 554
47762 554
47763 554
47764 554
47765 554
47766 554
47767 554
47768 554
47769 554
47770 554
47771 554
47772 554
47773 554
47774 554
47775 554
47776 554
47777 554
47778 554
47779 554
47780 554
47781 554
47782 554
47783 554
47784 554
47785 554
47786 554
47787 554
47788 554
47789 554
47790 554
47791 554
47792 554
47793 554
47794 554
47795 554
47796 554
47797 554
47798 554
47799 554
47800 554
47801 554
47802 554
47803 554
47804 554
47805 554
47806 554
47807 554
47808 554
47809 554
47810 554
47811 554
47812 554
47813 554
47814 554
47815 554
47816 554
47817 554
47818 554
47819 554
47820 554
47821 554
47822 554
47823 554
47824 554
47825 554
47826 554
47827 554
47828 554
47829 554
47830 554
47831 554
47832 554
47833 554
47834 554
47835 554
47836 554
47837 554
47838 554
47839 554
47840 554
47841 554
47842 554
47843 554
47844 554
47845 554
47846 554
47847 554
47848 554
47849 554
47850 554
47851 554
47852 554
47853 554
47854 554
47855 554
47856 554
47857 554
47858 554
47859 554
47860 554
47861 554
47862 554
47863 554
47864 554
47865 554
47866 554
47867 554
47868 554
47869 554
47870 554
47871 554
47872 554
47873 554
47874 554
47875 554
47876 554
47877 554
47878 554
47879 554
47880 554
47881 554
47882 554
47883 554
47884 554
47885 554
47886 554
47887 554
47888 554
47889 554
47890 554
47891 554
47892 554
47893 554
47894 554
47895 554
47896 554
47897 554
47898 554
47899 554
47900 554
47901 554
47902 554
47903 554
47904 554
47905 554
47906 554
47907 554
47908 554
47909 554
47910 554
47911 554
47912 554
47913 554
47914 554
47915 554
47916 554
47917 554
47918 554
47919 554
47920 554
47921 554
47922 554
47923 554
47924 554
47925 554
47926 554
47927 555
47928 555
47929 555
47930 555
47931 555
47932 555
47933 555
47934 555
47935 555
47936 555
47937 555
47938 555
47939 555
47940 555
47941 555
47942 555
47943 555
47944 555
47945 555
47946 555
47947 555
47948 555
47949 555
47950 555
47951 555
47952 555
47953 555
47954 555
47955 555
47956 555
47957 555
47958 555
47959 555
47960 555
47961 555
47962 555
47963 555
47964 555
47965 555
47966 555
47967 555
47968 555
47969 555
47970 555
47971 555
47972 555
47973 555
47974 555
47975 555
47976 555
47977 555
47978 555
47979 555
47980 555
47981 555
47982 555
47983 555
47984 555
47985 555
47986 555
47987 555
47988 555
47989 555
47990 555
47991 555
47992 555
47993 555
47994 555
47995 555
47996 555
47997 555
47998 555
47999 555
48000 555
48001 555
48002 555
48003 555
48004 555
48005 555
48006 555
48007 555
48008 555
48009 555
48010 555
48011 555
48012 555
48013 555
48014 555
48015 555
48016 555
48017 555
48018 555
48019 555
48020 555
48021 555
48022 555
48023 555
48024 555
48025 555
48026 555
48027 555
48028 555
48029 555
48030 555
48031 555
48032 555
48033 555
48034 555
48035 555
48036 555
48037 555
48038 555
48039 555
48040 555
48041 555
48042 555
48043 555
48044 555
48045 555
48046 555
48047 555
48048 555
48049 555
48050 555
48051 555
48052 555
48053 555
48054 555
48055 555
48056 555
48057 555
48058 555
48059 555
48060 555
48061 555
48062 555
48063 555
48064 555
48065 555
48066 555
48067 555
48068 555
48069 555
48070 555
48071 555
48072 555
48073 555
48074 555
48075 555
48076 555
48077 555
48078 555
48079 555
48080 555
48081 555
48082 555
48083 555
48084 555
48085 555
48086 555
48087 555
48088 555
48089 555
48090 555
48091 555
48092 555
48093 555
48094 555
48095 555
48096 555
48097 555
48098 555
48099 555
48100 555
48101 555
48102 555
48103 555
48104 555
48105 555
48106 555
48107 555
48108 555
48109 555
48110 555
48111 555
48112 555
48113 555
48114 555
48115 555
48116 555
48117 555
48118 555
48119 555
48120 555
48121 555
48122 555
48123 555
48124 555
48125 555
48126 555
48127 555
48128 555
48129 555
48130 555
48131 555
48132 555
48133 555
48134 555
48135 555
48136 555
48137 555
48138 555
48139 555
48140 555
48141 555
48142 555
48143 555
48144 555
48145 555
48146 555
48147 555
48148 555
48149 555
48150 555
48151 555
48152 555
48153 555
48154 555
48155 555
48156 555
48157 555
48158 555
48159 555
48160 555
48161 555
48162 555
48163 555
48164 555
48165 555
48166 555
48167 555
48168 555
48169 555
48170 555
48171 555
48172 555
48173 555
48174 555
48175 555
48176 555
48177 555
48178 555
48179 555
48180 555
48181 555
48182 555
48183 555
48184 555
48185 555
48186 555
48187 555
48188 555
48189 555
48190 555
48191 555
48192 555
48193 555
48194 555
48195 555
48196 555
48197 555
48198 555
48199 555
48200 555
48201 555
48202 555
48203 555
48204 555
48205 555
48206 555
48207 555
48208 555
48209 555
48210 555
48211 555
48212 555
48213 555
48214 555
48215 555
48216 555
48217 555
48218 555
48219 555
48220 555
48221 555
48222 555
48223 555
48224 555
48225 555
48226 555
48227 555
48228 555
48229 555
48230 555
48231 555
48232 555
48233 555
48234 555
48235 555
48236 555
48237 555
48238 555
48239 555
48240 555
48241 555
48242 555
48243 555
48244 555
48245 555
48246 555
48247 555
48248 555
48249 555
48250 555
48251 555
48252 555
48253 555
48254 555
48255 555
48256 555
48257 555
48258 555
48259 555
48260 555
48261 555
48262 555
48263 556
48264 556
48265 556
48266 556
48267 556
48268 556
48269 556
48270 556
48271 556
48272 556
48273 556
48274 556
48275 556
48276 556
48277 556
48278 556
48279 556
48280 556
48281 556
48282 556
48283 556
48284 556
48285 556
48286 556
48287 556
48288 556
48289 556
48290 556
48291 556
48292 556
48293 556
48294 556
48295 556
48296 556
48297 556
48298 556
48299 556
48300 556
48301 556
48302 556
48303 556
48304 556
48305 556
48306 556
48307 556
48308 556
48309 556
48310 556
48311 556
48312 556
48313 556
48314 556
48315 556
48316 556
48317 556
48318 556
48319 556
48320 556
48321 556
48322 556
48323 556
48324 556
48325 556
48326 556
48327 556
48328 556
48329 556
48330 556
48331 556
48332 556
48333 556
48334 556
48335 556
48336 556
48337 556
48338 556
48339 556
48340 556
48341 556
48342 556
48343 556
48344 556
48345 556
48346 556
48347 556
48348 556
48349 556
48350 556
48351 556
48352 556
48353 556
48354 556
48355 556
48356 556
48357 556
48358 556
48359 556
48360 556
48361 556
48362 556
48363 556
48364 556
48365 556
48366 556
48367 556
48368 556
48369 556
48370 556
48371 556
48372 556
48373 556
48374 556
48375 556
48376 556
48377 556
48378 556
48379 556
48380 556
48381 556
48382 556
48383 556
48384 556
48385 556
48386 556
48387 556
48388 556
48389 556
48390 556
48391 556
48392 556
48393 556
48394 556
48395 556
48396 556
48397 556
48398 556
48399 556
48400 556
48401 556
48402 556
48403 556
48404 556
48405 556
48406 556
48407 556
48408 556
48409 556
48410 556
48411 556
48412 556
48413 556
48414 556
48415 556
48416 556
48417 556
48418 556
48419 556
48420 556
48421 556
48422 556
48423 556
48424 556
48425 556
48426 557
48427 557
48428 557
48429 557
48430 557
48431 557
48432 557
48433 557
48434 557
48435 557
48436 557
48437 557
48438 557
48439 557
48440 557
48441 557
48442 557
48443 557
48444 557
48445 557
48446 557
48447 557
48448 557
48449 557
48450 557
48451 557
48452 557
48453 557
48454 557
48455 557
48456 557
48457 557
48458 557
48459 557
48460 557
48461 557
48462 557
48463 557
48464 557
48465 557
48466 557
48467 557
48468 557
48469 557
48470 557
48471 557
48472 557
48473 557
48474 557
48475 557
48476 557
48477 557
48478 557
48479 557
48480 557
48481 557
48482 557
48483 557
48484 557
48485 557
48486 557
48487 557
48488 557
48489 557
48490 557
48491 557
48492 557
48493 557
48494 557
48495 557
48496 557
48497 557
48498 557
48499 557
48500 557
48501 557
48502 557
48503 557
48504 557
48505 557
48506 557
48507 557
48508 557
48509 557
48510 557
48511 557
48512 557
48513 557
48514 557
48515 557
48516 557
48517 557
48518 557
48519 557
48520 557
48521 557
48522 557
48523 557
48524 557
48525 557
48526 557
48527 557
48528 557
48529 557
48530 557
48531 557
48532 557
48533 557
48534 557
48535 557
48536 557
48537 557
48538 557
48539 557
48540 557
48541 557
48542 557
48543 557
48544 557
48545 557
48546 557
48547 557
48548 557
48549 557
48550 557
48551 557
48552 557
48553 557
48554 557
48555 557
48556 557
48557 557
48558 558
48559 558
48560 558
48561 558
48562 558
48563 558
48564 558
48565 558
48566 558
48567 558
48568 558
48569 558
48570 558
48571 558
48572 558
48573 558
48574 558
48575 558
48576 558
48577 558
48578 558
48579 558
48580 558
48581 558
48582 558
48583 558
48584 558
48585 558
48586 558
48587 558
48588 558
48589 558
48590 558
48591 558
48592 558
48593 558
48594 558
48595 558
48596 558
48597 558
48598 558
48599 558
48600 558
48601 558
48602 558
48603 558
48604 558
48605 558
48606 558
48607 558
48608 558
48609 558
48610 558
48611 558
48612 558
48613 558
48614 558
48615 558
48616 558
48617 558
48618 558
48619 558
48620 558
48621 558
48622 558
48623 558
48624 558
48625 558
48626 558
48627 558
48628 558
48629 558
48630 558
48631 558
48632 558
48633 558
48634 558
48635 558
48636 558
48637 558
48638 558
48639 558
48640 558
48641 558
48642 558
48643 558
48644 558
48645 558
48646 558
48647 558
48648 558
48649 558
48650 558
48651 558
48652 558
48653 558
48654 558
48655 558
48656 558
48657 558
48658 558
48659 558
48660 558
48661 558
48662 558
48663 558
48664 558
48665 558
48666 558
48667 558
48668 558
48669 558
48670 558
48671 558
48672 558
48673 558
48674 558
48675 558
48676 558
48677 558
48678 558
48679 558
48680 558
48681 558
48682 558
48683 558
48684 558
48685 558
48686 558
48687 558
48688 558
48689 558
48690 558
48691 558
48692 558
48693 558
48694 558
48695 558
48696 558
48697 558
48698 558
48699 558
48700 558
48701 558
48702 558
48703 558
48704 558
48705 558
48706 558
48707 558
48708 558
48709 558
48710 558
48711 558
48712 558
48713 558
48714 558
48715 558
48716 558
48717 558
48718 558
48719 558
48720 558
48721 558
48722 558
48723 558
48724 558
48725 558
48726 558
48727 558
48728 558
48729 558
48730 558
48731 558
48732 558
48733 558
48734 558
48735 558
48736 558
48737 558
48738 558
48739 558
48740 558
48741 558
48742 558
48743 558
48744 558
48745 558
48746 558
48747 558
48748 558
48749 558
48750 558
48751 558
48752 558
48753 558
48754 558
48755 558
48756 558
48757 558
48758 558
48759 558
48760 558
48761 558
48762 558
48763 558
48764 558
48765 558
48766 558
48767 558
48768 558
48769 558
48770 558
48771 558
48772 558
48773 558
48774 558
48775 558
48776 558
48777 558
48778 558
48779 558
48780 558
48781 558
48782 558
48783 558
48784 558
48785 558
48786 558
48787 558
48788 558
48789 558
48790 558
48791 558
48792 558
48793 558
48794 558
48795 558
48796 558
48797 558
48798 558
48799 558
48800 558
48801 558
48802 558
48803 558
48804 558
48805 558
48806 558
48807 558
48808 558
48809 558
48810 558
48811 558
48812 558
48813 558
48814 558
48815 558
48816 558
48817 558
48818 558
48819 558
48820 558
48821 558
48822 558
48823 558
48824 558
48825 558
48826 558
48827 558
48828 558
48829 558
48830 558
48831 558
48832 558
48833 558
48834 558
48835 558
48836 558
48837 558
48838 558
48839 558
48840 559
48841 559
48842 559
48843 559
48844 559
48845 559
48846 559
48847 559
48848 559
48849 559
48850 559
48851 559
48852 559
48853 559
48854 559
48855 559
48856 559
48857 559
48858 559
48859 559
48860 559
48861 559
48862 559
48863 559
48864 559
48865 559
48866 559
48867 559
48868 559
48869 559
48870 559
48871 559
48872 559
48873 559
48874 559
48875 559
48876 559
48877 559
48878 559
48879 559
48880 559
48881 559
48882 559
48883 559
48884 559
48885 559
48886 559
48887 559
48888 559
48889 559
48890 559
48891 559
48892 559
48893 559
48894 559
48895 559
48896 559
48897 559
48898 559
48899 559
48900 559
48901 559
48902 559
48903 559
48904 559
48905 559
48906 559
48907 559
48908 559
48909 559
48910 559
48911 559
48912 559
48913 559
48914 559
48915 559
48916 559
48917 559
48918 559
48919 559
48920 559
48921 559
48922 559
48923 559
48924 559
48925 559
48926 559
48927 559
48928 559
48929 559
48930 559
48931 559
48932 559
48933 559
48934 559
48935 559
48936 559
48937 559
48938 559
48939 559
48940 559
48941 559
48942 559
48943 559
48944 559
48945 559
48946 559
48947 559
48948 559
48949 559
48950 559
48951 559
48952 559
48953 559
48954 559
48955 559
48956 559
48957 559
48958 559
48959 559
48960 559
48961 559
48962 559
48963 559
48964 559
48965 559
48966 559
48967 559
48968 559
48969 559
48970 559
48971 559
48972 559
48973 559
48974 559
48975 559
48976 559
48977 559
48978 559
48979 559
48980 559
48981 559
48982 559
48983 559
48984 559
48985 559
48986 559
48987 559
48988 559
48989 559
48990 559
48991 559
48992 559
48993 559
48994 559
48995 559
48996 559
48997 559
48998 560
48999 560
49000 560
49001 560
49002 560
49003 560
49004 560
49005 560
49006 560
49007 560
49008 560
49009 560
49010 560
49011 560
49012 560
49013 560
49014 560
49015 560
49016 560
49017 560
49018 560
49019 560
49020 560
49021 560
49022 560
49023 560
49024 560
49025 560
49026 560
49027 560
49028 560
49029 560
49030 560
49031 560
49032 560
49033 560
49034 560
49035 560
49036 560
49037 560
49038 560
49039 560
49040 560
49041 560
49042 560
49043 560
49044 560
49045 560
49046 560
49047 560
49048 560
49049 560
49050 560
49051 560
49052 560
49053 560
49054 560
49055 560
49056 560
49057 560
49058 560
49059 560
49060 560
49061 560
49062 560
49063 560
49064 560
49065 560
49066 560
49067 560
49068 560
49069 560
49070 560
49071 560
49072 560
49073 560
49074 560
49075 560
49076 560
49077 560
49078 560
49079 560
49080 560
49081 560
49082 560
49083 560
49084 560
49085 560
49086 560
49087 560
49088 560
49089 560
49090 560
49091 560
49092 560
49093 560
49094 560
49095 560
49096 560
49097 560
49098 560
49099 560
49100 560
49101 560
49102 560
49103 560
49104 560
49105 560
49106 560
49107 560
49108 560
49109 560
49110 560
49111 560
49112 560
49113 560
49114 560
49115 560
49116 560
49117 560
49118 560
49119 560
49120 560
49121 560
49122 560
49123 560
49124 560
49125 560
49126 560
49127 560
49128 560
49129 560
49130 560
49131 560
49132 560
49133 560
49134 560
49135 560
49136 560
49137 560
49138 560
49139 560
49140 560
49141 560
49142 560
49143 560
49144 560
49145 560
49146 560
49147 560
49148 560
49149 560
49150 560
49151 560
49152 560
49153 560
49154 560
49155 560
49156 560
49157 560
49158 560
49159 560
49160 560
49161 560
49162 560
49163 560
49164 560
49165 560
49166 560
49167 560
49168 560
49169 560
49170 560
49171 560
49172 560
49173 560
49174 560
49175 560
49176 560
49177 560
49178 560
49179 560
49180 560
49181 560
49182 560
49183 560
49184 560
49185 560
49186 560
49187 561
49188 561
49189 561
49190 561
49191 561
49192 561
49193 561
49194 561
49195 561
49196 561
49197 561
49198 561
49199 561
49200 561
49201 561
49202 561
49203 561
49204 561
49205 561
49206 561
49207 561
49208 561
49209 561
49210 561
49211 561
49212 561
49213 561
49214 561
49215 561
49216 561
49217 561
49218 561
49219 561
49220 561
49221 561
49222 561
49223 561
49224 561
49225 561
49226 561
49227 561
49228 561
49229 561
49230 561
49231 561
49232 561
49233 561
49234 561
49235 561
49236 561
49237 561
49238 561
49239 561
49240 561
49241 561
49242 561
49243 561
49244 561
49245 561
49246 561
49247 561
49248 561
49249 561
49250 561
49251 561
49252 561
49253 561
49254 561
49255 561
49256 561
49257 561
49258 561
49259 561
49260 561
49261 561
49262 561
49263 561
49264 561
49265 561
49266 561
49267 561
49268 561
49269 561
49270 561
49271 561
49272 561
49273 561
49274 561
49275 561
49276 561
49277 561
49278 561
49279 561
49280 561
49281 561
49282 561
49283 561
49284 561
49285 561
49286 561
49287 561
49288 561
49289 561
49290 561
49291 561
49292 561
49293 561
49294 561
49295 561
49296 561
49297 561
49298 561
49299 561
49300 561
49301 561
49302 561
49303 561
49304 561
49305 561
49306 561
49307 561
49308 561
49309 561
49310 561
49311 561
49312 561
49313 561
49314 562
49315 562
49316 562
49317 562
49318 562
49319 562
49320 562
49321 562
49322 562
49323 562
49324 562
49325 562
49326 562
49327 562
49328 562
49329 562
49330 562
49331 562
49332 562
49333 562
49334 562
49335 562
49336 562
49337 562
49338 562
49339 562
49340 562
49341 562
49342 562
49343 562
49344 562
49345 562
49346 562
49347 562
49348 562
49349 562
49350 562
49351 562
49352 562
49353 562
49354 562
49355 562
49356 562
49357 562
49358 562
49359 562
49360 562
49361 562
49362 562
49363 562
49364 562
49365 562
49366 562
49367 562
49368 562
49369 562
49370 562
49371 562
49372 562
49373 562
49374 562
49375 562
49376 562
49377 562
49378 562
49379 562
49380 562
49381 562
49382 562
49383 562
49384 562
49385 562
49386 562
49387 562
49388 562
49389 562
49390 562
49391 562
49392 562
49393 562
49394 562
49395 562
49396 562
49397 562
49398 562
49399 562
49400 562
49401 562
49402 562
49403 562
49404 562
49405 562
49406 562
49407 562
49408 562
49409 562
49410 562
49411 562
49412 562
49413 562
49414 562
49415 562
49416 562
49417 562
49418 562
49419 562
49420 562
49421 562
49422 562
49423 562
49424 562
49425 562
49426 562
49427 562
49428 562
49429 562
49430 562
49431 562
49432 562
49433 562
49434 562
49435 562
49436 562
49437 562
49438 562
49439 563
49440 563
49441 563
49442 563
49443 563
49444 563
49445 563
49446 563
49447 563
49448 563
49449 563
49450 563
49451 563
49452 563
49453 563
49454 563
49455 563
49456 563
49457 563
49458 563
49459 563
49460 563
49461 563
49462 563
49463 563
49464 563
49465 563
49466 563
49467 563
49468 563
49469 563
49470 563
49471 563
49472 563
49473 563
49474 563
49475 563
49476 563
49477 563
49478 563
49479 563
49480 563
49481 563
49482 563
49483 563
49484 563
49485 563
49486 563
49487 563
49488 563
49489 563
49490 563
49491 563
49492 563
49493 563
49494 563
49495 563
49496 563
49497 563
49498 563
49499 563
49500 563
49501 563
49502 563
49503 563
49504 563
49505 563
49506 563
49507 563
49508 563
49509 563
49510 563
49511 563
49512 563
49513 563
49514 563
49515 563
49516 563
49517 563
49518 563
49519 563
49520 563
49521 563
49522 563
49523 563
49524 563
49525 563
49526 563
49527 563
49528 563
49529 563
49530 563
49531 563
49532 563
49533 563
49534 563
49535 563
49536 563
49537 563
49538 563
49539 563
49540 563
49541 563
49542 563
49543 563
49544 563
49545 563
49546 563
49547 563
49548 563
49549 563
49550 563
49551 563
49552 563
49553 563
49554 563
49555 563
49556 563
49557 563
49558 563
49559 563
49560 563
49561 563
49562 563
49563 563
49564 563
49565 563
49566 563
49567 563
49568 563
49569 563
49570 563
49571 563
49572 563
49573 563
49574 563
49575 563
49576 563
49577 563
49578 563
49579 563
49580 563
49581 563
49582 563
49583 563
49584 563
49585 563
49586 563
49587 563
49588 563
49589 563
49590 563
49591 563
49592 563
49593 563
49594 563
49595 563
49596 563
49597 563
49598 563
49599 563
49600 563
49601 563
49602 563
49603 563
49604 563
49605 563
49606 563
49607 563
49608 563
49609 563
49610 563
49611 563
49612 563
49613 563
49614 563
49615 563
49616 563
49617 563
49618 563
49619 563
49620 563
49621 563
49622 563
49623 563
49624 563
49625 563
49626 563
49627 563
49628 563
49629 563
49630 563
49631 563
49632 563
49633 563
49634 563
49635 563
49636 563
49637 563
49638 563
49639 563
49640 563
49641 563
49642 563
49643 563
49644 563
49645 563
49646 563
49647 563
49648 563
49649 563
49650 563
49651 563
49652 563
49653 563
49654 563
49655 563
49656 563
49657 563
49658 563
49659 563
49660 563
49661 563
49662 563
49663 563
49664 563
49665 563
49666 563
49667 563
49668 563
49669 563
49670 563
49671 563
49672 563
49673 563
49674 563
49675 563
49676 563
49677 563
49678 563
49679 563
49680 563
49681 563
49682 563
49683 563
49684 563
49685 563
49686 563
49687 563
49688 563
49689 563
49690 563
49691 563
49692 563
49693 563
49694 563
49695 563
49696 563
49697 563
49698 563
49699 563
49700 563
49701 563
49702 563
49703 563
49704 563
49705 563
49706 563
49707 563
49708 563
49709 563
49710 563
49711 563
49712 563
49713 563
49714 563
49715 563
49716 563
49717 563
49718 563
49719 563
49720 563
49721 563
49722 563
49723 563
49724 563
49725 563
49726 563
49727 563
49728 563
49729 563
49730 563
49731 563
49732 563
49733 563
49734 563
49735 563
49736 563
49737 563
49738 563
49739 563
49740 563
49741 563
49742 563
49743 563
49744 563
49745 563
49746 563
49747 563
49748 563
49749 563
49750 563
49751 563
49752 563
49753 563
49754 564
49755 564
49756 564
49757 564
49758 564
49759 564
49760 564
49761 564
49762 564
49763 564
49764 564
49765 564
49766 564
49767 564
49768 564
49769 564
49770 564
49771 564
49772 564
49773 564
49774 564
49775 564
49776 564
49777 564
49778 564
49779 564
49780 564
49781 564
49782 564
49783 564
49784 564
49785 564
49786 564
49787 564
49788 564
49789 564
49790 564
49791 564
49792 564
49793 564
49794 564
49795 564
49796 564
49797 564
49798 564
49799 564
49800 564
49801 564
49802 564
49803 564
49804 564
49805 564
49806 564
49807 564
49808 564
49809 564
49810 564
49811 564
49812 564
49813 564
49814 564
49815 564
49816 564
49817 564
49818 564
49819 564
49820 564
49821 564
49822 564
49823 564
49824 564
49825 564
49826 564
49827 564
49828 564
49829 564
49830 564
49831 564
49832 564
49833 564
49834 564
49835 564
49836 564
49837 564
49838 564
49839 564
49840 564
49841 564
49842 564
49843 564
49844 564
49845 564
49846 564
49847 564
49848 564
49849 564
49850 564
49851 564
49852 564
49853 564
49854 564
49855 564
49856 564
49857 564
49858 564
49859 564
49860 564
49861 564
49862 564
49863 564
49864 564
49865 564
49866 564
49867 564
49868 564
49869 564
49870 564
49871 564
49872 564
49873 564
49874 564
49875 564
49876 564
49877 564
49878 564
49879 564
49880 564
49881 564
49882 564
49883 564
49884 564
49885 564
49886 564
49887 564
49888 564
49889 564
49890 564
49891 564
49892 564
49893 564
49894 564
49895 564
49896 564
49897 564
49898 564
49899 564
49900 564
49901 564
49902 564
49903 564
49904 564
49905 564
49906 564
49907 564
49908 564
49909 564
49910 564
49911 564
49912 564
49913 564
49914 564
49915 564
49916 564
49917 564
49918 564
49919 564
49920 564
49921 564
49922 564
49923 564
49924 564
49925 564
49926 564
49927 564
49928 564
49929 564
49930 564
49931 564
49932 564
49933 564
49934 564
49935 564
49936 565
49937 565
49938 565
49939 565
49940 565
49941 565
49942 565
49943 565
49944 565
49945 565
49946 565
49947 565
49948 565
49949 565
49950 565
49951 565
49952 565
49953 565
49954 565
49955 565
49956 565
49957 565
49958 565
49959 565
49960 565
49961 565
49962 565
49963 565
49964 565
49965 565
49966 565
49967 565
49968 565
49969 565
49970 565
49971 565
49972 565
49973 565
49974 565
49975 565
49976 565
49977 565
49978 565
49979 565
49980 565
49981 565
49982 565
49983 565
49984 565
49985 565
49986 565
49987 565
49988 565
49989 565
49990 565
49991 565
49992 565
49993 565
49994 565
49995 565
49996 565
49997 565
49998 565
49999 565
50000 565
50001 565
50002 565
50003 565
50004 565
50005 565
50006 565
50007 565
50008 565
50009 565
50010 565
50011 565
50012 565
50013 565
50014 565
50015 565
50016 565
50017 565
50018 565
50019 565
50020 565
50021 565
50022 565
50023 565
50024 565
50025 565
50026 565
50027 565
50028 565
50029 565
50030 565
50031 565
50032 565
50033 565
50034 565
50035 565
50036 565
50037 565
50038 565
50039 565
50040 565
50041 565
50042 565
50043 565
50044 565
50045 565
50046 565
50047 565
50048 565
50049 565
50050 565
50051 565
50052 565
50053 565
50054 565
50055 565
50056 565
50057 565
50058 565
50059 565
50060 565
50061 565
50062 565
50063 565
50064 565
50065 565
50066 565
50067 565
50068 565
50069 565
50070 565
50071 565
50072 565
50073 565
50074 565
50075 565
50076 565
50077 565
50078 565
50079 565
50080 565
50081 565
50082 565
50083 565
50084 565
50085 565
50086 565
50087 565
50088 565
50089 565
50090 565
50091 565
50092 565
50093 565
50094 565
50095 565
50096 565
50097 565
50098 565
50099 565
50100 565
50101 565
50102 565
50103 565
50104 565
50105 565
50106 565
50107 565
50108 565
50109 565
50110 565
50111 565
50112 565
50113 565
50114 565
50115 565
50116 565
50117 565
50118 565
50119 565
50120 565
50121 565
50122 565
50123 565
50124 565
50125 565
50126 565
50127 565
50128 565
50129 565
50130 565
50131 565
50132 565
50133 565
50134 565
50135 565
50136 565
50137 565
50138 565
50139 565
50140 565
50141 565
50142 565
50143 565
50144 565
50145 565
50146 566
50147 566
50148 566
50149 566
50150 566
50151 566
50152 566
50153 566
50154 566
50155 566
50156 566
50157 566
50158 566
50159 566
50160 566
50161 566
50162 566
50163 566
50164 566
50165 566
50166 566
50167 566
50168 566
50169 566
50170 566
50171 566
50172 566
50173 566
50174 566
50175 566
50176 566
50177 566
50178 566
50179 566
50180 566
50181 566
50182 566
50183 566
50184 566
50185 566
50186 566
50187 566
50188 566
50189 566
50190 566
50191 566
50192 566
50193 566
50194 566
50195 566
50196 566
50197 566
50198 566
50199 566
50200 566
50201 566
50202 566
50203 566
50204 566
50205 566
50206 566
50207 566
50208 566
50209 566
50210 566
50211 566
50212 566
50213 566
50214 566
50215 566
50216 566
50217 566
50218 566
50219 566
50220 566
50221 566
50222 566
50223 566
50224 566
50225 566
50226 566
50227 566
50228 566
50229 566
50230 566
50231 566
50232 566
50233 566
50234 566
50235 566
50236 566
50237 566
50238 566
50239 566
50240 566
50241 566
50242 566
50243 566
50244 566
50245 566
50246 566
50247 566
50248 566
50249 566
50250 566
50251 566
50252 566
50253 566
50254 566
50255 566
50256 566
50257 566
50258 566
50259 566
50260 566
50261 566
50262 566
50263 566
50264 566
50265 566
50266 566
50267 566
50268 566
50269 566
50270 566
50271 566
50272 566
50273 566
50274 566
50275 566
50276 566
50277 566
50278 566
50279 566
50280 566
50281 566
50282 566
50283 566
50284 566
50285 566
50286 566
50287 566
50288 566
50289 566
50290 566
50291 566
50292 566
50293 566
50294 566
50295 566
50296 566
50297 566
50298 566
50299 566
50300 566
50301 566
50302 566
50303 566
50304 566
50305 566
50306 566
50307 566
50308 566
50309 566
50310 566
50311 566
50312 566
50313 566
50314 566
50315 566
50316 566
50317 566
50318 566
50319 566
50320 566
50321 566
50322 566
50323 566
50324 566
50325 566
50326 566
50327 566
50328 566
50329 566
50330 566
50331 566
50332 566
50333 566
50334 566
50335 566
50336 566
50337 566
50338 566
50339 566
50340 566
50341 566
50342 566
50343 566
50344 566
50345 566
50346 566
50347 566
50348 566
50349 566
50350 566
50351 566
50352 566
50353 566
50354 566
50355 566
50356 566
50357 566
50358 566
50359 566
50360 566
50361 566
50362 566
50363 566
50364 566
50365 566
50366 566
50367 567
50368 567
50369 567
50370 567
50371 567
50372 567
50373 567
50374 567
50375 567
50376 567
50377 567
50378 567
50379 567
50380 567
50381 567
50382 567
50383 567
50384 567
50385 567
50386 567
50387 567
50388 567
50389 567
50390 567
50391 567
50392 567
50393 567
50394 567
50395 567
50396 567
50397 567
50398 567
50399 567
50400 567
50401 567
50402 567
50403 567
50404 567
50405 567
50406 567
50407 567
50408 567
50409 567
50410 567
50411 567
50412 567
50413 567
50414 567
50415 567
50416 567
50417 567
50418 567
50419 567
50420 567
50421 567
50422 567
50423 567
50424 567
50425 567
50426 567
50427 567
50428 567
50429 567
50430 567
50431 567
50432 567
50433 567
50434 567
50435 567
50436 567
50437 567
50438 567
50439 567
50440 567
50441 567
50442 567
50443 567
50444 567
50445 567
50446 567
50447 567
50448 567
50449 567
50450 567
50451 567
50452 567
50453 567
50454 567
50455 567
50456 567
50457 567
50458 567
50459 567
50460 567
50461 567
50462 567
50463 567
50464 567
50465 567
50466 567
50467 567
50468 567
50469 567
50470 567
50471 567
50472 567
50473 567
50474 567
50475 567
50476 567
50477 567
50478 567
50479 567
50480 567
50481 567
50482 567
50483 567
50484 567
50485 567
50486 567
50487 567
50488 567
50489 567
50490 567
50491 568
50492 568
50493 568
50494 568
50495 568
50496 568
50497 568
50498 568
50499 568
50500 568
50501 568
50502 568
50503 568
50504 568
50505 568
50506 568
50507 568
50508 568
50509 568
50510 568
50511 568
50512 568
50513 568
50514 568
50515 568
50516 568
50517 568
50518 568
50519 568
50520 568
50521 568
50522 568
50523 568
50524 568
50525 568
50526 568
50527 568
50528 568
50529 568
50530 568
50531 568
50532 568
50533 568
50534 568
50535 568
50536 568
50537 568
50538 568
50539 568
50540 568
50541 568
50542 568
50543 568
50544 568
50545 568
50546 568
50547 568
50548 568
50549 568
50550 568
50551 568
50552 568
50553 568
50554 568
50555 568
50556 568
50557 568
50558 568
50559 568
50560 568
50561 568
50562 568
50563 568
50564 568
50565 568
50566 568
50567 568
50568 568
50569 568
50570 568
50571 568
50572 568
50573 568
50574 568
50575 568
50576 568
50577 568
50578 568
50579 568
50580 568
50581 568
50582 568
50583 568
50584 568
50585 568
50586 568
50587 568
50588 568
50589 568
50590 568
50591 568
50592 568
50593 568
50594 568
50595 568
50596 568
50597 568
50598 568
50599 568
50600 568
50601 568
50602 568
50603 568
50604 568
50605 568
50606 568
50607 568
50608 568
50609 568
50610 568
50611 568
50612 568
50613 568
50614 568
50615 568
50616 568
50617 568
50618 568
50619 568
50620 568
50621 568
50622 568
50623 568
50624 568
50625 568
50626 568
50627 568
50628 568
50629 568
50630 568
50631 568
50632 568
50633 568
50634 568
50635 568
50636 568
50637 568
50638 568
50639 568
50640 568
50641 568
50642 568
50643 568
50644 568
50645 568
50646 568
50647 568
50648 568
50649 568
50650 568
50651 568
50652 568
50653 568
50654 568
50655 568
50656 568
50657 568
50658 568
50659 568
50660 568
50661 568
50662 568
50663 568
50664 568
50665 568
50666 568
50667 568
50668 568
50669 568
50670 568
50671 568
50672 568
50673 568
50674 568
50675 568
50676 568
50677 568
50678 568
50679 568
50680 568
50681 568
50682 568
50683 568
50684 568
50685 568
50686 568
50687 568
50688 568
50689 568
50690 568
50691 568
50692 568
50693 568
50694 568
50695 568
50696 568
50697 568
50698 568
50699 568
50700 568
50701 568
50702 568
50703 568
50704 568
50705 568
50706 568
50707 568
50708 568
50709 568
50710 568
50711 568
50712 568
50713 568
50714 568
50715 568
50716 568
50717 568
50718 568
50719 568
50720 568
50721 568
50722 568
50723 568
50724 568
50725 568
50726 568
50727 568
50728 568
50729 568
50730 568
50731 568
50732 568
50733 568
50734 568
50735 568
50736 568
50737 568
50738 568
50739 568
50740 568
50741 568
50742 568
50743 568
50744 568
50745 568
50746 568
50747 568
50748 568
50749 568
50750 568
50751 568
50752 568
50753 568
50754 568
50755 568
50756 568
50757 568
50758 568
50759 568
50760 568
50761 568
50762 568
50763 568
50764 568
50765 568
50766 568
50767 568
50768 568
50769 568
50770 568
50771 568
50772 568
50773 568
50774 568
50775 568
50776 568
50777 568
50778 568
50779 568
50780 568
50781 568
50782 568
50783 568
50784 568
50785 568
50786 568
50787 568
50788 568
50789 568
50790 568
50791 568
50792 568
50793 568
50794 568
50795 568
50796 568
50797 568
50798 568
50799 568
50800 568
50801 568
50802 568
50803 568
50804 568
50805 568
50806 568
50807 568
50808 568
50809 568
50810 568
50811 568
50812 568
50813 568
50814 568
50815 568
50816 568
50817 568
50818 568
50819 568
50820 568
50821 568
50822 568
50823 568
50824 568
50825 568
50826 568
50827 568
50828 568
50829 568
50830 568
50831 568
50832 568
50833 568
50834 568
50835 568
50836 568
50837 568
50838 568
50839 569
50840 569
50841 569
50842 569
50843 569
50844 569
50845 569
50846 569
50847 569
50848 569
50849 569
50850 569
50851 569
50852 569
50853 569
50854 569
50855 569
50856 569
50857 569
50858 569
50859 569
50860 569
50861 569
50862 569
50863 569
50864 569
50865 569
50866 569
50867 569
50868 569
50869 569
50870 569
50871 569
50872 569
50873 569
50874 569
50875 569
50876 569
50877 569
50878 569
50879 569
50880 569
50881 569
50882 569
50883 569
50884 569
50885 569
50886 569
50887 569
50888 569
50889 569
50890 569
50891 569
50892 569
50893 569
50894 569
50895 569
50896 569
50897 569
50898 569
50899 569
50900 569
50901 569
50902 569
50903 569
50904 569
50905 569
50906 569
50907 569
50908 569
50909 569
50910 569
50911 569
50912 569
50913 569
50914 569
50915 569
50916 569
50917 569
50918 569
50919 569
50920 569
50921 569
50922 569
50923 569
50924 569
50925 569
50926 569
50927 569
50928 569
50929 569
50930 569
50931 569
50932 569
50933 569
50934 569
50935 569
50936 569
50937 569
50938 569
50939 569
50940 569
50941 569
50942 569
50943 569
50944 569
50945 569
50946 569
50947 569
50948 569
50949 569
50950 569
50951 569
50952 569
50953 569
50954 569
50955 569
50956 569
50957 569
50958 569
50959 569
50960 569
50961 569
50962 569
50963 569
50964 569
50965 569
50966 569
50967 569
50968 569
50969 569
50970 569
50971 569
50972 569
50973 569
50974 569
50975 569
50976 569
50977 569
50978 569
50979 569
50980 569
50981 569
50982 569
50983 569
50984 569
50985 569
50986 569
50987 569
50988 569
50989 569
50990 569
50991 570
50992 570
50993 570
50994 570
50995 570
50996 570
50997 570
50998 570
50999 570
51000 570
51001 570
51002 570
51003 570
51004 570
51005 570
51006 570
51007 570
51008 570
51009 570
51010 570
51011 570
51012 570
51013 570
51014 570
51015 570
51016 570
51017 570
51018 570
51019 570
51020 570
51021 570
51022 570
51023 570
51024 570
51025 570
51026 570
51027 570
51028 570
51029 570
51030 570
51031 570
51032 570
51033 570
51034 570
51035 570
51036 570
51037 570
51038 570
51039 570
51040 570
51041 570
51042 570
51043 570
51044 570
51045 570
51046 570
51047 570
51048 570
51049 570
51050 570
51051 570
51052 570
51053 570
51054 570
51055 570
51056 570
51057 570
51058 570
51059 570
51060 570
51061 570
51062 570
51063 570
51064 570
51065 570
51066 570
51067 570
51068 570
51069 570
51070 570
51071 570
51072 570
51073 570
51074 570
51075 570
51076 570
51077 570
51078 570
51079 570
51080 570
51081 570
51082 570
51083 570
51084 570
51085 570
51086 570
51087 570
51088 570
51089 570
51090 570
51091 570
51092 570
51093 570
51094 570
51095 570
51096 570
51097 570
51098 570
51099 570
51100 570
51101 570
51102 570
51103 570
51104 570
51105 570
51106 570
51107 570
51108 570
51109 570
51110 570
51111 570
51112 570
51113 570
51114 570
51115 570
51116 570
51117 570
51118 570
51119 570
51120 570
51121 570
51122 570
51123 570
51124 570
51125 570
51126 570
51127 570
51128 570
51129 571
51130 571
51131 571
51132 571
51133 571
51134 571
51135 571
51136 571
51137 571
51138 571
51139 571
51140 571
51141 571
51142 571
51143 571
51144 571
51145 571
51146 571
51147 571
51148 571
51149 571
51150 571
51151 571
51152 571
51153 571
51154 571
51155 571
51156 571
51157 571
51158 571
51159 571
51160 571
51161 571
51162 571
51163 571
51164 571
51165 571
51166 571
51167 571
51168 571
51169 571
51170 571
51171 571
51172 571
51173 571
51174 571
51175 571
51176 571
51177 571
51178 571
51179 571
51180 571
51181 571
51182 571
51183 571
51184 571
51185 571
51186 571
51187 571
51188 571
51189 571
51190 571
51191 571
51192 571
51193 571
51194 571
51195 571
51196 571
51197 571
51198 571
51199 571
51200 571
51201 571
51202 571
51203 571
51204 571
51205 571
51206 571
51207 571
51208 571
51209 571
51210 571
51211 571
51212 571
51213 571
51214 571
51215 571
51216 571
51217 571
51218 571
51219 571
51220 571
51221 571
51222 571
51223 571
51224 571
51225 571
51226 571
51227 571
51228 571
51229 571
51230 571
51231 571
51232 571
51233 571
51234 571
51235 571
51236 571
51237 571
51238 571
51239 571
51240 571
51241 571
51242 571
51243 571
51244 571
51245 571
51246 571
51247 571
51248 571
51249 571
51250 571
51251 571
51252 571
51253 572
51254 572
51255 572
51256 572
51257 572
51258 572
51259 572
51260 572
51261 572
51262 572
51263 572
51264 572
51265 572
51266 572
51267 572
51268 572
51269 572
51270 572
51271 572
51272 572
51273 572
51274 572
51275 572
51276 572
51277 572
51278 572
51279 572
51280 572
51281 572
51282 572
51283 572
51284 572
51285 572
51286 572
51287 572
51288 572
51289 572
51290 572
51291 572
51292 572
51293 572
51294 572
51295 572
51296 572
51297 572
51298 572
51299 572
51300 572
51301 572
51302 572
51303 572
51304 572
51305 572
51306 572
51307 572
51308 572
51309 572
51310 572
51311 572
51312 572
51313 572
51314 572
51315 572
51316 572
51317 572
51318 572
51319 572
51320 572
51321 572
51322 572
51323 572
51324 572
51325 572
51326 572
51327 572
51328 572
51329 572
51330 572
51331 572
51332 572
51333 572
51334 572
51335 572
51336 572
51337 572
51338 572
51339 572
51340 573
51341 573
51342 573
51343 573
51344 573
51345 573
51346 573
51347 573
51348 573
51349 573
51350 573
51351 573
51352 573
51353 573
51354 573
51355 573
51356 573
51357 573
51358 573
51359 573
51360 573
51361 573
51362 573
51363 573
51364 573
51365 573
51366 573
51367 573
51368 573
51369 573
51370 573
51371 573
51372 573
51373 573
51374 573
51375 573
51376 573
51377 573
51378 573
51379 573
51380 573
51381 573
51382 573
51383 573
51384 573
51385 573
51386 573
51387 573
51388 573
51389 573
51390 573
51391 573
51392 573
51393 573
51394 573
51395 573
51396 573
51397 573
51398 573
51399 573
51400 573
51401 573
51402 573
51403 573
51404 573
51405 573
51406 573
51407 573
51408 573
51409 573
51410 573
51411 573
51412 573
51413 573
51414 573
51415 573
51416 573
51417 573
51418 573
51419 573
51420 573
51421 573
51422 573
51423 573
51424 573
51425 573
51426 573
51427 573
51428 573
51429 573
51430 573
51431 573
51432 573
51433 573
51434 573
51435 573
51436 573
51437 573
51438 573
51439 573
51440 573
51441 573
51442 574
51443 574
51444 574
51445 574
51446 574
51447 574
51448 574
51449 574
51450 574
51451 574
51452 574
51453 574
51454 574
51455 574
51456 574
51457 574
51458 574
51459 574
51460 574
51461 574
51462 574
51463 574
51464 574
51465 574
51466 574
51467 574
51468 574
51469 574
51470 574
51471 574
51472 574
51473 574
51474 574
51475 574
51476 574
51477 574
51478 574
51479 574
51480 574
51481 574
51482 574
51483 574
51484 574
51485 574
51486 574
51487 574
51488 574
51489 574
51490 574
51491 574
51492 574
51493 574
51494 574
51495 574
51496 574
51497 574
51498 574
51499 574
51500 574
51501 574
51502 574
51503 574
51504 574
51505 574
51506 574
51507 574
51508 574
51509 574
51510 574
51511 574
51512 574
51513 574
51514 574
51515 574
51516 574
51517 574
51518 574
51519 574
51520 574
51521 574
51522 574
51523 574
51524 574
51525 574
51526 574
51527 574
51528 574
51529 574
51530 574
51531 574
51532 574
51533 574
51534 574
51535 574
51536 574
51537 574
51538 574
51539 574
51540 574
51541 574
51542 574
51543 574
51544 574
51545 574
51546 574
51547 574
51548 574
51549 574
51550 574
51551 574
51552 574
51553 574
51554 574
51555 574
51556 574
51557 574
51558 574
51559 574
51560 574
51561 574
51562 574
51563 574
51564 574
51565 574
51566 574
51567 574
51568 574
51569 574
51570 574
51571 574
51572 574
51573 574
51574 574
51575 574
51576 574
51577 574
51578 574
51579 574
51580 574
51581 574
51582 574
51583 574
51584 574
51585 574
51586 574
51587 575
51588 575
51589 575
51590 575
51591 575
51592 575
51593 575
51594 575
51595 575
51596 575
51597 575
51598 575
51599 575
51600 575
51601 575
51602 575
51603 575
51604 575
51605 575
51606 575
51607 575
51608 575
51609 575
51610 575
51611 575
51612 575
51613 575
51614 575
51615 575
51616 575
51617 575
51618 575
51619 575
51620 575
51621 575
51622 575
51623 575
51624 575
51625 575
51626 575
51627 575
51628 575
51629 575
51630 575
51631 575
51632 575
51633 575
51634 575
51635 575
51636 575
51637 575
51638 575
51639 575
51640 575
51641 575
51642 575
51643 575
51644 575
51645 575
51646 575
51647 575
51648 575
51649 575
51650 575
51651 575
51652 575
51653 575
51654 575
51655 575
51656 575
51657 575
51658 575
51659 575
51660 575
51661 575
51662 575
51663 575
51664 575
51665 575
51666 575
51667 575
51668 575
51669 575
51670 575
51671 575
51672 575
51673 575
51674 575
51675 575
51676 575
51677 575
51678 575
51679 575
51680 575
51681 575
51682 575
51683 575
51684 575
51685 575
51686 575
51687 575
51688 575
51689 575
51690 575
51691 575
51692 575
51693 575
51694 575
51695 575
51696 575
51697 575
51698 575
51699 575
51700 575
51701 575
51702 575
51703 575
51704 575
51705 575
51706 575
51707 575
51708 575
51709 575
51710 575
51711 575
51712 575
51713 575
51714 575
51715 575
51716 575
51717 575
51718 575
51719 575
51720 575
51721 575
51722 575
51723 575
51724 575
51725 575
51726 575
51727 575
51728 575
51729 575
51730 575
51731 575
51732 575
51733 575
51734 575
51735 575
51736 575
51737 575
51738 575
51739 575
51740 575
51741 575
51742 575
51743 575
51744 576
51745 576
51746 576
51747 576
51748 576
51749 576
51750 576
51751 576
51752 576
51753 576
51754 576
51755 576
51756 576
51757 576
51758 576
51759 576
51760 576
51761 576
51762 576
51763 576
51764 576
51765 576
51766 576
51767 576
51768 576
51769 576
51770 576
51771 576
51772 576
51773 576
51774 576
51775 576
51776 576
51777 576
51778 576
51779 576
51780 576
51781 576
51782 576
51783 576
51784 576
51785 576
51786 576
51787 576
51788 576
51789 576
51790 576
51791 576
51792 576
51793 576
51794 576
51795 576
51796 576
51797 576
51798 576
51799 576
51800 576
51801 576
51802 576
51803 576
51804 576
51805 576
51806 576
51807 576
51808 576
51809 576
51810 576
51811 576
51812 576
51813 576
51814 576
51815 576
51816 576
51817 576
51818 576
51819 576
51820 576
51821 576
51822 576
51823 576
51824 576
51825 576
51826 576
51827 576
51828 576
51829 576
51830 576
51831 576
51832 576
51833 576
51834 576
51835 576
51836 576
51837 576
51838 576
51839 576
51840 576
51841 576
51842 576
51843 576
51844 576
51845 576
51846 576
51847 576
51848 576
51849 576
51850 576
51851 576
51852 576
51853 576
51854 576
51855 576
51856 576
51857 576
51858 576
51859 576
51860 576
51861 576
51862 576
51863 576
51864 576
51865 576
51866 576
51867 576
51868 576
51869 576
51870 576
51871 576
51872 576
51873 576
51874 576
51875 576
51876 576
51877 576
51878 576
51879 576
51880 576
51881 576
51882 576
51883 576
51884 576
51885 576
51886 576
51887 576
51888 576
51889 576
51890 576
51891 576
51892 576
51893 576
51894 576
51895 576
51896 576
51897 576
51898 576
51899 576
51900 576
51901 576
51902 576
51903 576
51904 576
51905 576
51906 576
51907 576
51908 576
51909 576
51910 576
51911 576
51912 576
51913 576
51914 576
51915 576
51916 576
51917 576
51918 576
51919 576
51920 576
51921 576
51922 576
51923 576
51924 576
51925 576
51926 576
51927 576
51928 576
51929 576
51930 576
51931 576
51932 576
51933 576
51934 576
51935 576
51936 576
51937 576
51938 576
51939 576
51940 576
51941 576
51942 576
51943 576
51944 576
51945 576
51946 576
51947 576
51948 576
51949 576
51950 576
51951 576
51952 576
51953 576
51954 576
51955 576
51956 576
51957 576
51958 576
51959 576
51960 576
51961 576
51962 576
51963 576
51964 576
51965 576
51966 576
51967 576
51968 576
51969 576
51970 576
51971 576
51972 576
51973 576
51974 576
51975 576
51976 576
51977 576
51978 576
51979 576
51980 576
51981 576
51982 576
51983 576
51984 576
51985 576
51986 576
51987 576
51988 576
51989 576
51990 576
51991 576
51992 576
51993 576
51994 576
51995 576
51996 576
51997 576
51998 576
51999 576
52000 576
52001 576
52002 576
52003 576
52004 576
52005 576
52006 576
52007 576
52008 576
52009 576
52010 576
52011 576
52012 576
52013 577
52014 577
52015 577
52016 577
52017 577
52018 577
52019 577
52020 577
52021 577
52022 577
52023 577
52024 577
52025 577
52026 577
52027 577
52028 577
52029 577
52030 577
52031 577
52032 577
52033 577
52034 577
52035 577
52036 577
52037 577
52038 577
52039 577
52040 577
52041 577
52042 577
52043 577
52044 577
52045 577
52046 577
52047 577
52048 577
52049 577
52050 577
52051 577
52052 577
52053 577
52054 577
52055 577
52056 577
52057 577
52058 577
52059 577
52060 577
52061 577
52062 577
52063 577
52064 577
52065 577
52066 577
52067 577
52068 577
52069 577
52070 577
52071 577
52072 577
52073 577
52074 577
52075 577
52076 577
52077 577
52078 577
52079 577
52080 577
52081 577
52082 577
52083 577
52084 577
52085 577
52086 577
52087 577
52088 577
52089 577
52090 577
52091 577
52092 577
52093 577
52094 577
52095 577
52096 577
52097 577
52098 577
52099 577
52100 577
52101 577
52102 577
52103 577
52104 577
52105 577
52106 577
52107 577
52108 577
52109 577
52110 577
52111 577
52112 577
52113 577
52114 577
52115 577
52116 577
52117 577
52118 577
52119 577
52120 577
52121 577
52122 577
52123 577
52124 577
52125 577
52126 577
52127 577
52128 577
52129 577
52130 577
52131 577
52132 577
52133 577
52134 577
52135 577
52136 577
52137 577
52138 577
52139 577
52140 577
52141 577
52142 577
52143 577
52144 577
52145 577
52146 577
52147 577
52148 577
52149 577
52150 577
52151 577
52152 577
52153 577
52154 577
52155 577
52156 577
52157 577
52158 577
52159 577
52160 577
52161 577
52162 577
52163 577
52164 577
52165 577
52166 577
52167 577
52168 577
52169 577
52170 577
52171 577
52172 578
52173 578
52174 578
52175 578
52176 578
52177 578
52178 578
52179 578
52180 578
52181 578
52182 578
52183 578
52184 578
52185 578
52186 578
52187 578
52188 578
52189 578
52190 578
52191 578
52192 578
52193 578
52194 578
52195 578
52196 578
52197 578
52198 578
52199 578
52200 578
52201 578
52202 578
52203 578
52204 578
52205 578
52206 578
52207 578
52208 578
52209 578
52210 578
52211 578
52212 578
52213 578
52214 578
52215 578
52216 578
52217 578
52218 578
52219 578
52220 578
52221 578
52222 578
52223 578
52224 578
52225 578
52226 578
52227 578
52228 578
52229 578
52230 578
52231 578
52232 578
52233 578
52234 578
52235 578
52236 578
52237 578
52238 578
52239 578
52240 578
52241 578
52242 578
52243 578
52244 578
52245 578
52246 578
52247 578
52248 578
52249 578
52250 578
52251 578
52252 578
52253 578
52254 578
52255 578
52256 578
52257 578
52258 578
52259 578
52260 578
52261 578
52262 578
52263 578
52264 578
52265 578
52266 578
52267 578
52268 578
52269 578
52270 578
52271 578
52272 578
52273 578
52274 578
52275 578
52276 578
52277 578
52278 578
52279 578
52280 578
52281 578
52282 578
52283 578
52284 578
52285 578
52286 578
52287 578
52288 578
52289 578
52290 578
52291 578
52292 578
52293 578
52294 578
52295 578
52296 578
52297 578
52298 578
52299 578
52300 578
52301 578
52302 578
52303 578
52304 578
52305 578
52306 578
52307 578
52308 578
52309 578
52310 578
52311 578
52312 578
52313 578
52314 578
52315 578
52316 578
52317 578
52318 578
52319 578
52320 578
52321 578
52322 578
52323 578
52324 578
52325 578
52326 578
52327 578
52328 578
52329 578
52330 578
52331 578
52332 578
52333 578
52334 578
52335 578
52336 578
52337 578
52338 578
52339 578
52340 578
52341 578
52342 578
52343 578
52344 578
52345 578
52346 578
52347 578
52348 578
52349 578
52350 578
52351 578
52352 578
52353 578
52354 578
52355 578
52356 578
52357 578
52358 578
52359 578
52360 578
52361 578
52362 578
52363 578
52364 578
52365 578
52366 578
52367 578
52368 578
52369 578
52370 578
52371 578
52372 578
52373 578
52374 578
52375 578
52376 578
52377 578
52378 578
52379 578
52380 578
52381 578
52382 578
52383 578
52384 578
52385 578
52386 578
52387 578
52388 578
52389 578
52390 578
52391 578
52392 578
52393 578
52394 578
52395 578
52396 578
52397 578
52398 578
52399 578
52400 578
52401 578
52402 578
52403 578
52404 578
52405 578
52406 578
52407 578
52408 578
52409 578
52410 578
52411 578
52412 578
52413 578
52414 578
52415 578
52416 578
52417 578
52418 578
52419 578
52420 578
52421 578
52422 578
52423 578
52424 578
52425 578
52426 578
52427 578
52428 578
52429 578
52430 578
52431 578
52432 578
52433 578
52434 578
52435 578
52436 578
52437 578
52438 578
52439 578
52440 578
52441 578
52442 578
52443 578
52444 578
52445 578
52446 578
52447 578
52448 578
52449 578
52450 578
52451 578
52452 578
52453 578
52454 578
52455 578
52456 578
52457 578
52458 578
52459 578
52460 578
52461 578
52462 578
52463 578
52464 578
52465 578
52466 578
52467 578
52468 578
52469 578
52470 578
52471 578
52472 578
52473 578
52474 578
52475 578
52476 578
52477 578
52478 578
52479 578
52480 578
52481 578
52482 578
52483 578
52484 578
52485 578
52486 578
52487 578
52488 578
52489 578
52490 578
52491 578
52492 578
52493 578
52494 578
52495 578
52496 578
52497 578
52498 578
52499 578
52500 578
52501 578
52502 578
52503 578
52504 578
52505 578
52506 578
52507 578
52508 578
52509 578
52510 578
52511 578
52512 578
52513 578
52514 578
52515 578
52516 578
52517 578
52518 578
52519 578
52520 578
52521 578
52522 578
52523 578
52524 578
52525 578
52526 578
52527 578
52528 578
52529 578
52530 578
52531 578
52532 578
52533 578
52534 578
52535 578
52536 578
52537 578
52538 578
52539 578
52540 578
52541 578
52542 578
52543 578
52544 578
52545 578
52546 578
52547 578
52548 578
52549 578
52550 578
52551 578
52552 578
52553 578
52554 578
52555 578
52556 578
52557 578
52558 578
52559 578
52560 578
52561 578
52562 578
52563 578
52564 578
52565 578
52566 578
52567 578
52568 578
52569 578
52570 578
52571 578
52572 578
52573 578
52574 578
52575 578
52576 578
52577 578
52578 578
52579 578
52580 578
52581 578
52582 578
52583 578
52584 578
52585 578
52586 578
52587 578
52588 578
52589 578
52590 578
52591 578
52592 578
52593 578
52594 578
52595 578
52596 578
52597 578
52598 578
52599 578
52600 578
52601 578
52602 578
52603 578
52604 578
52605 578
52606 578
52607 578
52608 578
52609 578
52610 578
52611 578
52612 578
52613 578
52614 578
52615 579
52616 579
52617 579
52618 579
52619 579
52620 579
52621 579
52622 579
52623 579
52624 579
52625 579
52626 579
52627 579
52628 579
52629 579
52630 579
52631 579
52632 579
52633 579
52634 579
52635 579
52636 579
52637 579
52638 579
52639 579
52640 579
52641 579
52642 579
52643 579
52644 579
52645 579
52646 579
52647 579
52648 579
52649 579
52650 579
52651 579
52652 579
52653 579
52654 579
52655 579
52656 579
52657 579
52658 579
52659 579
52660 579
52661 579
52662 579
52663 579
52664 579
52665 579
52666 579
52667 579
52668 579
52669 579
52670 579
52671 579
52672 579
52673 579
52674 579
52675 579
52676 579
52677 579
52678 579
52679 579
52680 579
52681 579
52682 579
52683 579
52684 579
52685 579
52686 579
52687 579
52688 579
52689 579
52690 579
52691 579
52692 579
52693 579
52694 579
52695 579
52696 579
52697 579
52698 579
52699 579
52700 579
52701 579
52702 579
52703 579
52704 579
52705 579
52706 579
52707 579
52708 579
52709 579
52710 579
52711 579
52712 579
52713 579
52714 579
52715 579
52716 579
52717 579
52718 579
52719 579
52720 579
52721 579
52722 579
52723 579
52724 579
52725 579
52726 579
52727 579
52728 579
52729 579
52730 579
52731 579
52732 579
52733 579
52734 579
52735 579
52736 579
52737 579
52738 579
52739 579
52740 579
52741 579
52742 579
52743 579
52744 579
52745 579
52746 579
52747 579
52748 579
52749 579
52750 579
52751 579
52752 579
52753 579
52754 579
52755 579
52756 579
52757 579
52758 579
52759 579
52760 579
52761 579
52762 579
52763 579
52764 579
52765 579
52766 579
52767 579
52768 579
52769 579
52770 579
52771 579
52772 579
52773 579
52774 579
52775 579
52776 579
52777 579
52778 579
52779 579
52780 579
52781 579
52782 579
52783 579
52784 579
52785 579
52786 579
52787 579
52788 579
52789 579
52790 579
52791 579
52792 579
52793 579
52794 579
52795 579
52796 579
52797 579
52798 579
52799 579
52800 579
52801 579
52802 579
52803 579
52804 579
52805 579
52806 579
52807 580
52808 580
52809 580
52810 580
52811 580
52812 580
52813 580
52814 580
52815 580
52816 580
52817 580
52818 580
52819 580
52820 580
52821 580
52822 580
52823 580
52824 580
52825 580
52826 580
52827 580
52828 580
52829 580
52830 580
52831 580
52832 580
52833 580
52834 580
52835 580
52836 580
52837 580
52838 580
52839 580
52840 580
52841 580
52842 580
52843 580
52844 580
52845 580
52846 580
52847 580
52848 580
52849 580
52850 580
52851 580
52852 580
52853 580
52854 580
52855 580
52856 580
52857 580
52858 580
52859 580
52860 580
52861 580
52862 580
52863 580
52864 580
52865 580
52866 580
52867 580
52868 580
52869 580
52870 580
52871 580
52872 580
52873 580
52874 580
52875 580
52876 580
52877 580
52878 580
52879 580
52880 580
52881 580
52882 580
52883 580
52884 580
52885 580
52886 580
52887 580
52888 580
52889 580
52890 580
52891 580
52892 580
52893 580
52894 580
52895 580
52896 580
52897 580
52898 580
52899 580
52900 580
52901 580
52902 580
52903 580
52904 580
52905 580
52906 580
52907 580
52908 580
52909 580
52910 580
52911 580
52912 580
52913 580
52914 580
52915 580
52916 580
52917 580
52918 580
52919 580
52920 580
52921 580
52922 580
52923 580
52924 580
52925 580
52926 580
52927 580
52928 580
52929 580
52930 581
52931 581
52932 581
52933 581
52934 581
52935 581
52936 581
52937 581
52938 581
52939 581
52940 581
52941 581
52942 581
52943 581
52944 581
52945 581
52946 581
52947 581
52948 581
52949 581
52950 581
52951 581
52952 581
52953 581
52954 581
52955 581
52956 581
52957 581
52958 581
52959 581
52960 581
52961 581
52962 581
52963 581
52964 581
52965 581
52966 581
52967 581
52968 581
52969 581
52970 581
52971 581
52972 581
52973 581
52974 581
52975 581
52976 581
52977 581
52978 581
52979 581
52980 581
52981 581
52982 581
52983 581
52984 581
52985 581
52986 581
52987 581
52988 581
52989 581
52990 581
52991 581
52992 581
52993 581
52994 581
52995 581
52996 581
52997 581
52998 581
52999 581
53000 581
53001 581
53002 581
53003 581
53004 581
53005 581
53006 581
53007 581
53008 581
53009 581
53010 581
53011 581
53012 581
53013 581
53014 581
53015 581
53016 581
53017 581
53018 581
53019 581
53020 581
53021 581
53022 581
53023 581
53024 581
53025 581
53026 581
53027 581
53028 581
53029 581
53030 581
53031 581
53032 581
53033 581
53034 581
53035 581
53036 581
53037 581
53038 581
53039 581
53040 581
53041 581
53042 581
53043 581
53044 581
53045 581
53046 581
53047 581
53048 581
53049 581
53050 581
53051 581
53052 581
53053 581
53054 581
53055 581
53056 581
53057 581
53058 581
53059 581
53060 581
53061 581
53062 581
53063 581
53064 581
53065 581
53066 581
53067 581
53068 581
53069 581
53070 581
53071 581
53072 581
53073 581
53074 581
53075 581
53076 581
53077 581
53078 582
53079 582
53080 582
53081 582
53082 582
53083 582
53084 582
53085 582
53086 582
53087 582
53088 582
53089 582
53090 582
53091 582
53092 582
53093 582
53094 582
53095 582
53096 582
53097 582
53098 582
53099 582
53100 582
53101 582
53102 582
53103 582
53104 582
53105 582
53106 582
53107 582
53108 582
53109 582
53110 582
53111 582
53112 582
53113 582
53114 582
53115 582
53116 582
53117 582
53118 582
53119 582
53120 582
53121 582
53122 582
53123 582
53124 582
53125 582
53126 582
53127 582
53128 582
53129 582
53130 582
53131 582
53132 582
53133 582
53134 582
53135 582
53136 582
53137 582
53138 582
53139 582
53140 582
53141 582
53142 582
53143 582
53144 582
53145 582
53146 582
53147 582
53148 582
53149 582
53150 582
53151 582
53152 582
53153 582
53154 582
53155 582
53156 582
53157 582
53158 582
53159 582
53160 582
53161 582
53162 582
53163 582
53164 582
53165 582
53166 582
53167 582
53168 582
53169 582
53170 582
53171 582
53172 582
53173 582
53174 582
53175 582
53176 582
53177 582
53178 582
53179 582
53180 582
53181 582
53182 582
53183 582
53184 582
53185 582
53186 582
53187 582
53188 582
53189 582
53190 582
53191 582
53192 582
53193 582
53194 582
53195 582
53196 582
53197 582
53198 582
53199 582
53200 583
53201 583
53202 583
53203 583
53204 583
53205 583
53206 583
53207 583
53208 583
53209 583
53210 583
53211 583
53212 583
53213 583
53214 583
53215 583
53216 583
53217 583
53218 583
53219 583
53220 583
53221 583
53222 583
53223 583
53224 583
53225 583
53226 583
53227 583
53228 583
53229 583
53230 583
53231 583
53232 583
53233 583
53234 583
53235 583
53236 583
53237 583
53238 583
53239 583
53240 583
53241 583
53242 583
53243 583
53244 583
53245 583
53246 583
53247 583
53248 583
53249 583
53250 583
53251 583
53252 583
53253 583
53254 583
53255 583
53256 583
53257 583
53258 583
53259 583
53260 583
53261 583
53262 583
53263 583
53264 583
53265 583
53266 583
53267 583
53268 583
53269 583
53270 583
53271 583
53272 583
53273 583
53274 583
53275 583
53276 583
53277 583
53278 583
53279 583
53280 583
53281 583
53282 583
53283 583
53284 583
53285 583
53286 583
53287 583
53288 583
53289 583
53290 583
53291 583
53292 583
53293 583
53294 583
53295 583
53296 583
53297 583
53298 583
53299 583
53300 583
53301 583
53302 583
53303 583
53304 583
53305 583
53306 583
53307 583
53308 583
53309 583
53310 583
53311 583
53312 583
53313 583
53314 583
53315 583
53316 583
53317 583
53318 583
53319 583
53320 583
53321 583
53322 583
53323 583
53324 583
53325 583
53326 583
53327 583
53328 583
53329 583
53330 583
53331 583
53332 583
53333 583
53334 583
53335 583
53336 584
53337 584
53338 584
53339 584
53340 584
53341 584
53342 584
53343 584
53344 584
53345 584
53346 584
53347 584
53348 584
53349 584
53350 584
53351 584
53352 584
53353 584
53354 584
53355 584
53356 584
53357 584
53358 584
53359 584
53360 584
53361 584
53362 584
53363 584
53364 584
53365 584
53366 584
53367 584
53368 584
53369 584
53370 584
53371 584
53372 584
53373 584
53374 584
53375 584
53376 584
53377 584
53378 584
53379 584
53380 584
53381 584
53382 584
53383 584
53384 584
53385 584
53386 584
53387 584
53388 584
53389 584
53390 584
53391 584
53392 584
53393 584
53394 584
53395 584
53396 584
53397 584
53398 584
53399 584
53400 584
53401 584
53402 584
53403 584
53404 584
53405 584
53406 584
53407 584
53408 584
53409 584
53410 584
53411 584
53412 584
53413 584
53414 584
53415 584
53416 584
53417 584
53418 584
53419 584
53420 584
53421 584
53422 584
53423 584
53424 584
53425 584
53426 584
53427 584
53428 584
53429 584
53430 584
53431 584
53432 584
53433 584
53434 584
53435 584
53436 584
53437 584
53438 584
53439 584
53440 584
53441 584
53442 584
53443 584
53444 584
53445 584
53446 584
53447 584
53448 585
53449 585
53450 585
53451 585
53452 585
53453 585
53454 585
53455 585
53456 585
53457 585
53458 585
53459 585
53460 585
53461 585
53462 585
53463 585
53464 585
53465 585
53466 585
53467 585
53468 585
53469 585
53470 585
53471 585
53472 585
53473 585
53474 585
53475 585
53476 585
53477 585
53478 585
53479 585
53480 585
53481 585
53482 585
53483 585
53484 585
53485 585
53486 585
53487 585
53488 585
53489 585
53490 585
53491 585
53492 585
53493 585
53494 585
53495 585
53496 585
53497 585
53498 585
53499 585
53500 585
53501 585
53502 585
53503 585
53504 585
53505 585
53506 585
53507 585
53508 585
53509 585
53510 585
53511 585
53512 585
53513 585
53514 585
53515 585
53516 585
53517 585
53518 585
53519 585
53520 585
53521 585
53522 585
53523 585
53524 585
53525 585
53526 585
53527 585
53528 585
53529 585
53530 585
53531 585
53532 585
53533 585
53534 585
53535 585
53536 585
53537 585
53538 585
53539 585
53540 585
53541 585
53542 585
53543 585
53544 585
53545 585
53546 585
53547 585
53548 585
53549 585
53550 585
53551 585
53552 585
53553 585
53554 585
53555 585
53556 585
53557 585
53558 585
53559 585
53560 585
53561 585
53562 585
53563 585
53564 585
53565 585
53566 585
53567 585
53568 585
53569 585
53570 585
53571 585
53572 585
53573 585
53574 585
53575 585
53576 585
53577 585
53578 585
53579 585
53580 585
53581 585
53582 585
53583 585
53584 585
53585 585
53586 585
53587 585
53588 585
53589 585
53590 585
53591 585
53592 585
53593 585
53594 585
53595 585
53596 585
53597 585
53598 585
53599 585
53600 585
53601 585
53602 585
53603 585
53604 585
53605 585
53606 585
53607 585
53608 585
53609 585
53610 585
53611 585
53612 585
53613 585
53614 585
53615 585
53616 585
53617 585
53618 585
53619 585
53620 585
53621 585
53622 585
53623 585
53624 585
53625 585
53626 585
53627 585
53628 585
53629 585
53630 585
53631 585
53632 585
53633 585
53634 585
53635 585
53636 585
53637 585
53638 585
53639 585
53640 585
53641 585
53642 585
53643 585
53644 585
53645 585
53646 585
53647 585
53648 585
53649 585
53650 585
53651 585
53652 585
53653 585
53654 585
53655 585
53656 585
53657 585
53658 585
53659 585
53660 585
53661 585
53662 585
53663 585
53664 585
53665 586
53666 586
53667 586
53668 586
53669 586
53670 586
53671 586
53672 586
53673 586
53674 586
53675 586
53676 586
53677 586
53678 586
53679 586
53680 586
53681 586
53682 586
53683 586
53684 586
53685 586
53686 586
53687 586
53688 586
53689 586
53690 586
53691 586
53692 586
53693 586
53694 586
53695 586
53696 586
53697 586
53698 586
53699 586
53700 586
53701 586
53702 586
53703 586
53704 586
53705 586
53706 586
53707 586
53708 586
53709 586
53710 586
53711 586
53712 586
53713 586
53714 586
53715 586
53716 586
53717 586
53718 586
53719 586
53720 586
53721 586
53722 586
53723 586
53724 586
53725 586
53726 586
53727 586
53728 586
53729 586
53730 586
53731 586
53732 586
53733 586
53734 586
53735 586
53736 586
53737 586
53738 586
53739 586
53740 586
53741 586
53742 586
53743 586
53744 586
53745 586
53746 586
53747 586
53748 586
53749 586
53750 586
53751 586
53752 586
53753 586
53754 586
53755 586
53756 586
53757 586
53758 586
53759 586
53760 586
53761 586
53762 586
53763 586
53764 586
53765 586
53766 587
53767 587
53768 587
53769 587
53770 587
53771 587
53772 587
53773 587
53774 587
53775 587
53776 587
53777 587
53778 587
53779 587
53780 587
53781 587
53782 587
53783 587
53784 587
53785 587
53786 587
53787 587
53788 587
53789 587
53790 587
53791 587
53792 587
53793 587
53794 587
53795 587
53796 587
53797 587
53798 587
53799 587
53800 587
53801 587
53802 587
53803 587
53804 587
53805 587
53806 587
53807 587
53808 587
53809 587
53810 587
53811 587
53812 587
53813 587
53814 587
53815 587
53816 587
53817 587
53818 587
53819 587
53820 587
53821 587
53822 587
53823 587
53824 587
53825 587
53826 587
53827 587
53828 587
53829 587
53830 587
53831 587
53832 587
53833 587
53834 587
53835 587
53836 587
53837 587
53838 587
53839 587
53840 587
53841 587
53842 587
53843 587
53844 587
53845 587
53846 587
53847 587
53848 587
53849 587
53850 587
53851 587
53852 587
53853 587
53854 587
53855 587
53856 587
53857 587
53858 587
53859 587
53860 587
53861 587
53862 587
53863 587
53864 587
53865 587
53866 587
53867 588
53868 588
53869 588
53870 588
53871 588
53872 588
53873 588
53874 588
53875 588
53876 588
53877 588
53878 588
53879 588
53880 588
53881 588
53882 588
53883 588
53884 588
53885 588
53886 588
53887 588
53888 588
53889 588
53890 588
53891 588
53892 588
53893 588
53894 588
53895 588
53896 588
53897 588
53898 588
53899 588
53900 588
53901 588
53902 588
53903 588
53904 588
53905 588
53906 588
53907 588
53908 588
53909 588
53910 588
53911 588
53912 588
53913 588
53914 588
53915 588
53916 588
53917 588
53918 588
53919 588
53920 588
53921 588
53922 588
53923 588
53924 588
53925 588
53926 588
53927 588
53928 588
53929 588
53930 588
53931 588
53932 588
53933 588
53934 588
53935 588
53936 588
53937 588
53938 588
53939 588
53940 588
53941 588
53942 588
53943 588
53944 588
53945 588
53946 588
53947 588
53948 588
53949 588
53950 588
53951 588
53952 588
53953 588
53954 588
53955 588
53956 588
53957 588
53958 588
53959 588
53960 588
53961 588
53962 588
53963 588
53964 588
53965 588
53966 588
53967 588
53968 588
53969 588
53970 588
53971 588
53972 588
53973 588
53974 588
53975 588
53976 588
53977 588
53978 588
53979 588
53980 588
53981 588
53982 588
53983 588
53984 588
53985 588
53986 588
53987 588
53988 588
53989 588
53990 588
53991 588
53992 588
53993 588
53994 588
53995 588
53996 588
53997 588
53998 588
53999 588
54000 588
54001 588
54002 588
54003 588
54004 588
54005 588
54006 588
54007 588
54008 588
54009 588
54010 588
54011 588
54012 588
54013 588
54014 588
54015 588
54016 588
54017 588
54018 588
54019 588
54020 588
54021 588
54022 588
54023 588
54024 588
54025 588
54026 588
54027 588
54028 588
54029 588
54030 588
54031 588
54032 588
54033 588
54034 589
54035 589
54036 589
54037 589
54038 589
54039 589
54040 589
54041 589
54042 589
54043 589
54044 589
54045 589
54046 589
54047 589
54048 589
54049 589
54050 589
54051 589
54052 589
54053 589
54054 589
54055 589
54056 589
54057 589
54058 589
54059 589
54060 589
54061 589
54062 589
54063 589
54064 589
54065 589
54066 589
54067 589
54068 589
54069 589
54070 589
54071 589
54072 589
54073 589
54074 589
54075 589
54076 589
54077 589
54078 589
54079 589
54080 589
54081 589
54082 589
54083 589
54084 589
54085 589
54086 589
54087 589
54088 589
54089 589
54090 589
54091 589
54092 589
54093 589
54094 589
54095 589
54096 589
54097 589
54098 589
54099 589
54100 589
54101 589
54102 589
54103 589
54104 589
54105 589
54106 589
54107 589
54108 589
54109 589
54110 589
54111 589
54112 589
54113 589
54114 589
54115 589
54116 589
54117 589
54118 589
54119 589
54120 589
54121 589
54122 589
54123 589
54124 589
54125 589
54126 589
54127 589
54128 589
54129 589
54130 589
54131 589
54132 589
54133 589
54134 589
54135 589
54136 589
54137 589
54138 589
54139 589
54140 589
54141 589
54142 589
54143 589
54144 589
54145 589
54146 589
54147 589
54148 589
54149 589
54150 589
54151 589
54152 589
54153 589
54154 589
54155 589
54156 589
54157 589
54158 589
54159 589
54160 589
54161 589
54162 589
54163 589
54164 589
54165 589
54166 589
54167 589
54168 589
54169 589
54170 589
54171 589
54172 589
54173 589
54174 589
54175 589
54176 589
54177 589
54178 589
54179 589
54180 589
54181 589
54182 589
54183 589
54184 589
54185 589
54186 589
54187 589
54188 589
54189 589
54190 589
54191 589
54192 589
54193 590
54194 590
54195 590
54196 590
54197 590
54198 590
54199 590
54200 590
54201 590
54202 590
54203 590
54204 590
54205 590
54206 590
54207 590
54208 590
54209 590
54210 590
54211 590
54212 590
54213 590
54214 590
54215 590
54216 590
54217 590
54218 590
54219 590
54220 593
54221 593
54222 593
54223 593
54224 593
54225 593
54226 593
54227 593
54228 593
54229 593
54230 593
54231 593
54232 593
54233 593
54234 593
54235 593
54236 593
54237 593
54238 593
54239 593
54240 593
54241 593
54242 593
54243 593
54244 593
54245 593
54246 593
54247 593
54248 593
54249 593
54250 593
54251 593
54252 593
54253 593
54254 593
54255 593
54256 593
54257 593
54258 593
54259 593
54260 593
54261 593
54262 593
54263 593
54264 593
54265 593
54266 593
54267 593
54268 593
54269 593
54270 593
54271 593
54272 593
54273 593
54274 593
54275 593
54276 593
54277 593
54278 593
54279 593
54280 593
54281 593
54282 593
54283 593
54284 593
54285 593
54286 593
54287 593
54288 593
54289 593
54290 593
54291 593
54292 593
54293 593
54294 593
54295 593
54296 593
54297 593
54298 593
54299 593
54300 593
54301 593
54302 593
54303 593
54304 593
54305 593
54306 593
54307 593
54308 593
54309 593
54310 593
54311 593
54312 593
54313 593
54314 593
54315 593
54316 593
54317 593
54318 593
54319 593
54320 593
54321 593
54322 593
54323 593
54324 593
54325 593
54326 593
54327 593
54328 593
54329 593
54330 593
54331 593
54332 593
54333 593
54334 593
54335 593
54336 593
54337 593
54338 593
54339 593
54340 593
54341 593
54342 593
54343 593
54344 593
54345 593
54346 593
54347 593
54348 593
54349 593
54350 593
54351 593
54352 593
54353 593
54354 593
54355 593
54356 593
54357 593
54358 593
54359 593
54360 593
54361 593
54362 593
54363 593
54364 593
54365 593
54366 593
54367 593
54368 593
54369 593
54370 593
54371 593
54372 593
54373 593
54374 593
54375 593
54376 593
54377 593
54378 593
54379 593
54380 593
54381 593
54382 593
54383 593
54384 593
54385 593
54386 593
54387 593
54388 593
54389 593
54390 593
54391 593
54392 593
54393 593
54394 593
54395 593
54396 593
54397 593
54398 593
54399 593
54400 593
54401 593
54402 593
54403 593
54404 593
54405 593
54406 593
54407 593
54408 593
54409 593
54410 593
54411 593
54412 593
54413 593
54414 593
54415 593
54416 593
54417 593
54418 593
54419 593
54420 593
54421 593
54422 593
54423 593
54424 593
54425 593
54426 593
54427 593
54428 593
54429 593
54430 593
54431 593
54432 593
54433 593
54434 593
54435 593
54436 593
54437 593
54438 593
54439 593
54440 594
54441 594
54442 594
54443 594
54444 594
54445 594
54446 594
54447 594
54448 594
54449 594
54450 594
54451 594
54452 594
54453 594
54454 594
54455 594
54456 594
54457 594
54458 594
54459 594
54460 594
54461 594
54462 594
54463 594
54464 594
54465 594
54466 594
54467 594
54468 594
54469 594
54470 594
54471 594
54472 594
54473 594
54474 594
54475 594
54476 594
54477 594
54478 594
54479 594
54480 594
54481 594
54482 594
54483 594
54484 594
54485 594
54486 594
54487 594
54488 594
54489 594
54490 594
54491 594
54492 594
54493 594
54494 594
54495 594
54496 594
54497 594
54498 594
54499 594
54500 594
54501 594
54502 594
54503 594
54504 594
54505 594
54506 594
54507 594
54508 594
54509 594
54510 594
54511 594
54512 594
54513 594
54514 594
54515 594
54516 594
54517 594
54518 594
54519 594
54520 594
54521 594
54522 594
54523 594
54524 594
54525 594
54526 594
54527 594
54528 594
54529 594
54530 594
54531 594
54532 594
54533 594
54534 594
54535 594
54536 594
54537 594
54538 594
54539 594
54540 594
54541 594
54542 594
54543 594
54544 594
54545 594
54546 594
54547 594
54548 594
54549 594
54550 594
54551 594
54552 594
54553 594
54554 594
54555 594
54556 594
54557 594
54558 594
54559 594
54560 594
54561 594
54562 594
54563 594
54564 594
54565 594
54566 594
54567 594
54568 594
54569 594
54570 594
54571 595
54572 595
54573 595
54574 595
54575 595
54576 595
54577 595
54578 595
54579 595
54580 595
54581 595
54582 595
54583 595
54584 595
54585 595
54586 595
54587 595
54588 595
54589 595
54590 595
54591 595
54592 595
54593 595
54594 595
54595 595
54596 595
54597 595
54598 595
54599 595
54600 595
54601 595
54602 595
54603 595
54604 595
54605 595
54606 595
54607 595
54608 595
54609 595
54610 595
54611 595
54612 595
54613 595
54614 595
54615 595
54616 595
54617 595
54618 595
54619 595
54620 595
54621 595
54622 595
54623 595
54624 595
54625 595
54626 595
54627 595
54628 595
54629 595
54630 595
54631 595
54632 595
54633 595
54634 595
54635 595
54636 595
54637 595
54638 595
54639 595
54640 595
54641 595
54642 595
54643 595
54644 595
54645 595
54646 595
54647 595
54648 595
54649 595
54650 595
54651 595
54652 595
54653 595
54654 595
54655 595
54656 595
54657 595
54658 595
54659 595
54660 595
54661 595
54662 595
54663 595
54664 595
54665 595
54666 595
54667 595
54668 595
54669 595
54670 595
54671 595
54672 595
54673 595
54674 595
54675 595
54676 595
54677 595
54678 595
54679 595
54680 595
54681 595
54682 595
54683 595
54684 595
54685 596
54686 596
54687 596
54688 596
54689 596
54690 596
54691 596
54692 596
54693 596
54694 596
54695 596
54696 596
54697 596
54698 596
54699 596
54700 596
54701 596
54702 596
54703 596
54704 596
54705 596
54706 596
54707 596
54708 596
54709 596
54710 596
54711 596
54712 596
54713 596
54714 596
54715 596
54716 596
54717 596
54718 596
54719 596
54720 596
54721 596
54722 596
54723 596
54724 596
54725 596
54726 596
54727 596
54728 596
54729 596
54730 596
54731 596
54732 596
54733 596
54734 596
54735 596
54736 596
54737 596
54738 596
54739 596
54740 596
54741 596
54742 596
54743 596
54744 596
54745 596
54746 596
54747 596
54748 596
54749 596
54750 596
54751 596
54752 596
54753 596
54754 596
54755 596
54756 596
54757 596
54758 596
54759 596
54760 596
54761 596
54762 596
54763 596
54764 596
54765 596
54766 596
54767 596
54768 596
54769 596
54770 596
54771 596
54772 596
54773 596
54774 596
54775 596
54776 596
54777 596
54778 596
54779 596
54780 596
54781 596
54782 596
54783 596
54784 596
54785 596
54786 596
54787 596
54788 596
54789 596
54790 596
54791 596
54792 596
54793 596
54794 596
54795 596
54796 596
54797 596
54798 596
54799 596
54800 596
54801 596
54802 596
54803 596
54804 596
54805 596
54806 596
54807 596
54808 596
54809 596
54810 596
54811 597
54812 597
54813 597
54814 597
54815 597
54816 597
54817 597
54818 597
54819 597
54820 597
54821 597
54822 597
54823 597
54824 597
54825 597
54826 597
54827 597
54828 597
54829 597
54830 597
54831 597
54832 597
54833 597
54834 597
54835 597
54836 597
54837 597
54838 597
54839 597
54840 597
54841 597
54842 597
54843 597
54844 597
54845 597
54846 597
54847 597
54848 597
54849 597
54850 597
54851 597
54852 597
54853 597
54854 597
54855 597
54856 597
54857 597
54858 597
54859 597
54860 597
54861 597
54862 597
54863 597
54864 597
54865 597
54866 597
54867 597
54868 597
54869 597
54870 597
54871 597
54872 597
54873 597
54874 597
54875 597
54876 597
54877 597
54878 597
54879 597
54880 597
54881 597
54882 597
54883 597
54884 597
54885 597
54886 597
54887 597
54888 597
54889 597
54890 597
54891 597
54892 597
54893 597
54894 597
54895 597
54896 597
54897 597
54898 597
54899 597
54900 597
54901 597
54902 597
54903 597
54904 597
54905 597
54906 597
54907 597
54908 597
54909 597
54910 597
54911 597
54912 597
54913 597
54914 597
54915 597
54916 597
54917 597
54918 597
54919 597
54920 597
54921 597
54922 597
54923 597
54924 597
54925 597
54926 597
54927 598
54928 598
54929 598
54930 598
54931 598
54932 598
54933 598
54934 598
54935 598
54936 598
54937 598
54938 598
54939 598
54940 598
54941 598
54942 598
54943 598
54944 598
54945 598
54946 598
54947 598
54948 598
54949 598
54950 598
54951 598
54952 598
54953 598
54954 598
54955 598
54956 598
54957 598
54958 598
54959 598
54960 598
54961 598
54962 598
54963 598
54964 598
54965 598
54966 598
54967 598
54968 598
54969 598
54970 598
54971 598
54972 598
54973 598
54974 598
54975 598
54976 598
54977 598
54978 598
54979 598
54980 598
54981 598
54982 598
54983 598
54984 598
54985 598
54986 598
54987 598
54988 598
54989 598
54990 598
54991 598
54992 598
54993 598
54994 598
54995 598
54996 598
54997 598
54998 598
54999 598
55000 598
55001 598
55002 598
55003 598
55004 598
55005 598
55006 598
55007 598
55008 598
55009 598
55010 598
55011 598
55012 598
55013 598
55014 598
55015 598
55016 598
55017 598
55018 598
55019 598
55020 598
55021 598
55022 598
55023 598
55024 598
55025 598
55026 598
55027 598
55028 598
55029 598
55030 598
55031 598
55032 598
55033 598
55034 598
55035 598
55036 598
55037 599
55038 599
55039 599
55040 599
55041 599
55042 599
55043 599
55044 599
55045 599
55046 599
55047 599
55048 599
55049 599
55050 599
55051 599
55052 599
55053 599
55054 599
55055 599
55056 599
55057 599
55058 599
55059 599
55060 599
55061 599
55062 599
55063 599
55064 599
55065 599
55066 599
55067 599
55068 599
55069 599
55070 599
55071 599
55072 599
55073 599
55074 599
55075 599
55076 599
55077 599
55078 599
55079 599
55080 599
55081 599
55082 599
55083 599
55084 599
55085 599
55086 599
55087 599
55088 599
55089 599
55090 599
55091 599
55092 599
55093 599
55094 599
55095 599
55096 599
55097 599
55098 599
55099 599
55100 599
55101 599
55102 599
55103 599
55104 599
55105 599
55106 599
55107 599
55108 599
55109 599
55110 599
55111 599
55112 599
55113 599
55114 599
55115 599
55116 599
55117 599
55118 599
55119 599
55120 599
55121 599
55122 599
55123 599
55124 599
55125 599
55126 599
55127 599
55128 599
55129 599
55130 599
55131 599
55132 599
55133 599
55134 599
55135 599
55136 599
55137 599
55138 599
55139 599
55140 599
55141 599
55142 599
55143 599
55144 599
55145 599
55146 599
55147 600
55148 600
55149 600
55150 600
55151 600
55152 600
55153 600
55154 600
55155 600
55156 600
55157 600
55158 600
55159 600
55160 600
55161 600
55162 600
55163 600
55164 600
55165 600
55166 600
55167 600
55168 600
55169 600
55170 600
55171 600
55172 600
55173 600
55174 600
55175 600
55176 600
55177 600
55178 600
55179 600
55180 600
55181 600
55182 600
55183 600
55184 600
55185 600
55186 600
55187 600
55188 600
55189 600
55190 600
55191 600
55192 600
55193 600
55194 600
55195 600
55196 600
55197 600
55198 600
55199 600
55200 600
55201 600
55202 600
55203 600
55204 600
55205 600
55206 600
55207 600
55208 600
55209 600
55210 600
55211 600
55212 600
55213 600
55214 600
55215 600
55216 600
55217 600
55218 600
55219 600
55220 600
55221 600
55222 600
55223 600
55224 600
55225 600
55226 600
55227 600
55228 600
55229 600
55230 600
55231 600
55232 600
55233 600
55234 600
55235 600
55236 600
55237 600
55238 600
55239 600
55240 600
55241 600
55242 600
55243 600
55244 600
55245 600
55246 600
55247 600
55248 600
55249 600
55250 600
55251 600
55252 600
55253 600
55254 600
55255 600
55256 600
55257 600
55258 600
55259 600
55260 600
55261 600
55262 600
55263 600
55264 600
55265 600
55266 600
55267 600
55268 600
55269 600
55270 600
55271 600
55272 600
55273 600
55274 600
55275 600
55276 600
55277 600
55278 600
55279 600
55280 600
55281 601
55282 601
55283 601
55284 601
55285 601
55286 601
55287 601
55288 601
55289 601
55290 601
55291 601
55292 601
55293 601
55294 601
55295 601
55296 601
55297 601
55298 601
55299 601
55300 601
55301 601
55302 601
55303 601
55304 601
55305 601
55306 601
55307 601
55308 601
55309 601
55310 601
55311 601
55312 601
55313 601
55314 601
55315 601
55316 601
55317 601
55318 601
55319 601
55320 601
55321 601
55322 601
55323 601
55324 601
55325 601
55326 601
55327 601
55328 601
55329 601
55330 601
55331 601
55332 601
55333 601
55334 601
55335 601
55336 601
55337 601
55338 601
55339 601
55340 601
55341 601
55342 601
55343 601
55344 601
55345 601
55346 601
55347 601
55348 601
55349 601
55350 601
55351 601
55352 601
55353 601
55354 601
55355 601
55356 601
55357 601
55358 601
55359 601
55360 601
55361 601
55362 601
55363 601
55364 601
55365 601
55366 601
55367 601
55368 601
55369 601
55370 601
55371 601
55372 601
55373 601
55374 601
55375 601
55376 601
55377 601
55378 601
55379 601
55380 601
55381 601
55382 601
55383 601
55384 601
55385 601
55386 601
55387 601
55388 601
55389 602
55390 602
55391 602
55392 602
55393 602
55394 602
55395 602
55396 602
55397 602
55398 602
55399 602
55400 602
55401 602
55402 602
55403 602
55404 602
55405 602
55406 602
55407 602
55408 602
55409 602
55410 602
55411 602
55412 602
55413 602
55414 602
55415 602
55416 602
55417 602
55418 602
55419 602
55420 602
55421 602
55422 602
55423 602
55424 602
55425 602
55426 602
55427 602
55428 602
55429 602
55430 602
55431 602
55432 602
55433 602
55434 602
55435 602
55436 602
55437 602
55438 602
55439 602
55440 602
55441 602
55442 602
55443 602
55444 602
55445 602
55446 602
55447 602
55448 602
55449 602
55450 602
55451 602
55452 602
55453 602
55454 602
55455 602
55456 602
55457 602
55458 602
55459 602
55460 602
55461 602
55462 602
55463 602
55464 602
55465 602
55466 602
55467 602
55468 602
55469 602
55470 602
55471 602
55472 602
55473 602
55474 602
55475 602
55476 602
55477 602
55478 602
55479 602
55480 602
55481 602
55482 602
55483 602
55484 602
55485 602
55486 602
55487 602
55488 602
55489 602
55490 602
55491 602
55492 602
55493 602
55494 602
55495 602
55496 602
55497 602
55498 602
55499 602
55500 602
55501 602
55502 602
55503 602
55504 602
55505 602
55506 602
55507 602
55508 602
55509 602
55510 602
55511 602
55512 602
55513 602
55514 602
55515 602
55516 602
55517 602
55518 602
55519 602
55520 602
55521 602
55522 602
55523 602
55524 602
55525 602
55526 602
55527 602
55528 602
55529 602
55530 602
55531 602
55532 602
55533 602
55534 602
55535 602
55536 602
55537 602
55538 602
55539 602
55540 602
55541 602
55542 602
55543 602
55544 602
55545 602
55546 602
55547 602
55548 602
55549 602
55550 602
55551 602
55552 602
55553 602
55554 602
55555 602
55556 602
55557 602
55558 602
55559 602
55560 602
55561 602
55562 602
55563 602
55564 602
55565 602
55566 602
55567 602
55568 602
55569 602
55570 602
55571 602
55572 602
55573 602
55574 602
55575 602
55576 602
55577 602
55578 602
55579 602
55580 602
55581 602
55582 602
55583 602
55584 602
55585 602
55586 602
55587 602
55588 602
55589 602
55590 602
55591 602
55592 602
55593 602
55594 602
55595 602
55596 602
55597 602
55598 602
55599 602
55600 602
55601 602
55602 602
55603 602
55604 602
55605 602
55606 602
55607 602
55608 602
55609 602
55610 602
55611 602
55612 602
55613 602
55614 602
55615 602
55616 602
55617 602
55618 602
55619 602
55620 602
55621 602
55622 602
55623 602
55624 602
55625 602
55626 602
55627 602
55628 602
55629 602
55630 602
55631 602
55632 602
55633 602
55634 602
55635 602
55636 602
55637 602
55638 602
55639 602
55640 602
55641 602
55642 602
55643 602
55644 602
55645 602
55646 602
55647 602
55648 602
55649 602
55650 602
55651 602
55652 602
55653 602
55654 602
55655 602
55656 602
55657 602
55658 602
55659 602
55660 602
55661 602
55662 602
55663 602
55664 602
55665 602
55666 602
55667 602
55668 602
55669 602
55670 602
55671 602
55672 602
55673 602
55674 602
55675 602
55676 602
55677 602
55678 602
55679 602
55680 602
55681 602
55682 602
55683 602
55684 602
55685 602
55686 602
55687 602
55688 602
55689 602
55690 602
55691 602
55692 602
55693 602
55694 602
55695 602
55696 602
55697 602
55698 602
55699 602
55700 602
55701 602
55702 602
55703 602
55704 602
55705 602
55706 602
55707 602
55708 602
55709 602
55710 602
55711 602
55712 602
55713 602
55714 602
55715 602
55716 602
55717 602
55718 602
55719 602
55720 602
55721 602
55722 602
55723 602
55724 602
55725 602
55726 602
55727 602
55728 602
55729 602
55730 602
55731 602
55732 602
55733 602
55734 602
55735 602
55736 602
55737 602
55738 602
55739 602
55740 602
55741 602
55742 602
55743 602
55744 602
55745 602
55746 602
55747 602
55748 602
55749 602
55750 602
55751 602
55752 602
55753 602
55754 602
55755 602
55756 602
55757 602
55758 602
55759 602
55760 602
55761 602
55762 602
55763 602
55764 602
55765 602
55766 602
55767 602
55768 602
55769 602
55770 602
55771 602
55772 602
55773 602
55774 602
55775 602
55776 602
55777 602
55778 602
55779 602
55780 602
55781 602
55782 602
55783 602
55784 602
55785 602
55786 602
55787 602
55788 602
55789 602
55790 602
55791 602
55792 602
55793 602
55794 602
55795 602
55796 602
55797 602
55798 602
55799 602
55800 602
55801 602
55802 602
55803 602
55804 602
55805 602
55806 602
55807 602
55808 602
55809 602
55810 602
55811 602
55812 602
55813 602
55814 602
55815 602
55816 602
55817 602
55818 602
55819 602
55820 602
55821 602
55822 602
55823 602
55824 602
55825 602
55826 602
55827 602
55828 602
55829 602
55830 602
55831 602
55832 602
55833 602
55834 602
55835 602
55836 602
55837 602
55838 602
55839 602
55840 602
55841 602
55842 602
55843 602
55844 602
55845 602
55846 602
55847 602
55848 602
55849 602
55850 602
55851 602
55852 602
55853 602
55854 602
55855 602
55856 602
55857 602
55858 602
55859 602
55860 602
55861 602
55862 602
55863 602
55864 602
55865 602
55866 602
55867 602
55868 602
55869 602
55870 602
55871 602
55872 602
55873 602
55874 602
55875 602
55876 602
55877 602
55878 602
55879 602
55880 602
55881 602
55882 602
55883 602
55884 602
55885 602
55886 602
55887 602
55888 602
55889 602
55890 602
55891 602
55892 602
55893 602
55894 602
55895 602
55896 602
55897 602
55898 602
55899 602
55900 603
55901 603
55902 603
55903 603
55904 603
55905 603
55906 603
55907 603
55908 603
55909 603
55910 603
55911 603
55912 603
55913 603
55914 603
55915 603
55916 603
55917 603
55918 603
55919 603
55920 603
55921 603
55922 603
55923 603
55924 603
55925 603
55926 603
55927 603
55928 603
55929 603
55930 603
55931 603
55932 603
55933 603
55934 603
55935 603
55936 603
55937 603
55938 603
55939 603
55940 603
55941 603
55942 603
55943 603
55944 603
55945 603
55946 603
55947 603
55948 603
55949 603
55950 603
55951 603
55952 603
55953 603
55954 603
55955 603
55956 603
55957 603
55958 603
55959 603
55960 603
55961 603
55962 603
55963 603
55964 603
55965 603
55966 603
55967 603
55968 603
55969 603
55970 603
55971 603
55972 603
55973 603
55974 603
55975 603
55976 603
55977 603
55978 603
55979 603
55980 603
55981 603
55982 603
55983 603
55984 603
55985 603
55986 603
55987 603
55988 603
55989 603
55990 603
55991 603
55992 603
55993 603
55994 603
55995 603
55996 603
55997 603
55998 603
55999 603
56000 603
56001 603
56002 603
56003 603
56004 603
56005 603
56006 603
56007 603
56008 603
56009 603
56010 603
56011 603
56012 603
56013 603
56014 603
56015 603
56016 603
56017 603
56018 603
56019 603
56020 603
56021 603
56022 603
56023 603
56024 603
56025 603
56026 603
56027 603
56028 603
56029 603
56030 603
56031 603
56032 603
56033 603
56034 603
56035 603
56036 603
56037 603
56038 603
56039 603
56040 603
56041 603
56042 603
56043 603
56044 603
56045 603
56046 603
56047 603
56048 603
56049 603
56050 603
56051 603
56052 603
56053 603
56054 603
56055 603
56056 603
56057 603
56058 603
56059 603
56060 603
56061 603
56062 603
56063 603
56064 603
56065 603
56066 603
56067 604
56068 604
56069 604
56070 604
56071 604
56072 604
56073 604
56074 604
56075 604
56076 604
56077 604
56078 604
56079 604
56080 604
56081 604
56082 604
56083 604
56084 604
56085 604
56086 604
56087 604
56088 604
56089 604
56090 604
56091 604
56092 604
56093 604
56094 604
56095 604
56096 604
56097 604
56098 604
56099 604
56100 604
56101 604
56102 604
56103 604
56104 604
56105 604
56106 604
56107 604
56108 604
56109 604
56110 604
56111 604
56112 604
56113 604
56114 604
56115 604
56116 604
56117 604
56118 604
56119 604
56120 604
56121 604
56122 604
56123 604
56124 604
56125 604
56126 604
56127 604
56128 604
56129 604
56130 604
56131 604
56132 604
56133 604
56134 604
56135 604
56136 604
56137 604
56138 604
56139 604
56140 604
56141 604
56142 604
56143 604
56144 604
56145 604
56146 604
56147 604
56148 604
56149 604
56150 604
56151 604
56152 604
56153 604
56154 604
56155 604
56156 604
56157 604
56158 604
56159 604
56160 604
56161 604
56162 604
56163 604
56164 604
56165 604
56166 604
56167 604
56168 604
56169 604
56170 604
56171 604
56172 604
56173 604
56174 604
56175 604
56176 604
56177 604
56178 604
56179 604
56180 604
56181 604
56182 604
56183 604
56184 604
56185 604
56186 604
56187 604
56188 604
56189 604
56190 604
56191 604
56192 604
56193 604
56194 604
56195 604
56196 604
56197 604
56198 604
56199 604
56200 604
56201 604
56202 604
56203 604
56204 604
56205 604
56206 604
56207 604
56208 604
56209 604
56210 604
56211 604
56212 604
56213 604
56214 604
56215 604
56216 604
56217 604
56218 604
56219 604
56220 604
56221 604
56222 604
56223 604
56224 604
56225 604
56226 604
56227 604
56228 604
56229 604
56230 604
56231 604
56232 604
56233 604
56234 604
56235 604
56236 604
56237 604
56238 604
56239 604
56240 604
56241 604
56242 604
56243 604
56244 604
56245 604
56246 604
56247 604
56248 604
56249 604
56250 604
56251 604
56252 604
56253 604
56254 604
56255 604
56256 604
56257 604
56258 604
56259 604
56260 604
56261 604
56262 604
56263 604
56264 604
56265 604
56266 604
56267 604
56268 604
56269 604
56270 604
56271 604
56272 604
56273 604
56274 604
56275 604
56276 604
56277 604
56278 604
56279 604
56280 604
56281 604
56282 604
56283 604
56284 604
56285 604
56286 604
56287 604
56288 604
56289 604
56290 604
56291 604
56292 604
56293 604
56294 604
56295 604
56296 604
56297 604
56298 604
56299 604
56300 604
56301 604
56302 604
56303 604
56304 604
56305 604
56306 604
56307 604
56308 604
56309 604
56310 604
56311 604
56312 604
56313 604
56314 604
56315 604
56316 604
56317 604
56318 604
56319 604
56320 604
56321 604
56322 604
56323 604
56324 604
56325 604
56326 604
56327 604
56328 604
56329 604
56330 604
56331 604
56332 604
56333 604
56334 604
56335 604
56336 604
56337 605
56338 605
56339 605
56340 605
56341 605
56342 605
56343 605
56344 605
56345 605
56346 605
56347 605
56348 605
56349 605
56350 605
56351 605
56352 605
56353 605
56354 605
56355 605
56356 605
56357 605
56358 605
56359 605
56360 605
56361 605
56362 605
56363 605
56364 605
56365 605
56366 605
56367 605
56368 605
56369 605
56370 605
56371 605
56372 605
56373 605
56374 605
56375 605
56376 605
56377 605
56378 605
56379 605
56380 605
56381 605
56382 605
56383 605
56384 605
56385 605
56386 605
56387 605
56388 605
56389 605
56390 605
56391 605
56392 605
56393 605
56394 605
56395 605
56396 605
56397 605
56398 605
56399 605
56400 605
56401 605
56402 605
56403 605
56404 605
56405 605
56406 605
56407 605
56408 605
56409 605
56410 605
56411 605
56412 605
56413 605
56414 605
56415 605
56416 605
56417 605
56418 605
56419 605
56420 605
56421 605
56422 605
56423 605
56424 605
56425 605
56426 605
56427 605
56428 605
56429 605
56430 605
56431 605
56432 605
56433 605
56434 605
56435 605
56436 605
56437 605
56438 605
56439 605
56440 605
56441 605
56442 605
56443 605
56444 605
56445 605
56446 605
56447 605
56448 605
56449 605
56450 605
56451 605
56452 605
56453 605
56454 605
56455 605
56456 605
56457 605
56458 605
56459 605
56460 605
56461 605
56462 605
56463 605
56464 605
56465 605
56466 605
56467 605
56468 605
56469 605
56470 605
56471 605
56472 605
56473 605
56474 605
56475 605
56476 605
56477 605
56478 605
56479 605
56480 605
56481 605
56482 605
56483 605
56484 605
56485 605
56486 605
56487 605
56488 605
56489 605
56490 605
56491 605
56492 605
56493 605
56494 605
56495 605
56496 605
56497 605
56498 605
56499 605
56500 605
56501 605
56502 605
56503 605
56504 605
56505 605
56506 605
56507 605
56508 605
56509 605
56510 605
56511 605
56512 605
56513 605
56514 605
56515 605
56516 605
56517 605
56518 605
56519 605
56520 605
56521 605
56522 605
56523 605
56524 605
56525 605
56526 605
56527 605
56528 606
56529 606
56530 606
56531 606
56532 606
56533 606
56534 606
56535 606
56536 606
56537 606
56538 606
56539 606
56540 606
56541 606
56542 606
56543 606
56544 606
56545 606
56546 606
56547 606
56548 606
56549 606
56550 606
56551 606
56552 606
56553 606
56554 606
56555 606
56556 606
56557 606
56558 606
56559 606
56560 606
56561 606
56562 606
56563 606
56564 606
56565 606
56566 606
56567 606
56568 606
56569 606
56570 606
56571 606
56572 606
56573 606
56574 606
56575 606
56576 606
56577 606
56578 606
56579 606
56580 606
56581 606
56582 606
56583 606
56584 606
56585 606
56586 606
56587 606
56588 606
56589 606
56590 606
56591 606
56592 606
56593 606
56594 606
56595 606
56596 606
56597 606
56598 606
56599 606
56600 606
56601 606
56602 606
56603 606
56604 606
56605 606
56606 606
56607 606
56608 606
56609 606
56610 606
56611 606
56612 606
56613 606
56614 606
56615 606
56616 606
56617 606
56618 606
56619 606
56620 606
56621 606
56622 606
56623 606
56624 606
56625 606
56626 606
56627 606
56628 606
56629 606
56630 606
56631 606
56632 606
56633 606
56634 606
56635 606
56636 606
56637 606
56638 606
56639 606
56640 606
56641 606
56642 606
56643 606
56644 606
56645 606
56646 606
56647 606
56648 606
56649 606
56650 606
56651 606
56652 606
56653 606
56654 606
56655 606
56656 606
56657 606
56658 606
56659 606
56660 606
56661 606
56662 606
56663 606
56664 606
56665 606
56666 606
56667 606
56668 606
56669 606
56670 606
56671 606
56672 606
56673 606
56674 606
56675 606
56676 606
56677 606
56678 606
56679 606
56680 606
56681 606
56682 606
56683 606
56684 606
56685 606
56686 606
56687 606
56688 606
56689 606
56690 606
56691 606
56692 606
56693 606
56694 606
56695 606
56696 606
56697 606
56698 606
56699 606
56700 606
56701 606
56702 606
56703 606
56704 606
56705 606
56706 606
56707 606
56708 606
56709 606
56710 606
56711 606
56712 606
56713 606
56714 606
56715 606
56716 606
56717 606
56718 606
56719 606
56720 606
56721 606
56722 606
56723 606
56724 606
56725 606
56726 606
56727 606
56728 606
56729 606
56730 606
56731 606
56732 606
56733 606
56734 606
56735 606
56736 606
56737 606
56738 606
56739 606
56740 606
56741 606
56742 606
56743 606
56744 606
56745 606
56746 606
56747 606
56748 606
56749 606
56750 606
56751 606
56752 606
56753 606
56754 606
56755 606
56756 606
56757 606
56758 606
56759 607
56760 607
56761 607
56762 607
56763 607
56764 607
56765 607
56766 607
56767 607
56768 607
56769 607
56770 607
56771 607
56772 607
56773 607
56774 607
56775 607
56776 607
56777 607
56778 607
56779 607
56780 607
56781 607
56782 607
56783 607
56784 607
56785 607
56786 607
56787 607
56788 607
56789 607
56790 607
56791 607
56792 607
56793 607
56794 607
56795 607
56796 607
56797 607
56798 607
56799 607
56800 607
56801 607
56802 607
56803 607
56804 607
56805 607
56806 607
56807 607
56808 607
56809 607
56810 607
56811 607
56812 607
56813 607
56814 607
56815 607
56816 607
56817 607
56818 607
56819 607
56820 607
56821 607
56822 607
56823 607
56824 607
56825 607
56826 607
56827 607
56828 607
56829 607
56830 607
56831 607
56832 607
56833 607
56834 607
56835 607
56836 607
56837 607
56838 607
56839 607
56840 607
56841 607
56842 607
56843 607
56844 607
56845 607
56846 607
56847 607
56848 607
56849 607
56850 607
56851 607
56852 607
56853 607
56854 607
56855 607
56856 607
56857 607
56858 607
56859 607
56860 607
56861 607
56862 607
56863 607
56864 607
56865 607
56866 607
56867 607
56868 607
56869 607
56870 607
56871 607
56872 607
56873 607
56874 607
56875 607
56876 607
56877 607
56878 607
56879 607
56880 607
56881 607
56882 607
56883 607
56884 607
56885 607
56886 607
56887 607
56888 607
56889 608
56890 608
56891 608
56892 608
56893 608
56894 608
56895 608
56896 608
56897 608
56898 608
56899 608
56900 608
56901 608
56902 608
56903 608
56904 608
56905 608
56906 608
56907 608
56908 608
56909 608
56910 608
56911 608
56912 608
56913 608
56914 608
56915 608
56916 608
56917 608
56918 608
56919 608
56920 608
56921 608
56922 608
56923 608
56924 608
56925 608
56926 608
56927 608
56928 608
56929 608
56930 608
56931 608
56932 608
56933 608
56934 608
56935 608
56936 608
56937 608
56938 608
56939 608
56940 608
56941 608
56942 608
56943 608
56944 608
56945 608
56946 608
56947 608
56948 608
56949 608
56950 608
56951 608
56952 608
56953 608
56954 608
56955 608
56956 608
56957 608
56958 608
56959 608
56960 608
56961 608
56962 608
56963 608
56964 608
56965 608
56966 608
56967 608
56968 608
56969 608
56970 608
56971 608
56972 608
56973 608
56974 608
56975 608
56976 608
56977 608
56978 608
56979 608
56980 608
56981 608
56982 608
56983 608
56984 608
56985 608
56986 608
56987 608
56988 608
56989 608
56990 608
56991 608
56992 608
56993 608
56994 608
56995 608
56996 608
56997 608
56998 608
56999 608
57000 608
57001 608
57002 608
57003 608
57004 608
57005 608
57006 608
57007 608
57008 608
57009 608
57010 608
57011 608
57012 608
57013 608
57014 608
57015 608
57016 608
57017 608
57018 608
57019 608
57020 608
57021 608
57022 608
57023 609
57024 609
57025 609
57026 609
57027 609
57028 609
57029 609
57030 609
57031 609
57032 609
57033 609
57034 609
57035 609
57036 609
57037 609
57038 609
57039 609
57040 609
57041 609
57042 609
57043 609
57044 609
57045 609
57046 609
57047 609
57048 609
57049 609
57050 609
57051 609
57052 609
57053 609
57054 609
57055 609
57056 609
57057 609
57058 609
57059 609
57060 609
57061 609
57062 609
57063 609
57064 609
57065 609
57066 609
57067 609
57068 609
57069 609
57070 609
57071 609
57072 609
57073 609
57074 609
57075 609
57076 609
57077 609
57078 609
57079 609
57080 609
57081 609
57082 609
57083 609
57084 609
57085 609
57086 609
57087 609
57088 609
57089 609
57090 609
57091 609
57092 609
57093 609
57094 609
57095 609
57096 609
57097 609
57098 609
57099 609
57100 609
57101 609
57102 609
57103 609
57104 609
57105 609
57106 609
57107 609
57108 609
57109 609
57110 609
57111 609
57112 609
57113 609
57114 609
57115 609
57116 609
57117 609
57118 609
57119 609
57120 609
57121 609
57122 609
57123 609
57124 609
57125 609
57126 609
57127 609
57128 609
57129 609
57130 609
57131 609
57132 609
57133 609
57134 609
57135 609
57136 609
57137 609
57138 609
57139 609
57140 609
57141 609
57142 609
57143 609
57144 609
57145 609
57146 609
57147 609
57148 609
57149 609
57150 609
57151 609
57152 609
57153 609
57154 609
57155 609
57156 609
57157 609
57158 609
57159 609
57160 609
57161 609
57162 609
57163 609
57164 609
57165 609
57166 609
57167 609
57168 609
57169 609
57170 609
57171 609
57172 609
57173 609
57174 609
57175 609
57176 609
57177 609
57178 609
57179 609
57180 609
57181 609
57182 609
57183 609
57184 609
57185 609
57186 609
57187 609
57188 609
57189 609
57190 609
57191 609
57192 609
57193 609
57194 609
57195 609
57196 609
57197 609
57198 609
57199 609
57200 609
57201 609
57202 609
57203 609
57204 609
57205 609
57206 609
57207 609
57208 609
57209 609
57210 609
57211 609
57212 609
57213 609
57214 609
57215 609
57216 609
57217 609
57218 609
57219 609
57220 609
57221 609
57222 609
57223 609
57224 609
57225 609
57226 609
57227 609
57228 609
57229 609
57230 609
57231 609
57232 609
57233 609
57234 609
57235 609
57236 609
57237 609
57238 609
57239 609
57240 609
57241 609
57242 609
57243 609
57244 609
57245 609
57246 609
57247 609
57248 609
57249 609
57250 609
57251 609
57252 609
57253 609
57254 609
57255 609
57256 609
57257 609
57258 609
57259 609
57260 609
57261 609
57262 609
57263 609
57264 609
57265 609
57266 609
57267 609
57268 609
57269 609
57270 609
57271 609
57272 609
57273 609
57274 609
57275 609
57276 609
57277 609
57278 609
57279 609
57280 609
57281 609
57282 609
57283 609
57284 609
57285 609
57286 609
57287 609
57288 609
57289 609
57290 609
57291 609
57292 609
57293 609
57294 609
57295 609
57296 609
57297 609
57298 609
57299 609
57300 609
57301 609
57302 609
57303 609
57304 609
57305 609
57306 609
57307 609
57308 609
57309 609
57310 609
57311 609
57312 609
57313 609
57314 609
57315 609
57316 609
57317 609
57318 609
57319 609
57320 609
57321 609
57322 609
57323 609
57324 609
57325 609
57326 609
57327 609
57328 609
57329 609
57330 609
57331 609
57332 609
57333 609
57334 609
57335 609
57336 609
57337 609
57338 609
57339 609
57340 609
57341 609
57342 609
57343 609
57344 609
57345 609
57346 609
57347 609
57348 609
57349 609
57350 609
57351 609
57352 609
57353 609
57354 609
57355 609
57356 609
57357 609
57358 609
57359 609
57360 609
57361 609
57362 609
57363 609
57364 609
57365 609
57366 609
57367 609
57368 609
57369 609
57370 609
57371 609
57372 609
57373 609
57374 609
57375 609
57376 609
57377 609
57378 609
57379 609
57380 609
57381 609
57382 609
57383 609
57384 610
57385 610
57386 610
57387 610
57388 610
57389 610
57390 610
57391 610
57392 610
57393 610
57394 610
57395 610
57396 610
57397 610
57398 610
57399 610
57400 610
57401 610
57402 610
57403 610
57404 610
57405 610
57406 610
57407 610
57408 610
57409 610
57410 610
57411 610
57412 610
57413 610
57414 610
57415 610
57416 610
57417 610
57418 610
57419 610
57420 610
57421 610
57422 610
57423 610
57424 610
57425 610
57426 610
57427 610
57428 610
57429 610
57430 610
57431 610
57432 610
57433 610
57434 610
57435 610
57436 610
57437 610
57438 610
57439 610
57440 610
57441 610
57442 610
57443 610
57444 610
57445 610
57446 610
57447 610
57448 610
57449 610
57450 610
57451 610
57452 610
57453 610
57454 610
57455 610
57456 610
57457 610
57458 610
57459 610
57460 610
57461 610
57462 610
57463 610
57464 610
57465 610
57466 610
57467 610
57468 610
57469 610
57470 610
57471 610
57472 610
57473 610
57474 610
57475 610
57476 610
57477 610
57478 610
57479 610
57480 610
57481 610
57482 610
57483 610
57484 610
57485 610
57486 610
57487 610
57488 610
57489 610
57490 610
57491 610
57492 610
57493 610
57494 610
57495 610
57496 610
57497 610
57498 610
57499 610
57500 610
57501 610
57502 610
57503 610
57504 610
57505 610
57506 610
57507 610
57508 610
57509 610
57510 610
57511 610
57512 610
57513 610
57514 610
57515 610
57516 610
57517 610
57518 610
57519 610
57520 610
57521 610
57522 610
57523 610
57524 610
57525 610
57526 610
57527 610
57528 610
57529 610
57530 610
57531 610
57532 610
57533 610
57534 610
57535 610
57536 610
57537 610
57538 610
57539 610
57540 610
57541 610
57542 610
57543 610
57544 610
57545 610
57546 610
57547 610
57548 610
57549 610
57550 610
57551 610
57552 610
57553 610
57554 610
57555 610
57556 610
57557 610
57558 610
57559 610
57560 610
57561 610
57562 610
57563 610
57564 610
57565 610
57566 610
57567 610
57568 610
57569 610
57570 610
57571 610
57572 610
57573 610
57574 610
57575 610
57576 610
57577 610
57578 610
57579 610
57580 610
57581 610
57582 610
57583 610
57584 610
57585 610
57586 610
57587 610
57588 610
57589 610
57590 610
57591 610
57592 610
57593 610
57594 610
57595 610
57596 610
57597 610
57598 610
57599 610
57600 610
57601 610
57602 610
57603 610
57604 610
57605 610
57606 610
57607 610
57608 610
57609 610
57610 610
57611 610
57612 610
57613 610
57614 610
57615 610
57616 610
57617 610
57618 610
57619 610
57620 611
57621 611
57622 611
57623 611
57624 611
57625 611
57626 611
57627 611
57628 611
57629 611
57630 611
57631 611
57632 611
57633 611
57634 611
57635 611
57636 611
57637 611
57638 611
57639 611
57640 611
57641 611
57642 611
57643 611
57644 611
57645 611
57646 611
57647 611
57648 611
57649 611
57650 611
57651 611
57652 611
57653 611
57654 611
57655 611
57656 611
57657 611
57658 611
57659 611
57660 611
57661 611
57662 611
57663 611
57664 611
57665 611
57666 611
57667 611
57668 611
57669 611
57670 611
57671 611
57672 611
57673 611
57674 611
57675 611
57676 611
57677 611
57678 611
57679 611
57680 611
57681 611
57682 611
57683 611
57684 611
57685 611
57686 611
57687 611
57688 611
57689 611
57690 611
57691 611
57692 611
57693 611
57694 611
57695 611
57696 611
57697 611
57698 611
57699 611
57700 611
57701 611
57702 611
57703 611
57704 611
57705 611
57706 611
57707 611
57708 611
57709 611
57710 611
57711 611
57712 611
57713 611
57714 611
57715 611
57716 611
57717 611
57718 611
57719 611
57720 611
57721 611
57722 611
57723 611
57724 611
57725 611
57726 611
57727 611
57728 611
57729 611
57730 611
57731 611
57732 611
57733 611
57734 611
57735 611
57736 611
57737 611
57738 611
57739 611
57740 611
57741 611
57742 611
57743 611
57744 611
57745 611
57746 611
57747 611
57748 611
57749 611
57750 611
57751 611
57752 611
57753 611
57754 611
57755 611
57756 611
57757 611
57758 611
57759 611
57760 611
57761 611
57762 611
57763 611
57764 611
57765 611
57766 611
57767 611
57768 611
57769 611
57770 611
57771 611
57772 611
57773 611
57774 611
57775 611
57776 611
57777 611
57778 611
57779 611
57780 611
57781 611
57782 611
57783 611
57784 611
57785 611
57786 611
57787 611
57788 611
57789 611
57790 611
57791 611
57792 611
57793 611
57794 611
57795 611
57796 611
57797 611
57798 611
57799 611
57800 611
57801 611
57802 611
57803 611
57804 611
57805 611
57806 611
57807 611
57808 611
57809 611
57810 611
57811 611
57812 611
57813 611
57814 611
57815 611
57816 611
57817 611
57818 611
57819 611
57820 611
57821 611
57822 611
57823 611
57824 611
57825 611
57826 611
57827 611
57828 611
57829 611
57830 611
57831 611
57832 611
57833 611
57834 611
57835 611
57836 611
57837 611
57838 611
57839 611
57840 611
57841 611
57842 611
57843 611
57844 611
57845 611
57846 611
57847 611
57848 611
57849 611
57850 611
57851 611
57852 611
57853 611
57854 611
57855 611
57856 611
57857 611
57858 611
57859 611
57860 611
57861 611
57862 611
57863 611
57864 611
57865 611
57866 611
57867 611
57868 611
57869 611
57870 611
57871 611
57872 611
57873 611
57874 611
57875 611
57876 611
57877 611
57878 611
57879 611
57880 611
57881 611
57882 611
57883 611
57884 611
57885 611
57886 611
57887 611
57888 611
57889 611
57890 611
57891 611
57892 611
57893 611
57894 611
57895 611
57896 612
57897 612
57898 612
57899 612
57900 612
57901 612
57902 612
57903 612
57904 612
57905 612
57906 612
57907 612
57908 612
57909 612
57910 612
57911 612
57912 612
57913 612
57914 612
57915 612
57916 612
57917 612
57918 612
57919 612
57920 612
57921 612
57922 612
57923 612
57924 612
57925 612
57926 612
57927 612
57928 612
57929 612
57930 612
57931 612
57932 612
57933 612
57934 612
57935 612
57936 612
57937 612
57938 612
57939 612
57940 612
57941 612
57942 612
57943 612
57944 612
57945 612
57946 612
57947 612
57948 612
57949 612
57950 612
57951 612
57952 612
57953 612
57954 612
57955 612
57956 612
57957 612
57958 612
57959 612
57960 612
57961 612
57962 612
57963 612
57964 612
57965 612
57966 612
57967 612
57968 612
57969 612
57970 612
57971 612
57972 612
57973 612
57974 612
57975 612
57976 612
57977 612
57978 612
57979 612
57980 612
57981 612
57982 612
57983 612
57984 612
57985 612
57986 612
57987 612
57988 612
57989 612
57990 612
57991 612
57992 612
57993 612
57994 612
57995 612
57996 612
57997 612
57998 612
57999 612
58000 612
58001 612
58002 612
58003 612
58004 612
58005 612
58006 612
58007 612
58008 612
58009 612
58010 612
58011 612
58012 612
58013 612
58014 612
58015 612
58016 612
58017 612
58018 612
58019 612
58020 612
58021 612
58022 612
58023 612
58024 612
58025 612
58026 612
58027 612
58028 612
58029 612
58030 612
58031 612
58032 612
58033 612
58034 612
58035 612
58036 612
58037 612
58038 612
58039 612
58040 612
58041 612
58042 612
58043 612
58044 612
58045 612
58046 612
58047 612
58048 612
58049 612
58050 612
58051 612
58052 612
58053 612
58054 612
58055 613
58056 613
58057 613
58058 613
58059 613
58060 613
58061 613
58062 613
58063 613
58064 613
58065 613
58066 613
58067 613
58068 613
58069 613
58070 613
58071 613
58072 613
58073 613
58074 613
58075 613
58076 613
58077 613
58078 613
58079 613
58080 613
58081 613
58082 613
58083 613
58084 613
58085 613
58086 613
58087 613
58088 613
58089 613
58090 613
58091 613
58092 613
58093 613
58094 613
58095 613
58096 613
58097 613
58098 613
58099 613
58100 613
58101 613
58102 613
58103 613
58104 613
58105 613
58106 613
58107 613
58108 613
58109 613
58110 613
58111 613
58112 613
58113 613
58114 613
58115 613
58116 613
58117 613
58118 613
58119 613
58120 613
58121 613
58122 613
58123 613
58124 613
58125 613
58126 613
58127 613
58128 613
58129 613
58130 613
58131 613
58132 613
58133 613
58134 613
58135 613
58136 613
58137 613
58138 613
58139 613
58140 613
58141 613
58142 613
58143 613
58144 613
58145 613
58146 613
58147 613
58148 613
58149 613
58150 613
58151 613
58152 613
58153 613
58154 613
58155 613
58156 613
58157 613
58158 613
58159 613
58160 613
58161 613
58162 613
58163 613
58164 613
58165 613
58166 613
58167 613
58168 613
58169 613
58170 613
58171 613
58172 613
58173 613
58174 614
58175 614
58176 614
58177 614
58178 614
58179 614
58180 614
58181 614
58182 614
58183 614
58184 614
58185 614
58186 614
58187 614
58188 614
58189 614
58190 614
58191 614
58192 614
58193 614
58194 614
58195 614
58196 614
58197 614
58198 614
58199 614
58200 614
58201 614
58202 614
58203 614
58204 614
58205 614
58206 614
58207 614
58208 614
58209 614
58210 614
58211 614
58212 614
58213 614
58214 614
58215 614
58216 614
58217 614
58218 614
58219 614
58220 614
58221 614
58222 614
58223 614
58224 614
58225 614
58226 614
58227 614
58228 614
58229 614
58230 614
58231 614
58232 614
58233 614
58234 614
58235 614
58236 614
58237 614
58238 614
58239 614
58240 614
58241 614
58242 614
58243 614
58244 614
58245 614
58246 614
58247 614
58248 614
58249 614
58250 614
58251 614
58252 614
58253 614
58254 614
58255 614
58256 614
58257 614
58258 614
58259 614
58260 614
58261 614
58262 614
58263 614
58264 614
58265 614
58266 614
58267 614
58268 614
58269 614
58270 614
58271 614
58272 614
58273 614
58274 614
58275 614
58276 614
58277 614
58278 614
58279 614
58280 614
58281 614
58282 614
58283 614
58284 614
58285 615
58286 615
58287 615
58288 615
58289 615
58290 615
58291 615
58292 615
58293 615
58294 615
58295 615
58296 615
58297 615
58298 615
58299 615
58300 615
58301 615
58302 615
58303 615
58304 615
58305 615
58306 615
58307 615
58308 615
58309 615
58310 615
58311 615
58312 615
58313 615
58314 615
58315 615
58316 615
58317 615
58318 615
58319 615
58320 615
58321 615
58322 615
58323 615
58324 615
58325 615
58326 615
58327 615
58328 615
58329 615
58330 615
58331 615
58332 615
58333 615
58334 615
58335 615
58336 615
58337 615
58338 615
58339 615
58340 615
58341 615
58342 615
58343 615
58344 615
58345 615
58346 615
58347 615
58348 615
58349 615
58350 615
58351 615
58352 615
58353 615
58354 615
58355 615
58356 615
58357 615
58358 615
58359 615
58360 615
58361 615
58362 615
58363 615
58364 615
58365 615
58366 615
58367 615
58368 615
58369 615
58370 615
58371 615
58372 615
58373 615
58374 615
58375 615
58376 615
58377 615
58378 615
58379 615
58380 615
58381 615
58382 615
58383 615
58384 615
58385 615
58386 615
58387 615
58388 615
58389 615
58390 615
58391 615
58392 615
58393 615
58394 615
58395 615
58396 615
58397 615
58398 615
58399 615
58400 615
58401 615
58402 615
58403 615
58404 615
58405 615
58406 615
58407 615
58408 615
58409 615
58410 616
58411 616
58412 616
58413 616
58414 616
58415 616
58416 616
58417 616
58418 616
58419 616
58420 616
58421 616
58422 616
58423 616
58424 616
58425 616
58426 616
58427 616
58428 616
58429 616
58430 616
58431 616
58432 616
58433 616
58434 616
58435 616
58436 616
58437 616
58438 616
58439 616
58440 616
58441 616
58442 616
58443 616
58444 616
58445 616
58446 616
58447 616
58448 616
58449 616
58450 616
58451 616
58452 616
58453 616
58454 616
58455 616
58456 616
58457 616
58458 616
58459 616
58460 616
58461 616
58462 616
58463 616
58464 616
58465 616
58466 616
58467 616
58468 616
58469 616
58470 616
58471 616
58472 616
58473 616
58474 616
58475 616
58476 616
58477 616
58478 616
58479 616
58480 616
58481 616
58482 616
58483 616
58484 616
58485 616
58486 616
58487 616
58488 616
58489 616
58490 616
58491 616
58492 616
58493 616
58494 616
58495 616
58496 616
58497 616
58498 616
58499 616
58500 616
58501 616
58502 616
58503 616
58504 616
58505 616
58506 616
58507 616
58508 616
58509 616
58510 616
58511 616
58512 616
58513 616
58514 616
58515 616
58516 616
58517 616
58518 616
58519 616
58520 616
58521 616
58522 616
58523 616
58524 616
58525 616
58526 616
58527 616
58528 616
58529 616
58530 616
58531 616
58532 616
58533 616
58534 616
58535 616
58536 616
58537 616
58538 616
58539 616
58540 616
58541 616
58542 616
58543 616
58544 616
58545 616
58546 616
58547 616
58548 617
58549 617
58550 617
58551 617
58552 617
58553 617
58554 617
58555 617
58556 617
58557 617
58558 617
58559 617
58560 617
58561 617
58562 617
58563 617
58564 617
58565 617
58566 617
58567 617
58568 617
58569 617
58570 617
58571 617
58572 617
58573 617
58574 617
58575 617
58576 617
58577 617
58578 617
58579 617
58580 617
58581 617
58582 617
58583 617
58584 617
58585 617
58586 617
58587 617
58588 617
58589 617
58590 617
58591 617
58592 617
58593 617
58594 617
58595 617
58596 617
58597 617
58598 617
58599 617
58600 617
58601 617
58602 617
58603 617
58604 617
58605 617
58606 617
58607 617
58608 617
58609 617
58610 617
58611 617
58612 617
58613 617
58614 617
58615 617
58616 617
58617 617
58618 617
58619 617
58620 617
58621 617
58622 617
58623 617
58624 617
58625 617
58626 617
58627 617
58628 617
58629 617
58630 617
58631 617
58632 617
58633 617
58634 617
58635 617
58636 617
58637 617
58638 617
58639 617
58640 617
58641 617
58642 617
58643 617
58644 617
58645 617
58646 617
58647 617
58648 617
58649 617
58650 617
58651 617
58652 617
58653 617
58654 617
58655 617
58656 617
58657 617
58658 617
58659 617
58660 617
58661 617
58662 617
58663 617
58664 617
58665 617
58666 617
58667 617
58668 617
58669 617
58670 617
58671 617
58672 617
58673 618
58674 618
58675 618
58676 618
58677 618
58678 618
58679 618
58680 618
58681 618
58682 618
58683 618
58684 618
58685 618
58686 618
58687 618
58688 618
58689 618
58690 618
58691 618
58692 618
58693 618
58694 618
58695 618
58696 618
58697 618
58698 618
58699 618
58700 618
58701 618
58702 618
58703 618
58704 618
58705 618
58706 618
58707 618
58708 618
58709 618
58710 618
58711 618
58712 618
58713 618
58714 618
58715 618
58716 618
58717 618
58718 618
58719 618
58720 618
58721 618
58722 618
58723 618
58724 618
58725 618
58726 618
58727 618
58728 618
58729 618
58730 618
58731 618
58732 618
58733 618
58734 618
58735 618
58736 618
58737 618
58738 618
58739 618
58740 618
58741 618
58742 618
58743 618
58744 618
58745 618
58746 618
58747 618
58748 618
58749 618
58750 618
58751 618
58752 618
58753 618
58754 618
58755 618
58756 618
58757 618
58758 618
58759 618
58760 618
58761 618
58762 618
58763 618
58764 618
58765 618
58766 618
58767 618
58768 618
58769 618
58770 618
58771 618
58772 618
58773 618
58774 618
58775 618
58776 618
58777 618
58778 618
58779 618
58780 618
58781 618
58782 618
58783 618
58784 618
58785 618
58786 618
58787 618
58788 618
58789 618
58790 618
58791 618
58792 618
58793 618
58794 619
58795 619
58796 619
58797 619
58798 619
58799 619
58800 619
58801 619
58802 619
58803 619
58804 619
58805 619
58806 619
58807 619
58808 619
58809 619
58810 619
58811 619
58812 619
58813 619
58814 619
58815 619
58816 619
58817 619
58818 619
58819 619
58820 619
58821 619
58822 619
58823 619
58824 619
58825 619
58826 619
58827 619
58828 619
58829 619
58830 619
58831 619
58832 619
58833 619
58834 619
58835 619
58836 619
58837 619
58838 619
58839 619
58840 619
58841 619
58842 619
58843 619
58844 619
58845 619
58846 619
58847 619
58848 619
58849 619
58850 619
58851 619
58852 619
58853 619
58854 619
58855 619
58856 619
58857 619
58858 619
58859 619
58860 619
58861 619
58862 619
58863 619
58864 619
58865 619
58866 619
58867 619
58868 619
58869 619
58870 619
58871 619
58872 619
58873 619
58874 619
58875 619
58876 619
58877 619
58878 619
58879 619
58880 619
58881 619
58882 619
58883 619
58884 619
58885 619
58886 619
58887 619
58888 619
58889 619
58890 619
58891 619
58892 619
58893 619
58894 619
58895 619
58896 619
58897 619
58898 619
58899 619
58900 619
58901 619
58902 619
58903 619
58904 619
58905 619
58906 619
58907 619
58908 619
58909 619
58910 620
58911 620
58912 620
58913 620
58914 620
58915 620
58916 620
58917 620
58918 620
58919 620
58920 620
58921 620
58922 620
58923 620
58924 620
58925 620
58926 620
58927 620
58928 620
58929 620
58930 620
58931 620
58932 620
58933 620
58934 620
58935 620
58936 620
58937 620
58938 620
58939 620
58940 620
58941 620
58942 620
58943 620
58944 620
58945 620
58946 620
58947 620
58948 620
58949 620
58950 620
58951 620
58952 620
58953 620
58954 620
58955 620
58956 620
58957 620
58958 620
58959 620
58960 620
58961 620
58962 620
58963 620
58964 620
58965 620
58966 620
58967 620
58968 620
58969 620
58970 620
58971 620
58972 620
58973 620
58974 620
58975 620
58976 620
58977 620
58978 620
58979 620
58980 620
58981 620
58982 620
58983 620
58984 620
58985 620
58986 620
58987 620
58988 620
58989 620
58990 620
58991 620
58992 620
58993 620
58994 620
58995 620
58996 620
58997 620
58998 620
58999 620
59000 620
59001 620
59002 620
59003 620
59004 620
59005 620
59006 620
59007 620
59008 620
59009 620
59010 620
59011 620
59012 620
59013 620
59014 620
59015 620
59016 620
59017 620
59018 620
59019 620
59020 620
59021 620
59022 620
59023 620
59024 620
59025 620
59026 620
59027 620
59028 620
59029 620
59030 620
59031 620
59032 620
59033 620
59034 620
59035 620
59036 620
59037 620
59038 620
59039 620
59040 620
59041 620
59042 620
59043 620
59044 620
59045 620
59046 620
59047 620
59048 620
59049 620
59050 620
59051 620
59052 620
59053 620
59054 620
59055 620
59056 620
59057 620
59058 620
59059 620
59060 620
59061 620
59062 620
59063 620
59064 620
59065 620
59066 620
59067 620
59068 620
59069 620
59070 620
59071 620
59072 620
59073 620
59074 620
59075 620
59076 620
59077 620
59078 620
59079 620
59080 620
59081 620
59082 620
59083 621
59084 621
59085 621
59086 621
59087 621
59088 621
59089 621
59090 621
59091 621
59092 621
59093 621
59094 621
59095 621
59096 621
59097 621
59098 621
59099 621
59100 621
59101 621
59102 621
59103 621
59104 621
59105 621
59106 621
59107 621
59108 621
59109 621
59110 621
59111 621
59112 621
59113 621
59114 621
59115 621
59116 621
59117 621
59118 621
59119 621
59120 621
59121 621
59122 621
59123 621
59124 621
59125 621
59126 621
59127 621
59128 621
59129 621
59130 621
59131 621
59132 621
59133 621
59134 621
59135 621
59136 621
59137 621
59138 621
59139 621
59140 621
59141 621
59142 621
59143 621
59144 621
59145 621
59146 621
59147 621
59148 621
59149 621
59150 621
59151 621
59152 621
59153 621
59154 621
59155 621
59156 621
59157 621
59158 621
59159 621
59160 621
59161 621
59162 621
59163 621
59164 621
59165 621
59166 621
59167 621
59168 621
59169 621
59170 621
59171 621
59172 621
59173 621
59174 621
59175 621
59176 621
59177 621
59178 621
59179 621
59180 621
59181 621
59182 621
59183 621
59184 621
59185 621
59186 621
59187 621
59188 621
59189 621
59190 621
59191 621
59192 621
59193 621
59194 621
59195 621
59196 621
59197 621
59198 621
59199 621
59200 621
59201 621
59202 621
59203 621
59204 621
59205 621
59206 621
59207 621
59208 621
59209 621
59210 621
59211 621
59212 621
59213 621
59214 621
59215 621
59216 621
59217 621
59218 621
59219 621
59220 621
59221 621
59222 621
59223 621
59224 621
59225 621
59226 621
59227 621
59228 621
59229 621
59230 621
59231 621
59232 621
59233 621
59234 621
59235 621
59236 621
59237 621
59238 621
59239 621
59240 621
59241 621
59242 621
59243 621
59244 621
59245 621
59246 621
59247 621
59248 621
59249 621
59250 621
59251 621
59252 621
59253 622
59254 622
59255 622
59256 622
59257 622
59258 622
59259 622
59260 622
59261 622
59262 622
59263 622
59264 622
59265 622
59266 622
59267 622
59268 622
59269 622
59270 622
59271 622
59272 622
59273 622
59274 622
59275 622
59276 622
59277 622
59278 622
59279 622
59280 622
59281 622
59282 622
59283 622
59284 622
59285 622
59286 622
59287 622
59288 622
59289 622
59290 622
59291 622
59292 622
59293 622
59294 622
59295 622
59296 622
59297 622
59298 622
59299 622
59300 622
59301 622
59302 622
59303 622
59304 622
59305 622
59306 622
59307 622
59308 622
59309 622
59310 622
59311 622
59312 622
59313 622
59314 622
59315 622
59316 622
59317 622
59318 622
59319 622
59320 622
59321 622
59322 622
59323 622
59324 622
59325 622
59326 622
59327 622
59328 622
59329 622
59330 622
59331 622
59332 622
59333 622
59334 622
59335 622
59336 622
59337 622
59338 622
59339 622
59340 622
59341 622
59342 622
59343 622
59344 622
59345 622
59346 622
59347 622
59348 622
59349 622
59350 622
59351 622
59352 622
59353 622
59354 622
59355 622
59356 622
59357 622
59358 622
59359 622
59360 622
59361 622
59362 622
59363 622
59364 622
59365 622
59366 622
59367 622
59368 622
59369 622
59370 622
59371 623
59372 623
59373 623
59374 623
59375 623
59376 623
59377 623
59378 623
59379 623
59380 623
59381 623
59382 623
59383 623
59384 623
59385 623
59386 623
59387 623
59388 623
59389 623
59390 623
59391 623
59392 623
59393 623
59394 623
59395 623
59396 623
59397 623
59398 623
59399 623
59400 623
59401 623
59402 623
59403 623
59404 623
59405 623
59406 623
59407 623
59408 623
59409 623
59410 623
59411 623
59412 623
59413 623
59414 623
59415 623
59416 623
59417 623
59418 623
59419 623
59420 623
59421 623
59422 623
59423 623
59424 623
59425 623
59426 623
59427 623
59428 623
59429 623
59430 623
59431 623
59432 623
59433 623
59434 623
59435 624
59436 624
59437 624
59438 624
59439 624
59440 624
59441 624
59442 624
59443 624
59444 624
59445 624
59446 624
59447 624
59448 624
59449 624
59450 624
59451 624
59452 624
59453 624
59454 624
59455 624
59456 624
59457 624
59458 624
59459 624
59460 624
59461 624
59462 624
59463 624
59464 624
59465 624
59466 624
59467 624
59468 624
59469 624
59470 624
59471 624
59472 624
59473 624
59474 624
59475 624
59476 624
59477 624
59478 624
59479 624
59480 624
59481 624
59482 624
59483 624
59484 624
59485 624
59486 624
59487 624
59488 624
59489 624
59490 624
59491 624
59492 624
59493 624
59494 624
59495 624
59496 624
59497 624
59498 624
59499 624
59500 624
59501 624
59502 624
59503 624
59504 624
59505 624
59506 624
59507 624
59508 624
59509 624
59510 624
59511 624
59512 624
59513 624
59514 624
59515 624
59516 624
59517 624
59518 624
59519 624
59520 624
59521 624
59522 624
59523 624
59524 624
59525 624
59526 624
59527 624
59528 624
59529 624
59530 624
59531 624
59532 624
59533 624
59534 624
59535 624
59536 624
59537 624
59538 624
59539 624
59540 624
59541 624
59542 624
59543 624
59544 624
59545 624
59546 624
59547 624
59548 624
59549 624
59550 624
59551 624
59552 624
59553 624
59554 624
59555 624
59556 624
59557 624
59558 624
59559 624
59560 624
59561 624
59562 624
59563 625
59564 625
59565 625
59566 625
59567 625
59568 625
59569 625
59570 625
59571 625
59572 625
59573 625
59574 625
59575 625
59576 625
59577 625
59578 625
59579 625
59580 625
59581 625
59582 625
59583 625
59584 625
59585 625
59586 625
59587 625
59588 625
59589 625
59590 625
59591 625
59592 625
59593 625
59594 625
59595 625
59596 626
59597 626
59598 626
59599 626
59600 626
59601 626
59602 626
59603 626
59604 626
59605 626
59606 626
59607 626
59608 626
59609 626
59610 626
59611 626
59612 626
59613 626
59614 626
59615 626
59616 626
59617 626
59618 626
59619 626
59620 626
59621 626
59622 626
59623 626
59624 626
59625 626
59626 626
59627 626
59628 626
59629 626
59630 626
59631 626
59632 626
59633 626
59634 626
59635 626
59636 626
59637 626
59638 626
59639 626
59640 626
59641 626
59642 626
59643 626
59644 626
59645 626
59646 626
59647 626
59648 626
59649 626
59650 626
59651 626
59652 626
59653 626
59654 626
59655 626
59656 626
59657 626
59658 626
59659 626
59660 627
59661 627
59662 627
59663 627
59664 627
59665 628
59666 628
59667 628
59668 628
59669 628
59670 628
59671 628
59672 628
59673 628
59674 628
59675 628
59676 628
59677 628
59678 628
59679 628
59680 628
59681 628
59682 628
59683 628
59684 628
59685 628
59686 628
59687 628
59688 628
59689 628
59690 628
59691 628
59692 628
59693 628
59694 628
59695 628
59696 628
59697 628
59698 628
59699 628
59700 628
59701 628
59702 628
59703 628
59704 628
59705 628
59706 628
59707 628
59708 628
59709 628
59710 628
59711 628
59712 628
59713 628
59714 628
59715 628
59716 628
59717 628
59718 628
59719 628
59720 628
59721 628
59722 628
59723 628
59724 628
59725 628
59726 628
59727 628
59728 628
59729 628
59730 628
59731 628
59732 628
59733 628
59734 628
59735 628
59736 628
59737 628
59738 628
59739 628
59740 628
59741 628
59742 628
59743 628
59744 628
59745 628
59746 628
59747 628
59748 628
59749 628
59750 628
59751 628
59752 628
59753 628
59754 628
59755 628
59756 628
59757 628
59758 628
59759 628
59760 628
59761 628
59762 628
59763 628
59764 628
59765 628
59766 628
59767 628
59768 628
59769 628
59770 628
59771 628
59772 628
59773 628
59774 628
59775 628
59776 628
59777 628
59778 628
59779 628
59780 628
59781 628
59782 628
59783 628
59784 628
59785 628
59786 628
59787 628
59788 628
59789 628
59790 628
59791 628
59792 628
59793 628
59794 628
59795 628
59796 629
59797 629
59798 629
59799 629
59800 629
59801 629
59802 629
59803 629
59804 629
59805 629
59806 629
59807 629
59808 629
59809 629
59810 629
59811 629
59812 629
59813 629
59814 629
59815 629
59816 629
59817 629
59818 629
59819 629
59820 629
59821 629
59822 629
59823 629
59824 629
59825 629
59826 629
59827 629
59828 629
59829 629
59830 629
59831 629
59832 629
59833 629
59834 629
59835 629
59836 629
59837 629
59838 629
59839 629
59840 629
59841 629
59842 629
59843 629
59844 629
59845 629
59846 629
59847 629
59848 629
59849 629
59850 629
59851 629
59852 629
59853 629
59854 629
59855 629
59856 629
59857 629
59858 629
59859 629
59860 629
59861 629
59862 629
59863 629
59864 629
59865 629
59866 629
59867 629
59868 629
59869 629
59870 629
59871 629
59872 629
59873 629
59874 629
59875 629
59876 629
59877 629
59878 629
59879 629
59880 629
59881 629
59882 629
59883 629
59884 629
59885 629
59886 629
59887 629
59888 629
59889 629
59890 629
59891 629
59892 629
59893 629
59894 629
59895 629
59896 629
59897 629
59898 629
59899 629
59900 629
59901 629
59902 629
59903 629
59904 629
59905 629
59906 629
59907 629
59908 629
59909 629
59910 629
59911 629
59912 629
59913 629
59914 629
59915 629
59916 629
59917 629
59918 629
59919 629
59920 629
59921 629
59922 629
59923 629
59924 629
59925 629
59926 629
59927 629
59928 629
59929 629
59930 629
59931 629
59932 629
59933 629
59934 629
59935 629
59936 629
59937 629
59938 629
59939 629
59940 629
59941 629
59942 629
59943 629
59944 629
59945 629
59946 629
59947 629
59948 629
59949 629
59950 629
59951 629
59952 629
59953 629
59954 629
59955 629
59956 629
59957 629
59958 629
59959 629
59960 629
59961 629
59962 629
59963 629
59964 629
59965 629
59966 629
59967 629
59968 629
59969 629
59970 629
59971 629
59972 629
59973 629
59974 629
59975 629
59976 629
59977 629
59978 629
59979 629
59980 629
59981 629
59982 629
59983 629
59984 629
59985 629
59986 629
59987 629
59988 629
59989 629
59990 629
59991 629
59992 629
59993 629
59994 629
59995 629
59996 629
59997 629
59998 629
59999 629
60000 629
60001 629
60002 629
60003 629
60004 629
60005 629
60006 629
60007 629
60008 629
60009 629
60010 629
60011 629
60012 629
60013 629
60014 629
60015 629
60016 629
60017 629
60018 629
60019 629
60020 629
60021 629
60022 630
60023 630
60024 630
60025 630
60026 630
60027 630
60028 630
60029 630
60030 630
60031 630
60032 630
60033 630
60034 630
60035 630
60036 630
60037 630
60038 630
60039 630
60040 630
60041 630
60042 630
60043 630
60044 630
60045 630
60046 630
60047 630
60048 630
60049 630
60050 630
60051 630
60052 630
60053 630
60054 630
60055 630
60056 630
60057 630
60058 630
60059 630
60060 630
60061 630
60062 630
60063 630
60064 630
60065 630
60066 630
60067 630
60068 630
60069 630
60070 630
60071 630
60072 630
60073 630
60074 630
60075 630
60076 630
60077 630
60078 630
60079 630
60080 630
60081 630
60082 630
60083 630
60084 630
60085 630
60086 630
60087 630
60088 630
60089 630
60090 630
60091 630
60092 630
60093 630
60094 630
60095 630
60096 630
60097 630
60098 630
60099 630
60100 630
60101 630
60102 630
60103 630
60104 630
60105 630
60106 630
60107 630
60108 630
60109 630
60110 630
60111 630
60112 630
60113 630
60114 630
60115 630
60116 630
60117 630
60118 630
60119 630
60120 630
60121 630
60122 630
60123 630
60124 630
60125 630
60126 630
60127 630
60128 630
60129 630
60130 630
60131 630
60132 630
60133 630
60134 630
60135 630
60136 630
60137 630
60138 630
60139 630
60140 630
60141 630
60142 630
60143 630
60144 630
60145 630
60146 630
60147 630
60148 630
60149 630
60150 630
60151 630
60152 630
60153 630
60154 630
60155 630
60156 630
60157 630
60158 630
60159 630
60160 630
60161 630
60162 630
60163 630
60164 630
60165 630
60166 630
60167 630
60168 630
60169 630
60170 630
60171 630
60172 630
60173 630
60174 630
60175 630
60176 630
60177 630
60178 630
60179 630
60180 630
60181 630
60182 630
60183 630
60184 630
60185 630
60186 630
60187 630
60188 630
60189 630
60190 630
60191 630
60192 630
60193 630
60194 630
60195 630
60196 630
60197 630
60198 630
60199 630
60200 630
60201 630
60202 630
60203 630
60204 630
60205 630
60206 630
60207 630
60208 630
60209 630
60210 630
60211 630
60212 630
60213 630
60214 630
60215 630
60216 630
60217 630
60218 630
60219 630
60220 630
60221 630
60222 630
60223 630
60224 630
60225 630
60226 630
60227 630
60228 630
60229 630
60230 630
60231 630
60232 630
60233 630
60234 630
60235 630
60236 630
60237 630
60238 630
60239 630
60240 630
60241 630
60242 630
60243 630
60244 630
60245 630
60246 630
60247 630
60248 630
60249 630
60250 630
60251 630
60252 630
60253 630
60254 630
60255 630
60256 630
60257 630
60258 630
60259 630
60260 631
60261 631
60262 631
60263 631
60264 631
60265 631
60266 631
60267 631
60268 631
60269 631
60270 631
60271 631
60272 631
60273 631
60274 631
60275 631
60276 631
60277 631
60278 631
60279 631
60280 631
60281 631
60282 631
60283 631
60284 631
60285 631
60286 631
60287 631
60288 631
60289 631
60290 631
60291 631
60292 631
60293 631
60294 631
60295 631
60296 631
60297 631
60298 631
60299 631
60300 631
60301 631
60302 631
60303 631
60304 631
60305 631
60306 631
60307 631
60308 631
60309 631
60310 631
60311 631
60312 631
60313 631
60314 631
60315 631
60316 631
60317 631
60318 631
60319 631
60320 631
60321 631
60322 631
60323 631
60324 631
60325 631
60326 631
60327 631
60328 631
60329 631
60330 631
60331 631
60332 631
60333 631
60334 631
60335 631
60336 631
60337 631
60338 631
60339 631
60340 631
60341 631
60342 631
60343 631
60344 631
60345 631
60346 631
60347 631
60348 631
60349 631
60350 631
60351 631
60352 631
60353 631
60354 631
60355 631
60356 631
60357 631
60358 631
60359 631
60360 631
60361 631
60362 631
60363 631
60364 631
60365 631
60366 631
60367 631
60368 631
60369 631
60370 631
60371 631
60372 631
60373 631
60374 631
60375 631
60376 631
60377 631
60378 631
60379 631
60380 631
60381 631
60382 631
60383 631
60384 631
60385 632
60386 632
60387 632
60388 632
60389 632
60390 632
60391 632
60392 632
60393 632
60394 632
60395 632
60396 632
60397 632
60398 632
60399 632
60400 632
60401 632
60402 632
60403 632
60404 632
60405 632
60406 632
60407 632
60408 632
60409 632
60410 632
60411 632
60412 632
60413 632
60414 632
60415 632
60416 632
60417 632
60418 632
60419 632
60420 632
60421 632
60422 632
60423 632
60424 632
60425 632
60426 632
60427 632
60428 632
60429 633
60430 633
60431 633
60432 633
60433 633
60434 633
60435 633
60436 633
60437 633
60438 633
60439 633
60440 633
60441 633
60442 633
60443 633
60444 633
60445 633
60446 633
60447 633
60448 633
60449 633
60450 633
60451 633
60452 633
60453 633
60454 633
60455 633
60456 633
60457 633
60458 633
60459 633
60460 633
60461 633
60462 633
60463 633
60464 633
60465 633
60466 633
60467 633
60468 633
60469 633
60470 633
60471 633
60472 633
60473 633
60474 633
60475 633
60476 633
60477 633
60478 633
60479 633
60480 633
60481 633
60482 633
60483 633
60484 633
60485 633
60486 633
60487 633
60488 633
60489 633
60490 633
60491 633
60492 633
60493 633
60494 633
60495 633
60496 633
60497 633
60498 633
60499 633
60500 633
60501 633
60502 633
60503 633
60504 633
60505 633
60506 633
60507 633
60508 633
60509 633
60510 633
60511 633
60512 633
60513 633
60514 633
60515 633
60516 633
60517 633
60518 633
60519 633
60520 633
60521 633
60522 633
60523 633
60524 633
60525 633
60526 633
60527 633
60528 633
60529 633
60530 633
60531 633
60532 633
60533 633
60534 633
60535 633
60536 633
60537 633
60538 633
60539 633
60540 633
60541 633
60542 633
60543 633
60544 633
60545 633
60546 633
60547 633
60548 633
60549 633
60550 633
60551 633
60552 633
60553 633
60554 633
60555 633
60556 633
60557 633
60558 633
60559 633
60560 633
60561 633
60562 633
60563 633
60564 633
60565 633
60566 633
60567 633
60568 633
60569 633
60570 633
60571 633
60572 633
60573 633
60574 633
60575 633
60576 633
60577 633
60578 633
60579 633
60580 633
60581 633
60582 633
60583 633
60584 633
60585 633
60586 633
60587 633
60588 633
60589 633
60590 633
60591 633
60592 633
60593 633
60594 633
60595 633
60596 633
60597 633
60598 633
60599 633
60600 633
60601 633
60602 633
60603 633
60604 633
60605 633
60606 633
60607 633
60608 633
60609 633
60610 633
60611 633
60612 633
60613 633
60614 633
60615 633
60616 633
60617 633
60618 633
60619 633
60620 633
60621 633
60622 633
60623 633
60624 633
60625 633
60626 633
60627 633
60628 633
60629 633
60630 633
60631 633
60632 633
60633 633
60634 633
60635 633
60636 633
60637 633
60638 633
60639 633
60640 633
60641 633
60642 633
60643 633
60644 633
60645 633
60646 633
60647 633
60648 633
60649 633
60650 633
60651 633
60652 633
60653 633
60654 633
60655 633
60656 633
60657 633
60658 633
60659 633
60660 633
60661 633
60662 633
60663 633
60664 633
60665 633
60666 633
60667 633
60668 633
60669 633
60670 633
60671 633
60672 633
60673 633
60674 633
60675 633
60676 633
60677 633
60678 633
60679 633
60680 633
60681 633
60682 633
60683 633
60684 633
60685 633
60686 633
60687 633
60688 633
60689 633
60690 633
60691 633
60692 633
60693 633
60694 633
60695 633
60696 633
60697 633
60698 633
60699 633
60700 633
60701 633
60702 633
60703 633
60704 633
60705 633
60706 633
60707 633
60708 633
60709 633
60710 633
60711 633
60712 633
60713 633
60714 633
60715 633
60716 633
60717 633
60718 633
60719 633
60720 633
60721 633
60722 633
60723 633
60724 633
60725 633
60726 633
60727 633
60728 633
60729 633
60730 633
60731 633
60732 633
60733 633
60734 633
60735 633
60736 633
60737 633
60738 633
60739 633
60740 633
60741 633
60742 634
60743 634
60744 634
60745 634
60746 634
60747 634
60748 634
60749 634
60750 634
60751 634
60752 634
60753 634
60754 634
60755 634
60756 634
60757 634
60758 634
60759 634
60760 634
60761 634
60762 634
60763 634
60764 634
60765 634
60766 634
60767 634
60768 634
60769 634
60770 634
60771 634
60772 634
60773 634
60774 634
60775 634
60776 634
60777 634
60778 634
60779 634
60780 634
60781 634
60782 634
60783 634
60784 634
60785 634
60786 634
60787 634
60788 634
60789 634
60790 634
60791 634
60792 634
60793 634
60794 634
60795 634
60796 634
60797 634
60798 634
60799 634
60800 634
60801 634
60802 634
60803 634
60804 634
60805 634
60806 634
60807 634
60808 634
60809 634
60810 634
60811 634
60812 634
60813 634
60814 634
60815 634
60816 634
60817 634
60818 634
60819 634
60820 634
60821 634
60822 634
60823 634
60824 634
60825 634
60826 634
60827 634
60828 634
60829 634
60830 634
60831 634
60832 634
60833 634
60834 634
60835 634
60836 634
60837 634
60838 634
60839 634
60840 634
60841 634
60842 634
60843 634
60844 634
60845 634
60846 634
60847 634
60848 634
60849 634
60850 634
60851 634
60852 634
60853 634
60854 634
60855 634
60856 634
60857 634
60858 634
60859 634
60860 634
60861 634
60862 634
60863 634
60864 634
60865 634
60866 634
60867 634
60868 634
60869 634
60870 634
60871 634
60872 634
60873 634
60874 634
60875 634
60876 634
60877 634
60878 635
60879 635
60880 635
60881 635
60882 635
60883 635
60884 635
60885 635
60886 635
60887 635
60888 635
60889 635
60890 635
60891 635
60892 635
60893 635
60894 635
60895 635
60896 635
60897 635
60898 635
60899 635
60900 635
60901 635
60902 635
60903 635
60904 635
60905 635
60906 635
60907 635
60908 635
60909 635
60910 635
60911 635
60912 635
60913 635
60914 635
60915 635
60916 635
60917 635
60918 635
60919 635
60920 635
60921 635
60922 635
60923 635
60924 635
60925 635
60926 635
60927 635
60928 635
60929 635
60930 635
60931 635
60932 635
60933 635
60934 635
60935 635
60936 635
60937 635
60938 635
60939 635
60940 635
60941 635
60942 635
60943 635
60944 635
60945 635
60946 635
60947 635
60948 635
60949 635
60950 635
60951 635
60952 635
60953 635
60954 635
60955 635
60956 635
60957 635
60958 635
60959 635
60960 635
60961 635
60962 635
60963 635
60964 635
60965 635
60966 635
60967 635
60968 635
60969 635
60970 635
60971 635
60972 635
60973 635
60974 635
60975 635
60976 635
60977 635
60978 635
60979 635
60980 635
60981 635
60982 635
60983 635
60984 635
60985 635
60986 635
60987 635
60988 635
60989 635
60990 635
60991 635
60992 635
60993 635
60994 635
60995 636
60996 636
60997 636
60998 636
60999 636
61000 636
61001 636
61002 636
61003 636
61004 636
61005 636
61006 636
61007 636
61008 636
61009 636
61010 636
61011 636
61012 636
61013 636
61014 636
61015 636
61016 636
61017 636
61018 636
61019 636
61020 636
61021 636
61022 636
61023 636
61024 636
61025 636
61026 636
61027 636
61028 636
61029 636
61030 636
61031 636
61032 636
61033 636
61034 636
61035 636
61036 636
61037 636
61038 636
61039 636
61040 636
61041 636
61042 636
61043 636
61044 636
61045 636
61046 636
61047 636
61048 636
61049 636
61050 636
61051 636
61052 636
61053 636
61054 636
61055 636
61056 636
61057 636
61058 636
61059 636
61060 636
61061 636
61062 636
61063 636
61064 636
61065 636
61066 636
61067 636
61068 636
61069 636
61070 636
61071 636
61072 636
61073 636
61074 636
61075 636
61076 636
61077 636
61078 636
61079 636
61080 636
61081 636
61082 636
61083 636
61084 636
61085 636
61086 636
61087 636
61088 636
61089 636
61090 636
61091 636
61092 636
61093 636
61094 636
61095 636
61096 636
61097 636
61098 636
61099 636
61100 636
61101 636
61102 636
61103 636
61104 636
61105 636
61106 636
61107 636
61108 636
61109 636
61110 636
61111 636
61112 636
61113 636
61114 636
61115 636
61116 636
61117 636
61118 636
61119 636
61120 637
61121 637
61122 637
61123 637
61124 637
61125 637
61126 637
61127 637
61128 637
61129 637
61130 637
61131 637
61132 637
61133 637
61134 637
61135 637
61136 637
61137 637
61138 637
61139 637
61140 637
61141 637
61142 637
61143 637
61144 637
61145 637
61146 637
61147 637
61148 637
61149 637
61150 637
61151 637
61152 637
61153 637
61154 637
61155 637
61156 637
61157 637
61158 637
61159 637
61160 637
61161 637
61162 637
61163 637
61164 637
61165 637
61166 637
61167 637
61168 637
61169 637
61170 637
61171 637
61172 637
61173 637
61174 637
61175 637
61176 637
61177 637
61178 637
61179 637
61180 637
61181 637
61182 637
61183 637
61184 637
61185 637
61186 637
61187 637
61188 637
61189 637
61190 637
61191 637
61192 637
61193 637
61194 637
61195 637
61196 637
61197 637
61198 637
61199 637
61200 637
61201 637
61202 637
61203 637
61204 637
61205 637
61206 637
61207 637
61208 637
61209 637
61210 637
61211 637
61212 637
61213 637
61214 637
61215 637
61216 637
61217 637
61218 637
61219 637
61220 637
61221 637
61222 637
61223 637
61224 637
61225 637
61226 637
61227 637
61228 637
61229 637
61230 637
61231 638
61232 638
61233 638
61234 638
61235 638
61236 638
61237 638
61238 638
61239 638
61240 638
61241 638
61242 638
61243 638
61244 638
61245 638
61246 638
61247 638
61248 638
61249 638
61250 638
61251 638
61252 638
61253 638
61254 638
61255 638
61256 638
61257 638
61258 638
61259 638
61260 638
61261 638
61262 638
61263 638
61264 638
61265 638
61266 638
61267 638
61268 638
61269 638
61270 638
61271 638
61272 638
61273 638
61274 638
61275 638
61276 638
61277 638
61278 638
61279 638
61280 638
61281 638
61282 638
61283 638
61284 638
61285 638
61286 638
61287 638
61288 638
61289 638
61290 638
61291 638
61292 638
61293 638
61294 638
61295 638
61296 638
61297 638
61298 638
61299 638
61300 638
61301 638
61302 638
61303 638
61304 638
61305 638
61306 638
61307 638
61308 638
61309 638
61310 638
61311 638
61312 638
61313 638
61314 638
61315 638
61316 638
61317 639
61318 639
61319 639
61320 639
61321 639
61322 639
61323 639
61324 639
61325 639
61326 639
61327 639
61328 639
61329 639
61330 639
61331 639
61332 639
61333 639
61334 639
61335 639
61336 639
61337 639
61338 639
61339 639
61340 639
61341 639
61342 639
61343 639
61344 639
61345 639
61346 639
61347 639
61348 639
61349 639
61350 639
61351 639
61352 639
61353 639
61354 639
61355 639
61356 639
61357 639
61358 639
61359 639
61360 639
61361 639
61362 639
61363 639
61364 639
61365 639
61366 639
61367 639
61368 639
61369 639
61370 639
61371 639
61372 639
61373 639
61374 639
61375 639
61376 639
61377 639
61378 639
61379 639
61380 639
61381 639
61382 639
61383 639
61384 639
61385 639
61386 639
61387 639
61388 639
61389 639
61390 639
61391 639
61392 639
61393 639
61394 639
61395 639
61396 639
61397 639
61398 639
61399 639
61400 639
61401 639
61402 639
61403 639
61404 639
61405 639
61406 639
61407 639
61408 639
61409 639
61410 639
61411 639
61412 639
61413 639
61414 639
61415 639
61416 639
61417 639
61418 639
61419 639
61420 639
61421 639
61422 639
61423 640
61424 640
61425 640
61426 640
61427 640
61428 640
61429 640
61430 640
61431 640
61432 640
61433 640
61434 640
61435 640
61436 640
61437 640
61438 640
61439 640
61440 640
61441 640
61442 640
61443 640
61444 640
61445 640
61446 640
61447 640
61448 640
61449 640
61450 640
61451 640
61452 640
61453 640
61454 640
61455 640
61456 640
61457 640
61458 640
61459 640
61460 640
61461 640
61462 640
61463 640
61464 640
61465 640
61466 640
61467 640
61468 640
61469 640
61470 640
61471 640
61472 640
61473 640
61474 640
61475 640
61476 640
61477 640
61478 640
61479 640
61480 640
61481 640
61482 640
61483 640
61484 640
61485 640
61486 640
61487 640
61488 640
61489 640
61490 640
61491 640
61492 640
61493 640
61494 640
61495 640
61496 640
61497 640
61498 640
61499 640
61500 640
61501 640
61502 640
61503 640
61504 640
61505 640
61506 640
61507 640
61508 640
61509 640
61510 640
61511 640
61512 640
61513 640
61514 640
61515 640
61516 640
61517 640
61518 640
61519 640
61520 640
61521 640
61522 640
61523 640
61524 640
61525 640
61526 640
61527 640
61528 640
61529 640
61530 640
61531 640
61532 640
61533 640
61534 640
61535 640
61536 640
61537 640
61538 640
61539 640
61540 640
61541 640
61542 640
61543 640
61544 640
61545 640
61546 640
61547 640
61548 640
61549 640
61550 640
61551 640
61552 640
61553 640
61554 640
61555 640
61556 640
61557 640
61558 640
61559 640
61560 640
61561 640
61562 640
61563 640
61564 640
61565 640
61566 640
61567 640
61568 640
61569 640
61570 640
61571 640
61572 640
61573 640
61574 640
61575 640
61576 640
61577 640
61578 640
61579 640
61580 640
61581 640
61582 640
61583 640
61584 640
61585 640
61586 640
61587 640
61588 640
61589 640
61590 640
61591 640
61592 640
61593 640
61594 640
61595 640
61596 640
61597 640
61598 640
61599 640
61600 640
61601 640
61602 640
61603 640
61604 640
61605 640
61606 640
61607 640
61608 640
61609 640
61610 640
61611 640
61612 640
61613 640
61614 640
61615 640
61616 640
61617 640
61618 640
61619 640
61620 640
61621 640
61622 640
61623 640
61624 640
61625 640
61626 640
61627 640
61628 640
61629 640
61630 640
61631 640
61632 640
61633 640
61634 640
61635 640
61636 640
61637 640
61638 640
61639 640
61640 640
61641 640
61642 640
61643 640
61644 640
61645 640
61646 640
61647 640
61648 640
61649 640
61650 640
61651 640
61652 640
61653 640
61654 640
61655 640
61656 640
61657 640
61658 640
61659 640
61660 640
61661 640
61662 640
61663 640
61664 640
61665 640
61666 640
61667 640
61668 640
61669 640
61670 640
61671 640
61672 640
61673 640
61674 640
61675 640
61676 640
61677 640
61678 640
61679 640
61680 640
61681 640
61682 640
61683 640
61684 640
61685 640
61686 640
61687 640
61688 640
61689 640
61690 640
61691 640
61692 640
61693 640
61694 640
61695 640
61696 640
61697 640
61698 640
61699 640
61700 640
61701 640
61702 640
61703 640
61704 640
61705 640
61706 640
61707 640
61708 640
61709 640
61710 640
61711 640
61712 640
61713 640
61714 640
61715 640
61716 640
61717 640
61718 640
61719 640
61720 640
61721 640
61722 640
61723 640
61724 640
61725 640
61726 640
61727 640
61728 640
61729 640
61730 640
61731 640
61732 640
61733 640
61734 640
61735 640
61736 640
61737 640
61738 640
61739 640
61740 640
61741 640
61742 640
61743 640
61744 640
61745 640
61746 640
61747 640
61748 640
61749 640
61750 640
61751 640
61752 640
61753 640
61754 640
61755 640
61756 640
61757 640
61758 640
61759 640
61760 640
61761 640
61762 640
61763 640
61764 640
61765 640
61766 640
61767 640
61768 640
61769 640
61770 640
61771 640
61772 640
61773 640
61774 640
61775 640
61776 640
61777 640
61778 640
61779 643
61780 643
61781 643
61782 643
61783 646
61784 646
61785 647
61786 647
61787 647
61788 647
61789 647
61790 647
61791 647
61792 647
61793 647
61794 647
61795 647
61796 647
61797 647
61798 647
61799 647
61800 647
61801 647
61802 647
61803 648
61804 648
61805 648
61806 648
61807 648
61808 648
61809 648
61810 648
61811 648
61812 648
61813 648
61814 648
61815 648
61816 648
61817 648
61818 648
61819 648
61820 648
61821 648
61822 648
61823 648
61824 648
61825 648
61826 648
61827 648
61828 648
61829 648
61830 648
61831 648
61832 648
61833 648
61834 648
61835 648
61836 648
61837 648
61838 648
61839 648
61840 648
61841 648
61842 648
61843 648
61844 648
61845 648
61846 648
61847 648
61848 648
61849 648
61850 648
61851 648
61852 648
61853 648
61854 648
61855 648
61856 648
61857 648
61858 648
61859 648
61860 648
61861 648
61862 648
61863 648
61864 648
61865 648
61866 648
61867 648
61868 648
61869 648
61870 648
61871 648
61872 648
61873 648
61874 648
61875 648
61876 648
61877 648
61878 648
61879 648
61880 648
61881 648
61882 648
61883 648
61884 648
61885 648
61886 648
61887 648
61888 648
61889 648
61890 648
61891 648
61892 648
61893 648
61894 648
61895 648
61896 648
61897 648
61898 648
61899 648
61900 648
61901 648
61902 648
61903 648
61904 648
61905 648
61906 648
61907 648
61908 648
61909 648
61910 648
61911 648
61912 648
61913 648
61914 648
61915 648
61916 648
61917 648
61918 648
61919 648
61920 648
61921 648
61922 648
61923 648
61924 648
61925 648
61926 648
61927 648
61928 648
61929 648
61930 648
61931 648
61932 648
61933 648
61934 649
61935 649
61936 649
61937 649
61938 649
61939 649
61940 649
61941 649
61942 649
61943 649
61944 649
61945 649
61946 649
61947 649
61948 649
61949 649
61950 649
61951 649
61952 649
61953 649
61954 649
61955 649
61956 649
61957 649
61958 649
61959 649
61960 649
61961 649
61962 649
61963 649
61964 649
61965 649
61966 649
61967 649
61968 649
61969 649
61970 649
61971 649
61972 649
61973 649
61974 649
61975 649
61976 649
61977 649
61978 649
61979 649
61980 649
61981 649
61982 649
61983 649
61984 649
61985 649
61986 649
61987 649
61988 649
61989 649
61990 649
61991 649
61992 649
61993 650
61994 650
61995 650
61996 650
61997 650
61998 650
61999 650
62000 650
62001 650
62002 650
62003 650
62004 650
62005 650
62006 650
62007 650
62008 650
62009 650
62010 650
62011 650
62012 650
62013 650
62014 650
62015 650
62016 650
62017 650
62018 650
62019 650
62020 650
62021 650
62022 650
62023 650
62024 650
62025 650
62026 650
62027 650
62028 650
62029 650
62030 650
62031 650
62032 650
62033 650
62034 650
62035 650
62036 650
62037 650
62038 650
62039 650
62040 650
62041 650
62042 650
62043 650
62044 650
62045 650
62046 650
62047 650
62048 650
62049 650
62050 650
62051 650
62052 650
62053 650
62054 650
62055 650
62056 650
62057 650
62058 650
62059 650
62060 650
62061 650
62062 650
62063 650
62064 650
62065 650
62066 651
62067 651
62068 651
62069 651
62070 651
62071 651
62072 651
62073 651
62074 651
62075 651
62076 651
62077 651
62078 651
62079 651
62080 651
62081 651
62082 651
62083 651
62084 651
62085 651
62086 651
62087 651
62088 651
62089 651
62090 651
62091 651
62092 651
62093 651
62094 651
62095 651
62096 651
62097 651
62098 651
62099 651
62100 651
62101 651
62102 651
62103 651
62104 651
62105 651
62106 651
62107 651
62108 651
62109 651
62110 651
62111 651
62112 651
62113 651
62114 651
62115 651
62116 651
62117 651
62118 651
62119 651
62120 651
62121 651
62122 651
62123 651
62124 651
62125 651
62126 651
62127 651
62128 651
62129 651
62130 651
62131 651
62132 651
62133 651
62134 651
62135 651
62136 651
62137 651
62138 651
62139 651
62140 651
62141 651
62142 651
62143 651
62144 651
62145 651
62146 651
62147 651
62148 651
62149 651
62150 651
62151 651
62152 651
62153 651
62154 651
62155 651
62156 651
62157 651
62158 651
62159 651
62160 651
62161 651
62162 651
62163 651
62164 651
62165 651
62166 651
62167 651
62168 651
62169 651
62170 652
62171 652
62172 652
62173 652
62174 652
62175 652
62176 652
62177 652
62178 652
62179 652
62180 652
62181 652
62182 652
62183 652
62184 652
62185 652
62186 652
62187 652
62188 652
62189 652
62190 652
62191 652
62192 652
62193 652
62194 652
62195 652
62196 652
62197 652
62198 652
62199 652
62200 652
62201 652
62202 652
62203 652
62204 652
62205 652
62206 652
62207 652
62208 652
62209 652
62210 652
62211 652
62212 652
62213 652
62214 652
62215 652
62216 652
62217 652
62218 652
62219 652
62220 652
62221 652
62222 652
62223 652
62224 652
62225 652
62226 652
62227 652
62228 652
62229 652
62230 652
62231 652
62232 652
62233 652
62234 652
62235 652
62236 652
62237 652
62238 652
62239 652
62240 652
62241 652
62242 652
62243 652
62244 652
62245 652
62246 652
62247 652
62248 652
62249 652
62250 652
62251 652
62252 652
62253 652
62254 652
62255 652
62256 652
62257 652
62258 652
62259 652
62260 652
62261 652
62262 652
62263 652
62264 652
62265 652
62266 652
62267 652
62268 652
62269 652
62270 652
62271 652
62272 652
62273 652
62274 652
62275 652
62276 652
62277 652
62278 652
62279 652
62280 652
62281 652
62282 652
62283 652
62284 652
62285 652
62286 652
62287 652
62288 652
62289 652
62290 652
62291 652
62292 652
62293 652
62294 652
62295 652
62296 652
62297 652
62298 652
62299 652
62300 652
62301 652
62302 652
62303 652
62304 652
62305 652
62306 652
62307 652
62308 652
62309 652
62310 652
62311 652
62312 652
62313 652
62314 652
62315 652
62316 652
62317 652
62318 652
62319 652
62320 652
62321 652
62322 652
62323 652
62324 652
62325 652
62326 652
62327 652
62328 652
62329 652
62330 652
62331 652
62332 652
62333 652
62334 652
62335 652
62336 652
62337 652
62338 652
62339 652
62340 652
62341 652
62342 652
62343 652
62344 652
62345 652
62346 652
62347 652
62348 652
62349 652
62350 652
62351 652
62352 652
62353 652
62354 652
62355 652
62356 652
62357 652
62358 652
62359 652
62360 652
62361 652
62362 652
62363 652
62364 652
62365 652
62366 652
62367 652
62368 652
62369 652
62370 652
62371 652
62372 653
62373 653
62374 653
62375 653
62376 653
62377 653
62378 653
62379 653
62380 653
62381 653
62382 653
62383 653
62384 653
62385 653
62386 653
62387 653
62388 653
62389 653
62390 653
62391 653
62392 653
62393 653
62394 653
62395 653
62396 653
62397 653
62398 653
62399 653
62400 653
62401 653
62402 653
62403 653
62404 653
62405 653
62406 653
62407 653
62408 653
62409 653
62410 653
62411 653
62412 653
62413 653
62414 653
62415 653
62416 653
62417 653
62418 653
62419 653
62420 653
62421 653
62422 653
62423 653
62424 653
62425 653
62426 653
62427 653
62428 653
62429 653
62430 653
62431 653
62432 653
62433 653
62434 653
62435 653
62436 653
62437 653
62438 653
62439 653
62440 653
62441 653
62442 653
62443 653
62444 653
62445 653
62446 653
62447 653
62448 653
62449 653
62450 653
62451 653
62452 653
62453 653
62454 653
62455 653
62456 653
62457 653
62458 653
62459 653
62460 653
62461 653
62462 653
62463 653
62464 653
62465 653
62466 653
62467 653
62468 653
62469 653
62470 653
62471 653
62472 653
62473 653
62474 653
62475 653
62476 653
62477 653
62478 653
62479 653
62480 653
62481 653
62482 653
62483 653
62484 653
62485 653
62486 653
62487 653
62488 653
62489 653
62490 653
62491 653
62492 653
62493 653
62494 653
62495 653
62496 653
62497 653
62498 653
62499 653
62500 653
62501 653
62502 653
62503 653
62504 653
62505 653
62506 653
62507 653
62508 653
62509 653
62510 653
62511 653
62512 653
62513 653
62514 653
62515 653
62516 653
62517 653
62518 653
62519 653
62520 653
62521 653
62522 653
62523 653
62524 653
62525 653
62526 653
62527 653
62528 653
62529 653
62530 653
62531 653
62532 653
62533 653
62534 653
62535 653
62536 653
62537 653
62538 653
62539 653
62540 653
62541 653
62542 653
62543 653
62544 653
62545 653
62546 653
62547 653
62548 653
62549 653
62550 653
62551 653
62552 653
62553 653
62554 653
62555 653
62556 653
62557 653
62558 653
62559 653
62560 653
62561 653
62562 653
62563 653
62564 653
62565 653
62566 653
62567 653
62568 653
62569 653
62570 653
62571 653
62572 653
62573 653
62574 653
62575 653
62576 653
62577 653
62578 653
62579 653
62580 653
62581 653
62582 653
62583 653
62584 653
62585 653
62586 653
62587 653
62588 653
62589 653
62590 654
62591 654
62592 656
62593 656
62594 656
62595 656
62596 656
62597 656
62598 656
62599 656
62600 656
62601 656
62602 656
62603 656
62604 656
62605 656
62606 656
62607 656
62608 656
62609 656
62610 656
62611 656
62612 656
62613 656
62614 656
62615 656
62616 656
62617 656
62618 656
62619 656
62620 656
62621 656
62622 656
62623 656
62624 656
62625 656
62626 656
62627 656
62628 656
62629 656
62630 656
62631 656
62632 656
62633 656
62634 656
62635 656
62636 656
62637 656
62638 656
62639 656
62640 656
62641 656
62642 656
62643 656
62644 656
62645 656
62646 656
62647 656
62648 661
62649 661
62650 661
62651 661
62652 661
62653 661
62654 661
62655 661
62656 661
62657 661
62658 661
62659 661
62660 661
62661 661
62662 661
62663 661
62664 661
62665 661
62666 661
62667 661
62668 661
62669 661
62670 661
62671 661
62672 661
62673 661
62674 661
62675 661
62676 661
62677 661
62678 661
62679 661
62680 661
62681 661
62682 661
62683 661
62684 661
62685 661
62686 661
62687 661
62688 661
62689 661
62690 661
62691 661
62692 661
62693 661
62694 661
62695 661
62696 661
62697 661
62698 661
62699 661
62700 661
62701 661
62702 661
62703 661
62704 661
62705 661
62706 661
62707 661
62708 661
62709 661
62710 661
62711 661
62712 661
62713 662
62714 662
62715 662
62716 662
62717 662
62718 662
62719 662
62720 662
62721 662
62722 662
62723 662
62724 662
62725 663
62726 663
62727 663
62728 663
62729 663
62730 663
62731 663
62732 663
62733 663
62734 663
62735 663
62736 663
62737 663
62738 663
62739 663
62740 663
62741 663
62742 663
62743 663
62744 663
62745 663
62746 663
62747 663
62748 663
62749 663
62750 663
62751 663
62752 663
62753 663
62754 663
62755 663
62756 663
62757 663
62758 663
62759 663
62760 663
62761 663
62762 663
62763 663
62764 663
62765 663
62766 663
62767 663
62768 663
62769 663
62770 663
62771 663
62772 663
62773 663
62774 663
62775 663
62776 663
62777 663
62778 663
62779 663
62780 663
62781 663
62782 663
62783 663
62784 663
62785 663
62786 663
62787 663
62788 663
62789 663
62790 663
62791 663
62792 663
62793 663
62794 663
62795 663
62796 663
62797 663
62798 663
62799 663
62800 663
62801 663
62802 663
62803 663
62804 663
62805 663
62806 663
62807 663
62808 663
62809 663
62810 663
62811 663
62812 663
62813 663
62814 663
62815 663
62816 663
62817 663
62818 663
62819 663
62820 663
62821 663
62822 663
62823 663
62824 663
62825 663
62826 663
62827 663
62828 663
62829 663
62830 663
62831 663
62832 663
62833 663
62834 663
62835 663
62836 663
62837 663
62838 663
62839 663
62840 663
62841 663
62842 663
62843 663
62844 663
62845 663
62846 663
62847 663
62848 663
62849 663
62850 663
62851 663
62852 663
62853 663
62854 663
62855 663
62856 663
62857 663
62858 663
62859 663
62860 663
62861 663
62862 663
62863 663
62864 663
62865 663
62866 663
62867 663
62868 663
62869 663
62870 663
62871 663
62872 663
62873 663
62874 663
62875 664
62876 664
62877 664
62878 664
62879 664
62880 664
62881 664
62882 664
62883 664
62884 664
62885 664
62886 664
62887 664
62888 664
62889 664
62890 664
62891 664
62892 664
62893 664
62894 664
62895 664
62896 664
62897 664
62898 664
62899 664
62900 664
62901 664
62902 664
62903 664
62904 664
62905 664
62906 664
62907 664
62908 664
62909 664
62910 664
62911 664
62912 664
62913 664
62914 664
62915 664
62916 664
62917 664
62918 664
62919 664
62920 664
62921 664
62922 664
62923 664
62924 665
62925 665
62926 665
62927 665
62928 665
62929 665
62930 665
62931 665
62932 665
62933 665
62934 665
62935 665
62936 665
62937 665
62938 665
62939 665
62940 665
62941 665
62942 665
62943 665
62944 665
62945 665
62946 665
62947 665
62948 665
62949 665
62950 665
62951 665
62952 665
62953 665
62954 665
62955 665
62956 665
62957 665
62958 665
62959 665
62960 665
62961 665
62962 665
62963 665
62964 665
62965 665
62966 665
62967 665
62968 665
62969 665
62970 665
62971 665
62972 665
62973 665
62974 665
62975 665
62976 665
62977 665
62978 665
62979 665
62980 665
62981 665
62982 665
62983 666
62984 666
62985 666
62986 666
62987 666
62988 666
62989 666
62990 667
62991 667
62992 667
62993 667
62994 667
62995 667
62996 667
62997 667
62998 667
62999 667
63000 667
63001 667
63002 667
63003 667
63004 667
63005 667
63006 667
63007 667
63008 667
63009 667
63010 667
63011 667
63012 667
63013 667
63014 667
63015 667
63016 667
63017 667
63018 667
63019 667
63020 667
63021 667
63022 667
63023 667
63024 667
63025 667
63026 667
63027 667
63028 667
63029 667
63030 667
63031 667
63032 667
63033 667
63034 667
63035 667
63036 667
63037 667
63038 667
63039 667
63040 667
63041 667
63042 667
63043 667
63044 667
63045 667
63046 667
63047 667
63048 667
63049 667
63050 667
63051 667
63052 667
63053 667
63054 667
63055 667
63056 667
63057 667
63058 667
63059 667
63060 667
63061 667
63062 667
63063 667
63064 667
63065 667
63066 667
63067 667
63068 667
63069 667
63070 667
63071 667
63072 667
63073 667
63074 667
63075 667
63076 667
63077 667
63078 667
63079 667
63080 667
63081 667
63082 667
63083 667
63084 667
63085 667
63086 667
63087 667
63088 667
63089 667
63090 667
63091 667
63092 667
63093 667
63094 667
63095 667
63096 667
63097 667
63098 667
63099 667
63100 667
63101 667
63102 667
63103 667
63104 667
63105 667
63106 667
63107 667
63108 667
63109 667
63110 667
63111 667
63112 667
63113 667
63114 667
63115 667
63116 667
63117 667
63118 667
63119 667
63120 667
63121 667
63122 667
63123 667
63124 667
63125 667
63126 667
63127 667
63128 667
63129 667
63130 667
63131 667
63132 667
63133 667
63134 667
63135 667
63136 667
63137 667
63138 667
63139 667
63140 667
63141 667
63142 667
63143 667
63144 667
63145 667
63146 667
63147 667
63148 667
63149 667
63150 667
63151 667
63152 667
63153 667
63154 667
63155 667
63156 667
63157 667
63158 667
63159 667
63160 667
63161 667
63162 667
63163 667
63164 667
63165 667
63166 667
63167 667
63168 667
63169 667
63170 667
63171 667
63172 667
63173 667
63174 667
63175 667
63176 667
63177 667
63178 667
63179 667
63180 667
63181 667
63182 667
63183 667
63184 667
63185 667
63186 667
63187 667
63188 667
63189 667
63190 667
63191 667
63192 667
63193 668
63194 668
63195 668
63196 668
63197 668
63198 668
63199 668
63200 668
63201 668
63202 668
63203 668
63204 668
63205 668
63206 668
63207 668
63208 668
63209 668
63210 668
63211 668
63212 668
63213 668
63214 668
63215 668
63216 668
63217 668
63218 668
63219 668
63220 668
63221 668
63222 668
63223 668
63224 668
63225 668
63226 668
63227 668
63228 668
63229 668
63230 668
63231 668
63232 668
63233 668
63234 668
63235 668
63236 668
63237 668
63238 668
63239 668
63240 668
63241 668
63242 668
63243 668
63244 668
63245 668
63246 668
63247 668
63248 668
63249 668
63250 668
63251 668
63252 668
63253 668
63254 668
63255 668
63256 668
63257 668
63258 668
63259 668
63260 668
63261 668
63262 668
63263 668
63264 668
63265 668
63266 668
63267 668
63268 668
63269 668
63270 668
63271 668
63272 668
63273 668
63274 668
63275 668
63276 668
63277 668
63278 668
63279 668
63280 668
63281 668
63282 668
63283 668
63284 668
63285 668
63286 668
63287 668
63288 668
63289 668
63290 668
63291 668
63292 668
63293 668
63294 668
63295 668
63296 668
63297 668
63298 668
63299 668
63300 668
63301 668
63302 668
63303 670
63304 670
63305 670
63306 670
63307 670
63308 670
63309 670
63310 670
63311 670
63312 670
63313 670
63314 670
63315 670
63316 670
63317 670
63318 670
63319 670
63320 670
63321 670
63322 670
63323 670
63324 670
63325 670
63326 670
63327 670
63328 670
63329 670
63330 670
63331 670
63332 670
63333 670
63334 670
63335 670
63336 670
63337 670
63338 670
63339 670
63340 670
63341 670
63342 670
63343 670
63344 670
63345 670
63346 670
63347 670
63348 670
63349 670
63350 670
63351 670
63352 670
63353 670
63354 670
63355 670
63356 670
63357 670
63358 670
63359 670
63360 670
63361 670
63362 670
63363 670
63364 670
63365 670
63366 670
63367 670
63368 670
63369 670
63370 670
63371 670
63372 670
63373 670
63374 670
63375 670
63376 670
63377 670
63378 670
63379 670
63380 670
63381 670
63382 670
63383 670
63384 670
63385 670
63386 670
63387 670
63388 670
63389 670
63390 670
63391 670
63392 670
63393 670
63394 670
63395 670
63396 670
63397 670
63398 670
63399 670
63400 670
63401 670
63402 670
63403 670
63404 670
63405 670
63406 670
63407 670
63408 670
63409 670
63410 670
63411 670
63412 670
63413 670
63414 670
63415 670
63416 670
63417 670
63418 670
63419 670
63420 670
63421 670
63422 670
63423 670
63424 670
63425 670
63426 670
63427 670
63428 670
63429 670
63430 670
63431 670
63432 670
63433 670
63434 670
63435 670
63436 670
63437 670
63438 670
63439 670
63440 670
63441 670
63442 670
63443 670
63444 670
63445 670
63446 670
63447 670
63448 670
63449 670
63450 670
63451 670
63452 670
63453 670
63454 670
63455 670
63456 670
63457 670
63458 670
63459 670
63460 670
63461 670
63462 670
63463 670
63464 670
63465 670
63466 670
63467 670
63468 670
63469 670
63470 671
63471 671
63472 671
63473 671
63474 671
63475 671
63476 671
63477 671
63478 671
63479 671
63480 671
63481 671
63482 671
63483 671
63484 671
63485 671
63486 671
63487 671
63488 672
63489 672
63490 672
63491 672
63492 672
63493 672
63494 672
63495 672
63496 672
63497 672
63498 672
63499 672
63500 672
63501 672
63502 672
63503 672
63504 672
63505 672
63506 672
63507 672
63508 672
63509 672
63510 672
63511 672
63512 672
63513 672
63514 672
63515 672
63516 672
63517 672
63518 673
63519 673
63520 673
63521 673
63522 673
63523 673
63524 673
63525 673
63526 673
63527 673
63528 673
63529 673
63530 673
63531 673
63532 673
63533 673
63534 673
63535 673
63536 673
63537 673
63538 673
63539 673
63540 673
63541 673
63542 673
63543 673
63544 673
63545 673
63546 673
63547 673
63548 673
63549 673
63550 673
63551 673
63552 673
63553 673
63554 673
63555 673
63556 673
63557 673
63558 673
63559 673
63560 673
63561 673
63562 673
63563 673
63564 673
63565 673
63566 673
63567 673
63568 673
63569 673
63570 673
63571 673
63572 673
63573 673
63574 673
63575 673
63576 673
63577 673
63578 673
63579 673
63580 673
63581 673
63582 673
63583 673
63584 673
63585 673
63586 673
63587 673
63588 673
63589 673
63590 673
63591 673
63592 673
63593 673
63594 673
63595 673
63596 673
63597 673
63598 673
63599 673
63600 673
63601 673
63602 673
63603 673
63604 673
63605 673
63606 673
63607 673
63608 673
63609 673
63610 673
63611 673
63612 673
63613 673
63614 673
63615 673
63616 673
63617 673
63618 673
63619 673
63620 673
63621 673
63622 673
63623 673
63624 673
63625 673
63626 673
63627 673
63628 673
63629 673
63630 673
63631 673
63632 673
63633 673
63634 673
63635 673
63636 673
63637 673
63638 673
63639 673
63640 673
63641 673
63642 673
63643 673
63644 673
63645 673
63646 673
63647 673
63648 674
63649 674
63650 674
63651 674
63652 674
63653 674
63654 674
63655 674
63656 674
63657 674
63658 674
63659 674
63660 674
63661 674
63662 674
63663 674
63664 674
63665 674
63666 674
63667 674
63668 674
63669 674
63670 674
63671 674
63672 674
63673 674
63674 674
63675 674
63676 674
63677 674
63678 674
63679 674
63680 674
63681 674
63682 674
63683 674
63684 674
63685 674
63686 674
63687 674
63688 674
63689 674
63690 674
63691 674
63692 674
63693 674
63694 674
63695 674
63696 674
63697 674
63698 674
63699 674
63700 674
63701 674
63702 674
63703 674
63704 674
63705 674
63706 674
63707 674
63708 674
63709 674
63710 674
63711 674
63712 674
63713 674
63714 674
63715 674
63716 674
63717 674
63718 674
63719 674
63720 674
63721 674
63722 674
63723 674
63724 674
63725 674
63726 674
63727 674
63728 674
63729 674
63730 674
63731 674
63732 674
63733 674
63734 674
63735 674
63736 674
63737 674
63738 674
63739 674
63740 674
63741 674
63742 674
63743 674
63744 674
63745 674
63746 674
63747 674
63748 674
63749 674
63750 674
63751 674
63752 674
63753 674
63754 674
63755 674
63756 674
63757 674
63758 674
63759 674
63760 674
63761 674
63762 674
63763 674
63764 674
63765 674
63766 674
63767 674
63768 674
63769 674
63770 674
63771 674
63772 674
63773 674
63774 674
63775 674
63776 674
63777 674
63778 674
63779 674
63780 674
63781 674
63782 676
63783 676
63784 676
63785 679
63786 679
63787 679
63788 679
63789 679
63790 679
63791 679
63792 679
63793 679
63794 679
63795 679
63796 679
63797 679
63798 679
63799 679
63800 679
63801 679
63802 679
63803 679
63804 679
63805 679
63806 679
63807 679
63808 679
63809 679
63810 679
63811 679
63812 679
63813 679
63814 679
63815 679
63816 679
63817 679
63818 679
63819 679
63820 680
63821 680
63822 680
63823 680
63824 680
63825 680
63826 680
63827 680
63828 680
63829 680
63830 680
63831 684
63832 684
63833 684
63834 684
63835 684
63836 688
63837 688
63838 688
63839 688
63840 688
63841 688
63842 688
63843 688
63844 688
63845 688
63846 688
63847 688
63848 688
63849 688
63850 688
63851 690
63852 690
63853 691
63854 691
63855 691
63856 691
63857 691
63858 691
63859 691
63860 693
63861 693
63862 693
63863 693
63864 693
63865 693
63866 695
63867 695
63868 695
63869 695
63870 695
63871 695
63872 695
63873 695
63874 695
63875 695
63876 695
63877 695
63878 695
63879 695
63880 695
63881 695
63882 695
63883 695
63884 696
63885 696
63886 696
63887 696
63888 696
63889 696
63890 698
63891 698
63892 698
63893 698
63894 698
63895 698
63896 698
63897 698
63898 698
63899 698
63900 698
63901 698
63902 698
63903 698
63904 698
63905 698
63906 698
63907 698
63908 698
63909 698
63910 698
63911 698
63912 698
63913 698
63914 698
63915 698
63916 698
63917 698
63918 698
63919 698
63920 698
63921 698
63922 698
63923 698
63924 698
63925 698
63926 698
63927 698
63928 698
63929 698
63930 698
63931 698
63932 698
63933 698
63934 698
63935 698
63936 698
63937 698
63938 698
63939 698
63940 698
63941 698
63942 698
63943 698
63944 698
63945 698
63946 698
63947 698
63948 698
63949 698
63950 698
63951 698
63952 698
63953 698
63954 698
63955 698
63956 698
63957 698
63958 698
63959 698
63960 698
63961 698
63962 698
63963 698
63964 698
63965 698
63966 698
63967 698
63968 698
63969 698
63970 698
63971 698
63972 698
63973 698
63974 698
63975 698
63976 698
63977 698
63978 698
63979 698
63980 698
63981 698
63982 698
63983 698
63984 698
63985 698
63986 698
63987 698
63988 698
63989 698
63990 698
63991 698
63992 698
63993 698
63994 698
63995 698
63996 698
63997 698
63998 698
63999 698
64000 698
64001 698
64002 698
64003 698
64004 698
64005 698
64006 698
64007 698
64008 698
64009 699
64010 699
64011 699
64012 699
64013 699
64014 699
64015 699
64016 699
64017 699
64018 699
64019 699
64020 699
64021 699
64022 699
64023 699
64024 699
64025 699
64026 699
64027 699
64028 699
64029 699
64030 699
64031 699
64032 699
64033 699
64034 699
64035 699
64036 699
64037 699
64038 699
64039 699
64040 699
64041 699
64042 699
64043 699
64044 699
64045 699
64046 699
64047 699
64048 699
64049 699
64050 699
64051 699
64052 699
64053 699
64054 699
64055 699
64056 699
64057 699
64058 699
64059 699
64060 699
64061 699
64062 699
64063 699
64064 699
64065 699
64066 699
64067 699
64068 699
64069 699
64070 699
64071 699
64072 699
64073 699
64074 699
64075 699
64076 699
64077 699
64078 699
64079 699
64080 699
64081 699
64082 699
64083 699
64084 699
64085 699
64086 699
64087 699
64088 699
64089 699
64090 699
64091 699
64092 699
64093 699
64094 699
64095 699
64096 699
64097 699
64098 699
64099 699
64100 699
64101 699
64102 699
64103 699
64104 699
64105 699
64106 699
64107 699
64108 699
64109 699
64110 699
64111 699
64112 699
64113 699
64114 699
64115 699
64116 700
64117 700
64118 700
64119 700
64120 700
64121 700
64122 700
64123 700
64124 700
64125 700
64126 701
64127 701
64128 701
64129 704
64130 704
64131 704
64132 704
64133 704
64134 706
64135 706
64136 706
64137 706
64138 706
64139 706
64140 706
64141 706
64142 706
64143 706
64144 706
64145 706
64146 706
64147 709
64148 709
64149 709
64150 709
64151 709
64152 709
64153 709
64154 711
64155 711
64156 714
64157 714
64158 714
64159 714
64160 714
64161 714
64162 714
64163 714
64164 716
64165 716
64166 716
64167 716
64168 716
64169 716
64170 716
64171 719
64172 719
64173 719
64174 725
64175 725
64176 725
64177 725
64178 725
64179 725
64180 725
64181 725
64182 725
64183 725
64184 725
64185 728
64186 728
64187 728
64188 728
64189 728
64190 728
64191 728
64192 729
64193 729
64194 729
64195 732
64196 732
64197 732
64198 732
64199 732
64200 732
64201 735
64202 735
64203 735
64204 735
64205 735
64206 735
64207 735
64208 738
64209 738
64210 738
64211 738
64212 738
64213 738
64214 738
64215 738
64216 741
64217 741
64218 741
64219 741
64220 741
64221 741
64222 741
64223 741
64224 744
64225 744
64226 744
64227 744
64228 744
64229 744
64230 744
64231 747
64232 747
64233 747
64234 747
64235 747
64236 747
64237 747
64238 747
64239 749
64240 749
64241 749
64242 749
64243 749
64244 749
64245 749
64246 754
64247 754
64248 754
64249 754
64250 754
64251 757
64252 757
64253 757
64254 757
64255 757
64256 757
64257 757
64258 757
64259 760
64260 761
64261 761
64262 761
64263 761
64264 761
64265 761
64266 761
64267 761
64268 761
64269 761
64270 761
64271 765
64272 765
64273 765
64274 765
64275 765
64276 765
64277 768
64278 768
64279 769
64280 769
64281 769
64282 769
64283 769
64284 769
64285 769
64286 769
64287 769
64288 769
64289 769
64290 769
64291 769
64292 769
64293 769
64294 769
64295 769
64296 769
64297 769
64298 769
64299 769
64300 769
64301 769
64302 769
64303 769
64304 769
64305 769
64306 769
64307 769
64308 769
64309 769
64310 769
64311 769
64312 769
64313 769
64314 769
64315 769
64316 769
64317 771
64318 771
64319 771
64320 771
64321 771
64322 771
64323 771
64324 771
64325 771
64326 771
64327 771
64328 771
64329 771
64330 771
64331 771
64332 771
64333 771
64334 771
64335 771
64336 771
64337 771
64338 771
64339 771
64340 771
64341 771
64342 771
64343 771
64344 771
64345 771
64346 771
64347 771
64348 771
64349 771
64350 771
64351 771
64352 771
64353 771
64354 771
64355 771
64356 771
64357 771
64358 771
64359 771
64360 771
64361 771
64362 771
64363 771
64364 771
64365 771
64366 771
64367 771
64368 771
64369 771
64370 771
64371 771
64372 771
64373 771
64374 771
64375 771
64376 771
64377 771
64378 771
64379 771
64380 771
64381 771
64382 771
64383 771
64384 771
64385 771
64386 771
64387 771
64388 771
64389 771
64390 771
64391 771
64392 771
64393 771
64394 771
64395 771
64396 771
64397 772
64398 772
64399 772
64400 772
64401 772
64402 772
64403 772
64404 772
64405 772
64406 772
64407 772
64408 772
64409 772
64410 772
64411 772
64412 772
64413 772
64414 772
64415 772
64416 772
64417 772
64418 772
64419 772
64420 772
64421 772
64422 772
64423 772
64424 772
64425 772
64426 772
64427 772
64428 772
64429 772
64430 772
64431 772
64432 772
64433 772
64434 772
64435 772
64436 772
64437 772
64438 772
64439 772
64440 772
64441 772
64442 772
64443 772
64444 772
64445 772
64446 772
64447 772
64448 772
64449 772
64450 772
64451 772
64452 772
64453 772
64454 772
64455 772
64456 772
64457 772
64458 772
64459 772
64460 772
64461 772
64462 772
64463 772
64464 772
64465 772
64466 772
64467 772
64468 772
64469 773
64470 773
64471 773
64472 773
64473 773
64474 773
64475 773
64476 773
64477 773
64478 773
64479 773
64480 773
64481 773
64482 773
64483 773
64484 773
64485 773
64486 773
64487 773
64488 773
64489 773
64490 773
64491 773
64492 773
64493 773
64494 773
64495 773
64496 773
64497 773
64498 773
64499 773
64500 773
64501 773
64502 773
64503 773
64504 773
64505 773
64506 773
64507 773
64508 773
64509 773
64510 773
64511 773
64512 773
64513 773
64514 773
64515 773
64516 773
64517 773
64518 773
64519 773
64520 773
64521 773
64522 773
64523 773
64524 773
64525 773
64526 773
64527 773
64528 773
64529 773
64530 773
64531 773
64532 773
64533 773
64534 773
64535 773
64536 773
64537 773
64538 773
64539 773
64540 773
64541 773
64542 773
64543 773
64544 773
64545 773
64546 773
64547 773
64548 773
64549 773
64550 773
64551 773
64552 773
64553 773
64554 773
64555 773
64556 773
64557 773
64558 773
64559 773
64560 773
64561 773
64562 773
64563 773
64564 773
64565 773
64566 773
64567 773
64568 773
64569 773
64570 773
64571 773
64572 773
64573 773
64574 773
64575 773
64576 773
64577 773
64578 773
64579 773
64580 773
64581 773
64582 773
64583 773
64584 773
64585 773
64586 773
64587 773
64588 773
64589 773
64590 773
64591 773
64592 773
64593 773
64594 773
64595 773
64596 773
64597 773
64598 773
64599 773
64600 773
64601 773
64602 773
64603 773
64604 773
64605 773
64606 773
64607 773
64608 773
64609 773
64610 773
64611 773
64612 773
64613 773
64614 773
64615 773
64616 773
64617 773
64618 773
64619 773
64620 773
64621 773
64622 773
64623 773
64624 773
64625 773
64626 773
64627 773
64628 773
64629 773
64630 773
64631 773
64632 773
64633 773
64634 773
64635 773
64636 773
64637 773
64638 773
64639 773
64640 773
64641 773
64642 773
64643 773
64644 773
64645 773
64646 773
64647 773
64648 773
64649 773
64650 773
64651 773
64652 773
64653 773
64654 773
64655 773
64656 773
64657 773
64658 773
64659 773
64660 773
64661 773
64662 773
64663 773
64664 773
64665 773
64666 773
64667 773
64668 773
64669 773
64670 773
64671 773
64672 773
64673 773
64674 773
64675 773
64676 773
64677 773
64678 773
64679 773
64680 773
64681 773
64682 773
64683 773
64684 773
64685 773
64686 773
64687 773
64688 773
64689 773
64690 773
64691 773
64692 773
64693 773
64694 773
64695 773
64696 773
64697 773
64698 773
64699 773
64700 773
64701 773
64702 773
64703 773
64704 773
64705 773
64706 773
64707 773
64708 773
64709 773
64710 773
64711 773
64712 773
64713 773
64714 773
64715 773
64716 773
64717 773
64718 773
64719 773
64720 773
64721 773
64722 773
64723 773
64724 773
64725 773
64726 773
64727 773
64728 773
64729 773
64730 773
64731 773
64732 773
64733 773
64734 773
64735 773
64736 773
64737 773
64738 773
64739 773
64740 773
64741 773
64742 773
64743 773
64744 773
64745 773
64746 773
64747 773
64748 773
64749 773
64750 773
64751 773
64752 773
64753 773
64754 773
64755 773
64756 773
64757 773
64758 773
64759 773
64760 773
64761 773
64762 773
64763 773
64764 773
64765 773
64766 773
64767 773
64768 773
64769 773
64770 773
64771 773
64772 773
64773 773
64774 773
64775 773
64776 773
64777 773
64778 773
64779 773
64780 773
64781 773
64782 773
64783 773
64784 773
64785 773
64786 773
64787 773
64788 773
64789 773
64790 773
64791 773
64792 773
64793 773
64794 773
64795 773
64796 773
64797 773
64798 773
64799 773
64800 773
64801 773
64802 773
64803 773
64804 773
64805 773
64806 773
64807 773
64808 773
64809 773
64810 773
64811 773
64812 773
64813 773
64814 774
64815 774
64816 774
64817 774
64818 774
64819 774
64820 774
64821 774
64822 774
64823 774
64824 774
64825 774
64826 774
64827 774
64828 774
64829 774
64830 774
64831 774
64832 774
64833 774
64834 774
64835 774
64836 774
64837 774
64838 774
64839 774
64840 774
64841 774
64842 774
64843 774
64844 774
64845 774
64846 774
64847 774
64848 774
64849 774
64850 774
64851 774
64852 774
64853 774
64854 774
64855 774
64856 774
64857 774
64858 774
64859 774
64860 774
64861 774
64862 774
64863 774
64864 774
64865 774
64866 774
64867 774
64868 774
64869 774
64870 774
64871 774
64872 775
64873 775
64874 775
64875 775
64876 775
64877 775
64878 775
64879 775
64880 775
64881 775
64882 775
64883 775
64884 775
64885 775
64886 775
64887 775
64888 775
64889 775
64890 775
64891 775
64892 775
64893 775
64894 775
64895 775
64896 775
64897 775
64898 775
64899 775
64900 775
64901 775
64902 775
64903 775
64904 775
64905 775
64906 775
64907 775
64908 775
64909 775
64910 775
64911 775
64912 775
64913 775
64914 775
64915 775
64916 775
64917 775
64918 775
64919 775
64920 775
64921 775
64922 775
64923 775
64924 775
64925 775
64926 775
64927 775
64928 775
64929 775
64930 775
64931 775
64932 775
64933 775
64934 775
64935 775
64936 775
64937 775
64938 775
64939 775
64940 775
64941 775
64942 775
64943 775
64944 775
64945 775
64946 775
64947 775
64948 775
64949 775
64950 775
64951 775
64952 775
64953 775
64954 775
64955 775
64956 775
64957 775
64958 775
64959 775
64960 775
64961 775
64962 775
64963 775
64964 775
64965 776
64966 776
64967 776
64968 776
64969 776
64970 776
64971 776
64972 776
64973 776
64974 776
64975 776
64976 776
64977 776
64978 776
64979 776
64980 776
64981 776
64982 776
64983 776
64984 776
64985 776
64986 776
64987 776
64988 776
64989 776
64990 776
64991 776
64992 776
64993 776
64994 776
64995 776
64996 776
64997 776
64998 776
64999 776
65000 776
65001 776
65002 776
65003 776
65004 776
65005 776
65006 776
65007 776
65008 776
65009 776
65010 776
65011 776
65012 776
65013 776
65014 776
65015 776
65016 776
65017 776
65018 776
65019 776
65020 776
65021 776
65022 776
65023 776
65024 776
65025 776
65026 776
65027 776
65028 776
65029 776
65030 776
65031 776
65032 776
65033 776
65034 776
65035 776
65036 776
65037 776
65038 776
65039 776
65040 776
65041 776
65042 776
65043 777
65044 777
65045 777
65046 777
65047 777
65048 777
65049 777
65050 777
65051 777
65052 777
65053 777
65054 777
65055 777
65056 777
65057 777
65058 777
65059 777
65060 777
65061 777
65062 777
65063 777
65064 777
65065 777
65066 777
65067 777
65068 777
65069 777
65070 777
65071 777
65072 777
65073 777
65074 777
65075 777
65076 777
65077 777
65078 777
65079 777
65080 777
65081 777
65082 777
65083 777
65084 777
65085 777
65086 777
65087 777
65088 777
65089 777
65090 777
65091 777
65092 777
65093 777
65094 777
65095 777
65096 777
65097 777
65098 777
65099 777
65100 777
65101 777
65102 777
65103 777
65104 777
65105 777
65106 777
65107 777
65108 777
65109 777
65110 777
65111 777
65112 777
65113 777
65114 777
65115 777
65116 777
65117 777
65118 777
65119 777
65120 777
65121 777
65122 777
65123 777
65124 777
65125 777
65126 777
65127 777
65128 777
65129 777
65130 777
65131 777
65132 777
65133 777
65134 777
65135 777
65136 777
65137 777
65138 777
65139 777
65140 777
65141 777
65142 777
65143 777
65144 777
65145 777
65146 777
65147 777
65148 777
65149 777
65150 777
65151 777
65152 777
65153 777
65154 777
65155 777
65156 777
65157 777
65158 777
65159 777
65160 777
65161 777
65162 777
65163 777
65164 777
65165 777
65166 777
65167 777
65168 777
65169 777
65170 777
65171 777
65172 777
65173 777
65174 777
65175 777
65176 777
65177 777
65178 777
65179 777
65180 777
65181 777
65182 777
65183 777
65184 777
65185 777
65186 777
65187 777
65188 777
65189 777
65190 777
65191 777
65192 777
65193 777
65194 777
65195 777
65196 777
65197 777
65198 777
65199 777
65200 777
65201 777
65202 777
65203 777
65204 777
65205 777
65206 777
65207 777
65208 777
65209 777
65210 777
65211 777
65212 777
65213 777
65214 777
65215 777
65216 777
65217 777
65218 777
65219 777
65220 777
65221 777
65222 777
65223 777
65224 777
65225 777
65226 777
65227 777
65228 777
65229 777
65230 778
65231 778
65232 778
65233 778
65234 778
65235 778
65236 778
65237 778
65238 778
65239 778
65240 778
65241 778
65242 778
65243 778
65244 778
65245 778
65246 778
65247 778
65248 778
65249 778
65250 778
65251 778
65252 778
65253 778
65254 778
65255 778
65256 778
65257 778
65258 778
65259 778
65260 778
65261 778
65262 778
65263 778
65264 778
65265 778
65266 778
65267 778
65268 778
65269 778
65270 778
65271 778
65272 778
65273 778
65274 778
65275 778
65276 778
65277 778
65278 778
65279 778
65280 778
65281 778
65282 778
65283 778
65284 778
65285 778
65286 778
65287 778
65288 778
65289 778
65290 778
65291 778
65292 778
65293 778
65294 778
65295 778
65296 778
65297 778
65298 778
65299 778
65300 778
65301 778
65302 778
65303 778
65304 778
65305 778
65306 778
65307 778
65308 778
65309 778
65310 778
65311 778
65312 778
65313 778
65314 778
65315 778
65316 778
65317 778
65318 778
65319 778
65320 778
65321 778
65322 778
65323 778
65324 778
65325 778
65326 778
65327 778
65328 778
65329 778
65330 778
65331 778
65332 778
65333 778
65334 778
65335 778
65336 778
65337 778
65338 778
65339 778
65340 778
65341 778
65342 778
65343 778
65344 778
65345 778
65346 778
65347 778
65348 778
65349 778
65350 778
65351 778
65352 778
65353 778
65354 778
65355 778
65356 778
65357 778
65358 778
65359 778
65360 778
65361 778
65362 778
65363 778
65364 778
65365 778
65366 778
65367 779
65368 779
65369 779
65370 779
65371 779
65372 779
65373 779
65374 779
65375 779
65376 779
65377 779
65378 779
65379 779
65380 779
65381 779
65382 779
65383 779
65384 779
65385 779
65386 779
65387 779
65388 779
65389 779
65390 779
65391 779
65392 779
65393 779
65394 779
65395 779
65396 779
65397 779
65398 779
65399 779
65400 779
65401 779
65402 779
65403 779
65404 779
65405 779
65406 779
65407 779
65408 779
65409 779
65410 779
65411 779
65412 779
65413 779
65414 779
65415 779
65416 779
65417 779
65418 779
65419 779
65420 779
65421 779
65422 779
65423 779
65424 779
65425 779
65426 779
65427 779
65428 779
65429 779
65430 779
65431 779
65432 779
65433 779
65434 779
65435 779
65436 779
65437 779
65438 779
65439 779
65440 779
65441 779
65442 779
65443 779
65444 779
65445 779
65446 779
65447 779
65448 779
65449 779
65450 779
65451 779
65452 779
65453 779
65454 779
65455 779
65456 779
65457 779
65458 779
65459 779
65460 779
65461 779
65462 779
65463 779
65464 779
65465 779
65466 779
65467 779
65468 779
65469 779
65470 779
65471 779
65472 779
65473 779
65474 779
65475 779
65476 779
65477 779
65478 779
65479 779
65480 779
65481 779
65482 779
65483 779
65484 779
65485 779
65486 779
65487 779
65488 779
65489 779
65490 779
65491 779
65492 779
65493 779
65494 779
65495 779
65496 779
65497 779
65498 779
65499 779
65500 779
65501 779
65502 779
65503 779
65504 779
65505 779
65506 779
65507 779
65508 779
65509 779
65510 779
65511 779
65512 779
65513 779
65514 779
65515 779
65516 779
65517 779
65518 779
65519 779
65520 779
65521 779
65522 779
65523 779
65524 779
65525 779
65526 779
65527 779
65528 779
65529 779
65530 779
65531 779
65532 779
65533 779
65534 779
65535 779
65536 779
65537 779
65538 779
65539 779
65540 779
65541 779
65542 779
65543 779
65544 779
65545 779
65546 779
65547 779
65548 779
65549 779
65550 779
65551 779
65552 779
65553 779
65554 779
65555 779
65556 779
65557 779
65558 779
65559 779
65560 779
65561 779
65562 779
65563 779
65564 779
65565 779
65566 779
65567 779
65568 779
65569 779
65570 779
65571 779
65572 779
65573 779
65574 779
65575 779
65576 779
65577 779
65578 779
65579 779
65580 779
65581 779
65582 779
65583 779
65584 779
65585 779
65586 779
65587 779
65588 779
65589 779
65590 779
65591 779
65592 779
65593 779
65594 779
65595 779
65596 779
65597 779
65598 779
65599 779
65600 779
65601 779
65602 779
65603 779
65604 779
65605 779
65606 779
65607 779
65608 779
65609 779
65610 779
65611 779
65612 779
65613 779
65614 779
65615 779
65616 779
65617 779
65618 779
65619 779
65620 779
65621 779
65622 779
65623 779
65624 779
65625 779
65626 779
65627 779
65628 779
65629 779
65630 779
65631 779
65632 779
65633 779
65634 779
65635 779
65636 779
65637 779
65638 779
65639 779
65640 779
65641 779
65642 779
65643 779
65644 779
65645 779
65646 779
65647 779
65648 779
65649 779
65650 779
65651 779
65652 779
65653 779
65654 779
65655 779
65656 779
65657 779
65658 779
65659 779
65660 779
65661 779
65662 779
65663 779
65664 779
65665 779
65666 779
65667 779
65668 779
65669 779
65670 779
65671 779
65672 779
65673 779
65674 779
65675 779
65676 779
65677 779
65678 779
65679 779
65680 779
65681 779
65682 779
65683 780
65684 780
65685 780
65686 780
65687 780
65688 780
65689 780
65690 780
65691 780
65692 780
65693 780
65694 780
65695 780
65696 780
65697 780
65698 780
65699 780
65700 780
65701 780
65702 780
65703 780
65704 780
65705 780
65706 780
65707 780
65708 780
65709 780
65710 780
65711 780
65712 780
65713 780
65714 780
65715 780
65716 780
65717 780
65718 780
65719 780
65720 780
65721 784
65722 784
65723 784
65724 784
65725 784
65726 784
65727 784
65728 784
65729 784
65730 784
65731 784
65732 784
65733 784
65734 784
65735 784
65736 784
65737 784
65738 784
65739 784
65740 784
65741 784
65742 784
65743 784
65744 784
65745 784
65746 784
65747 784
65748 784
65749 784
65750 784
65751 784
65752 784
65753 784
65754 784
65755 784
65756 784
65757 784
65758 784
65759 784
65760 784
65761 784
65762 784
65763 784
65764 784
65765 784
65766 784
65767 784
65768 784
65769 784
65770 784
65771 784
65772 784
65773 784
65774 784
65775 784
65776 784
65777 784
65778 784
65779 784
65780 784
65781 784
65782 784
65783 784
65784 784
65785 784
65786 784
65787 784
65788 784
65789 784
65790 784
65791 784
65792 784
65793 784
65794 784
65795 784
65796 784
65797 784
65798 784
65799 784
65800 784
65801 784
65802 784
65803 784
65804 784
65805 784
65806 784
65807 784
65808 784
65809 784
65810 784
65811 784
65812 784
65813 784
65814 784
65815 784
65816 784
65817 784
65818 784
65819 784
65820 784
65821 784
65822 784
65823 784
65824 784
65825 784
65826 784
65827 784
65828 784
65829 784
65830 784
65831 784
65832 784
65833 784
65834 784
65835 784
65836 784
65837 784
65838 784
65839 784
65840 784
65841 784
65842 784
65843 784
65844 784
65845 784
65846 784
65847 784
65848 784
65849 784
65850 784
65851 784
65852 784
65853 784
65854 784
65855 784
65856 784
65857 784
65858 784
65859 784
65860 784
65861 784
65862 784
65863 784
65864 784
65865 784
65866 784
65867 784
65868 784
65869 784
65870 784
65871 784
65872 784
65873 784
65874 784
65875 784
65876 784
65877 784
65878 784
65879 784
65880 784
65881 784
65882 784
65883 784
65884 784
65885 784
65886 784
65887 784
65888 784
65889 784
65890 784
65891 784
65892 784
65893 784
65894 784
65895 784
65896 784
65897 784
65898 784
65899 784
65900 784
65901 784
65902 784
65903 784
65904 784
65905 784
65906 784
65907 784
65908 784
65909 784
65910 784
65911 784
65912 784
65913 784
65914 784
65915 784
65916 784
65917 784
65918 784
65919 784
65920 784
65921 784
65922 784
65923 784
65924 784
65925 784
65926 784
65927 784
65928 784
65929 784
65930 784
65931 784
65932 784
65933 784
65934 784
65935 784
65936 784
65937 784
65938 784
65939 784
65940 784
65941 784
65942 784
65943 784
65944 784
65945 785
65946 785
65947 785
65948 785
65949 785
65950 785
65951 785
65952 785
65953 785
65954 785
65955 785
65956 785
65957 785
65958 785
65959 785
65960 785
65961 785
65962 785
65963 785
65964 785
65965 785
65966 785
65967 785
65968 785
65969 785
65970 785
65971 785
65972 785
65973 785
65974 785
65975 785
65976 785
65977 785
65978 785
65979 785
65980 785
65981 785
65982 785
65983 785
65984 785
65985 785
65986 785
65987 785
65988 785
65989 785
65990 785
65991 785
65992 785
65993 785
65994 785
65995 785
65996 785
65997 785
65998 785
65999 785
66000 785
66001 785
66002 785
66003 785
66004 785
66005 785
66006 785
66007 785
66008 785
66009 785
66010 785
66011 785
66012 785
66013 785
66014 785
66015 785
66016 785
66017 785
66018 785
66019 785
66020 785
66021 785
66022 785
66023 785
66024 785
66025 785
66026 785
66027 785
66028 785
66029 785
66030 785
66031 785
66032 785
66033 785
66034 785
66035 785
66036 785
66037 785
66038 785
66039 785
66040 785
66041 785
66042 785
66043 785
66044 785
66045 785
66046 785
66047 785
66048 785
66049 785
66050 785
66051 785
66052 785
66053 785
66054 785
66055 785
66056 785
66057 785
66058 785
66059 785
66060 785
66061 785
66062 785
66063 785
66064 785
66065 785
66066 785
66067 785
66068 785
66069 785
66070 785
66071 785
66072 785
66073 785
66074 785
66075 785
66076 785
66077 785
66078 785
66079 785
66080 785
66081 785
66082 785
66083 785
66084 785
66085 785
66086 785
66087 785
66088 785
66089 785
66090 785
66091 785
66092 785
66093 785
66094 785
66095 785
66096 785
66097 785
66098 785
66099 785
66100 785
66101 785
66102 785
66103 785
66104 785
66105 785
66106 785
66107 785
66108 785
66109 785
66110 785
66111 785
66112 785
66113 785
66114 785
66115 785
66116 785
66117 785
66118 785
66119 785
66120 785
66121 785
66122 785
66123 785
66124 785
66125 785
66126 785
66127 785
66128 785
66129 785
66130 785
66131 785
66132 785
66133 785
66134 785
66135 785
66136 785
66137 785
66138 785
66139 785
66140 785
66141 785
66142 785
66143 785
66144 785
66145 785
66146 785
66147 785
66148 785
66149 785
66150 785
66151 785
66152 785
66153 785
66154 785
66155 785
66156 785
66157 785
66158 785
66159 785
66160 785
66161 785
66162 785
66163 785
66164 785
66165 785
66166 785
66167 785
66168 785
66169 785
66170 785
66171 785
66172 785
66173 785
66174 785
66175 785
66176 785
66177 785
66178 785
66179 785
66180 785
66181 785
66182 785
66183 785
66184 785
66185 785
66186 785
66187 785
66188 785
66189 785
66190 785
66191 785
66192 785
66193 785
66194 785
66195 785
66196 785
66197 785
66198 785
66199 785
66200 785
66201 785
66202 785
66203 785
66204 785
66205 785
66206 785
66207 785
66208 785
66209 785
66210 785
66211 785
66212 785
66213 785
66214 785
66215 785
66216 785
66217 785
66218 785
66219 785
66220 785
66221 785
66222 785
66223 785
66224 785
66225 785
66226 785
66227 785
66228 785
66229 785
66230 785
66231 785
66232 785
66233 786
66234 786
66235 786
66236 786
66237 786
66238 786
66239 786
66240 786
66241 786
66242 786
66243 786
66244 786
66245 786
66246 786
66247 786
66248 786
66249 786
66250 786
66251 786
66252 786
66253 786
66254 786
66255 786
66256 786
66257 786
66258 786
66259 786
66260 786
66261 786
66262 786
66263 786
66264 786
66265 786
66266 786
66267 786
66268 786
66269 786
66270 786
66271 786
66272 786
66273 786
66274 786
66275 786
66276 786
66277 786
66278 786
66279 786
66280 786
66281 786
66282 786
66283 786
66284 786
66285 786
66286 786
66287 786
66288 786
66289 786
66290 786
66291 786
66292 786
66293 786
66294 786
66295 786
66296 786
66297 786
66298 786
66299 786
66300 786
66301 786
66302 786
66303 786
66304 786
66305 786
66306 786
66307 786
66308 786
66309 786
66310 786
66311 786
66312 786
66313 786
66314 786
66315 786
66316 786
66317 786
66318 786
66319 786
66320 786
66321 786
66322 786
66323 786
66324 786
66325 786
66326 786
66327 786
66328 786
66329 786
66330 786
66331 786
66332 786
66333 786
66334 786
66335 786
66336 786
66337 786
66338 786
66339 786
66340 786
66341 786
66342 786
66343 786
66344 786
66345 786
66346 786
66347 786
66348 786
66349 786
66350 786
66351 786
66352 786
66353 786
66354 786
66355 786
66356 786
66357 786
66358 786
66359 786
66360 786
66361 786
66362 786
66363 786
66364 786
66365 786
66366 786
66367 786
66368 786
66369 786
66370 786
66371 786
66372 786
66373 786
66374 786
66375 786
66376 786
66377 786
66378 786
66379 786
66380 786
66381 786
66382 787
66383 787
66384 787
66385 787
66386 787
66387 787
66388 787
66389 787
66390 787
66391 787
66392 787
66393 787
66394 787
66395 787
66396 787
66397 787
66398 787
66399 787
66400 787
66401 787
66402 787
66403 787
66404 787
66405 787
66406 787
66407 787
66408 787
66409 787
66410 787
66411 787
66412 787
66413 787
66414 787
66415 787
66416 787
66417 787
66418 787
66419 787
66420 787
66421 787
66422 787
66423 787
66424 787
66425 787
66426 787
66427 787
66428 787
66429 787
66430 787
66431 787
66432 787
66433 787
66434 787
66435 787
66436 787
66437 787
66438 787
66439 787
66440 787
66441 787
66442 787
66443 787
66444 787
66445 787
66446 787
66447 787
66448 787
66449 787
66450 787
66451 787
66452 787
66453 787
66454 787
66455 787
66456 787
66457 787
66458 787
66459 787
66460 787
66461 787
66462 787
66463 787
66464 787
66465 787
66466 787
66467 787
66468 787
66469 787
66470 787
66471 787
66472 787
66473 787
66474 787
66475 787
66476 787
66477 787
66478 787
66479 787
66480 787
66481 787
66482 787
66483 787
66484 787
66485 787
66486 787
66487 787
66488 787
66489 787
66490 787
66491 787
66492 787
66493 787
66494 787
66495 787
66496 787
66497 787
66498 787
66499 787
66500 787
66501 787
66502 787
66503 787
66504 787
66505 787
66506 787
66507 787
66508 787
66509 787
66510 787
66511 787
66512 787
66513 787
66514 787
66515 787
66516 787
66517 787
66518 787
66519 787
66520 787
66521 787
66522 787
66523 787
66524 787
66525 787
66526 787
66527 787
66528 787
66529 787
66530 787
66531 787
66532 787
66533 787
66534 787
66535 787
66536 787
66537 787
66538 787
66539 787
66540 787
66541 787
66542 787
66543 787
66544 787
66545 787
66546 787
66547 787
66548 787
66549 787
66550 787
66551 787
66552 787
66553 787
66554 787
66555 787
66556 787
66557 787
66558 787
66559 787
66560 787
66561 787
66562 787
66563 787
66564 787
66565 787
66566 787
66567 787
66568 787
66569 787
66570 787
66571 787
66572 787
66573 787
66574 787
66575 787
66576 787
66577 787
66578 787
66579 787
66580 787
66581 787
66582 787
66583 787
66584 787
66585 787
66586 787
66587 787
66588 787
66589 787
66590 787
66591 787
66592 787
66593 787
66594 787
66595 787
66596 787
66597 787
66598 787
66599 787
66600 787
66601 787
66602 787
66603 787
66604 787
66605 787
66606 787
66607 787
66608 787
66609 787
66610 787
66611 787
66612 787
66613 787
66614 787
66615 787
66616 787
66617 787
66618 787
66619 787
66620 787
66621 787
66622 787
66623 787
66624 787
66625 787
66626 787
66627 787
66628 787
66629 787
66630 787
66631 787
66632 787
66633 787
66634 787
66635 787
66636 787
66637 787
66638 787
66639 787
66640 787
66641 787
66642 787
66643 787
66644 787
66645 787
66646 787
66647 787
66648 787
66649 787
66650 787
66651 787
66652 787
66653 787
66654 787
66655 787
66656 787
66657 787
66658 787
66659 787
66660 787
66661 787
66662 787
66663 787
66664 787
66665 787
66666 787
66667 787
66668 787
66669 787
66670 787
66671 787
66672 787
66673 787
66674 787
66675 787
66676 787
66677 788
66678 788
66679 788
66680 788
66681 788
66682 788
66683 788
66684 788
66685 788
66686 788
66687 788
66688 788
66689 788
66690 788
66691 788
66692 788
66693 788
66694 788
66695 788
66696 788
66697 788
66698 788
66699 788
66700 788
66701 788
66702 788
66703 788
66704 788
66705 788
66706 788
66707 788
66708 788
66709 788
66710 788
66711 788
66712 788
66713 788
66714 788
66715 788
66716 788
66717 788
66718 788
66719 788
66720 788
66721 788
66722 788
66723 788
66724 788
66725 788
66726 788
66727 788
66728 788
66729 788
66730 788
66731 788
66732 788
66733 788
66734 788
66735 788
66736 788
66737 788
66738 788
66739 788
66740 788
66741 788
66742 788
66743 788
66744 788
66745 788
66746 788
66747 788
66748 788
66749 788
66750 788
66751 788
66752 788
66753 788
66754 788
66755 788
66756 788
66757 788
66758 788
66759 788
66760 788
66761 788
66762 788
66763 788
66764 788
66765 788
66766 788
66767 788
66768 788
66769 788
66770 788
66771 788
66772 788
66773 788
66774 788
66775 788
66776 788
66777 788
66778 788
66779 788
66780 788
66781 788
66782 788
66783 788
66784 788
66785 788
66786 788
66787 788
66788 788
66789 788
66790 788
66791 788
66792 788
66793 788
66794 788
66795 788
66796 788
66797 788
66798 788
66799 788
66800 788
66801 788
66802 788
66803 788
66804 788
66805 788
66806 788
66807 788
66808 788
66809 788
66810 788
66811 788
66812 788
66813 788
66814 788
66815 788
66816 788
66817 788
66818 788
66819 788
66820 788
66821 788
66822 788
66823 788
66824 788
66825 788
66826 788
66827 788
66828 788
66829 788
66830 788
66831 788
66832 788
66833 788
66834 788
66835 788
66836 788
66837 788
66838 788
66839 788
66840 788
66841 788
66842 788
66843 788
66844 788
66845 788
66846 788
66847 788
66848 788
66849 788
66850 788
66851 788
66852 788
66853 788
66854 788
66855 788
66856 788
66857 788
66858 788
66859 788
66860 788
66861 788
66862 788
66863 788
66864 788
66865 788
66866 788
66867 788
66868 788
66869 788
66870 788
66871 788
66872 788
66873 788
66874 788
66875 788
66876 788
66877 788
66878 788
66879 788
66880 788
66881 788
66882 788
66883 788
66884 788
66885 788
66886 788
66887 788
66888 788
66889 788
66890 788
66891 788
66892 788
66893 788
66894 788
66895 788
66896 788
66897 788
66898 788
66899 788
66900 788
66901 788
66902 788
66903 788
66904 788
66905 788
66906 788
66907 788
66908 788
66909 788
66910 788
66911 788
66912 788
66913 788
66914 788
66915 788
66916 788
66917 788
66918 788
66919 788
66920 788
66921 788
66922 788
66923 788
66924 788
66925 788
66926 788
66927 788
66928 788
66929 788
66930 788
66931 788
66932 788
66933 788
66934 788
66935 788
66936 788
66937 788
66938 788
66939 789
66940 789
66941 789
66942 789
66943 789
66944 789
66945 789
66946 789
66947 789
66948 789
66949 789
66950 789
66951 789
66952 789
66953 789
66954 789
66955 789
66956 789
66957 789
66958 789
66959 789
66960 789
66961 789
66962 789
66963 789
66964 789
66965 789
66966 789
66967 789
66968 789
66969 789
66970 789
66971 789
66972 789
66973 789
66974 789
66975 789
66976 789
66977 789
66978 789
66979 789
66980 789
66981 789
66982 789
66983 789
66984 789
66985 789
66986 789
66987 789
66988 789
66989 789
66990 789
66991 789
66992 789
66993 789
66994 789
66995 789
66996 789
66997 789
66998 789
66999 789
67000 789
67001 789
67002 789
67003 789
67004 789
67005 789
67006 789
67007 789
67008 789
67009 789
67010 789
67011 789
67012 789
67013 789
67014 789
67015 789
67016 789
67017 789
67018 789
67019 789
67020 789
67021 789
67022 789
67023 789
67024 789
67025 789
67026 789
67027 789
67028 789
67029 789
67030 789
67031 789
67032 789
67033 789
67034 789
67035 789
67036 789
67037 789
67038 789
67039 789
67040 789
67041 789
67042 789
67043 789
67044 789
67045 789
67046 789
67047 789
67048 789
67049 789
67050 789
67051 789
67052 789
67053 789
67054 789
67055 789
67056 789
67057 789
67058 789
67059 789
67060 789
67061 789
67062 789
67063 789
67064 789
67065 789
67066 791
67067 791
67068 791
67069 791
67070 791
67071 791
67072 791
67073 791
67074 791
67075 791
67076 791
67077 791
67078 791
67079 791
67080 791
67081 791
67082 791
67083 791
67084 791
67085 791
67086 791
67087 791
67088 791
67089 791
67090 791
67091 791
67092 791
67093 791
67094 791
67095 791
67096 791
67097 791
67098 791
67099 791
67100 791
67101 791
67102 791
67103 791
67104 791
67105 791
67106 791
67107 791
67108 791
67109 791
67110 791
67111 791
67112 791
67113 791
67114 791
67115 791
67116 791
67117 791
67118 791
67119 791
67120 791
67121 791
67122 791
67123 791
67124 791
67125 791
67126 791
67127 791
67128 791
67129 791
67130 791
67131 791
67132 791
67133 791
67134 791
67135 791
67136 791
67137 791
67138 791
67139 791
67140 791
67141 791
67142 791
67143 791
67144 791
67145 791
67146 791
67147 791
67148 791
67149 791
67150 791
67151 791
67152 791
67153 791
67154 791
67155 791
67156 791
67157 791
67158 791
67159 791
67160 791
67161 791
67162 791
67163 791
67164 791
67165 791
67166 791
67167 791
67168 791
67169 791
67170 791
67171 791
67172 791
67173 791
67174 791
67175 791
67176 791
67177 791
67178 791
67179 791
67180 791
67181 791
67182 791
67183 791
67184 791
67185 791
67186 791
67187 791
67188 791
67189 791
67190 791
67191 791
67192 791
67193 791
67194 791
67195 791
67196 791
67197 793
67198 793
67199 793
67200 793
67201 793
67202 793
67203 793
67204 793
67205 793
67206 793
67207 793
67208 793
67209 793
67210 793
67211 793
67212 793
67213 793
67214 793
67215 793
67216 793
67217 793
67218 793
67219 793
67220 793
67221 793
67222 793
67223 793
67224 793
67225 793
67226 793
67227 793
67228 793
67229 793
67230 793
67231 793
67232 793
67233 793
67234 793
67235 793
67236 793
67237 793
67238 793
67239 793
67240 793
67241 793
67242 793
67243 793
67244 793
67245 793
67246 793
67247 793
67248 793
67249 793
67250 793
67251 793
67252 793
67253 793
67254 793
67255 793
67256 793
67257 793
67258 793
67259 793
67260 793
67261 793
67262 793
67263 793
67264 793
67265 793
67266 793
67267 793
67268 793
67269 793
67270 793
67271 793
67272 793
67273 793
67274 793
67275 793
67276 793
67277 793
67278 793
67279 793
67280 793
67281 793
67282 793
67283 793
67284 793
67285 793
67286 793
67287 793
67288 793
67289 793
67290 793
67291 793
67292 793
67293 793
67294 793
67295 793
67296 793
67297 793
67298 793
67299 793
67300 793
67301 793
67302 793
67303 793
67304 793
67305 793
67306 793
67307 793
67308 793
67309 793
67310 793
67311 793
67312 793
67313 793
67314 793
67315 793
67316 793
67317 793
67318 793
67319 793
67320 793
67321 793
67322 793
67323 793
67324 793
67325 793
67326 793
67327 793
67328 793
67329 793
67330 793
67331 793
67332 793
67333 793
67334 793
67335 793
67336 793
67337 793
67338 793
67339 793
67340 793
67341 793
67342 793
67343 793
67344 793
67345 793
67346 793
67347 793
67348 793
67349 793
67350 793
67351 793
67352 793
67353 793
67354 793
67355 793
67356 793
67357 793
67358 793
67359 793
67360 793
67361 793
67362 793
67363 793
67364 793
67365 793
67366 793
67367 793
67368 793
67369 793
67370 793
67371 793
67372 793
67373 793
67374 793
67375 793
67376 793
67377 793
67378 793
67379 793
67380 793
67381 793
67382 793
67383 793
67384 793
67385 793
67386 793
67387 793
67388 793
67389 793
67390 793
67391 793
67392 793
67393 793
67394 793
67395 793
67396 793
67397 793
67398 793
67399 793
67400 793
67401 793
67402 793
67403 793
67404 793
67405 793
67406 793
67407 793
67408 793
67409 793
67410 793
67411 793
67412 793
67413 793
67414 793
67415 793
67416 793
67417 793
67418 793
67419 793
67420 793
67421 793
67422 793
67423 793
67424 793
67425 793
67426 793
67427 793
67428 793
67429 793
67430 793
67431 793
67432 793
67433 793
67434 793
67435 793
67436 793
67437 793
67438 793
67439 793
67440 793
67441 793
67442 793
67443 793
67444 793
67445 793
67446 793
67447 793
67448 793
67449 793
67450 793
67451 793
67452 793
67453 793
67454 793
67455 793
67456 793
67457 793
67458 793
67459 793
67460 793
67461 793
67462 793
67463 793
67464 793
67465 793
67466 793
67467 793
67468 793
67469 793
67470 793
67471 793
67472 793
67473 793
67474 793
67475 793
67476 793
67477 793
67478 793
67479 793
67480 793
67481 793
67482 793
67483 793
67484 793
67485 793
67486 793
67487 793
67488 793
67489 793
67490 793
67491 793
67492 793
67493 793
67494 793
67495 793
67496 793
67497 793
67498 793
67499 793
67500 793
67501 793
67502 793
67503 793
67504 793
67505 793
67506 793
67507 793
67508 793
67509 793
67510 793
67511 793
67512 793
67513 793
67514 793
67515 793
67516 793
67517 793
67518 793
67519 793
67520 793
67521 793
67522 793
67523 793
67524 793
67525 793
67526 793
67527 793
67528 793
67529 793
67530 793
67531 793
67532 793
67533 793
67534 793
67535 793
67536 793
67537 793
67538 793
67539 793
67540 793
67541 793
67542 793
67543 793
67544 793
67545 793
67546 793
67547 793
67548 793
67549 793
67550 793
67551 793
67552 793
67553 793
67554 793
67555 793
67556 793
67557 793
67558 793
67559 794
67560 794
67561 794
67562 794
67563 794
67564 794
67565 794
67566 794
67567 794
67568 794
67569 794
67570 794
67571 794
67572 794
67573 794
67574 794
67575 794
67576 794
67577 794
67578 794
67579 794
67580 794
67581 794
67582 794
67583 794
67584 794
67585 794
67586 794
67587 794
67588 794
67589 794
67590 794
67591 794
67592 794
67593 794
67594 794
67595 794
67596 794
67597 794
67598 794
67599 794
67600 794
67601 794
67602 794
67603 794
67604 794
67605 794
67606 794
67607 794
67608 794
67609 794
67610 794
67611 794
67612 794
67613 794
67614 794
67615 794
67616 794
67617 794
67618 794
67619 794
67620 794
67621 794
67622 794
67623 794
67624 794
67625 794
67626 794
67627 794
67628 794
67629 794
67630 794
67631 794
67632 794
67633 794
67634 794
67635 794
67636 794
67637 794
67638 794
67639 794
67640 794
67641 794
67642 794
67643 794
67644 794
67645 794
67646 794
67647 794
67648 794
67649 794
67650 794
67651 794
67652 794
67653 794
67654 794
67655 794
67656 794
67657 794
67658 794
67659 794
67660 794
67661 794
67662 794
67663 794
67664 794
67665 794
67666 794
67667 794
67668 794
67669 794
67670 794
67671 794
67672 794
67673 794
67674 794
67675 794
67676 794
67677 794
67678 794
67679 794
67680 794
67681 794
67682 794
67683 794
67684 794
67685 794
67686 794
67687 794
67688 794
67689 794
67690 794
67691 794
67692 794
67693 794
67694 794
67695 794
67696 794
67697 794
67698 794
67699 794
67700 794
67701 794
67702 794
67703 794
67704 794
67705 794
67706 794
67707 794
67708 794
67709 795
67710 795
67711 795
67712 795
67713 795
67714 795
67715 795
67716 795
67717 795
67718 795
67719 795
67720 795
67721 795
67722 795
67723 795
67724 795
67725 795
67726 795
67727 795
67728 795
67729 795
67730 795
67731 795
67732 795
67733 795
67734 795
67735 795
67736 795
67737 795
67738 795
67739 795
67740 795
67741 795
67742 795
67743 795
67744 795
67745 795
67746 795
67747 795
67748 795
67749 795
67750 795
67751 795
67752 795
67753 795
67754 795
67755 795
67756 795
67757 795
67758 795
67759 795
67760 795
67761 795
67762 795
67763 795
67764 795
67765 795
67766 795
67767 795
67768 795
67769 795
67770 795
67771 795
67772 795
67773 795
67774 795
67775 795
67776 795
67777 795
67778 795
67779 795
67780 795
67781 795
67782 795
67783 795
67784 795
67785 795
67786 795
67787 795
67788 795
67789 795
67790 795
67791 795
67792 795
67793 795
67794 795
67795 795
67796 795
67797 795
67798 795
67799 795
67800 795
67801 795
67802 795
67803 795
67804 795
67805 795
67806 795
67807 795
67808 795
67809 795
67810 795
67811 795
67812 795
67813 795
67814 795
67815 795
67816 795
67817 795
67818 795
67819 795
67820 795
67821 795
67822 795
67823 795
67824 795
67825 795
67826 795
67827 795
67828 795
67829 795
67830 795
67831 795
67832 795
67833 795
67834 795
67835 795
67836 795
67837 795
67838 795
67839 795
67840 795
67841 795
67842 795
67843 795
67844 795
67845 795
67846 795
67847 795
67848 795
67849 795
67850 795
67851 795
67852 795
67853 795
67854 795
67855 795
67856 795
67857 795
67858 795
67859 795
67860 795
67861 795
67862 795
67863 795
67864 795
67865 795
67866 795
67867 795
67868 795
67869 795
67870 795
67871 795
67872 795
67873 795
67874 795
67875 795
67876 795
67877 795
67878 795
67879 795
67880 795
67881 795
67882 795
67883 795
67884 795
67885 795
67886 795
67887 795
67888 795
67889 795
67890 795
67891 795
67892 795
67893 795
67894 795
67895 795
67896 795
67897 795
67898 795
67899 795
67900 795
67901 795
67902 795
67903 795
67904 795
67905 795
67906 795
67907 795
67908 795
67909 795
67910 795
67911 795
67912 795
67913 795
67914 795
67915 795
67916 795
67917 795
67918 795
67919 795
67920 795
67921 795
67922 795
67923 795
67924 795
67925 795
67926 795
67927 795
67928 795
67929 795
67930 795
67931 795
67932 795
67933 795
67934 795
67935 795
67936 795
67937 795
67938 795
67939 795
67940 795
67941 795
67942 795
67943 795
67944 795
67945 795
67946 795
67947 795
67948 796
67949 796
67950 796
67951 796
67952 796
67953 796
67954 796
67955 796
67956 796
67957 796
67958 796
67959 796
67960 796
67961 796
67962 796
67963 796
67964 796
67965 796
67966 796
67967 796
67968 796
67969 796
67970 796
67971 796
67972 796
67973 796
67974 796
67975 796
67976 796
67977 796
67978 796
67979 796
67980 796
67981 796
67982 796
67983 796
67984 796
67985 796
67986 796
67987 796
67988 796
67989 796
67990 796
67991 796
67992 796
67993 796
67994 796
67995 796
67996 796
67997 796
67998 796
67999 796
68000 796
68001 796
68002 796
68003 796
68004 796
68005 796
68006 796
68007 796
68008 796
68009 796
68010 796
68011 796
68012 796
68013 796
68014 796
68015 796
68016 796
68017 796
68018 796
68019 796
68020 796
68021 796
68022 796
68023 796
68024 796
68025 796
68026 797
68027 797
68028 797
68029 797
68030 797
68031 797
68032 797
68033 797
68034 797
68035 797
68036 797
68037 797
68038 797
68039 797
68040 797
68041 797
68042 797
68043 797
68044 797
68045 797
68046 797
68047 797
68048 797
68049 797
68050 797
68051 797
68052 797
68053 797
68054 797
68055 797
68056 797
68057 797
68058 797
68059 797
68060 797
68061 797
68062 797
68063 797
68064 797
68065 797
68066 797
68067 797
68068 797
68069 797
68070 797
68071 797
68072 797
68073 797
68074 797
68075 797
68076 797
68077 797
68078 797
68079 797
68080 797
68081 797
68082 797
68083 797
68084 797
68085 797
68086 797
68087 797
68088 797
68089 797
68090 797
68091 797
68092 797
68093 797
68094 797
68095 797
68096 797
68097 797
68098 797
68099 797
68100 797
68101 797
68102 797
68103 797
68104 797
68105 797
68106 797
68107 797
68108 797
68109 797
68110 797
68111 797
68112 797
68113 797
68114 797
68115 797
68116 797
68117 797
68118 797
68119 797
68120 797
68121 797
68122 797
68123 797
68124 797
68125 797
68126 797
68127 797
68128 797
68129 797
68130 797
68131 797
68132 797
68133 797
68134 797
68135 797
68136 797
68137 797
68138 797
68139 797
68140 797
68141 797
68142 797
68143 797
68144 797
68145 797
68146 797
68147 797
68148 797
68149 797
68150 797
68151 797
68152 797
68153 797
68154 797
68155 797
68156 797
68157 797
68158 797
68159 797
68160 797
68161 797
68162 797
68163 797
68164 797
68165 797
68166 797
68167 797
68168 797
68169 797
68170 797
68171 797
68172 797
68173 797
68174 797
68175 797
68176 797
68177 797
68178 797
68179 797
68180 797
68181 797
68182 797
68183 797
68184 797
68185 797
68186 797
68187 797
68188 797
68189 797
68190 797
68191 797
68192 797
68193 797
68194 797
68195 797
68196 797
68197 797
68198 797
68199 797
68200 797
68201 797
68202 797
68203 797
68204 797
68205 797
68206 797
68207 797
68208 797
68209 797
68210 797
68211 797
68212 797
68213 797
68214 797
68215 797
68216 797
68217 797
68218 797
68219 797
68220 797
68221 797
68222 797
68223 797
68224 797
68225 797
68226 797
68227 797
68228 797
68229 797
68230 797
68231 797
68232 797
68233 797
68234 797
68235 797
68236 797
68237 797
68238 797
68239 797
68240 797
68241 797
68242 797
68243 797
68244 797
68245 797
68246 797
68247 797
68248 797
68249 797
68250 797
68251 797
68252 797
68253 797
68254 797
68255 797
68256 797
68257 797
68258 797
68259 797
68260 797
68261 797
68262 797
68263 797
68264 797
68265 797
68266 797
68267 797
68268 797
68269 797
68270 797
68271 797
68272 797
68273 797
68274 797
68275 797
68276 797
68277 797
68278 797
68279 797
68280 797
68281 797
68282 797
68283 797
68284 797
68285 797
68286 797
68287 797
68288 797
68289 797
68290 797
68291 797
68292 797
68293 797
68294 797
68295 797
68296 797
68297 797
68298 797
68299 797
68300 797
68301 797
68302 797
68303 797
68304 797
68305 797
68306 797
68307 797
68308 797
68309 797
68310 797
68311 797
68312 797
68313 797
68314 797
68315 797
68316 797
68317 797
68318 797
68319 797
68320 797
68321 797
68322 797
68323 797
68324 797
68325 797
68326 797
68327 797
68328 797
68329 797
68330 797
68331 797
68332 797
68333 797
68334 797
68335 797
68336 797
68337 797
68338 797
68339 797
68340 797
68341 797
68342 797
68343 797
68344 797
68345 797
68346 797
68347 797
68348 797
68349 797
68350 797
68351 797
68352 797
68353 797
68354 797
68355 797
68356 797
68357 797
68358 797
68359 797
68360 797
68361 797
68362 797
68363 797
68364 797
68365 797
68366 797
68367 797
68368 797
68369 797
68370 797
68371 797
68372 797
68373 797
68374 797
68375 797
68376 797
68377 797
68378 797
68379 797
68380 797
68381 797
68382 797
68383 797
68384 797
68385 797
68386 797
68387 797
68388 797
68389 797
68390 797
68391 797
68392 797
68393 797
68394 797
68395 797
68396 797
68397 797
68398 797
68399 797
68400 797
68401 797
68402 797
68403 797
68404 797
68405 797
68406 797
68407 797
68408 797
68409 797
68410 797
68411 797
68412 797
68413 797
68414 797
68415 797
68416 797
68417 797
68418 797
68419 797
68420 797
68421 797
68422 797
68423 797
68424 797
68425 797
68426 797
68427 797
68428 797
68429 797
68430 797
68431 797
68432 797
68433 797
68434 797
68435 797
68436 797
68437 797
68438 797
68439 797
68440 797
68441 797
68442 797
68443 797
68444 797
68445 797
68446 797
68447 797
68448 797
68449 797
68450 797
68451 797
68452 797
68453 797
68454 797
68455 797
68456 797
68457 797
68458 797
68459 797
68460 797
68461 797
68462 797
68463 797
68464 797
68465 797
68466 797
68467 797
68468 797
68469 797
68470 797
68471 797
68472 797
68473 797
68474 797
68475 797
68476 797
68477 797
68478 797
68479 797
68480 797
68481 797
68482 797
68483 797
68484 797
68485 797
68486 797
68487 797
68488 797
68489 797
68490 797
68491 797
68492 797
68493 797
68494 797
68495 797
68496 797
68497 797
68498 797
68499 797
68500 797
68501 797
68502 797
68503 797
68504 797
68505 797
68506 797
68507 797
68508 797
68509 797
68510 797
68511 797
68512 797
68513 797
68514 797
68515 797
68516 797
68517 797
68518 797
68519 797
68520 797
68521 797
68522 797
68523 797
68524 797
68525 797
68526 797
68527 797
68528 797
68529 797
68530 797
68531 797
68532 797
68533 797
68534 797
68535 797
68536 797
68537 797
68538 797
68539 797
68540 797
68541 797
68542 797
68543 797
68544 797
68545 797
68546 797
68547 797
68548 797
68549 797
68550 797
68551 797
68552 797
68553 797
68554 797
68555 797
68556 797
68557 797
68558 797
68559 797
68560 797
68561 797
68562 797
68563 797
68564 797
68565 797
68566 797
68567 797
68568 797
68569 797
68570 797
68571 797
68572 797
68573 797
68574 797
68575 797
68576 797
68577 797
68578 797
68579 797
68580 797
68581 797
68582 797
68583 797
68584 797
68585 797
68586 797
68587 797
68588 797
68589 797
68590 797
68591 797
68592 797
68593 797
68594 797
68595 797
68596 797
68597 797
68598 797
68599 797
68600 799
68601 799
68602 799
68603 799
68604 799
68605 799
68606 799
68607 799
68608 799
68609 799
68610 799
68611 799
68612 799
68613 799
68614 799
68615 799
68616 799
68617 799
68618 799
68619 799
68620 799
68621 799
68622 799
68623 799
68624 799
68625 799
68626 799
68627 799
68628 800
68629 800
68630 800
68631 800
68632 800
68633 800
68634 800
68635 800
68636 800
68637 800
68638 800
68639 800
68640 800
68641 800
68642 800
68643 800
68644 800
68645 800
68646 800
68647 800
68648 800
68649 800
68650 800
68651 800
68652 800
68653 800
68654 800
68655 800
68656 800
68657 800
68658 800
68659 800
68660 800
68661 800
68662 800
68663 800
68664 800
68665 800
68666 800
68667 800
68668 800
68669 800
68670 800
68671 800
68672 800
68673 800
68674 800
68675 800
68676 800
68677 800
68678 800
68679 800
68680 800
68681 800
68682 800
68683 800
68684 800
68685 800
68686 800
68687 800
68688 800
68689 800
68690 800
68691 800
68692 800
68693 800
68694 800
68695 800
68696 800
68697 800
68698 800
68699 800
68700 800
68701 800
68702 800
68703 800
68704 800
68705 800
68706 800
68707 800
68708 800
68709 800
68710 800
68711 800
68712 800
68713 800
68714 800
68715 800
68716 800
68717 800
68718 800
68719 800
68720 800
68721 800
68722 800
68723 800
68724 800
68725 800
68726 800
68727 800
68728 800
68729 800
68730 800
68731 800
68732 800
68733 800
68734 800
68735 800
68736 800
68737 800
68738 801
68739 801
68740 801
68741 801
68742 801
68743 801
68744 801
68745 801
68746 801
68747 801
68748 801
68749 801
68750 801
68751 801
68752 801
68753 801
68754 801
68755 801
68756 801
68757 801
68758 801
68759 801
68760 801
68761 801
68762 801
68763 801
68764 801
68765 801
68766 801
68767 801
68768 801
68769 801
68770 801
68771 801
68772 801
68773 801
68774 801
68775 801
68776 801
68777 801
68778 801
68779 801
68780 801
68781 801
68782 801
68783 801
68784 801
68785 801
68786 801
68787 801
68788 801
68789 801
68790 801
68791 801
68792 801
68793 801
68794 801
68795 801
68796 801
68797 801
68798 801
68799 801
68800 801
68801 801
68802 801
68803 801
68804 801
68805 801
68806 801
68807 801
68808 801
68809 801
68810 801
68811 801
68812 801
68813 801
68814 801
68815 801
68816 801
68817 801
68818 801
68819 801
68820 801
68821 801
68822 801
68823 801
68824 801
68825 801
68826 801
68827 801
68828 801
68829 801
68830 801
68831 801
68832 801
68833 801
68834 801
68835 801
68836 801
68837 801
68838 801
68839 801
68840 801
68841 801
68842 801
68843 801
68844 801
68845 801
68846 801
68847 801
68848 801
68849 801
68850 801
68851 801
68852 801
68853 801
68854 801
68855 801
68856 801
68857 801
68858 801
68859 801
68860 801
68861 801
68862 801
68863 801
68864 801
68865 801
68866 801
68867 801
68868 801
68869 801
68870 801
68871 801
68872 801
68873 801
68874 801
68875 801
68876 801
68877 801
68878 801
68879 801
68880 801
68881 801
68882 801
68883 801
68884 801
68885 801
68886 801
68887 801
68888 801
68889 801
68890 801
68891 801
68892 801
68893 801
68894 801
68895 801
68896 801
68897 801
68898 801
68899 801
68900 801
68901 801
68902 801
68903 801
68904 801
68905 801
68906 801
68907 801
68908 801
68909 801
68910 801
68911 801
68912 801
68913 801
68914 801
68915 801
68916 801
68917 801
68918 801
68919 801
68920 801
68921 801
68922 801
68923 801
68924 801
68925 801
68926 801
68927 801
68928 801
68929 801
68930 801
68931 801
68932 801
68933 801
68934 801
68935 801
68936 801
68937 801
68938 801
68939 801
68940 801
68941 801
68942 801
68943 801
68944 801
68945 801
68946 801
68947 801
68948 801
68949 801
68950 801
68951 801
68952 801
68953 801
68954 801
68955 801
68956 801
68957 801
68958 801
68959 801
68960 801
68961 801
68962 801
68963 801
68964 801
68965 801
68966 801
68967 801
68968 801
68969 801
68970 801
68971 801
68972 801
68973 801
68974 801
68975 801
68976 801
68977 801
68978 801
68979 801
68980 801
68981 801
68982 801
68983 801
68984 801
68985 801
68986 801
68987 801
68988 801
68989 801
68990 801
68991 801
68992 801
68993 801
68994 801
68995 801
68996 801
68997 801
68998 801
68999 801
69000 801
69001 801
69002 801
69003 801
69004 801
69005 801
69006 801
69007 801
69008 801
69009 801
69010 801
69011 801
69012 801
69013 801
69014 801
69015 801
69016 801
69017 801
69018 801
69019 801
69020 801
69021 801
69022 801
69023 801
69024 801
69025 801
69026 801
69027 801
69028 801
69029 801
69030 801
69031 801
69032 801
69033 801
69034 801
69035 801
69036 801
69037 801
69038 801
69039 801
69040 801
69041 801
69042 801
69043 801
69044 801
69045 801
69046 801
69047 801
69048 801
69049 801
69050 801
69051 801
69052 801
69053 801
69054 801
69055 801
69056 801
69057 801
69058 801
69059 801
69060 801
69061 801
69062 801
69063 801
69064 801
69065 801
69066 801
69067 801
69068 801
69069 801
69070 801
69071 801
69072 801
69073 801
69074 801
69075 801
69076 801
69077 801
69078 801
69079 801
69080 801
69081 801
69082 801
69083 801
69084 801
69085 801
69086 801
69087 801
69088 801
69089 801
69090 801
69091 801
69092 801
69093 801
69094 801
69095 801
69096 801
69097 801
69098 801
69099 801
69100 801
69101 801
69102 801
69103 801
69104 801
69105 801
69106 801
69107 801
69108 801
69109 801
69110 801
69111 801
69112 801
69113 801
69114 801
69115 801
69116 801
69117 801
69118 801
69119 801
69120 801
69121 801
69122 801
69123 801
69124 801
69125 801
69126 801
69127 801
69128 801
69129 801
69130 801
69131 801
69132 801
69133 801
69134 801
69135 801
69136 801
69137 801
69138 801
69139 801
69140 801
69141 801
69142 801
69143 801
69144 801
69145 801
69146 801
69147 801
69148 801
69149 801
69150 801
69151 801
69152 801
69153 801
69154 801
69155 801
69156 801
69157 801
69158 801
69159 801
69160 801
69161 801
69162 801
69163 801
69164 801
69165 801
69166 801
69167 801
69168 801
69169 801
69170 801
69171 801
69172 801
69173 801
69174 801
69175 801
69176 801
69177 801
69178 801
69179 801
69180 801
69181 801
69182 801
69183 801
69184 801
69185 801
69186 801
69187 801
69188 801
69189 801
69190 801
69191 801
69192 801
69193 801
69194 801
69195 801
69196 801
69197 801
69198 801
69199 801
69200 801
69201 801
69202 801
69203 801
69204 801
69205 801
69206 801
69207 801
69208 801
69209 801
69210 801
69211 801
69212 801
69213 801
69214 801
69215 801
69216 801
69217 801
69218 801
69219 801
69220 801
69221 801
69222 801
69223 801
69224 801
69225 801
69226 801
69227 801
69228 801
69229 801
69230 801
69231 801
69232 801
69233 801
69234 801
69235 801
69236 801
69237 801
69238 801
69239 801
69240 801
69241 801
69242 801
69243 801
69244 801
69245 801
69246 801
69247 801
69248 801
69249 801
69250 801
69251 801
69252 801
69253 801
69254 801
69255 801
69256 801
69257 801
69258 801
69259 801
69260 801
69261 801
69262 801
69263 801
69264 801
69265 801
69266 801
69267 801
69268 801
69269 801
69270 801
69271 801
69272 801
69273 801
69274 801
69275 801
69276 801
69277 801
69278 801
69279 801
69280 801
69281 801
69282 801
69283 801
69284 801
69285 801
69286 801
69287 801
69288 801
69289 801
69290 801
69291 801
69292 801
69293 801
69294 801
69295 801
69296 801
69297 801
69298 801
69299 801
69300 801
69301 801
69302 801
69303 801
69304 801
69305 801
69306 801
69307 801
69308 801
69309 801
69310 801
69311 801
69312 801
69313 801
69314 801
69315 801
69316 801
69317 801
69318 801
69319 801
69320 801
69321 801
69322 801
69323 801
69324 801
69325 801
69326 801
69327 801
69328 801
69329 801
69330 801
69331 801
69332 801
69333 801
69334 801
69335 801
69336 801
69337 801
69338 801
69339 801
69340 801
69341 801
69342 801
69343 801
69344 801
69345 801
69346 801
69347 801
69348 801
69349 801
69350 801
69351 801
69352 801
69353 801
69354 801
69355 801
69356 801
69357 801
69358 801
69359 801
69360 801
69361 801
69362 801
69363 801
69364 801
69365 801
69366 801
69367 801
69368 801
69369 801
69370 801
69371 801
69372 801
69373 801
69374 801
69375 801
69376 801
69377 801
69378 801
69379 801
69380 801
69381 801
69382 801
69383 801
69384 801
69385 801
69386 801
69387 801
69388 801
69389 801
69390 801
69391 801
69392 801
69393 801
69394 801
69395 801
69396 801
69397 801
69398 801
69399 801
69400 801
69401 801
69402 801
69403 801
69404 801
69405 801
69406 801
69407 801
69408 801
69409 801
69410 801
69411 801
69412 801
69413 801
69414 801
69415 801
69416 801
69417 801
69418 801
69419 801
69420 801
69421 801
69422 801
69423 801
69424 801
69425 801
69426 801
69427 801
69428 801
69429 801
69430 801
69431 801
69432 801
69433 801
69434 801
69435 801
69436 801
69437 801
69438 801
69439 801
69440 801
69441 801
69442 801
69443 801
69444 801
69445 801
69446 804
69447 806
69448 806
69449 806
69450 806
69451 806
69452 806
69453 806
69454 806
69455 806
69456 806
69457 806
69458 806
69459 806
69460 806
69461 806
69462 806
69463 806
69464 806
69465 806
69466 806
69467 806
69468 806
69469 806
69470 806
69471 806
69472 806
69473 806
69474 806
69475 806
69476 806
69477 806
69478 806
69479 806
69480 806
69481 806
69482 806
69483 806
69484 806
69485 806
69486 806
69487 806
69488 806
69489 806
69490 806
69491 806
69492 806
69493 806
69494 806
69495 806
69496 806
69497 806
69498 806
69499 806
69500 806
69501 806
69502 806
69503 806
69504 806
69505 806
69506 806
69507 806
69508 806
69509 806
69510 806
69511 806
69512 806
69513 806
69514 806
69515 806
69516 806
69517 806
69518 806
69519 806
69520 806
69521 806
69522 806
69523 806
69524 806
69525 806
69526 806
69527 806
69528 806
69529 806
69530 806
69531 806
69532 806
69533 806
69534 806
69535 806
69536 806
69537 806
69538 806
69539 806
69540 806
69541 806
69542 806
69543 806
69544 806
69545 806
69546 806
69547 806
69548 806
69549 806
69550 806
69551 806
69552 806
69553 806
69554 806
69555 806
69556 806
69557 806
69558 806
69559 806
69560 806
69561 806
69562 806
69563 806
69564 806
69565 806
69566 806
69567 806
69568 806
69569 806
69570 806
69571 806
69572 806
69573 806
69574 806
69575 806
69576 806
69577 806
69578 806
69579 806
69580 806
69581 806
69582 806
69583 806
69584 806
69585 806
69586 806
69587 806
69588 806
69589 806
69590 806
69591 806
69592 806
69593 806
69594 806
69595 806
69596 806
69597 806
69598 806
69599 806
69600 806
69601 806
69602 806
69603 806
69604 806
69605 806
69606 806
69607 806
69608 806
69609 806
69610 806
69611 806
69612 806
69613 806
69614 806
69615 806
69616 806
69617 806
69618 806
69619 806
69620 806
69621 806
69622 806
69623 806
69624 806
69625 806
69626 806
69627 806
69628 806
69629 806
69630 806
69631 806
69632 806
69633 806
69634 806
69635 806
69636 806
69637 806
69638 806
69639 806
69640 806
69641 806
69642 806
69643 806
69644 806
69645 806
69646 806
69647 806
69648 806
69649 806
69650 806
69651 806
69652 806
69653 806
69654 806
69655 806
69656 806
69657 806
69658 806
69659 806
69660 806
69661 806
69662 806
69663 806
69664 806
69665 806
69666 806
69667 806
69668 806
69669 806
69670 806
69671 806
69672 806
69673 806
69674 806
69675 806
69676 806
69677 806
69678 806
69679 806
69680 806
69681 806
69682 806
69683 806
69684 806
69685 806
69686 806
69687 806
69688 806
69689 806
69690 806
69691 806
69692 806
69693 806
69694 806
69695 806
69696 806
69697 806
69698 806
69699 806
69700 806
69701 806
69702 806
69703 806
69704 806
69705 806
69706 806
69707 806
69708 806
69709 806
69710 806
69711 806
69712 806
69713 806
69714 806
69715 806
69716 806
69717 806
69718 806
69719 806
69720 806
69721 806
69722 806
69723 806
69724 806
69725 806
69726 806
69727 806
69728 806
69729 806
69730 806
69731 806
69732 806
69733 806
69734 806
69735 806
69736 806
69737 806
69738 806
69739 806
69740 806
69741 806
69742 806
69743 806
69744 806
69745 806
69746 806
69747 806
69748 806
69749 806
69750 806
69751 806
69752 806
69753 806
69754 806
69755 806
69756 806
69757 806
69758 806
69759 806
69760 806
69761 806
69762 806
69763 806
69764 806
69765 806
69766 806
69767 806
69768 806
69769 806
69770 806
69771 806
69772 806
69773 806
69774 806
69775 806
69776 806
69777 806
69778 806
69779 806
69780 806
69781 806
69782 806
69783 806
69784 806
69785 806
69786 806
69787 806
69788 806
69789 806
69790 806
69791 806
69792 806
69793 806
69794 806
69795 806
69796 806
69797 806
69798 806
69799 806
69800 806
69801 806
69802 806
69803 806
69804 806
69805 806
69806 806
69807 806
69808 806
69809 806
69810 806
69811 806
69812 806
69813 806
69814 806
69815 806
69816 806
69817 806
69818 806
69819 806
69820 806
69821 806
69822 806
69823 806
69824 806
69825 806
69826 806
69827 806
69828 806
69829 806
69830 806
69831 806
69832 806
69833 806
69834 806
69835 806
69836 806
69837 806
69838 806
69839 806
69840 806
69841 806
69842 806
69843 806
69844 806
69845 806
69846 806
69847 806
69848 806
69849 806
69850 806
69851 806
69852 806
69853 806
69854 806
69855 806
69856 806
69857 806
69858 806
69859 806
69860 806
69861 806
69862 806
69863 806
69864 806
69865 806
69866 806
69867 806
69868 806
69869 806
69870 806
69871 806
69872 806
69873 806
69874 806
69875 806
69876 806
69877 806
69878 806
69879 806
69880 806
69881 806
69882 806
69883 806
69884 806
69885 806
69886 806
69887 806
69888 806
69889 806
69890 806
69891 806
69892 806
69893 806
69894 806
69895 806
69896 806
69897 806
69898 806
69899 806
69900 806
69901 806
69902 806
69903 806
69904 806
69905 806
69906 806
69907 806
69908 806
69909 806
69910 806
69911 806
69912 806
69913 806
69914 806
69915 806
69916 806
69917 806
69918 806
69919 806
69920 806
69921 806
69922 806
69923 806
69924 806
69925 806
69926 806
69927 806
69928 806
69929 806
69930 806
69931 806
69932 806
69933 806
69934 806
69935 806
69936 806
69937 806
69938 806
69939 806
69940 806
69941 806
69942 806
69943 806
69944 806
69945 806
69946 806
69947 806
69948 806
69949 806
69950 806
69951 806
69952 806
69953 806
69954 806
69955 806
69956 806
69957 806
69958 806
69959 806
69960 806
69961 806
69962 806
69963 806
69964 806
69965 806
69966 806
69967 806
69968 806
69969 806
69970 806
69971 806
69972 806
69973 806
69974 806
69975 806
69976 806
69977 806
69978 806
69979 806
69980 806
69981 806
69982 806
69983 806
69984 806
69985 806
69986 806
69987 806
69988 806
69989 806
69990 806
69991 806
69992 806
69993 806
69994 806
69995 806
69996 806
69997 806
69998 806
69999 806
70000 806
70001 806
70002 806
70003 806
70004 806
70005 806
70006 806
70007 806
70008 806
70009 806
70010 806
70011 806
70012 806
70013 806
70014 806
70015 806
70016 806
70017 806
70018 806
70019 806
70020 806
70021 806
70022 806
70023 806
70024 806
70025 806
70026 806
70027 806
70028 806
70029 806
70030 806
70031 806
70032 806
70033 806
70034 806
70035 806
70036 806
70037 806
70038 806
70039 806
70040 806
70041 806
70042 806
70043 806
70044 806
70045 806
70046 806
70047 806
70048 806
70049 806
70050 806
70051 806
70052 806
70053 806
70054 806
70055 806
70056 806
70057 806
70058 806
70059 806
70060 806
70061 806
70062 806
70063 806
70064 806
70065 806
70066 806
70067 806
70068 806
70069 806
70070 806
70071 806
70072 806
70073 806
70074 806
70075 806
70076 806
70077 806
70078 806
70079 806
70080 806
70081 806
70082 806
70083 806
70084 806
70085 806
70086 806
70087 806
70088 806
70089 806
70090 806
70091 806
70092 806
70093 806
70094 806
70095 806
70096 806
70097 806
70098 806
70099 806
70100 806
70101 806
70102 806
70103 806
70104 806
70105 806
70106 806
70107 806
70108 806
70109 806
70110 806
70111 806
70112 806
70113 806
70114 806
70115 806
70116 806
70117 806
70118 806
70119 806
70120 806
70121 806
70122 806
70123 806
70124 806
70125 806
70126 806
70127 806
70128 806
70129 806
70130 806
70131 806
70132 806
70133 806
70134 806
70135 806
70136 806
70137 806
70138 806
70139 806
70140 806
70141 806
70142 806
70143 806
70144 806
70145 806
70146 806
70147 806
70148 806
70149 806
70150 806
70151 806
70152 806
70153 806
70154 806
70155 806
70156 806
70157 806
70158 806
70159 806
70160 806
70161 806
70162 806
70163 806
70164 806
70165 806
70166 806
70167 806
70168 806
70169 806
70170 806
70171 806
70172 806
70173 806
70174 806
70175 806
70176 806
70177 806
70178 806
70179 806
70180 806
70181 806
70182 806
70183 806
70184 806
70185 806
70186 806
70187 806
70188 806
70189 806
70190 806
70191 806
70192 806
70193 806
70194 806
70195 806
70196 806
70197 806
70198 806
70199 806
70200 806
70201 806
70202 806
70203 806
70204 806
70205 806
70206 806
70207 806
70208 806
70209 806
70210 806
70211 806
70212 806
70213 806
70214 806
70215 806
70216 806
70217 806
70218 806
70219 806
70220 806
70221 806
70222 806
70223 806
70224 806
70225 806
70226 806
70227 806
70228 806
70229 806
70230 806
70231 806
70232 806
70233 806
70234 806
70235 806
70236 806
70237 806
70238 806
70239 806
70240 806
70241 806
70242 806
70243 806
70244 806
70245 806
70246 806
70247 806
70248 806
70249 806
70250 806
70251 806
70252 806
70253 806
70254 806
70255 806
70256 806
70257 806
70258 806
70259 806
70260 806
70261 806
70262 806
70263 806
70264 806
70265 806
70266 806
70267 806
70268 806
70269 806
70270 806
70271 806
70272 806
70273 806
70274 806
70275 806
70276 806
70277 806
70278 806
70279 806
70280 806
70281 806
70282 806
70283 806
70284 806
70285 806
70286 806
70287 806
70288 806
70289 806
70290 806
70291 806
70292 806
70293 806
70294 806
70295 806
70296 806
70297 806
70298 806
70299 806
70300 806
70301 806
70302 806
70303 806
70304 806
70305 806
70306 806
70307 806
70308 806
70309 806
70310 806
70311 806
70312 806
70313 806
70314 806
70315 806
70316 806
70317 806
70318 806
70319 806
70320 806
70321 806
70322 806
70323 806
70324 806
70325 806
70326 806
70327 806
70328 806
70329 806
70330 806
70331 806
70332 806
70333 806
70334 806
70335 806
70336 806
70337 806
70338 806
70339 806
70340 806
70341 806
70342 806
70343 806
70344 806
70345 806
70346 806
70347 806
70348 806
70349 806
70350 806
70351 806
70352 806
70353 806
70354 806
70355 806
70356 806
70357 806
70358 806
70359 806
70360 806
70361 806
70362 806
70363 806
70364 806
70365 806
70366 806
70367 806
70368 806
70369 806
70370 806
70371 806
70372 806
70373 806
70374 806
70375 806
70376 806
70377 806
70378 806
70379 806
70380 806
70381 806
70382 806
70383 806
70384 806
70385 806
70386 806
70387 806
70388 806
70389 806
70390 806
70391 806
70392 806
70393 806
70394 806
70395 806
70396 806
70397 806
70398 806
70399 806
70400 806
70401 806
70402 806
70403 806
70404 806
70405 806
70406 806
70407 806
70408 806
70409 806
70410 806
70411 806
70412 806
70413 806
70414 806
70415 806
70416 806
70417 806
70418 806
70419 806
70420 806
70421 806
70422 806
70423 806
70424 806
70425 806
70426 806
70427 806
70428 806
70429 806
70430 806
70431 806
70432 806
70433 806
70434 806
70435 806
70436 806
70437 806
70438 806
70439 806
70440 806
70441 806
70442 806
70443 806
70444 806
70445 806
70446 806
70447 806
70448 806
70449 807
70450 807
70451 807
70452 807
70453 807
70454 807
70455 807
70456 807
70457 807
70458 807
70459 807
70460 807
70461 807
70462 807
70463 807
70464 807
70465 807
70466 807
70467 807
70468 807
70469 807
70470 807
70471 807
70472 807
70473 807
70474 807
70475 807
70476 807
70477 807
70478 807
70479 807
70480 807
70481 807
70482 807
70483 807
70484 807
70485 807
70486 807
70487 807
70488 807
70489 807
70490 807
70491 807
70492 807
70493 807
70494 807
70495 807
70496 807
70497 807
70498 807
70499 807
70500 807
70501 807
70502 807
70503 807
70504 807
70505 807
70506 807
70507 807
70508 807
70509 807
70510 807
70511 807
70512 807
70513 807
70514 807
70515 807
70516 807
70517 807
70518 807
70519 807
70520 807
70521 807
70522 807
70523 807
70524 807
70525 807
70526 807
70527 807
70528 807
70529 807
70530 807
70531 807
70532 807
70533 807
70534 807
70535 807
70536 807
70537 807
70538 807
70539 807
70540 807
70541 807
70542 807
70543 807
70544 807
70545 807
70546 807
70547 807
70548 807
70549 807
70550 807
70551 807
70552 807
70553 807
70554 807
70555 807
70556 807
70557 807
70558 807
70559 807
70560 807
70561 807
70562 807
70563 807
70564 807
70565 807
70566 807
70567 807
70568 807
70569 807
70570 807
70571 807
70572 807
70573 807
70574 807
70575 807
70576 807
70577 807
70578 807
70579 807
70580 807
70581 807
70582 807
70583 807
70584 807
70585 807
70586 807
70587 807
70588 807
70589 807
70590 807
70591 807
70592 807
70593 807
70594 807
70595 807
70596 807
70597 807
70598 807
70599 807
70600 807
70601 807
70602 807
70603 807
70604 807
70605 807
70606 807
70607 807
70608 807
70609 807
70610 807
70611 807
70612 807
70613 807
70614 807
70615 807
70616 807
70617 807
70618 807
70619 807
70620 807
70621 807
70622 807
70623 807
70624 807
70625 807
70626 807
70627 807
70628 807
70629 807
70630 807
70631 807
70632 807
70633 807
70634 807
70635 807
70636 807
70637 807
70638 807
70639 807
70640 807
70641 807
70642 807
70643 807
70644 807
70645 807
70646 807
70647 807
70648 808
70649 808
70650 808
70651 808
70652 808
70653 808
70654 808
70655 808
70656 808
70657 808
70658 808
70659 808
70660 808
70661 808
70662 808
70663 808
70664 808
70665 808
70666 808
70667 808
70668 808
70669 808
70670 808
70671 808
70672 808
70673 808
70674 808
70675 808
70676 808
70677 808
70678 808
70679 808
70680 808
70681 808
70682 808
70683 808
70684 808
70685 808
70686 808
70687 808
70688 808
70689 808
70690 808
70691 808
70692 808
70693 808
70694 808
70695 808
70696 808
70697 808
70698 808
70699 808
70700 808
70701 808
70702 808
70703 808
70704 808
70705 808
70706 808
70707 808
70708 808
70709 808
70710 808
70711 808
70712 808
70713 808
70714 808
70715 808
70716 808
70717 808
70718 808
70719 808
70720 808
70721 808
70722 808
70723 808
70724 808
70725 808
70726 808
70727 808
70728 808
70729 808
70730 808
70731 808
70732 808
70733 808
70734 808
70735 808
70736 808
70737 808
70738 808
70739 808
70740 808
70741 808
70742 808
70743 808
70744 808
70745 808
70746 808
70747 808
70748 808
70749 808
70750 808
70751 808
70752 808
70753 808
70754 808
70755 808
70756 808
70757 808
70758 808
70759 808
70760 808
70761 808
70762 808
70763 808
70764 808
70765 808
70766 808
70767 808
70768 808
70769 808
70770 808
70771 808
70772 808
70773 808
70774 808
70775 808
70776 808
70777 808
70778 808
70779 808
70780 808
70781 808
70782 808
70783 808
70784 808
70785 808
70786 808
70787 808
70788 808
70789 808
70790 808
70791 808
70792 808
70793 808
70794 808
70795 808
70796 808
70797 808
70798 808
70799 808
70800 808
70801 808
70802 808
70803 808
70804 808
70805 808
70806 808
70807 808
70808 808
70809 808
70810 808
70811 808
70812 808
70813 808
70814 808
70815 808
70816 808
70817 808
70818 808
70819 808
70820 808
70821 808
70822 808
70823 808
70824 808
70825 808
70826 808
70827 808
70828 808
70829 808
70830 808
70831 808
70832 808
70833 808
70834 808
70835 808
70836 808
70837 808
70838 808
70839 808
70840 808
70841 808
70842 808
70843 808
70844 808
70845 808
70846 808
70847 808
70848 808
70849 808
70850 808
70851 808
70852 808
70853 808
70854 808
70855 808
70856 808
70857 808
70858 808
70859 808
70860 808
70861 808
70862 808
70863 808
70864 808
70865 808
70866 808
70867 808
70868 808
70869 808
70870 808
70871 808
70872 808
70873 808
70874 808
70875 808
70876 808
70877 808
70878 808
70879 808
70880 808
70881 808
70882 808
70883 808
70884 808
70885 808
70886 810
70887 810
70888 810
70889 810
70890 810
70891 810
70892 810
70893 810
70894 810
70895 810
70896 810
70897 810
70898 810
70899 810
70900 810
70901 810
70902 810
70903 810
70904 810
70905 810
70906 810
70907 810
70908 810
70909 810
70910 810
70911 810
70912 810
70913 810
70914 810
70915 810
70916 810
70917 810
70918 810
70919 810
70920 810
70921 810
70922 810
70923 810
70924 810
70925 810
70926 810
70927 810
70928 810
70929 810
70930 810
70931 810
70932 810
70933 810
70934 810
70935 810
70936 810
70937 810
70938 810
70939 810
70940 810
70941 810
70942 810
70943 810
70944 810
70945 810
70946 810
70947 810
70948 810
70949 810
70950 810
70951 810
70952 810
70953 810
70954 810
70955 810
70956 810
70957 810
70958 810
70959 810
70960 810
70961 810
70962 810
70963 810
70964 810
70965 810
70966 810
70967 810
70968 810
70969 810
70970 810
70971 810
70972 810
70973 810
70974 810
70975 810
70976 810
70977 810
70978 810
70979 810
70980 810
70981 810
70982 810
70983 810
70984 810
70985 810
70986 810
70987 810
70988 810
70989 810
70990 810
70991 810
70992 810
70993 810
70994 810
70995 810
70996 810
70997 810
70998 810
70999 810
71000 810
71001 810
71002 810
71003 810
71004 810
71005 810
71006 810
71007 810
71008 810
71009 810
71010 810
71011 810
71012 810
71013 810
71014 810
71015 810
71016 810
71017 810
71018 810
71019 810
71020 810
71021 810
71022 810
71023 810
71024 810
71025 810
71026 810
71027 810
71028 810
71029 810
71030 810
71031 810
71032 810
71033 810
71034 810
71035 810
71036 810
71037 810
71038 810
71039 810
71040 810
71041 810
71042 810
71043 810
71044 810
71045 810
71046 810
71047 810
71048 810
71049 810
71050 810
71051 810
71052 810
71053 810
71054 810
71055 810
71056 810
71057 810
71058 810
71059 810
71060 810
71061 810
71062 810
71063 810
71064 810
71065 810
71066 810
71067 810
71068 810
71069 810
71070 810
71071 810
71072 810
71073 810
71074 810
71075 810
71076 810
71077 810
71078 810
71079 810
71080 810
71081 810
71082 810
71083 810
71084 810
71085 810
71086 810
71087 810
71088 810
71089 810
71090 810
71091 810
71092 810
71093 810
71094 810
71095 810
71096 810
71097 810
71098 810
71099 810
71100 810
71101 810
71102 810
71103 810
71104 810
71105 810
71106 810
71107 810
71108 810
71109 810
71110 810
71111 810
71112 810
71113 810
71114 810
71115 810
71116 810
71117 810
71118 810
71119 810
71120 810
71121 810
71122 810
71123 810
71124 810
71125 810
71126 810
71127 810
71128 810
71129 810
71130 810
71131 810
71132 810
71133 810
71134 810
71135 810
71136 810
71137 810
71138 810
71139 810
71140 810
71141 810
71142 810
71143 810
71144 810
71145 810
71146 810
71147 810
71148 810
71149 810
71150 810
71151 810
71152 810
71153 810
71154 810
71155 810
71156 810
71157 810
71158 810
71159 810
71160 810
71161 810
71162 810
71163 810
71164 810
71165 810
71166 810
71167 810
71168 810
71169 810
71170 810
71171 810
71172 810
71173 810
71174 810
71175 810
71176 810
71177 810
71178 810
71179 810
71180 810
71181 810
71182 810
71183 810
71184 810
71185 810
71186 810
71187 810
71188 810
71189 810
71190 810
71191 810
71192 810
71193 810
71194 810
71195 810
71196 810
71197 810
71198 810
71199 810
71200 810
71201 810
71202 810
71203 810
71204 810
71205 810
71206 810
71207 810
71208 810
71209 810
71210 810
71211 810
71212 810
71213 810
71214 810
71215 810
71216 810
71217 810
71218 810
71219 810
71220 810
71221 810
71222 810
71223 810
71224 810
71225 810
71226 810
71227 810
71228 810
71229 810
71230 810
71231 810
71232 810
71233 810
71234 810
71235 810
71236 810
71237 810
71238 810
71239 810
71240 810
71241 810
71242 810
71243 810
71244 810
71245 810
71246 810
71247 810
71248 810
71249 810
71250 810
71251 810
71252 810
71253 810
71254 810
71255 810
71256 810
71257 810
71258 810
71259 810
71260 810
71261 810
71262 810
71263 810
71264 810
71265 810
71266 810
71267 810
71268 810
71269 810
71270 810
71271 810
71272 810
71273 810
71274 810
71275 810
71276 810
71277 810
71278 810
71279 810
71280 810
71281 810
71282 810
71283 810
71284 810
71285 810
71286 810
71287 810
71288 810
71289 810
71290 810
71291 810
71292 810
71293 810
71294 810
71295 810
71296 810
71297 810
71298 810
71299 810
71300 810
71301 810
71302 810
71303 810
71304 810
71305 810
71306 810
71307 810
71308 810
71309 810
71310 810
71311 810
71312 810
71313 810
71314 810
71315 810
71316 810
71317 810
71318 810
71319 810
71320 810
71321 810
71322 810
71323 810
71324 810
71325 810
71326 810
71327 810
71328 810
71329 810
71330 810
71331 810
71332 810
71333 810
71334 810
71335 810
71336 810
71337 810
71338 810
71339 810
71340 810
71341 810
71342 810
71343 810
71344 810
71345 810
71346 810
71347 810
71348 810
71349 810
71350 810
71351 810
71352 810
71353 810
71354 810
71355 810
71356 810
71357 810
71358 810
71359 810
71360 810
71361 810
71362 810
71363 810
71364 810
71365 810
71366 810
71367 810
71368 810
71369 810
71370 810
71371 810
71372 810
71373 810
71374 810
71375 810
71376 810
71377 810
71378 810
71379 810
71380 810
71381 810
71382 810
71383 810
71384 810
71385 810
71386 810
71387 810
71388 810
71389 810
71390 810
71391 810
71392 810
71393 810
71394 810
71395 810
71396 810
71397 810
71398 810
71399 810
71400 810
71401 810
71402 810
71403 810
71404 810
71405 810
71406 810
71407 810
71408 810
71409 810
71410 810
71411 810
71412 810
71413 810
71414 810
71415 810
71416 810
71417 810
71418 810
71419 810
71420 810
71421 810
71422 810
71423 810
71424 810
71425 810
71426 810
71427 810
71428 810
71429 810
71430 810
71431 810
71432 810
71433 810
71434 810
71435 810
71436 810
71437 810
71438 810
71439 810
71440 810
71441 810
71442 810
71443 810
71444 810
71445 810
71446 810
71447 810
71448 810
71449 810
71450 810
71451 810
71452 810
71453 810
71454 810
71455 810
71456 810
71457 810
71458 810
71459 810
71460 810
71461 810
71462 810
71463 810
71464 810
71465 810
71466 810
71467 810
71468 810
71469 810
71470 810
71471 810
71472 810
71473 810
71474 810
71475 810
71476 810
71477 810
71478 810
71479 810
71480 810
71481 810
71482 810
71483 810
71484 810
71485 810
71486 810
71487 810
71488 810
71489 810
71490 810
71491 810
71492 810
71493 810
71494 810
71495 810
71496 810
71497 810
71498 810
71499 810
71500 810
71501 810
71502 810
71503 810
71504 810
71505 810
71506 810
71507 810
71508 810
71509 810
71510 810
71511 810
71512 810
71513 810
71514 810
71515 810
71516 810
71517 810
71518 810
71519 810
71520 810
71521 810
71522 810
71523 810
71524 810
71525 810
71526 810
71527 810
71528 810
71529 810
71530 810
71531 810
71532 810
71533 810
71534 810
71535 810
71536 810
71537 810
71538 810
71539 810
71540 810
71541 810
71542 810
71543 810
71544 810
71545 810
71546 810
71547 810
71548 810
71549 810
71550 810
71551 810
71552 810
71553 810
71554 811
71555 811
71556 811
71557 811
71558 811
71559 811
71560 811
71561 811
71562 811
71563 811
71564 811
71565 811
71566 811
71567 811
71568 811
71569 811
71570 811
71571 811
71572 811
71573 811
71574 811
71575 811
71576 811
71577 811
71578 811
71579 811
71580 811
71581 811
71582 811
71583 811
71584 811
71585 811
71586 811
71587 811
71588 811
71589 811
71590 811
71591 811
71592 811
71593 811
71594 811
71595 811
71596 811
71597 811
71598 811
71599 811
71600 811
71601 811
71602 811
71603 811
71604 811
71605 811
71606 811
71607 811
71608 811
71609 811
71610 811
71611 811
71612 811
71613 811
71614 811
71615 811
71616 811
71617 811
71618 811
71619 811
71620 811
71621 811
71622 811
71623 811
71624 811
71625 811
71626 811
71627 811
71628 811
71629 811
71630 811
71631 811
71632 811
71633 811
71634 811
71635 811
71636 811
71637 811
71638 811
71639 811
71640 811
71641 811
71642 811
71643 811
71644 811
71645 811
71646 811
71647 811
71648 811
71649 811
71650 811
71651 811
71652 811
71653 811
71654 811
71655 811
71656 811
71657 811
71658 811
71659 811
71660 811
71661 811
71662 811
71663 811
71664 811
71665 811
71666 811
71667 811
71668 811
71669 811
71670 811
71671 811
71672 811
71673 811
71674 811
71675 811
71676 811
71677 811
71678 811
71679 811
71680 811
71681 811
71682 811
71683 811
71684 811
71685 811
71686 811
71687 811
71688 811
71689 811
71690 811
71691 811
71692 811
71693 811
71694 811
71695 811
71696 811
71697 811
71698 811
71699 811
71700 811
71701 811
71702 811
71703 811
71704 811
71705 811
71706 811
71707 811
71708 811
71709 811
71710 811
71711 811
71712 811
71713 811
71714 811
71715 811
71716 811
71717 811
71718 811
71719 811
71720 811
71721 811
71722 811
71723 811
71724 811
71725 811
71726 811
71727 811
71728 811
71729 811
71730 811
71731 811
71732 811
71733 811
71734 811
71735 811
71736 811
71737 811
71738 811
71739 811
71740 811
71741 811
71742 811
71743 811
71744 811
71745 811
71746 811
71747 811
71748 811
71749 811
71750 811
71751 811
71752 811
71753 811
71754 811
71755 811
71756 811
71757 811
71758 811
71759 811
71760 811
71761 811
71762 811
71763 811
71764 812
71765 812
71766 812
71767 812
71768 812
71769 812
71770 812
71771 812
71772 812
71773 812
71774 812
71775 812
71776 812
71777 812
71778 812
71779 812
71780 812
71781 812
71782 812
71783 812
71784 812
71785 812
71786 812
71787 812
71788 812
71789 812
71790 812
71791 812
71792 812
71793 812
71794 812
71795 812
71796 812
71797 812
71798 812
71799 812
71800 812
71801 812
71802 812
71803 812
71804 812
71805 812
71806 812
71807 812
71808 812
71809 812
71810 812
71811 812
71812 812
71813 812
71814 812
71815 812
71816 812
71817 812
71818 812
71819 815
71820 815
71821 815
71822 815
71823 815
71824 815
71825 815
71826 815
71827 815
71828 815
71829 815
71830 815
71831 815
71832 815
71833 815
71834 815
71835 815
71836 815
71837 815
71838 815
71839 815
71840 815
71841 815
71842 815
71843 815
71844 815
71845 815
71846 815
71847 815
71848 815
71849 815
71850 815
71851 815
71852 815
71853 815
71854 815
71855 815
71856 815
71857 815
71858 815
71859 815
71860 815
71861 815
71862 815
71863 815
71864 815
71865 815
71866 815
71867 815
71868 815
71869 815
71870 815
71871 815
71872 815
71873 815
71874 815
71875 815
71876 815
71877 815
71878 815
71879 815
71880 815
71881 815
71882 815
71883 815
71884 815
71885 815
71886 815
71887 815
71888 815
71889 815
71890 815
71891 815
71892 815
71893 815
71894 815
71895 815
71896 815
71897 815
71898 815
71899 815
71900 815
71901 815
71902 815
71903 815
71904 815
71905 815
71906 815
71907 815
71908 815
71909 815
71910 815
71911 815
71912 815
71913 815
71914 815
71915 815
71916 815
71917 815
71918 815
71919 815
71920 815
71921 815
71922 815
71923 815
71924 815
71925 815
71926 815
71927 815
71928 815
71929 815
71930 815
71931 815
71932 815
71933 815
71934 815
71935 815
71936 815
71937 815
71938 815
71939 815
71940 815
71941 815
71942 815
71943 815
71944 815
71945 815
71946 815
71947 815
71948 815
71949 815
71950 815
71951 815
71952 815
71953 815
71954 815
71955 815
71956 815
71957 815
71958 815
71959 815
71960 815
71961 815
71962 815
71963 815
71964 815
71965 815
71966 815
71967 815
71968 815
71969 815
71970 815
71971 815
71972 815
71973 815
71974 815
71975 815
71976 815
71977 815
71978 815
71979 815
71980 815
71981 815
71982 815
71983 815
71984 815
71985 815
71986 815
71987 815
71988 815
71989 815
71990 815
71991 815
71992 815
71993 815
71994 815
71995 815
71996 815
71997 815
71998 815
71999 815
72000 815
72001 815
72002 815
72003 815
72004 815
72005 815
72006 815
72007 815
72008 815
72009 815
72010 815
72011 815
72012 815
72013 815
72014 815
72015 815
72016 815
72017 815
72018 815
72019 815
72020 815
72021 815
72022 815
72023 815
72024 815
72025 815
72026 815
72027 815
72028 815
72029 815
72030 815
72031 815
72032 815
72033 815
72034 815
72035 815
72036 815
72037 815
72038 815
72039 815
72040 815
72041 815
72042 815
72043 815
72044 815
72045 815
72046 815
72047 815
72048 815
72049 815
72050 815
72051 815
72052 815
72053 815
72054 815
72055 815
72056 815
72057 815
72058 815
72059 815
72060 815
72061 815
72062 815
72063 815
72064 815
72065 815
72066 815
72067 815
72068 815
72069 815
72070 815
72071 815
72072 815
72073 815
72074 815
72075 815
72076 815
72077 815
72078 815
72079 815
72080 815
72081 815
72082 815
72083 815
72084 815
72085 815
72086 815
72087 815
72088 815
72089 815
72090 815
72091 815
72092 815
72093 815
72094 815
72095 815
72096 815
72097 815
72098 815
72099 815
72100 815
72101 815
72102 815
72103 815
72104 815
72105 815
72106 815
72107 815
72108 815
72109 815
72110 815
72111 815
72112 815
72113 815
72114 815
72115 815
72116 815
72117 815
72118 815
72119 815
72120 815
72121 815
72122 815
72123 815
72124 815
72125 815
72126 815
72127 815
72128 815
72129 815
72130 815
72131 815
72132 815
72133 815
72134 815
72135 815
72136 815
72137 815
72138 815
72139 815
72140 815
72141 815
72142 815
72143 815
72144 815
72145 815
72146 815
72147 815
72148 815
72149 815
72150 815
72151 815
72152 815
72153 815
72154 815
72155 815
72156 815
72157 815
72158 815
72159 815
72160 815
72161 815
72162 815
72163 815
72164 815
72165 815
72166 815
72167 815
72168 815
72169 815
72170 815
72171 815
72172 815
72173 815
72174 815
72175 815
72176 815
72177 815
72178 815
72179 815
72180 815
72181 815
72182 815
72183 815
72184 815
72185 815
72186 815
72187 815
72188 815
72189 815
72190 815
72191 815
72192 815
72193 815
72194 815
72195 815
72196 815
72197 815
72198 815
72199 815
72200 815
72201 815
72202 815
72203 815
72204 815
72205 815
72206 815
72207 815
72208 815
72209 815
72210 815
72211 815
72212 815
72213 815
72214 815
72215 815
72216 815
72217 815
72218 815
72219 815
72220 815
72221 815
72222 815
72223 815
72224 815
72225 815
72226 815
72227 815
72228 815
72229 815
72230 815
72231 815
72232 815
72233 815
72234 815
72235 815
72236 815
72237 815
72238 815
72239 815
72240 815
72241 815
72242 815
72243 815
72244 815
72245 815
72246 815
72247 815
72248 815
72249 815
72250 815
72251 815
72252 815
72253 815
72254 815
72255 815
72256 815
72257 815
72258 815
72259 815
72260 815
72261 815
72262 815
72263 815
72264 815
72265 815
72266 815
72267 815
72268 815
72269 815
72270 815
72271 815
72272 815
72273 815
72274 815
72275 815
72276 815
72277 815
72278 815
72279 815
72280 815
72281 815
72282 815
72283 815
72284 815
72285 815
72286 815
72287 815
72288 815
72289 815
72290 815
72291 815
72292 815
72293 815
72294 815
72295 815
72296 815
72297 815
72298 815
72299 815
72300 815
72301 815
72302 815
72303 815
72304 815
72305 815
72306 815
72307 815
72308 815
72309 815
72310 815
72311 815
72312 815
72313 815
72314 815
72315 815
72316 815
72317 815
72318 815
72319 815
72320 815
72321 815
72322 815
72323 815
72324 815
72325 815
72326 815
72327 815
72328 815
72329 815
72330 815
72331 815
72332 815
72333 815
72334 815
72335 815
72336 815
72337 815
72338 815
72339 815
72340 815
72341 815
72342 815
72343 815
72344 815
72345 815
72346 815
72347 815
72348 815
72349 815
72350 815
72351 815
72352 815
72353 815
72354 815
72355 815
72356 815
72357 815
72358 815
72359 815
72360 815
72361 815
72362 815
72363 815
72364 815
72365 815
72366 815
72367 815
72368 815
72369 815
72370 815
72371 815
72372 815
72373 815
72374 815
72375 815
72376 815
72377 815
72378 815
72379 815
72380 815
72381 815
72382 815
72383 815
72384 815
72385 815
72386 815
72387 815
72388 815
72389 815
72390 815
72391 815
72392 815
72393 815
72394 815
72395 815
72396 815
72397 815
72398 815
72399 815
72400 815
72401 815
72402 815
72403 815
72404 815
72405 815
72406 815
72407 815
72408 815
72409 815
72410 815
72411 815
72412 815
72413 815
72414 815
72415 815
72416 815
72417 815
72418 815
72419 815
72420 815
72421 815
72422 815
72423 815
72424 815
72425 815
72426 815
72427 815
72428 815
72429 815
72430 815
72431 815
72432 815
72433 815
72434 815
72435 815
72436 815
72437 815
72438 815
72439 815
72440 815
72441 815
72442 815
72443 815
72444 815
72445 815
72446 815
72447 815
72448 815
72449 815
72450 815
72451 815
72452 815
72453 815
72454 815
72455 815
72456 815
72457 815
72458 815
72459 815
72460 815
72461 815
72462 815
72463 815
72464 815
72465 815
72466 815
72467 815
72468 815
72469 815
72470 815
72471 815
72472 815
72473 815
72474 815
72475 815
72476 815
72477 815
72478 815
72479 815
72480 815
72481 815
72482 815
72483 815
72484 815
72485 815
72486 815
72487 815
72488 815
72489 815
72490 815
72491 815
72492 815
72493 815
72494 815
72495 815
72496 815
72497 815
72498 815
72499 815
72500 815
72501 815
72502 815
72503 815
72504 815
72505 815
72506 815
72507 815
72508 815
72509 815
72510 815
72511 815
72512 815
72513 815
72514 815
72515 815
72516 815
72517 815
72518 815
72519 815
72520 815
72521 815
72522 815
72523 815
72524 815
72525 815
72526 815
72527 815
72528 815
72529 815
72530 815
72531 815
72532 815
72533 815
72534 815
72535 815
72536 815
72537 815
72538 815
72539 815
72540 815
72541 815
72542 815
72543 815
72544 815
72545 815
72546 815
72547 815
72548 815
72549 815
72550 815
72551 815
72552 815
72553 815
72554 815
72555 815
72556 815
72557 815
72558 815
72559 815
72560 815
72561 815
72562 815
72563 815
72564 815
72565 815
72566 815
72567 815
72568 815
72569 815
72570 815
72571 815
72572 815
72573 815
72574 815
72575 815
72576 815
72577 815
72578 815
72579 815
72580 815
72581 815
72582 815
72583 815
72584 815
72585 815
72586 815
72587 815
72588 815
72589 815
72590 815
72591 815
72592 815
72593 815
72594 815
72595 815
72596 815
72597 815
72598 815
72599 815
72600 815
72601 815
72602 815
72603 815
72604 815
72605 815
72606 815
72607 815
72608 815
72609 815
72610 815
72611 815
72612 815
72613 815
72614 815
72615 815
72616 815
72617 815
72618 815
72619 815
72620 815
72621 815
72622 815
72623 815
72624 815
72625 815
72626 815
72627 815
72628 815
72629 815
72630 815
72631 815
72632 815
72633 815
72634 815
72635 815
72636 815
72637 815
72638 815
72639 815
72640 815
72641 815
72642 815
72643 815
72644 815
72645 815
72646 815
72647 815
72648 815
72649 815
72650 815
72651 815
72652 815
72653 815
72654 815
72655 815
72656 815
72657 815
72658 815
72659 815
72660 815
72661 815
72662 815
72663 815
72664 815
72665 815
72666 815
72667 815
72668 815
72669 815
72670 815
72671 815
72672 815
72673 815
72674 815
72675 815
72676 815
72677 815
72678 815
72679 815
72680 815
72681 815
72682 815
72683 815
72684 815
72685 815
72686 815
72687 815
72688 815
72689 815
72690 815
72691 815
72692 815
72693 815
72694 815
72695 815
72696 815
72697 815
72698 815
72699 815
72700 815
72701 815
72702 815
72703 815
72704 815
72705 815
72706 815
72707 815
72708 815
72709 815
72710 815
72711 815
72712 815
72713 815
72714 815
72715 815
72716 815
72717 815
72718 815
72719 815
72720 815
72721 815
72722 815
72723 815
72724 815
72725 815
72726 815
72727 815
72728 815
72729 815
72730 815
72731 815
72732 815
72733 815
72734 815
72735 815
72736 815
72737 815
72738 815
72739 815
72740 815
72741 815
72742 815
72743 815
72744 815
72745 815
72746 815
72747 815
72748 815
72749 815
72750 815
72751 815
72752 815
72753 815
72754 815
72755 815
72756 815
72757 815
72758 815
72759 815
72760 815
72761 815
72762 815
72763 815
72764 815
72765 815
72766 815
72767 815
72768 815
72769 815
72770 815
72771 815
72772 815
72773 815
72774 815
72775 815
72776 815
72777 815
72778 815
72779 815
72780 815
72781 815
72782 815
72783 815
72784 815
72785 815
72786 815
72787 815
72788 815
72789 815
72790 815
72791 815
72792 815
72793 815
72794 815
72795 815
72796 815
72797 815
72798 815
72799 815
72800 815
72801 815
72802 815
72803 815
72804 815
72805 815
72806 815
72807 815
72808 815
72809 815
72810 815
72811 815
72812 815
72813 815
72814 815
72815 815
72816 815
72817 815
72818 815
72819 815
72820 815
72821 815
72822 815
72823 815
72824 815
72825 815
72826 815
72827 815
72828 815
72829 815
72830 815
72831 815
72832 815
72833 815
72834 815
72835 815
72836 815
72837 815
72838 815
72839 815
72840 815
72841 815
72842 815
72843 815
72844 815
72845 815
72846 815
72847 815
72848 815
72849 815
72850 815
72851 815
72852 815
72853 815
72854 815
72855 815
72856 815
72857 815
72858 815
72859 815
72860 815
72861 815
72862 815
72863 815
72864 815
72865 815
72866 815
72867 815
72868 815
72869 815
72870 815
72871 815
72872 815
72873 815
72874 815
72875 815
72876 815
72877 815
72878 815
72879 815
72880 815
72881 815
72882 815
72883 815
72884 815
72885 815
72886 815
72887 815
72888 815
72889 815
72890 815
72891 815
72892 815
72893 815
72894 815
72895 815
72896 815
72897 815
72898 815
72899 815
72900 815
72901 815
72902 815
72903 815
72904 815
72905 815
72906 815
72907 815
72908 815
72909 815
72910 815
72911 815
72912 815
72913 815
72914 815
72915 815
72916 815
72917 815
72918 815
72919 815
72920 815
72921 815
72922 815
72923 815
72924 815
72925 815
72926 815
72927 815
72928 815
72929 815
72930 815
72931 815
72932 815
72933 815
72934 815
72935 815
72936 815
72937 815
72938 815
72939 815
72940 815
72941 815
72942 815
72943 815
72944 815
72945 815
72946 815
72947 815
72948 815
72949 815
72950 815
72951 815
72952 815
72953 815
72954 815
72955 815
72956 815
72957 815
72958 815
72959 815
72960 815
72961 815
72962 815
72963 815
72964 815
72965 815
72966 815
72967 815
72968 815
72969 815
72970 815
72971 815
72972 815
72973 815
72974 815
72975 815
72976 815
72977 815
72978 815
72979 815
72980 815
72981 815
72982 815
72983 815
72984 815
72985 815
72986 815
72987 815
72988 815
72989 815
72990 815
72991 815
72992 815
72993 815
72994 815
72995 815
72996 815
72997 815
72998 815
72999 815
73000 815
73001 815
73002 815
73003 815
73004 815
73005 815
73006 815
73007 815
73008 815
73009 815
73010 815
73011 815
73012 815
73013 815
73014 815
73015 815
73016 815
73017 815
73018 815
73019 815
73020 815
73021 815
73022 815
73023 815
73024 815
73025 815
73026 815
73027 815
73028 815
73029 815
73030 815
73031 815
73032 815
73033 815
73034 815
73035 815
73036 815
73037 815
73038 815
73039 815
73040 815
73041 815
73042 815
73043 815
73044 815
73045 815
73046 815
73047 815
73048 815
73049 815
73050 815
73051 815
73052 815
73053 815
73054 815
73055 815
73056 815
73057 815
73058 815
73059 815
73060 815
73061 815
73062 815
73063 815
73064 815
73065 815
73066 815
73067 815
73068 815
73069 815
73070 815
73071 815
73072 815
73073 815
73074 815
73075 815
73076 815
73077 815
73078 815
73079 815
73080 815
73081 815
73082 815
73083 815
73084 815
73085 815
73086 815
73087 815
73088 815
73089 815
73090 815
73091 815
73092 815
73093 815
73094 815
73095 815
73096 815
73097 815
73098 815
73099 815
73100 815
73101 815
73102 815
73103 815
73104 815
73105 815
73106 815
73107 815
73108 815
73109 815
73110 815
73111 815
73112 815
73113 815
73114 815
73115 815
73116 815
73117 815
73118 815
73119 815
73120 815
73121 815
73122 815
73123 815
73124 815
73125 815
73126 815
73127 815
73128 815
73129 815
73130 815
73131 815
73132 815
73133 815
73134 815
73135 815
73136 815
73137 815
73138 815
73139 815
73140 815
73141 815
73142 815
73143 815
73144 815
73145 815
73146 815
73147 815
73148 815
73149 815
73150 815
73151 815
73152 815
73153 815
73154 815
73155 815
73156 816
73157 816
73158 816
73159 816
73160 816
73161 816
73162 816
73163 816
73164 816
73165 816
73166 816
73167 816
73168 816
73169 816
73170 816
73171 816
73172 816
73173 816
73174 816
73175 816
73176 816
73177 816
73178 816
73179 816
73180 816
73181 816
73182 816
73183 816
73184 816
73185 816
73186 816
73187 816
73188 816
73189 816
73190 816
73191 816
73192 816
73193 816
73194 816
73195 816
73196 816
73197 816
73198 816
73199 816
73200 816
73201 816
73202 816
73203 816
73204 816
73205 816
73206 816
73207 816
73208 816
73209 816
73210 816
73211 816
73212 816
73213 816
73214 816
73215 816
73216 816
73217 816
73218 816
73219 816
73220 816
73221 816
73222 816
73223 816
73224 816
73225 816
73226 816
73227 816
73228 816
73229 816
73230 816
73231 816
73232 816
73233 816
73234 816
73235 816
73236 816
73237 816
73238 816
73239 816
73240 816
73241 816
73242 816
73243 816
73244 816
73245 816
73246 816
73247 816
73248 816
73249 816
73250 816
73251 816
73252 816
73253 816
73254 816
73255 816
73256 816
73257 816
73258 816
73259 816
73260 816
73261 816
73262 816
73263 816
73264 816
73265 816
73266 816
73267 816
73268 816
73269 816
73270 816
73271 816
73272 816
73273 816
73274 816
73275 816
73276 816
73277 816
73278 816
73279 816
73280 816
73281 816
73282 816
73283 816
73284 816
73285 816
73286 816
73287 816
73288 816
73289 816
73290 816
73291 816
73292 816
73293 816
73294 816
73295 816
73296 816
73297 816
73298 816
73299 816
73300 816
73301 816
73302 816
73303 816
73304 816
73305 816
73306 816
73307 816
73308 816
73309 816
73310 816
73311 816
73312 816
73313 816
73314 816
73315 816
73316 816
73317 816
73318 816
73319 816
73320 816
73321 816
73322 816
73323 816
73324 816
73325 816
73326 816
73327 816
73328 816
73329 816
73330 816
73331 816
73332 816
73333 816
73334 816
73335 816
73336 816
73337 816
73338 816
73339 816
73340 816
73341 816
73342 816
73343 816
73344 816
73345 816
73346 816
73347 816
73348 816
73349 816
73350 816
73351 816
73352 816
73353 816
73354 816
73355 816
73356 816
73357 816
73358 816
73359 816
73360 816
73361 816
73362 816
73363 816
73364 816
73365 816
73366 816
73367 816
73368 816
73369 816
73370 816
73371 816
73372 816
73373 816
73374 816
73375 816
73376 816
73377 816
73378 816
73379 816
73380 816
73381 816
73382 816
73383 816
73384 816
73385 816
73386 816
73387 816
73388 816
73389 816
73390 816
73391 816
73392 816
73393 816
73394 816
73395 816
73396 816
73397 816
73398 816
73399 816
73400 816
73401 816
73402 816
73403 816
73404 816
73405 816
73406 816
73407 816
73408 816
73409 816
73410 816
73411 816
73412 816
73413 816
73414 816
73415 816
73416 816
73417 816
73418 816
73419 816
73420 816
73421 816
73422 816
73423 816
73424 816
73425 816
73426 816
73427 816
73428 816
73429 816
73430 816
73431 816
73432 816
73433 816
73434 816
73435 816
73436 816
73437 816
73438 816
73439 816
73440 816
73441 816
73442 816
73443 816
73444 816
73445 816
73446 816
73447 816
73448 816
73449 816
73450 816
73451 816
73452 816
73453 816
73454 816
73455 816
73456 816
73457 816
73458 816
73459 816
73460 816
73461 816
73462 816
73463 816
73464 816
73465 816
73466 816
73467 816
73468 816
73469 816
73470 816
73471 816
73472 816
73473 816
73474 816
73475 816
73476 816
73477 816
73478 816
73479 816
73480 816
73481 816
73482 816
73483 816
73484 816
73485 816
73486 816
73487 816
73488 816
73489 816
73490 816
73491 816
73492 816
73493 816
73494 816
73495 816
73496 816
73497 816
73498 816
73499 816
73500 816
73501 816
73502 816
73503 816
73504 816
73505 816
73506 816
73507 816
73508 816
73509 816
73510 816
73511 816
73512 816
73513 816
73514 816
73515 816
73516 816
73517 816
73518 816
73519 816
73520 816
73521 816
73522 816
73523 816
73524 816
73525 816
73526 816
73527 816
73528 816
73529 816
73530 816
73531 816
73532 816
73533 816
73534 816
73535 816
73536 816
73537 816
73538 816
73539 816
73540 816
73541 816
73542 816
73543 816
73544 816
73545 816
73546 816
73547 816
73548 816
73549 816
73550 816
73551 816
73552 816
73553 816
73554 816
73555 816
73556 816
73557 816
73558 816
73559 816
73560 816
73561 816
73562 816
73563 816
73564 816
73565 816
73566 816
73567 816
73568 816
73569 816
73570 816
73571 816
73572 816
73573 816
73574 816
73575 816
73576 816
73577 816
73578 816
73579 816
73580 816
73581 816
73582 816
73583 816
73584 816
73585 816
73586 816
73587 816
73588 816
73589 816
73590 816
73591 816
73592 816
73593 817
73594 817
73595 817
73596 817
73597 817
73598 817
73599 817
73600 817
73601 817
73602 817
73603 817
73604 817
73605 817
73606 817
73607 817
73608 817
73609 817
73610 817
73611 817
73612 817
73613 817
73614 817
73615 817
73616 817
73617 817
73618 817
73619 817
73620 817
73621 817
73622 817
73623 817
73624 817
73625 817
73626 817
73627 817
73628 817
73629 817
73630 817
73631 817
73632 817
73633 819
73634 819
73635 819
73636 819
73637 819
73638 819
73639 819
73640 819
73641 819
73642 819
73643 819
73644 819
73645 819
73646 819
73647 819
73648 819
73649 819
73650 819
73651 819
73652 819
73653 819
73654 819
73655 819
73656 819
73657 819
73658 819
73659 819
73660 819
73661 819
73662 819
73663 819
73664 819
73665 819
73666 819
73667 819
73668 819
73669 819
73670 819
73671 819
73672 819
73673 819
73674 819
73675 819
73676 819
73677 819
73678 819
73679 819
73680 819
73681 819
73682 819
73683 819
73684 819
73685 819
73686 819
73687 819
73688 819
73689 819
73690 819
73691 819
73692 819
73693 819
73694 819
73695 819
73696 819
73697 819
73698 819
73699 819
73700 819
73701 819
73702 819
73703 819
73704 819
73705 819
73706 819
73707 819
73708 819
73709 819
73710 819
73711 819
73712 819
73713 819
73714 819
73715 819
73716 819
73717 819
73718 819
73719 819
73720 819
73721 819
73722 819
73723 819
73724 819
73725 819
73726 819
73727 819
73728 819
73729 819
73730 819
73731 819
73732 819
73733 819
73734 819
73735 819
73736 819
73737 819
73738 819
73739 819
73740 819
73741 819
73742 819
73743 819
73744 819
73745 819
73746 819
73747 819
73748 819
73749 819
73750 819
73751 819
73752 819
73753 819
73754 819
73755 819
73756 819
73757 819
73758 819
73759 819
73760 819
73761 819
73762 819
73763 819
73764 819
73765 819
73766 819
73767 819
73768 819
73769 819
73770 819
73771 819
73772 819
73773 819
73774 819
73775 819
73776 819
73777 819
73778 819
73779 819
73780 819
73781 819
73782 819
73783 819
73784 819
73785 819
73786 819
73787 819
73788 819
73789 819
73790 819
73791 819
73792 819
73793 819
73794 819
73795 819
73796 819
73797 819
73798 819
73799 819
73800 819
73801 819
73802 819
73803 819
73804 819
73805 819
73806 819
73807 819
73808 819
73809 819
73810 819
73811 819
73812 819
73813 819
73814 819
73815 819
73816 822
73817 822
73818 822
73819 822
73820 822
73821 822
73822 822
73823 822
73824 822
73825 822
73826 822
73827 822
73828 822
73829 822
73830 822
73831 822
73832 822
73833 822
73834 822
73835 822
73836 822
73837 822
73838 822
73839 822
73840 822
73841 822
73842 822
73843 822
73844 822
73845 822
73846 822
73847 822
73848 822
73849 822
73850 822
73851 822
73852 822
73853 822
73854 822
73855 822
73856 822
73857 822
73858 822
73859 822
73860 822
73861 822
73862 822
73863 822
73864 822
73865 822
73866 822
73867 822
73868 822
73869 822
73870 822
73871 822
73872 822
73873 822
73874 822
73875 822
73876 822
73877 822
73878 822
73879 822
73880 822
73881 822
73882 822
73883 822
73884 822
73885 822
73886 822
73887 822
73888 822
73889 822
73890 822
73891 822
73892 822
73893 822
73894 822
73895 822
73896 822
73897 822
73898 822
73899 822
73900 822
73901 822
73902 822
73903 822
73904 822
73905 822
73906 822
73907 822
73908 822
73909 822
73910 822
73911 822
73912 822
73913 822
73914 822
73915 822
73916 822
73917 822
73918 822
73919 822
73920 822
73921 822
73922 822
73923 822
73924 822
73925 822
73926 822
73927 822
73928 822
73929 822
73930 822
73931 822
73932 822
73933 822
73934 822
73935 822
73936 822
73937 822
73938 822
73939 822
73940 822
73941 822
73942 825
73943 825
73944 825
73945 825
73946 825
73947 825
73948 825
73949 825
73950 825
73951 825
73952 825
73953 825
73954 825
73955 825
73956 825
73957 825
73958 825
73959 825
73960 825
73961 825
73962 825
73963 825
73964 825
73965 825
73966 825
73967 825
73968 825
73969 825
73970 825
73971 825
73972 827
73973 827
73974 827
73975 828
73976 828
73977 828
73978 828
73979 828
73980 828
73981 828
73982 828
73983 828
73984 828
73985 828
73986 828
73987 828
73988 828
73989 828
73990 828
73991 828
73992 828
73993 828
73994 828
73995 828
73996 828
73997 828
73998 828
73999 828
74000 828
74001 828
74002 828
74003 828
74004 828
74005 828
74006 828
74007 828
74008 828
74009 828
74010 828
74011 829
74012 829
74013 829
74014 829
74015 829
74016 829
74017 829
74018 829
74019 830
74020 830
74021 830
74022 830
74023 830
74024 830
74025 830
74026 830
74027 830
74028 830
74029 830
74030 830
74031 830
74032 831
74033 831
74034 831
74035 831
74036 831
74037 831
74038 831
74039 831
74040 831
74041 831
74042 831
74043 832
74044 832
74045 832
74046 832
74047 832
74048 832
74049 832
74050 832
74051 832
74052 832
74053 832
74054 832
74055 832
74056 832
74057 832
74058 832
74059 832
74060 832
74061 832
74062 832
74063 832
74064 832
74065 832
74066 832
74067 832
74068 832
74069 832
74070 832
74071 832
74072 832
74073 832
74074 832
74075 832
74076 832
74077 832
74078 832
74079 832
74080 832
74081 832
74082 832
74083 832
74084 832
74085 832
74086 832
74087 832
74088 832
74089 832
74090 832
74091 832
74092 832
74093 832
74094 832
74095 832
74096 832
74097 832
74098 832
74099 832
74100 832
74101 832
74102 832
74103 832
74104 832
74105 832
74106 832
74107 832
74108 832
74109 832
74110 832
74111 832
74112 832
74113 832
74114 832
74115 832
74116 832
74117 832
74118 832
74119 832
74120 832
74121 832
74122 832
74123 832
74124 832
74125 832
74126 832
74127 832
74128 832
74129 832
74130 832
74131 832
74132 832
74133 832
74134 832
74135 832
74136 832
74137 832
74138 832
74139 832
74140 832
74141 832
74142 832
74143 832
74144 832
74145 832
74146 832
74147 832
74148 832
74149 832
74150 832
74151 832
74152 832
74153 832
74154 832
74155 832
74156 832
74157 832
74158 832
74159 832
74160 832
74161 832
74162 832
74163 832
74164 832
74165 832
74166 832
74167 832
74168 832
74169 832
74170 832
74171 832
74172 832
74173 832
74174 832
74175 832
74176 832
74177 832
74178 832
74179 832
74180 832
74181 832
74182 832
74183 832
74184 832
74185 832
74186 832
74187 832
74188 832
74189 832
74190 832
74191 832
74192 832
74193 832
74194 832
74195 832
74196 832
74197 832
74198 832
74199 832
74200 832
74201 833
74202 833
74203 833
74204 833
74205 833
74206 833
74207 833
74208 833
74209 833
74210 833
74211 833
74212 833
74213 833
74214 833
74215 833
74216 833
74217 833
74218 833
74219 833
74220 833
74221 833
74222 833
74223 833
74224 833
74225 833
74226 833
74227 833
74228 833
74229 833
74230 833
74231 833
74232 833
74233 833
74234 833
74235 833
74236 833
74237 833
74238 833
74239 833
74240 833
74241 833
74242 833
74243 833
74244 833
74245 833
74246 833
74247 833
74248 833
74249 833
74250 833
74251 833
74252 833
74253 833
74254 833
74255 833
74256 833
74257 833
74258 833
74259 833
74260 833
74261 833
74262 833
74263 833
74264 833
74265 833
74266 833
74267 833
74268 833
74269 833
74270 833
74271 833
74272 833
74273 833
74274 833
74275 833
74276 833
74277 833
74278 833
74279 833
74280 833
74281 833
74282 833
74283 833
74284 833
74285 833
74286 833
74287 833
74288 833
74289 833
74290 833
74291 833
74292 833
74293 833
74294 833
74295 833
74296 833
74297 833
74298 833
74299 833
74300 833
74301 833
74302 833
74303 833
74304 833
74305 833
74306 833
74307 833
74308 833
74309 833
74310 833
74311 833
74312 833
74313 833
74314 833
74315 833
74316 833
74317 833
74318 833
74319 833
74320 833
74321 833
74322 833
74323 833
74324 833
74325 833
74326 833
74327 833
74328 833
74329 833
74330 833
74331 833
74332 833
74333 833
74334 833
74335 833
74336 833
74337 833
74338 833
74339 833
74340 833
74341 833
74342 833
74343 833
74344 833
74345 833
74346 833
74347 833
74348 833
74349 834
74350 834
74351 834
74352 834
74353 834
74354 834
74355 834
74356 834
74357 834
74358 834
74359 834
74360 834
74361 834
74362 834
74363 834
74364 834
74365 834
74366 834
74367 834
74368 834
74369 834
74370 834
74371 834
74372 834
74373 834
74374 834
74375 834
74376 834
74377 834
74378 834
74379 834
74380 834
74381 834
74382 834
74383 834
74384 834
74385 834
74386 834
74387 834
74388 834
74389 834
74390 834
74391 834
74392 834
74393 834
74394 834
74395 834
74396 834
74397 834
74398 834
74399 834
74400 834
74401 834
74402 834
74403 834
74404 834
74405 834
74406 834
74407 834
74408 834
74409 834
74410 834
74411 834
74412 834
74413 834
74414 834
74415 834
74416 834
74417 834
74418 834
74419 834
74420 834
74421 834
74422 834
74423 834
74424 834
74425 834
74426 834
74427 834
74428 834
74429 834
74430 834
74431 834
74432 834
74433 834
74434 834
74435 834
74436 834
74437 834
74438 834
74439 834
74440 834
74441 834
74442 834
74443 834
74444 834
74445 834
74446 834
74447 834
74448 834
74449 834
74450 834
74451 834
74452 834
74453 834
74454 834
74455 834
74456 834
74457 834
74458 834
74459 834
74460 834
74461 834
74462 834
74463 834
74464 834
74465 834
74466 834
74467 834
74468 834
74469 834
74470 834
74471 834
74472 834
74473 834
74474 834
74475 834
74476 834
74477 834
74478 834
74479 834
74480 834
74481 834
74482 834
74483 834
74484 834
74485 834
74486 834
74487 834
74488 834
74489 834
74490 834
74491 834
74492 834
74493 834
74494 834
74495 834
74496 834
74497 834
74498 834
74499 834
74500 834
74501 834
74502 834
74503 834
74504 834
74505 834
74506 834
74507 834
74508 834
74509 834
74510 834
74511 834
74512 834
74513 834
74514 834
74515 834
74516 834
74517 834
74518 834
74519 834
74520 834
74521 834
74522 834
74523 834
74524 834
74525 834
74526 834
74527 834
74528 834
74529 834
74530 834
74531 834
74532 834
74533 834
74534 834
74535 834
74536 834
74537 834
74538 834
74539 834
74540 834
74541 834
74542 834
74543 834
74544 834
74545 834
74546 834
74547 834
74548 834
74549 834
74550 834
74551 834
74552 834
74553 834
74554 834
74555 834
74556 834
74557 834
74558 834
74559 834
74560 834
74561 834
74562 834
74563 834
74564 834
74565 834
74566 834
74567 834
74568 834
74569 834
74570 834
74571 834
74572 834
74573 834
74574 834
74575 834
74576 834
74577 834
74578 834
74579 834
74580 834
74581 834
74582 834
74583 834
74584 834
74585 834
74586 834
74587 834
74588 834
74589 834
74590 834
74591 834
74592 834
74593 834
74594 834
74595 834
74596 834
74597 834
74598 834
74599 834
74600 834
74601 834
74602 834
74603 834
74604 834
74605 834
74606 834
74607 834
74608 834
74609 834
74610 834
74611 834
74612 834
74613 834
74614 834
74615 834
74616 834
74617 834
74618 834
74619 834
74620 834
74621 834
74622 834
74623 834
74624 834
74625 834
74626 834
74627 834
74628 834
74629 834
74630 834
74631 834
74632 834
74633 834
74634 834
74635 834
74636 834
74637 834
74638 834
74639 834
74640 834
74641 834
74642 834
74643 834
74644 834
74645 834
74646 834
74647 834
74648 834
74649 834
74650 834
74651 834
74652 834
74653 834
74654 834
74655 834
74656 834
74657 834
74658 834
74659 834
74660 834
74661 834
74662 834
74663 834
74664 834
74665 834
74666 834
74667 834
74668 834
74669 834
74670 834
74671 834
74672 834
74673 834
74674 834
74675 834
74676 834
74677 834
74678 834
74679 834
74680 834
74681 834
74682 834
74683 834
74684 834
74685 834
74686 834
74687 834
74688 834
74689 834
74690 834
74691 834
74692 834
74693 834
74694 834
74695 834
74696 834
74697 834
74698 834
74699 834
74700 834
74701 834
74702 834
74703 834
74704 834
74705 834
74706 834
74707 834
74708 834
74709 834
74710 834
74711 834
74712 834
74713 834
74714 834
74715 834
74716 834
74717 834
74718 834
74719 834
74720 834
74721 834
74722 834
74723 834
74724 834
74725 834
74726 834
74727 834
74728 834
74729 834
74730 834
74731 834
74732 834
74733 834
74734 834
74735 834
74736 834
74737 834
74738 834
74739 834
74740 834
74741 834
74742 834
74743 834
74744 834
74745 834
74746 834
74747 834
74748 834
74749 834
74750 834
74751 834
74752 834
74753 834
74754 834
74755 834
74756 834
74757 834
74758 834
74759 834
74760 834
74761 834
74762 834
74763 834
74764 834
74765 834
74766 834
74767 834
74768 834
74769 834
74770 834
74771 834
74772 834
74773 834
74774 834
74775 834
74776 834
74777 834
74778 834
74779 834
74780 834
74781 834
74782 834
74783 834
74784 834
74785 834
74786 834
74787 834
74788 834
74789 834
74790 834
74791 834
74792 834
74793 834
74794 834
74795 834
74796 834
74797 834
74798 834
74799 834
74800 834
74801 834
74802 834
74803 834
74804 834
74805 834
74806 834
74807 834
74808 834
74809 834
74810 834
74811 834
74812 834
74813 834
74814 834
74815 834
74816 834
74817 834
74818 834
74819 834
74820 834
74821 834
74822 834
74823 834
74824 834
74825 834
74826 834
74827 834
74828 834
74829 834
74830 834
74831 834
74832 834
74833 834
74834 834
74835 834
74836 834
74837 834
74838 834
74839 834
74840 834
74841 834
74842 834
74843 834
74844 834
74845 834
74846 834
74847 834
74848 834
74849 834
74850 834
74851 834
74852 834
74853 834
74854 834
74855 834
74856 834
74857 834
74858 834
74859 834
74860 834
74861 834
74862 834
74863 834
74864 834
74865 834
74866 834
74867 834
74868 834
74869 834
74870 834
74871 834
74872 834
74873 834
74874 834
74875 834
74876 834
74877 834
74878 834
74879 834
74880 834
74881 834
74882 834
74883 834
74884 834
74885 834
74886 834
74887 834
74888 834
74889 834
74890 834
74891 834
74892 834
74893 834
74894 834
74895 834
74896 834
74897 834
74898 834
74899 834
74900 834
74901 834
74902 834
74903 834
74904 834
74905 834
74906 834
74907 834
74908 834
74909 834
74910 834
74911 834
74912 834
74913 834
74914 834
74915 834
74916 834
74917 834
74918 834
74919 834
74920 834
74921 834
74922 834
74923 834
74924 834
74925 834
74926 834
74927 834
74928 834
74929 834
74930 834
74931 834
74932 834
74933 834
74934 834
74935 834
74936 834
74937 834
74938 834
74939 834
74940 834
74941 834
74942 834
74943 834
74944 834
74945 834
74946 834
74947 834
74948 834
74949 834
74950 834
74951 834
74952 834
74953 834
74954 834
74955 834
74956 834
74957 834
74958 834
74959 834
74960 834
74961 834
74962 834
74963 834
74964 834
74965 834
74966 834
74967 834
74968 834
74969 834
74970 834
74971 834
74972 834
74973 834
74974 834
74975 834
74976 834
74977 834
74978 834
74979 834
74980 834
74981 834
74982 834
74983 834
74984 834
74985 834
74986 834
74987 834
74988 834
74989 834
74990 834
74991 834
74992 834
74993 834
74994 834
74995 834
74996 834
74997 834
74998 834
74999 834
75000 834
75001 834
75002 834
75003 834
75004 834
75005 834
75006 834
75007 834
75008 834
75009 834
75010 834
75011 834
75012 834
75013 834
75014 834
75015 834
75016 834
75017 834
75018 834
75019 834
75020 834
75021 834
75022 834
75023 834
75024 834
75025 834
75026 834
75027 834
75028 834
75029 834
75030 834
75031 834
75032 834
75033 834
75034 834
75035 834
75036 834
75037 834
75038 834
75039 834
75040 834
75041 834
75042 834
75043 834
75044 834
75045 834
75046 834
75047 834
75048 834
75049 834
75050 834
75051 834
75052 834
75053 834
75054 834
75055 834
75056 834
75057 834
75058 834
75059 834
75060 834
75061 834
75062 834
75063 834
75064 834
75065 834
75066 834
75067 834
75068 834
75069 834
75070 834
75071 834
75072 834
75073 834
75074 834
75075 834
75076 834
75077 834
75078 834
75079 834
75080 834
75081 834
75082 834
75083 834
75084 834
75085 834
75086 834
75087 834
75088 834
75089 834
75090 834
75091 834
75092 834
75093 834
75094 834
75095 834
75096 834
75097 834
75098 834
75099 834
75100 834
75101 834
75102 834
75103 834
75104 834
75105 834
75106 834
75107 834
75108 834
75109 834
75110 834
75111 834
75112 834
75113 834
75114 834
75115 834
75116 834
75117 834
75118 834
75119 834
75120 834
75121 834
75122 834
75123 834
75124 834
75125 834
75126 834
75127 834
75128 834
75129 834
75130 834
75131 834
75132 834
75133 834
75134 834
75135 834
75136 834
75137 834
75138 834
75139 834
75140 834
75141 834
75142 834
75143 834
75144 834
75145 834
75146 834
75147 834
75148 834
75149 834
75150 834
75151 834
75152 834
75153 834
75154 834
75155 834
75156 834
75157 834
75158 834
75159 834
75160 834
75161 834
75162 834
75163 834
75164 834
75165 834
75166 834
75167 834
75168 834
75169 834
75170 834
75171 834
75172 834
75173 834
75174 834
75175 834
75176 834
75177 834
75178 834
75179 834
75180 834
75181 834
75182 834
75183 834
75184 834
75185 834
75186 834
75187 834
75188 834
75189 834
75190 834
75191 834
75192 834
75193 834
75194 834
75195 834
75196 834
75197 834
75198 834
75199 834
75200 834
75201 834
75202 834
75203 834
75204 834
75205 834
75206 834
75207 834
75208 834
75209 834
75210 834
75211 834
75212 834
75213 834
75214 834
75215 834
75216 834
75217 834
75218 834
75219 834
75220 834
75221 834
75222 834
75223 834
75224 834
75225 834
75226 834
75227 834
75228 834
75229 834
75230 834
75231 834
75232 834
75233 834
75234 834
75235 834
75236 834
75237 834
75238 834
75239 834
75240 834
75241 834
75242 834
75243 834
75244 834
75245 834
75246 834
75247 834
75248 834
75249 834
75250 834
75251 834
75252 834
75253 834
75254 834
75255 834
75256 834
75257 834
75258 834
75259 834
75260 834
75261 834
75262 834
75263 834
75264 834
75265 834
75266 834
75267 834
75268 834
75269 834
75270 834
75271 834
75272 834
75273 834
75274 834
75275 834
75276 834
75277 834
75278 834
75279 834
75280 834
75281 834
75282 834
75283 834
75284 834
75285 834
75286 834
75287 834
75288 834
75289 834
75290 834
75291 834
75292 834
75293 834
75294 834
75295 834
75296 834
75297 834
75298 834
75299 834
75300 834
75301 834
75302 834
75303 834
75304 834
75305 834
75306 834
75307 834
75308 834
75309 834
75310 834
75311 834
75312 834
75313 834
75314 834
75315 834
75316 834
75317 834
75318 834
75319 834
75320 834
75321 834
75322 834
75323 834
75324 834
75325 834
75326 834
75327 834
75328 834
75329 834
75330 834
75331 834
75332 834
75333 834
75334 834
75335 834
75336 834
75337 834
75338 834
75339 834
75340 834
75341 834
75342 834
75343 834
75344 834
75345 834
75346 834
75347 834
75348 834
75349 834
75350 834
75351 834
75352 834
75353 834
75354 834
75355 834
75356 834
75357 834
75358 834
75359 834
75360 834
75361 834
75362 834
75363 834
75364 834
75365 834
75366 834
75367 834
75368 834
75369 834
75370 834
75371 834
75372 834
75373 834
75374 834
75375 834
75376 834
75377 834
75378 834
75379 834
75380 834
75381 834
75382 834
75383 834
75384 834
75385 834
75386 834
75387 834
75388 834
75389 834
75390 834
75391 834
75392 834
75393 834
75394 834
75395 834
75396 834
75397 834
75398 834
75399 834
75400 834
75401 834
75402 834
75403 834
75404 834
75405 834
75406 834
75407 834
75408 834
75409 834
75410 834
75411 834
75412 834
75413 834
75414 834
75415 834
75416 834
75417 834
75418 834
75419 834
75420 834
75421 834
75422 834
75423 834
75424 834
75425 834
75426 834
75427 834
75428 834
75429 834
75430 834
75431 834
75432 834
75433 834
75434 834
75435 834
75436 834
75437 834
75438 834
75439 834
75440 834
75441 834
75442 834
75443 834
75444 834
75445 834
75446 834
75447 834
75448 834
75449 834
75450 834
75451 834
75452 834
75453 834
75454 834
75455 834
75456 834
75457 834
75458 834
75459 834
75460 834
75461 834
75462 834
75463 834
75464 834
75465 834
75466 834
75467 834
75468 834
75469 834
75470 834
75471 834
75472 834
75473 834
75474 834
75475 834
75476 834
75477 834
75478 834
75479 834
75480 834
75481 834
75482 834
75483 834
75484 834
75485 834
75486 834
75487 834
75488 834
75489 834
75490 834
75491 834
75492 834
75493 834
75494 834
75495 834
75496 834
75497 834
75498 834
75499 834
75500 834
75501 834
75502 834
75503 834
75504 834
75505 834
75506 834
75507 834
75508 834
75509 834
75510 834
75511 834
75512 834
75513 834
75514 834
75515 834
75516 834
75517 834
75518 834
75519 834
75520 834
75521 834
75522 834
75523 834
75524 834
75525 834
75526 834
75527 834
75528 834
75529 834
75530 834
75531 834
75532 834
75533 834
75534 834
75535 834
75536 834
75537 834
75538 834
75539 834
75540 834
75541 834
75542 834
75543 834
75544 834
75545 834
75546 834
75547 834
75548 834
75549 834
75550 834
75551 834
75552 834
75553 834
75554 834
75555 834
75556 834
75557 834
75558 834
75559 834
75560 834
75561 834
75562 834
75563 834
75564 834
75565 834
75566 834
75567 834
75568 834
75569 834
75570 834
75571 834
75572 834
75573 834
75574 834
75575 834
75576 834
75577 834
75578 834
75579 834
75580 834
75581 834
75582 834
75583 834
75584 834
75585 834
75586 834
75587 834
75588 834
75589 834
75590 834
75591 834
75592 834
75593 834
75594 834
75595 834
75596 834
75597 834
75598 834
75599 834
75600 834
75601 834
75602 834
75603 834
75604 834
75605 834
75606 834
75607 834
75608 834
75609 834
75610 834
75611 834
75612 834
75613 834
75614 834
75615 834
75616 834
75617 834
75618 834
75619 834
75620 834
75621 834
75622 834
75623 834
75624 834
75625 834
75626 834
75627 834
75628 834
75629 834
75630 834
75631 834
75632 834
75633 834
75634 834
75635 834
75636 834
75637 835
75638 835
75639 835
75640 835
75641 835
75642 835
75643 835
75644 835
75645 835
75646 835
75647 835
75648 835
75649 835
75650 835
75651 835
75652 835
75653 835
75654 835
75655 835
75656 835
75657 835
75658 835
75659 835
75660 835
75661 835
75662 835
75663 835
75664 835
75665 835
75666 835
75667 835
75668 835
75669 835
75670 835
75671 835
75672 835
75673 835
75674 835
75675 835
75676 835
75677 835
75678 835
75679 835
75680 835
75681 835
75682 835
75683 835
75684 835
75685 835
75686 835
75687 835
75688 835
75689 835
75690 835
75691 835
75692 835
75693 835
75694 835
75695 835
75696 835
75697 835
75698 835
75699 835
75700 835
75701 835
75702 835
75703 835
75704 835
75705 835
75706 835
75707 835
75708 835
75709 835
75710 835
75711 835
75712 835
75713 835
75714 835
75715 835
75716 835
75717 835
75718 835
75719 835
75720 835
75721 835
75722 835
75723 835
75724 835
75725 835
75726 835
75727 835
75728 835
75729 835
75730 835
75731 835
75732 835
75733 835
75734 835
75735 835
75736 835
75737 835
75738 835
75739 835
75740 836
75741 836
75742 836
75743 836
75744 836
75745 836
75746 836
75747 836
75748 836
75749 836
75750 836
75751 836
75752 836
75753 836
75754 836
75755 836
75756 836
75757 836
75758 836
75759 836
75760 836
75761 836
75762 836
75763 836
75764 836
75765 836
75766 836
75767 836
75768 836
75769 836
75770 836
75771 836
75772 836
75773 836
75774 836
75775 836
75776 836
75777 836
75778 836
75779 836
75780 836
75781 836
75782 836
75783 836
75784 836
75785 836
75786 836
75787 836
75788 836
75789 836
75790 836
75791 836
75792 836
75793 836
75794 836
75795 836
75796 836
75797 836
75798 836
75799 836
75800 836
75801 836
75802 836
75803 836
75804 836
75805 836
75806 836
75807 836
75808 836
75809 836
75810 836
75811 836
75812 836
75813 836
75814 836
75815 836
75816 836
75817 836
75818 836
75819 836
75820 836
75821 836
75822 836
75823 836
75824 836
75825 836
75826 836
75827 836
75828 836
75829 836
75830 836
75831 836
75832 836
75833 836
75834 836
75835 836
75836 836
75837 836
75838 836
75839 836
75840 836
75841 836
75842 836
75843 836
75844 836
75845 836
75846 836
75847 836
75848 836
75849 836
75850 836
75851 836
75852 836
75853 836
75854 836
75855 836
75856 836
75857 836
75858 836
75859 836
75860 836
75861 836
75862 836
75863 836
75864 836
75865 836
75866 836
75867 836
75868 836
75869 836
75870 836
75871 836
75872 836
75873 836
75874 836
75875 836
75876 836
75877 836
75878 836
75879 836
75880 836
75881 836
75882 836
75883 836
75884 836
75885 836
75886 836
75887 836
75888 836
75889 836
75890 836
75891 836
75892 836
75893 836
75894 836
75895 836
75896 836
75897 836
75898 836
75899 836
75900 836
75901 836
75902 836
75903 836
75904 836
75905 836
75906 836
75907 836
75908 836
75909 836
75910 836
75911 836
75912 836
75913 836
75914 836
75915 836
75916 836
75917 836
75918 836
75919 836
75920 836
75921 836
75922 836
75923 836
75924 836
75925 836
75926 836
75927 836
75928 836
75929 836
75930 836
75931 836
75932 836
75933 836
75934 836
75935 836
75936 836
75937 836
75938 836
75939 836
75940 836
75941 836
75942 836
75943 836
75944 836
75945 836
75946 836
75947 836
75948 836
75949 836
75950 836
75951 837
75952 837
75953 837
75954 837
75955 837
75956 837
75957 837
75958 837
75959 837
75960 837
75961 837
75962 837
75963 837
75964 837
75965 837
75966 837
75967 837
75968 837
75969 837
75970 837
75971 837
75972 837
75973 837
75974 837
75975 837
75976 837
75977 837
75978 837
75979 837
75980 837
75981 837
75982 837
75983 837
75984 837
75985 837
75986 837
75987 837
75988 837
75989 837
75990 837
75991 837
75992 837
75993 837
75994 837
75995 837
75996 837
75997 837
75998 837
75999 837
76000 837
76001 837
76002 837
76003 837
76004 837
76005 837
76006 837
76007 837
76008 837
76009 837
76010 837
76011 837
76012 837
76013 837
76014 837
76015 837
76016 837
76017 837
76018 837
76019 837
76020 837
76021 837
76022 837
76023 837
76024 837
76025 837
76026 837
76027 837
76028 837
76029 837
76030 837
76031 837
76032 837
76033 837
76034 837
76035 837
76036 837
76037 837
76038 837
76039 837
76040 837
76041 837
76042 837
76043 837
76044 837
76045 837
76046 837
76047 837
76048 837
76049 837
76050 837
76051 837
76052 837
76053 837
76054 837
76055 837
76056 837
76057 837
76058 837
76059 837
76060 837
76061 837
76062 837
76063 837
76064 837
76065 837
76066 837
76067 837
76068 837
76069 837
76070 837
76071 837
76072 837
76073 837
76074 837
76075 837
76076 837
76077 837
76078 837
76079 837
76080 837
76081 837
76082 837
76083 837
76084 837
76085 837
76086 837
76087 837
76088 837
76089 837
76090 837
76091 837
76092 837
76093 838
76094 838
76095 838
76096 838
76097 838
76098 838
76099 838
76100 838
76101 838
76102 838
76103 838
76104 838
76105 838
76106 838
76107 838
76108 838
76109 838
76110 838
76111 838
76112 838
76113 838
76114 838
76115 838
76116 838
76117 838
76118 838
76119 838
76120 838
76121 838
76122 838
76123 838
76124 838
76125 838
76126 838
76127 838
76128 838
76129 838
76130 838
76131 838
76132 838
76133 838
76134 838
76135 838
76136 838
76137 838
76138 838
76139 838
76140 838
76141 838
76142 838
76143 838
76144 838
76145 838
76146 838
76147 838
76148 838
76149 838
76150 838
76151 838
76152 839
76153 839
76154 839
76155 839
76156 839
76157 839
76158 839
76159 839
76160 839
76161 839
76162 839
76163 839
76164 839
76165 839
76166 839
76167 839
76168 839
76169 839
76170 839
76171 839
76172 839
76173 839
76174 839
76175 839
76176 839
76177 839
76178 839
76179 839
76180 839
76181 839
76182 839
76183 839
76184 839
76185 839
76186 839
76187 839
76188 839
76189 839
76190 839
76191 839
76192 839
76193 839
76194 839
76195 839
76196 839
76197 839
76198 839
76199 839
76200 839
76201 839
76202 839
76203 839
76204 839
76205 839
76206 839
76207 839
76208 839
76209 839
76210 839
76211 839
76212 839
76213 839
76214 839
76215 839
76216 839
76217 839
76218 839
76219 839
76220 839
76221 839
76222 839
76223 839
76224 839
76225 839
76226 839
76227 839
76228 839
76229 839
76230 839
76231 839
76232 839
76233 839
76234 839
76235 839
76236 839
76237 839
76238 839
76239 839
76240 839
76241 839
76242 839
76243 839
76244 839
76245 839
76246 839
76247 839
76248 839
76249 839
76250 839
76251 839
76252 839
76253 839
76254 839
76255 839
76256 839
76257 840
76258 840
76259 840
76260 840
76261 840
76262 840
76263 840
76264 840
76265 840
76266 840
76267 840
76268 840
76269 840
76270 840
76271 840
76272 840
76273 840
76274 840
76275 840
76276 840
76277 840
76278 840
76279 840
76280 840
76281 840
76282 840
76283 840
76284 840
76285 840
76286 840
76287 840
76288 840
76289 840
76290 840
76291 840
76292 840
76293 840
76294 840
76295 840
76296 840
76297 840
76298 840
76299 840
76300 840
76301 840
76302 840
76303 840
76304 840
76305 840
76306 840
76307 840
76308 840
76309 840
76310 840
76311 840
76312 840
76313 840
76314 840
76315 840
76316 840
76317 840
76318 840
76319 840
76320 840
76321 840
76322 840
76323 840
76324 840
76325 840
76326 840
76327 840
76328 840
76329 840
76330 840
76331 840
76332 840
76333 840
76334 840
76335 840
76336 840
76337 840
76338 840
76339 840
76340 840
76341 840
76342 840
76343 840
76344 840
76345 840
76346 840
76347 840
76348 840
76349 840
76350 840
76351 840
76352 840
76353 840
76354 840
76355 840
76356 840
76357 840
76358 840
76359 840
76360 840
76361 840
76362 840
76363 840
76364 841
76365 841
76366 841
76367 841
76368 841
76369 841
76370 841
76371 841
76372 841
76373 841
76374 841
76375 841
76376 841
76377 841
76378 841
76379 841
76380 841
76381 841
76382 841
76383 841
76384 841
76385 841
76386 841
76387 841
76388 841
76389 841
76390 841
76391 841
76392 841
76393 841
76394 841
76395 841
76396 841
76397 841
76398 841
76399 841
76400 841
76401 841
76402 841
76403 841
76404 841
76405 841
76406 841
76407 841
76408 841
76409 841
76410 841
76411 841
76412 841
76413 841
76414 841
76415 841
76416 841
76417 841
76418 841
76419 841
76420 841
76421 841
76422 841
76423 841
76424 841
76425 841
76426 841
76427 841
76428 841
76429 841
76430 841
76431 841
76432 841
76433 841
76434 841
76435 841
76436 841
76437 841
76438 841
76439 841
76440 841
76441 841
76442 841
76443 841
76444 841
76445 841
76446 841
76447 841
76448 841
76449 841
76450 841
76451 841
76452 841
76453 841
76454 841
76455 841
76456 841
76457 841
76458 841
76459 841
76460 841
76461 841
76462 841
76463 841
76464 841
76465 841
76466 841
76467 841
76468 841
76469 841
76470 841
76471 841
76472 841
76473 841
76474 841
76475 841
76476 841
76477 841
76478 841
76479 841
76480 841
76481 841
76482 841
76483 841
76484 841
76485 841
76486 841
76487 841
76488 841
76489 841
76490 841
76491 841
76492 841
76493 841
76494 841
76495 841
76496 841
76497 841
76498 841
76499 841
76500 841
76501 841
76502 841
76503 841
76504 841
76505 841
76506 841
76507 841
76508 841
76509 841
76510 841
76511 841
76512 841
76513 841
76514 841
76515 841
76516 841
76517 841
76518 841
76519 841
76520 841
76521 841
76522 841
76523 841
76524 841
76525 841
76526 841
76527 841
76528 841
76529 841
76530 841
76531 841
76532 841
76533 841
76534 841
76535 841
76536 841
76537 841
76538 841
76539 841
76540 841
76541 841
76542 841
76543 841
76544 841
76545 841
76546 841
76547 841
76548 841
76549 841
76550 841
76551 841
76552 841
76553 841
76554 841
76555 841
76556 841
76557 841
76558 841
76559 841
76560 841
76561 841
76562 841
76563 841
76564 841
76565 841
76566 841
76567 841
76568 841
76569 841
76570 841
76571 841
76572 841
76573 841
76574 841
76575 841
76576 841
76577 841
76578 841
76579 841
76580 841
76581 841
76582 841
76583 841
76584 841
76585 841
76586 841
76587 841
76588 841
76589 841
76590 841
76591 841
76592 841
76593 841
76594 841
76595 841
76596 841
76597 841
76598 841
76599 841
76600 841
76601 841
76602 841
76603 841
76604 841
76605 841
76606 841
76607 841
76608 841
76609 841
76610 841
76611 841
76612 841
76613 841
76614 841
76615 841
76616 841
76617 841
76618 841
76619 841
76620 841
76621 841
76622 841
76623 841
76624 841
76625 841
76626 841
76627 841
76628 841
76629 841
76630 841
76631 841
76632 841
76633 841
76634 841
76635 841
76636 841
76637 841
76638 841
76639 841
76640 841
76641 841
76642 841
76643 841
76644 841
76645 841
76646 841
76647 841
76648 841
76649 841
76650 841
76651 841
76652 841
76653 841
76654 841
76655 841
76656 841
76657 841
76658 841
76659 841
76660 841
76661 841
76662 841
76663 841
76664 841
76665 841
76666 841
76667 841
76668 841
76669 841
76670 841
76671 841
76672 841
76673 841
76674 841
76675 841
76676 841
76677 842
76678 842
76679 842
76680 842
76681 842
76682 842
76683 842
76684 842
76685 842
76686 842
76687 842
76688 842
76689 842
76690 842
76691 842
76692 842
76693 842
76694 842
76695 842
76696 842
76697 842
76698 842
76699 842
76700 842
76701 842
76702 842
76703 842
76704 842
76705 842
76706 842
76707 842
76708 842
76709 842
76710 842
76711 842
76712 842
76713 842
76714 842
76715 842
76716 842
76717 842
76718 842
76719 842
76720 842
76721 842
76722 842
76723 842
76724 842
76725 842
76726 842
76727 842
76728 842
76729 842
76730 842
76731 842
76732 842
76733 842
76734 842
76735 842
76736 842
76737 842
76738 842
76739 842
76740 842
76741 842
76742 842
76743 842
76744 842
76745 842
76746 842
76747 842
76748 842
76749 842
76750 842
76751 842
76752 842
76753 842
76754 842
76755 842
76756 842
76757 842
76758 842
76759 842
76760 842
76761 842
76762 842
76763 842
76764 842
76765 842
76766 842
76767 842
76768 842
76769 842
76770 842
76771 842
76772 842
76773 842
76774 842
76775 842
76776 842
76777 842
76778 842
76779 842
76780 842
76781 842
76782 842
76783 842
76784 842
76785 842
76786 842
76787 842
76788 842
76789 842
76790 842
76791 842
76792 842
76793 842
76794 842
76795 842
76796 842
76797 842
76798 842
76799 842
76800 842
76801 842
76802 842
76803 842
76804 842
76805 842
76806 842
76807 842
76808 842
76809 842
76810 842
76811 842
76812 842
76813 842
76814 842
76815 842
76816 842
76817 842
76818 842
76819 842
76820 842
76821 842
76822 842
76823 842
76824 842
76825 842
76826 842
76827 842
76828 842
76829 842
76830 842
76831 842
76832 842
76833 842
76834 842
76835 842
76836 842
76837 842
76838 842
76839 842
76840 842
76841 842
76842 842
76843 842
76844 842
76845 842
76846 842
76847 842
76848 842
76849 842
76850 842
76851 842
76852 842
76853 842
76854 842
76855 842
76856 842
76857 842
76858 842
76859 842
76860 842
76861 842
76862 842
76863 842
76864 842
76865 842
76866 842
76867 842
76868 842
76869 842
76870 842
76871 842
76872 842
76873 842
76874 842
76875 842
76876 842
76877 842
76878 842
76879 842
76880 842
76881 842
76882 842
76883 842
76884 842
76885 842
76886 842
76887 842
76888 842
76889 842
76890 842
76891 842
76892 842
76893 842
76894 842
76895 842
76896 842
76897 842
76898 842
76899 842
76900 842
76901 842
76902 842
76903 842
76904 842
76905 842
76906 842
76907 842
76908 842
76909 842
76910 842
76911 842
76912 842
76913 842
76914 842
76915 842
76916 842
76917 842
76918 842
76919 842
76920 842
76921 842
76922 842
76923 842
76924 842
76925 842
76926 842
76927 842
76928 842
76929 842
76930 842
76931 842
76932 842
76933 842
76934 842
76935 842
76936 842
76937 842
76938 842
76939 842
76940 842
76941 842
76942 842
76943 842
76944 842
76945 842
76946 842
76947 842
76948 842
76949 842
76950 842
76951 842
76952 842
76953 842
76954 842
76955 842
76956 842
76957 842
76958 842
76959 843
76960 843
76961 843
76962 843
76963 843
76964 843
76965 843
76966 843
76967 843
76968 843
76969 843
76970 843
76971 843
76972 843
76973 843
76974 843
76975 843
76976 843
76977 843
76978 843
76979 843
76980 843
76981 843
76982 843
76983 843
76984 843
76985 843
76986 843
76987 843
76988 843
76989 843
76990 843
76991 843
76992 843
76993 843
76994 843
76995 843
76996 843
76997 843
76998 843
76999 843
77000 843
77001 843
77002 843
77003 843
77004 843
77005 843
77006 843
77007 843
77008 843
77009 843
77010 843
77011 843
77012 843
77013 843
77014 843
77015 843
77016 843
77017 843
77018 843
77019 843
77020 843
77021 843
77022 843
77023 843
77024 843
77025 843
77026 843
77027 843
77028 843
77029 843
77030 843
77031 843
77032 843
77033 843
77034 843
77035 843
77036 843
77037 843
77038 843
77039 843
77040 843
77041 843
77042 843
77043 843
77044 843
77045 843
77046 843
77047 843
77048 843
77049 843
77050 843
77051 843
77052 843
77053 843
77054 843
77055 843
77056 843
77057 843
77058 843
77059 843
77060 843
77061 843
77062 843
77063 843
77064 843
77065 843
77066 843
77067 843
77068 843
77069 843
77070 843
77071 843
77072 843
77073 843
77074 843
77075 843
77076 843
77077 843
77078 843
77079 843
77080 843
77081 843
77082 843
77083 843
77084 843
77085 843
77086 843
77087 843
77088 843
77089 843
77090 843
77091 843
77092 843
77093 843
77094 843
77095 843
77096 843
77097 843
77098 843
77099 843
77100 843
77101 843
77102 843
77103 843
77104 843
77105 843
77106 843
77107 843
77108 843
77109 843
77110 843
77111 843
77112 843
77113 843
77114 843
77115 843
77116 843
77117 843
77118 843
77119 843
77120 843
77121 843
77122 843
77123 843
77124 843
77125 843
77126 843
77127 843
77128 843
77129 843
77130 843
77131 843
77132 843
77133 843
77134 843
77135 843
77136 843
77137 843
77138 843
77139 843
77140 843
77141 843
77142 843
77143 843
77144 843
77145 843
77146 843
77147 843
77148 843
77149 843
77150 843
77151 843
77152 843
77153 843
77154 843
77155 843
77156 843
77157 843
77158 843
77159 843
77160 843
77161 843
77162 843
77163 843
77164 843
77165 843
77166 843
77167 843
77168 843
77169 843
77170 843
77171 843
77172 843
77173 843
77174 843
77175 843
77176 843
77177 843
77178 843
77179 843
77180 843
77181 843
77182 843
77183 843
77184 843
77185 843
77186 843
77187 843
77188 843
77189 843
77190 843
77191 844
77192 844
77193 844
77194 844
77195 844
77196 844
77197 844
77198 844
77199 844
77200 844
77201 844
77202 844
77203 844
77204 844
77205 844
77206 844
77207 844
77208 844
77209 844
77210 844
77211 844
77212 844
77213 844
77214 844
77215 844
77216 844
77217 844
77218 844
77219 844
77220 844
77221 844
77222 844
77223 844
77224 844
77225 844
77226 844
77227 844
77228 844
77229 844
77230 844
77231 844
77232 844
77233 844
77234 844
77235 844
77236 844
77237 844
77238 844
77239 844
77240 844
77241 844
77242 844
77243 844
77244 844
77245 844
77246 844
77247 844
77248 844
77249 844
77250 844
77251 844
77252 844
77253 844
77254 844
77255 844
77256 844
77257 844
77258 844
77259 844
77260 844
77261 844
77262 844
77263 844
77264 844
77265 844
77266 844
77267 844
77268 844
77269 844
77270 844
77271 844
77272 844
77273 844
77274 844
77275 844
77276 844
77277 844
77278 844
77279 844
77280 844
77281 844
77282 844
77283 844
77284 844
77285 844
77286 844
77287 844
77288 844
77289 844
77290 844
77291 844
77292 844
77293 844
77294 844
77295 844
77296 844
77297 844
77298 844
77299 844
77300 844
77301 844
77302 844
77303 844
77304 844
77305 844
77306 844
77307 844
77308 844
77309 844
77310 844
77311 844
77312 844
77313 844
77314 844
77315 844
77316 844
77317 844
77318 844
77319 844
77320 844
77321 844
77322 844
77323 844
77324 844
77325 844
77326 844
77327 844
77328 844
77329 844
77330 844
77331 844
77332 844
77333 844
77334 844
77335 844
77336 844
77337 844
77338 844
77339 844
77340 844
77341 844
77342 844
77343 844
77344 844
77345 844
77346 844
77347 844
77348 844
77349 845
77350 845
77351 845
77352 845
77353 845
77354 845
77355 845
77356 845
77357 845
77358 845
77359 845
77360 845
77361 845
77362 845
77363 845
77364 845
77365 845
77366 845
77367 845
77368 845
77369 845
77370 845
77371 845
77372 845
77373 845
77374 845
77375 845
77376 845
77377 845
77378 845
77379 845
77380 845
77381 845
77382 845
77383 845
77384 845
77385 845
77386 845
77387 845
77388 845
77389 845
77390 845
77391 845
77392 845
77393 846
77394 846
77395 846
77396 846
77397 846
77398 846
77399 846
77400 846
77401 846
77402 846
77403 846
77404 846
77405 846
77406 846
77407 846
77408 846
77409 846
77410 846
77411 846
77412 846
77413 846
77414 846
77415 846
77416 846
77417 846
77418 846
77419 846
77420 846
77421 846
77422 846
77423 846
77424 846
77425 846
77426 846
77427 846
77428 846
77429 846
77430 846
77431 846
77432 846
77433 846
77434 846
77435 846
77436 846
77437 846
77438 846
77439 846
77440 846
77441 846
77442 846
77443 846
77444 846
77445 846
77446 846
77447 846
77448 846
77449 846
77450 846
77451 846
77452 846
77453 846
77454 846
77455 846
77456 846
77457 846
77458 846
77459 846
77460 846
77461 846
77462 846
77463 846
77464 846
77465 846
77466 846
77467 846
77468 846
77469 846
77470 846
77471 846
77472 846
77473 846
77474 846
77475 846
77476 846
77477 846
77478 846
77479 846
77480 846
77481 846
77482 846
77483 846
77484 846
77485 846
77486 846
77487 846
77488 846
77489 846
77490 846
77491 846
77492 846
77493 846
77494 846
77495 846
77496 846
77497 846
77498 846
77499 846
77500 846
77501 846
77502 846
77503 846
77504 846
77505 846
77506 846
77507 846
77508 846
77509 846
77510 846
77511 846
77512 846
77513 846
77514 846
77515 846
77516 846
77517 846
77518 846
77519 846
77520 846
77521 846
77522 846
77523 846
77524 846
77525 848
77526 848
77527 848
77528 848
77529 848
77530 848
77531 848
77532 848
77533 848
77534 848
77535 848
77536 848
77537 848
77538 848
77539 848
77540 848
77541 848
77542 848
77543 848
77544 848
77545 848
77546 848
77547 848
77548 848
77549 848
77550 848
77551 848
77552 848
77553 848
77554 848
77555 848
77556 848
77557 848
77558 848
77559 848
77560 848
77561 848
77562 848
77563 848
77564 848
77565 848
77566 848
77567 848
77568 848
77569 848
77570 848
77571 848
77572 848
77573 848
77574 848
77575 848
77576 848
77577 848
77578 848
77579 848
77580 848
77581 848
77582 848
77583 848
77584 848
77585 848
77586 848
77587 848
77588 848
77589 848
77590 848
77591 848
77592 848
77593 848
77594 848
77595 848
77596 848
77597 848
77598 848
77599 848
77600 848
77601 848
77602 848
77603 848
77604 848
77605 848
77606 848
77607 848
77608 848
77609 848
77610 848
77611 848
77612 848
77613 848
77614 848
77615 848
77616 848
77617 848
77618 848
77619 848
77620 848
77621 848
77622 848
77623 848
77624 848
77625 848
77626 848
77627 848
77628 848
77629 848
77630 848
77631 848
77632 848
77633 848
77634 848
77635 848
77636 848
77637 848
77638 848
77639 848
77640 848
77641 848
77642 848
77643 848
77644 848
77645 848
77646 848
77647 848
77648 850
77649 850
77650 850
77651 850
77652 850
77653 850
77654 850
77655 850
77656 850
77657 850
77658 850
77659 850
77660 850
77661 850
77662 850
77663 850
77664 850
77665 850
77666 850
77667 850
77668 850
77669 851
77670 851
77671 851
77672 851
77673 851
77674 851
77675 851
77676 851
77677 851
77678 851
77679 851
77680 851
77681 851
77682 851
77683 851
77684 851
77685 851
77686 851
77687 851
77688 851
77689 851
77690 851
77691 851
77692 851
77693 851
77694 851
77695 851
77696 851
77697 852
77698 852
77699 852
77700 852
77701 852
77702 852
77703 852
77704 852
77705 852
77706 852
77707 852
77708 852
77709 852
77710 855
77711 855
77712 855
77713 855
77714 855
77715 855
77716 855
77717 855
77718 855
77719 855
77720 855
77721 855
77722 855
77723 855
77724 855
77725 855
77726 855
77727 855
77728 855
77729 855
77730 855
77731 855
77732 855
77733 855
77734 855
77735 855
77736 855
77737 855
77738 855
77739 855
77740 855
77741 855
77742 855
77743 855
77744 855
77745 855
77746 855
77747 855
77748 855
77749 855
77750 855
77751 855
77752 855
77753 855
77754 855
77755 855
77756 855
77757 855
77758 855
77759 855
77760 855
77761 855
77762 855
77763 855
77764 855
77765 855
77766 855
77767 855
77768 855
77769 855
77770 855
77771 855
77772 855
77773 855
77774 855
77775 855
77776 855
77777 855
77778 855
77779 855
77780 855
77781 855
77782 855
77783 855
77784 855
77785 855
77786 855
77787 855
77788 855
77789 855
77790 855
77791 855
77792 855
77793 855
77794 855
77795 855
77796 855
77797 855
77798 855
77799 855
77800 855
77801 855
77802 855
77803 855
77804 855
77805 855
77806 855
77807 855
77808 855
77809 855
77810 855
77811 855
77812 855
77813 855
77814 855
77815 855
77816 855
77817 855
77818 855
77819 855
77820 855
77821 855
77822 855
77823 855
77824 855
77825 855
77826 855
77827 855
77828 855
77829 855
77830 855
77831 857
77832 857
77833 857
77834 857
77835 857
77836 859
77837 859
77838 859
77839 859
77840 861
77841 861
77842 861
77843 861
77844 861
77845 861
77846 861
77847 861
77848 861
77849 861
77850 861
77851 861
77852 861
77853 861
77854 861
77855 861
77856 861
77857 861
77858 861
77859 861
77860 861
77861 861
77862 861
77863 861
77864 861
77865 861
77866 861
77867 861
77868 861
77869 861
77870 861
77871 861
77872 861
77873 861
77874 861
77875 861
77876 861
77877 861
77878 861
77879 861
77880 861
77881 861
77882 861
77883 861
77884 861
77885 861
77886 861
77887 863
77888 863
77889 863
77890 863
77891 863
77892 863
77893 863
77894 863
77895 863
77896 863
77897 863
77898 863
77899 863
77900 863
77901 863
77902 863
77903 863
77904 863
77905 863
77906 863
77907 863
77908 863
77909 863
77910 863
77911 863
77912 863
77913 863
77914 863
77915 863
77916 863
77917 863
77918 863
77919 863
77920 863
77921 864
77922 864
77923 864
77924 864
77925 864
77926 864
77927 864
77928 864
77929 864
77930 864
77931 864
77932 864
77933 864
77934 864
77935 864
77936 864
77937 864
77938 864
77939 864
77940 864
77941 864
77942 864
77943 864
77944 864
77945 864
77946 864
77947 864
77948 864
77949 864
77950 864
77951 864
77952 864
77953 864
77954 864
77955 864
77956 864
77957 864
77958 864
77959 864
77960 864
77961 864
77962 864
77963 864
77964 864
77965 864
77966 864
77967 864
77968 864
77969 864
77970 864
77971 864
77972 864
77973 864
77974 864
77975 864
77976 864
77977 864
77978 864
77979 864
77980 864
77981 864
77982 864
77983 864
77984 864
77985 864
77986 864
77987 864
77988 864
77989 864
77990 864
77991 864
77992 864
77993 864
77994 864
77995 864
77996 864
77997 864
77998 864
77999 864
78000 864
78001 864
78002 864
78003 864
78004 864
78005 864
78006 864
78007 864
78008 864
78009 864
78010 864
78011 864
78012 864
78013 864
78014 864
78015 864
78016 864
78017 864
78018 864
78019 864
78020 864
78021 864
78022 864
78023 864
78024 864
78025 864
78026 864
78027 864
78028 864
78029 864
78030 864
78031 864
78032 864
78033 864
78034 864
78035 864
78036 864
78037 864
78038 864
78039 864
78040 864
78041 864
78042 864
78043 864
78044 864
78045 864
78046 864
78047 864
78048 864
78049 864
78050 864
78051 864
78052 864
78053 864
78054 864
78055 864
78056 864
78057 864
78058 864
78059 864
78060 864
78061 864
78062 864
78063 864
78064 864
78065 864
78066 864
78067 864
78068 864
78069 864
78070 864
78071 864
78072 864
78073 864
78074 867
78075 867
78076 867
78077 867
78078 867
78079 867
78080 867
78081 867
78082 867
78083 867
78084 867
78085 867
78086 867
78087 867
78088 867
78089 867
78090 867
78091 867
78092 867
78093 867
78094 867
78095 867
78096 867
78097 868
78098 868
78099 868
78100 868
78101 868
78102 868
78103 868
78104 868
78105 868
78106 868
78107 868
78108 868
78109 868
78110 868
78111 868
78112 868
78113 868
78114 868
78115 868
78116 868
78117 868
78118 868
78119 870
78120 870
78121 870
78122 870
78123 870
78124 870
78125 870
78126 870
78127 870
78128 870
78129 870
78130 870
78131 870
78132 870
78133 870
78134 870
78135 870
78136 870
78137 870
78138 870
78139 870
78140 870
78141 870
78142 870
78143 870
78144 870
78145 870
78146 870
78147 870
78148 870
78149 870
78150 870
78151 870
78152 870
78153 870
78154 870
78155 870
78156 870
78157 870
78158 870
78159 870
78160 870
78161 870
78162 870
78163 870
78164 870
78165 870
78166 870
78167 870
78168 870
78169 870
78170 870
78171 870
78172 870
78173 870
78174 870
78175 870
78176 870
78177 870
78178 871
78179 871
78180 871
78181 871
78182 871
78183 871
78184 871
78185 871
78186 871
78187 871
78188 871
78189 871
78190 871
78191 871
78192 871
78193 871
78194 871
78195 871
78196 871
78197 871
78198 871
78199 871
78200 871
78201 871
78202 871
78203 871
78204 871
78205 871
78206 871
78207 871
78208 871
78209 871
78210 871
78211 871
78212 871
78213 871
78214 871
78215 871
78216 871
78217 871
78218 871
78219 871
78220 871
78221 871
78222 871
78223 871
78224 871
78225 871
78226 871
78227 871
78228 871
78229 871
78230 871
78231 871
78232 871
78233 871
78234 871
78235 871
78236 871
78237 871
78238 871
78239 871
78240 871
78241 871
78242 871
78243 871
78244 871
78245 871
78246 871
78247 871
78248 871
78249 871
78250 871
78251 871
78252 871
78253 871
78254 871
78255 871
78256 871
78257 871
78258 871
78259 871
78260 871
78261 871
78262 871
78263 871
78264 871
78265 871
78266 871
78267 871
78268 871
78269 871
78270 871
78271 871
78272 871
78273 871
78274 871
78275 871
78276 871
78277 871
78278 871
78279 871
78280 871
78281 871
78282 871
78283 871
78284 871
78285 871
78286 871
78287 871
78288 871
78289 871
78290 871
78291 871
78292 871
78293 871
78294 871
78295 871
78296 871
78297 871
78298 871
78299 871
78300 871
78301 871
78302 871
78303 871
78304 871
78305 871
78306 871
78307 871
78308 871
78309 871
78310 871
78311 871
78312 871
78313 871
78314 871
78315 871
78316 871
78317 871
78318 871
78319 871
78320 871
78321 871
78322 871
78323 871
78324 871
78325 871
78326 871
78327 871
78328 871
78329 871
78330 871
78331 871
78332 871
78333 871
78334 871
78335 871
78336 871
78337 871
78338 871
78339 871
78340 871
78341 871
78342 871
78343 871
78344 871
78345 871
78346 871
78347 871
78348 871
78349 871
78350 871
78351 871
78352 871
78353 871
78354 871
78355 871
78356 871
78357 871
78358 871
78359 871
78360 871
78361 871
78362 871
78363 871
78364 871
78365 871
78366 871
78367 871
78368 871
78369 871
78370 871
78371 871
78372 871
78373 871
78374 871
78375 871
78376 871
78377 871
78378 871
78379 871
78380 871
78381 871
78382 871
78383 871
78384 871
78385 871
78386 871
78387 871
78388 871
78389 871
78390 871
78391 871
78392 871
78393 871
78394 871
78395 871
78396 871
78397 871
78398 871
78399 871
78400 871
78401 871
78402 871
78403 871
78404 871
78405 871
78406 871
78407 871
78408 871
78409 871
78410 871
78411 871
78412 871
78413 871
78414 871
78415 871
78416 871
78417 871
78418 871
78419 871
78420 871
78421 871
78422 871
78423 871
78424 871
78425 871
78426 871
78427 871
78428 871
78429 871
78430 871
78431 871
78432 871
78433 871
78434 871
78435 871
78436 871
78437 871
78438 871
78439 871
78440 871
78441 871
78442 871
78443 871
78444 871
78445 871
78446 871
78447 871
78448 871
78449 871
78450 871
78451 871
78452 871
78453 871
78454 871
78455 871
78456 871
78457 871
78458 871
78459 871
78460 871
78461 871
78462 871
78463 871
78464 871
78465 871
78466 871
78467 871
78468 871
78469 871
78470 871
78471 871
78472 871
78473 871
78474 871
78475 871
78476 871
78477 871
78478 871
78479 871
78480 871
78481 871
78482 871
78483 871
78484 871
78485 871
78486 871
78487 871
78488 871
78489 871
78490 871
78491 871
78492 871
78493 871
78494 871
78495 871
78496 871
78497 871
78498 871
78499 871
78500 871
78501 871
78502 871
78503 871
78504 871
78505 871
78506 871
78507 871
78508 871
78509 871
78510 871
78511 871
78512 871
78513 871
78514 871
78515 871
78516 871
78517 871
78518 871
78519 871
78520 871
78521 871
78522 871
78523 871
78524 871
78525 871
78526 871
78527 871
78528 871
78529 871
78530 871
78531 871
78532 871
78533 871
78534 871
78535 871
78536 871
78537 871
78538 871
78539 871
78540 871
78541 871
78542 871
78543 871
78544 871
78545 871
78546 871
78547 871
78548 871
78549 871
78550 871
78551 871
78552 871
78553 871
78554 871
78555 871
78556 871
78557 871
78558 871
78559 871
78560 871
78561 871
78562 871
78563 871
78564 871
78565 871
78566 871
78567 871
78568 871
78569 871
78570 871
78571 871
78572 871
78573 871
78574 871
78575 871
78576 871
78577 871
78578 871
78579 871
78580 871
78581 871
78582 871
78583 871
78584 871
78585 871
78586 871
78587 871
78588 871
78589 872
78590 872
78591 872
78592 872
78593 872
78594 872
78595 872
78596 872
78597 872
78598 872
78599 872
78600 872
78601 872
78602 872
78603 872
78604 872
78605 872
78606 872
78607 872
78608 872
78609 872
78610 872
78611 872
78612 872
78613 872
78614 872
78615 872
78616 872
78617 872
78618 872
78619 872
78620 872
78621 872
78622 872
78623 872
78624 872
78625 872
78626 872
78627 872
78628 872
78629 872
78630 872
78631 872
78632 872
78633 872
78634 872
78635 872
78636 872
78637 872
78638 872
78639 872
78640 872
78641 872
78642 872
78643 872
78644 872
78645 872
78646 872
78647 872
78648 872
78649 872
78650 872
78651 872
78652 872
78653 872
78654 872
78655 872
78656 872
78657 872
78658 872
78659 872
78660 872
78661 872
78662 872
78663 872
78664 872
78665 872
78666 872
78667 872
78668 872
78669 872
78670 872
78671 872
78672 872
78673 872
78674 872
78675 872
78676 872
78677 872
78678 872
78679 872
78680 872
78681 872
78682 872
78683 872
78684 872
78685 872
78686 872
78687 872
78688 872
78689 872
78690 872
78691 872
78692 872
78693 872
78694 872
78695 872
78696 872
78697 872
78698 872
78699 872
78700 872
78701 872
78702 872
78703 872
78704 872
78705 872
78706 872
78707 872
78708 872
78709 872
78710 872
78711 872
78712 872
78713 872
78714 872
78715 872
78716 872
78717 872
78718 872
78719 872
78720 872
78721 872
78722 872
78723 872
78724 872
78725 872
78726 872
78727 872
78728 872
78729 872
78730 872
78731 872
78732 872
78733 872
78734 872
78735 872
78736 872
78737 872
78738 872
78739 872
78740 872
78741 872
78742 872
78743 872
78744 872
78745 872
78746 872
78747 872
78748 872
78749 872
78750 872
78751 872
78752 872
78753 872
78754 872
78755 872
78756 872
78757 872
78758 872
78759 872
78760 872
78761 872
78762 872
78763 872
78764 872
78765 872
78766 872
78767 872
78768 872
78769 872
78770 872
78771 872
78772 872
78773 872
78774 872
78775 872
78776 872
78777 872
78778 872
78779 872
78780 872
78781 873
78782 873
78783 873
78784 873
78785 873
78786 873
78787 873
78788 873
78789 873
78790 873
78791 873
78792 873
78793 873
78794 873
78795 873
78796 873
78797 873
78798 873
78799 873
78800 873
78801 873
78802 873
78803 873
78804 873
78805 873
78806 873
78807 873
78808 873
78809 873
78810 873
78811 873
78812 873
78813 873
78814 873
78815 873
78816 873
78817 873
78818 873
78819 873
78820 873
78821 873
78822 873
78823 873
78824 873
78825 873
78826 873
78827 873
78828 873
78829 873
78830 873
78831 873
78832 873
78833 873
78834 873
78835 873
78836 873
78837 873
78838 873
78839 873
78840 873
78841 873
78842 873
78843 873
78844 873
78845 873
78846 873
78847 873
78848 873
78849 873
78850 873
78851 873
78852 873
78853 873
78854 873
78855 873
78856 873
78857 873
78858 873
78859 873
78860 873
78861 873
78862 873
78863 873
78864 873
78865 873
78866 873
78867 873
78868 873
78869 873
78870 873
78871 873
78872 873
78873 873
78874 873
78875 873
78876 873
78877 873
78878 873
78879 873
78880 873
78881 873
78882 873
78883 873
78884 873
78885 873
78886 873
78887 873
78888 873
78889 873
78890 873
78891 873
78892 873
78893 873
78894 873
78895 873
78896 873
78897 873
78898 873
78899 873
78900 873
78901 873
78902 873
78903 873
78904 873
78905 873
78906 873
78907 873
78908 873
78909 873
78910 873
78911 873
78912 873
78913 873
78914 873
78915 873
78916 873
78917 873
78918 873
78919 873
78920 873
78921 873
78922 873
78923 873
78924 873
78925 873
78926 873
78927 873
78928 873
78929 873
78930 873
78931 873
78932 873
78933 873
78934 873
78935 873
78936 873
78937 873
78938 873
78939 873
78940 873
78941 873
78942 873
78943 873
78944 873
78945 873
78946 873
78947 873
78948 873
78949 873
78950 873
78951 873
78952 873
78953 873
78954 873
78955 873
78956 873
78957 873
78958 873
78959 873
78960 873
78961 873
78962 873
78963 873
78964 873
78965 873
78966 873
78967 873
78968 873
78969 873
78970 873
78971 873
78972 873
78973 873
78974 873
78975 873
78976 873
78977 873
78978 873
78979 873
78980 873
78981 873
78982 873
78983 873
78984 873
78985 873
78986 873
78987 873
78988 873
78989 873
78990 873
78991 873
78992 873
78993 873
78994 873
78995 873
78996 873
78997 873
78998 873
78999 873
79000 873
79001 873
79002 873
79003 873
79004 873
79005 873
79006 873
79007 873
79008 873
79009 873
79010 873
79011 873
79012 873
79013 873
79014 873
79015 873
79016 873
79017 873
79018 873
79019 873
79020 873
79021 873
79022 873
79023 873
79024 873
79025 873
79026 873
79027 873
79028 873
79029 873
79030 873
79031 873
79032 873
79033 873
79034 873
79035 873
79036 873
79037 873
79038 873
79039 873
79040 873
79041 873
79042 873
79043 873
79044 873
79045 873
79046 873
79047 873
79048 873
79049 873
79050 873
79051 873
79052 873
79053 873
79054 873
79055 873
79056 873
79057 873
79058 873
79059 874
79060 874
79061 874
79062 874
79063 874
79064 874
79065 874
79066 874
79067 874
79068 874
79069 874
79070 874
79071 874
79072 874
79073 874
79074 874
79075 874
79076 874
79077 874
79078 874
79079 874
79080 874
79081 874
79082 874
79083 874
79084 874
79085 874
79086 874
79087 874
79088 874
79089 874
79090 874
79091 874
79092 874
79093 874
79094 874
79095 874
79096 874
79097 874
79098 874
79099 874
79100 874
79101 874
79102 874
79103 874
79104 874
79105 874
79106 874
79107 874
79108 874
79109 874
79110 874
79111 874
79112 874
79113 874
79114 874
79115 874
79116 874
79117 874
79118 874
79119 874
79120 874
79121 874
79122 874
79123 874
79124 874
79125 874
79126 874
79127 874
79128 874
79129 874
79130 874
79131 874
79132 874
79133 874
79134 874
79135 874
79136 874
79137 874
79138 874
79139 874
79140 874
79141 874
79142 874
79143 874
79144 874
79145 874
79146 874
79147 874
79148 874
79149 874
79150 874
79151 874
79152 874
79153 874
79154 874
79155 874
79156 874
79157 874
79158 874
79159 874
79160 874
79161 874
79162 874
79163 874
79164 874
79165 874
79166 874
79167 874
79168 874
79169 874
79170 874
79171 874
79172 874
79173 874
79174 874
79175 874
79176 874
79177 874
79178 874
79179 874
79180 874
79181 874
79182 874
79183 874
79184 874
79185 874
79186 874
79187 874
79188 874
79189 874
79190 874
79191 874
79192 874
79193 874
79194 874
79195 874
79196 874
79197 874
79198 874
79199 874
79200 874
79201 874
79202 874
79203 874
79204 874
79205 874
79206 874
79207 874
79208 874
79209 874
79210 874
79211 874
79212 874
79213 874
79214 874
79215 874
79216 874
79217 874
79218 874
79219 874
79220 874
79221 874
79222 874
79223 874
79224 874
79225 874
79226 874
79227 874
79228 874
79229 874
79230 874
79231 874
79232 874
79233 874
79234 874
79235 874
79236 874
79237 874
79238 874
79239 874
79240 874
79241 874
79242 874
79243 874
79244 874
79245 874
79246 874
79247 874
79248 874
79249 874
79250 874
79251 874
79252 874
79253 874
79254 874
79255 874
79256 875
79257 875
79258 875
79259 875
79260 875
79261 875
79262 875
79263 875
79264 875
79265 875
79266 875
79267 875
79268 875
79269 875
79270 875
79271 875
79272 875
79273 875
79274 875
79275 875
79276 875
79277 875
79278 875
79279 875
79280 875
79281 875
79282 875
79283 875
79284 875
79285 875
79286 875
79287 875
79288 875
79289 875
79290 875
79291 875
79292 875
79293 875
79294 875
79295 875
79296 875
79297 875
79298 875
79299 875
79300 875
79301 875
79302 875
79303 875
79304 875
79305 875
79306 875
79307 875
79308 875
79309 875
79310 875
79311 875
79312 875
79313 875
79314 875
79315 875
79316 875
79317 875
79318 875
79319 875
79320 875
79321 875
79322 875
79323 875
79324 875
79325 875
79326 875
79327 875
79328 875
79329 875
79330 875
79331 875
79332 875
79333 875
79334 875
79335 875
79336 875
79337 875
79338 875
79339 875
79340 875
79341 875
79342 875
79343 875
79344 875
79345 875
79346 875
79347 875
79348 875
79349 875
79350 875
79351 875
79352 875
79353 875
79354 875
79355 875
79356 875
79357 875
79358 875
79359 875
79360 875
79361 875
79362 875
79363 875
79364 875
79365 875
79366 875
79367 875
79368 875
79369 875
79370 875
79371 875
79372 875
79373 875
79374 875
79375 875
79376 875
79377 875
79378 875
79379 875
79380 875
79381 875
79382 875
79383 875
79384 875
79385 875
79386 875
79387 875
79388 875
79389 875
79390 875
79391 875
79392 875
79393 875
79394 875
79395 875
79396 875
79397 875
79398 875
79399 875
79400 875
79401 875
79402 875
79403 875
79404 875
79405 875
79406 875
79407 875
79408 875
79409 875
79410 875
79411 875
79412 875
79413 875
79414 875
79415 875
79416 875
79417 875
79418 875
79419 875
79420 875
79421 875
79422 875
79423 875
79424 875
79425 877
79426 877
79427 877
79428 877
79429 877
79430 877
79431 877
79432 877
79433 877
79434 877
79435 877
79436 877
79437 877
79438 877
79439 877
79440 877
79441 877
79442 877
79443 877
79444 877
79445 877
79446 878
79447 878
79448 878
79449 878
79450 878
79451 878
79452 878
79453 878
79454 878
79455 878
79456 878
79457 878
79458 878
79459 878
79460 878
79461 878
79462 878
79463 878
79464 878
79465 878
79466 878
79467 878
79468 878
79469 878
79470 878
79471 878
79472 878
79473 878
79474 878
79475 878
79476 878
79477 878
79478 878
79479 878
79480 878
79481 878
79482 878
79483 878
79484 878
79485 878
79486 878
79487 878
79488 878
79489 878
79490 878
79491 878
79492 878
79493 878
79494 878
79495 878
79496 878
79497 878
79498 878
79499 878
79500 878
79501 878
79502 878
79503 878
79504 878
79505 878
79506 878
79507 878
79508 878
79509 878
79510 878
79511 878
79512 878
79513 878
79514 878
79515 878
79516 878
79517 878
79518 878
79519 878
79520 878
79521 878
79522 878
79523 878
79524 878
79525 878
79526 878
79527 878
79528 878
79529 878
79530 878
79531 878
79532 878
79533 878
79534 878
79535 878
79536 878
79537 878
79538 878
79539 878
79540 878
79541 878
79542 878
79543 878
79544 878
79545 878
79546 878
79547 878
79548 878
79549 878
79550 878
79551 878
79552 878
79553 878
79554 878
79555 878
79556 878
79557 878
79558 878
79559 878
79560 878
79561 878
79562 878
79563 878
79564 878
79565 878
79566 878
79567 878
79568 878
79569 878
79570 878
79571 878
79572 878
79573 878
79574 878
79575 878
79576 878
79577 878
79578 878
79579 878
79580 878
79581 878
79582 878
79583 878
79584 878
79585 878
79586 878
79587 878
79588 878
79589 878
79590 878
79591 878
79592 878
79593 878
79594 878
79595 878
79596 878
79597 878
79598 878
79599 878
79600 878
79601 878
79602 878
79603 878
79604 878
79605 878
79606 878
79607 878
79608 878
79609 878
79610 878
79611 878
79612 878
79613 878
79614 878
79615 878
79616 879
79617 879
79618 879
79619 879
79620 879
79621 879
79622 879
79623 879
79624 879
79625 879
79626 879
79627 879
79628 879
79629 879
79630 879
79631 879
79632 879
79633 879
79634 879
79635 879
79636 879
79637 879
79638 879
79639 879
79640 879
79641 879
79642 879
79643 879
79644 879
79645 879
79646 879
79647 879
79648 879
79649 879
79650 879
79651 879
79652 879
79653 879
79654 879
79655 879
79656 879
79657 879
79658 879
79659 879
79660 879
79661 879
79662 879
79663 879
79664 879
79665 879
79666 879
79667 879
79668 879
79669 879
79670 879
79671 879
79672 879
79673 879
79674 879
79675 879
79676 879
79677 879
79678 879
79679 879
79680 879
79681 879
79682 879
79683 879
79684 879
79685 879
79686 879
79687 879
79688 879
79689 879
79690 879
79691 879
79692 879
79693 879
79694 879
79695 879
79696 879
79697 879
79698 879
79699 879
79700 879
79701 879
79702 879
79703 879
79704 879
79705 879
79706 879
79707 879
79708 879
79709 879
79710 879
79711 879
79712 879
79713 879
79714 879
79715 879
79716 879
79717 879
79718 879
79719 879
79720 879
79721 879
79722 879
79723 879
79724 879
79725 879
79726 879
79727 879
79728 879
79729 879
79730 879
79731 879
79732 879
79733 879
79734 879
79735 879
79736 879
79737 879
79738 879
79739 879
79740 879
79741 879
79742 879
79743 879
79744 879
79745 879
79746 880
79747 880
79748 880
79749 880
79750 880
79751 880
79752 880
79753 880
79754 880
79755 880
79756 880
79757 880
79758 880
79759 880
79760 880
79761 880
79762 880
79763 880
79764 880
79765 880
79766 880
79767 880
79768 880
79769 880
79770 880
79771 880
79772 880
79773 880
79774 880
79775 880
79776 880
79777 880
79778 880
79779 880
79780 880
79781 880
79782 880
79783 880
79784 880
79785 880
79786 880
79787 880
79788 880
79789 880
79790 880
79791 880
79792 880
79793 880
79794 880
79795 880
79796 880
79797 880
79798 880
79799 880
79800 880
79801 880
79802 880
79803 880
79804 880
79805 880
79806 880
79807 880
79808 880
79809 880
79810 880
79811 880
79812 880
79813 880
79814 880
79815 880
79816 880
79817 880
79818 880
79819 880
79820 880
79821 880
79822 880
79823 880
79824 880
79825 880
79826 880
79827 880
79828 880
79829 880
79830 880
79831 880
79832 880
79833 880
79834 880
79835 880
79836 880
79837 880
79838 880
79839 880
79840 880
79841 880
79842 880
79843 880
79844 880
79845 880
79846 880
79847 880
79848 880
79849 880
79850 880
79851 880
79852 880
79853 880
79854 880
79855 880
79856 880
79857 880
79858 880
79859 880
79860 880
79861 880
79862 880
79863 880
79864 881
79865 881
79866 881
79867 881
79868 881
79869 881
79870 881
79871 881
79872 881
79873 881
79874 881
79875 881
79876 881
79877 881
79878 881
79879 881
79880 881
79881 881
79882 881
79883 881
79884 881
79885 881
79886 881
79887 881
79888 881
79889 881
79890 881
79891 881
79892 881
79893 881
79894 881
79895 881
79896 881
79897 881
79898 881
79899 881
79900 881
79901 881
79902 881
79903 881
79904 881
79905 881
79906 881
79907 881
79908 881
79909 881
79910 881
79911 881
79912 881
79913 881
79914 881
79915 881
79916 881
79917 881
79918 881
79919 881
79920 881
79921 881
79922 881
79923 881
79924 881
79925 881
79926 881
79927 881
79928 881
79929 881
79930 881
79931 881
79932 881
79933 881
79934 881
79935 881
79936 881
79937 881
79938 881
79939 881
79940 881
79941 881
79942 881
79943 881
79944 881
79945 881
79946 881
79947 881
79948 881
79949 881
79950 881
79951 881
79952 881
79953 881
79954 881
79955 881
79956 881
79957 881
79958 881
79959 881
79960 881
79961 881
79962 881
79963 881
79964 881
79965 881
79966 881
79967 881
79968 881
79969 881
79970 881
79971 881
79972 881
79973 881
79974 881
79975 881
79976 881
79977 881
79978 881
79979 881
79980 881
79981 881
79982 881
79983 881
79984 881
79985 881
79986 881
79987 881
79988 881
79989 881
79990 881
79991 881
79992 881
79993 881
79994 881
79995 881
79996 881
79997 881
79998 881
79999 881
80000 881
80001 881
80002 881
80003 881
80004 881
80005 881
80006 881
80007 881
80008 881
80009 881
80010 881
80011 881
80012 881
80013 881
80014 881
80015 881
80016 881
80017 881
80018 882
80019 882
80020 882
80021 882
80022 882
80023 882
80024 882
80025 882
80026 882
80027 882
80028 882
80029 882
80030 882
80031 882
80032 882
80033 882
80034 882
80035 882
80036 882
80037 882
80038 882
80039 882
80040 882
80041 882
80042 882
80043 882
80044 882
80045 882
80046 882
80047 882
80048 882
80049 882
80050 882
80051 882
80052 882
80053 882
80054 882
80055 882
80056 882
80057 882
80058 882
80059 882
80060 882
80061 882
80062 882
80063 882
80064 882
80065 882
80066 882
80067 882
80068 882
80069 882
80070 882
80071 882
80072 882
80073 882
80074 882
80075 882
80076 882
80077 882
80078 882
80079 882
80080 882
80081 882
80082 882
80083 882
80084 882
80085 882
80086 882
80087 882
80088 882
80089 882
80090 882
80091 882
80092 882
80093 882
80094 882
80095 882
80096 882
80097 882
80098 882
80099 882
80100 882
80101 882
80102 882
80103 882
80104 882
80105 882
80106 882
80107 882
80108 882
80109 882
80110 882
80111 882
80112 882
80113 882
80114 882
80115 882
80116 882
80117 882
80118 882
80119 882
80120 882
80121 882
80122 882
80123 882
80124 882
80125 882
80126 882
80127 882
80128 882
80129 882
80130 882
80131 882
80132 882
80133 882
80134 882
80135 882
80136 882
80137 882
80138 882
80139 882
80140 882
80141 882
80142 882
80143 882
80144 882
80145 882
80146 882
80147 882
80148 882
80149 882
80150 882
80151 882
80152 882
80153 882
80154 882
80155 882
80156 882
80157 882
80158 882
80159 882
80160 882
80161 882
80162 882
80163 882
80164 882
80165 882
80166 882
80167 882
80168 882
80169 882
80170 882
80171 883
80172 883
80173 883
80174 883
80175 883
80176 883
80177 883
80178 883
80179 883
80180 883
80181 883
80182 883
80183 883
80184 883
80185 883
80186 883
80187 883
80188 883
80189 883
80190 883
80191 883
80192 883
80193 883
80194 883
80195 883
80196 883
80197 883
80198 883
80199 883
80200 883
80201 883
80202 883
80203 883
80204 883
80205 883
80206 883
80207 883
80208 883
80209 883
80210 883
80211 883
80212 883
80213 883
80214 883
80215 883
80216 883
80217 883
80218 883
80219 883
80220 883
80221 883
80222 883
80223 883
80224 883
80225 883
80226 883
80227 883
80228 883
80229 883
80230 883
80231 883
80232 883
80233 883
80234 883
80235 883
80236 883
80237 883
80238 883
80239 883
80240 883
80241 883
80242 883
80243 883
80244 883
80245 883
80246 883
80247 883
80248 883
80249 883
80250 883
80251 883
80252 883
80253 883
80254 883
80255 883
80256 883
80257 883
80258 883
80259 883
80260 883
80261 883
80262 883
80263 883
80264 883
80265 883
80266 883
80267 883
80268 883
80269 883
80270 883
80271 883
80272 883
80273 883
80274 883
80275 883
80276 883
80277 883
80278 883
80279 883
80280 883
80281 883
80282 883
80283 883
80284 883
80285 883
80286 883
80287 883
80288 883
80289 883
80290 883
80291 883
80292 883
80293 883
80294 883
80295 883
80296 883
80297 883
80298 883
80299 883
80300 883
80301 883
80302 884
80303 884
80304 884
80305 884
80306 884
80307 884
80308 884
80309 884
80310 884
80311 884
80312 884
80313 884
80314 884
80315 884
80316 884
80317 884
80318 884
80319 884
80320 884
80321 884
80322 884
80323 884
80324 884
80325 884
80326 884
80327 884
80328 884
80329 884
80330 884
80331 884
80332 884
80333 884
80334 884
80335 884
80336 884
80337 884
80338 884
80339 884
80340 884
80341 884
80342 884
80343 884
80344 884
80345 884
80346 884
80347 884
80348 884
80349 884
80350 884
80351 884
80352 884
80353 884
80354 884
80355 884
80356 884
80357 884
80358 884
80359 884
80360 884
80361 884
80362 884
80363 884
80364 884
80365 884
80366 884
80367 884
80368 884
80369 884
80370 884
80371 884
80372 884
80373 884
80374 884
80375 884
80376 884
80377 884
80378 884
80379 884
80380 884
80381 884
80382 884
80383 884
80384 884
80385 884
80386 884
80387 884
80388 884
80389 884
80390 884
80391 884
80392 884
80393 884
80394 884
80395 884
80396 884
80397 884
80398 884
80399 884
80400 884
80401 884
80402 884
80403 884
80404 884
80405 884
80406 884
80407 884
80408 884
80409 884
80410 884
80411 884
80412 884
80413 884
80414 884
80415 884
80416 884
80417 884
80418 884
80419 884
80420 884
80421 884
80422 885
80423 885
80424 885
80425 885
80426 885
80427 885
80428 885
80429 885
80430 885
80431 885
80432 885
80433 885
80434 885
80435 885
80436 885
80437 885
80438 885
80439 885
80440 885
80441 885
80442 885
80443 885
80444 885
80445 885
80446 885
80447 885
80448 885
80449 885
80450 885
80451 885
80452 885
80453 885
80454 885
80455 885
80456 885
80457 885
80458 885
80459 885
80460 885
80461 885
80462 885
80463 885
80464 885
80465 885
80466 885
80467 885
80468 885
80469 885
80470 885
80471 885
80472 885
80473 885
80474 885
80475 885
80476 885
80477 885
80478 885
80479 885
80480 885
80481 885
80482 885
80483 885
80484 885
80485 885
80486 885
80487 885
80488 885
80489 885
80490 885
80491 885
80492 885
80493 885
80494 885
80495 885
80496 885
80497 885
80498 885
80499 885
80500 885
80501 885
80502 885
80503 885
80504 885
80505 885
80506 885
80507 885
80508 885
80509 885
80510 885
80511 885
80512 885
80513 885
80514 885
80515 885
80516 885
80517 885
80518 885
80519 885
80520 885
80521 885
80522 885
80523 885
80524 885
80525 885
80526 885
80527 885
80528 885
80529 885
80530 885
80531 885
80532 885
80533 885
80534 885
80535 885
80536 885
80537 885
80538 885
80539 885
80540 885
80541 885
80542 885
80543 885
80544 885
80545 885
80546 885
80547 885
80548 885
80549 885
80550 885
80551 885
80552 885
80553 885
80554 885
80555 885
80556 885
80557 885
80558 885
80559 885
80560 885
80561 885
80562 885
80563 885
80564 885
80565 885
80566 885
80567 885
80568 885
80569 885
80570 885
80571 885
80572 885
80573 885
80574 885
80575 885
80576 885
80577 885
80578 885
80579 885
80580 885
80581 885
80582 885
80583 885
80584 885
80585 885
80586 885
80587 885
80588 885
80589 885
80590 885
80591 885
80592 885
80593 885
80594 885
80595 885
80596 885
80597 885
80598 885
80599 885
80600 885
80601 885
80602 885
80603 885
80604 885
80605 885
80606 885
80607 885
80608 885
80609 885
80610 885
80611 885
80612 885
80613 885
80614 885
80615 885
80616 885
80617 885
80618 885
80619 885
80620 885
80621 885
80622 885
80623 885
80624 885
80625 885
80626 885
80627 885
80628 885
80629 885
80630 885
80631 885
80632 885
80633 885
80634 885
80635 885
80636 885
80637 885
80638 885
80639 885
80640 885
80641 885
80642 885
80643 885
80644 885
80645 885
80646 885
80647 885
80648 885
80649 885
80650 885
80651 885
80652 885
80653 885
80654 885
80655 885
80656 885
80657 885
80658 885
80659 885
80660 885
80661 885
80662 885
80663 885
80664 885
80665 885
80666 885
80667 885
80668 885
80669 885
80670 885
80671 885
80672 885
80673 885
80674 885
80675 885
80676 885
80677 885
80678 885
80679 885
80680 885
80681 885
80682 885
80683 885
80684 885
80685 885
80686 885
80687 885
80688 885
80689 885
80690 885
80691 885
80692 885
80693 885
80694 885
80695 885
80696 885
80697 885
80698 885
80699 885
80700 885
80701 885
80702 885
80703 885
80704 885
80705 885
80706 885
80707 885
80708 885
80709 885
80710 885
80711 885
80712 885
80713 885
80714 885
80715 885
80716 885
80717 885
80718 885
80719 885
80720 885
80721 885
80722 885
80723 885
80724 885
80725 885
80726 885
80727 885
80728 885
80729 885
80730 885
80731 885
80732 885
80733 885
80734 885
80735 885
80736 885
80737 885
80738 885
80739 885
80740 885
80741 885
80742 885
80743 885
80744 885
80745 886
80746 886
80747 886
80748 886
80749 886
80750 886
80751 886
80752 886
80753 886
80754 886
80755 886
80756 886
80757 886
80758 886
80759 886
80760 886
80761 886
80762 886
80763 886
80764 886
80765 886
80766 886
80767 886
80768 886
80769 886
80770 886
80771 886
80772 886
80773 886
80774 886
80775 886
80776 886
80777 886
80778 886
80779 886
80780 886
80781 886
80782 886
80783 886
80784 886
80785 886
80786 886
80787 886
80788 886
80789 886
80790 886
80791 886
80792 886
80793 886
80794 886
80795 886
80796 886
80797 886
80798 886
80799 886
80800 886
80801 886
80802 886
80803 886
80804 886
80805 886
80806 886
80807 886
80808 886
80809 886
80810 886
80811 886
80812 886
80813 886
80814 886
80815 886
80816 886
80817 886
80818 886
80819 886
80820 886
80821 886
80822 886
80823 886
80824 886
80825 886
80826 886
80827 886
80828 886
80829 886
80830 886
80831 886
80832 886
80833 886
80834 886
80835 886
80836 886
80837 886
80838 886
80839 886
80840 886
80841 886
80842 886
80843 886
80844 886
80845 886
80846 886
80847 886
80848 886
80849 886
80850 886
80851 886
80852 886
80853 886
80854 886
80855 886
80856 886
80857 887
80858 887
80859 887
80860 887
80861 887
80862 887
80863 887
80864 887
80865 887
80866 887
80867 887
80868 887
80869 887
80870 887
80871 887
80872 887
80873 887
80874 887
80875 887
80876 887
80877 887
80878 887
80879 887
80880 887
80881 887
80882 887
80883 887
80884 887
80885 887
80886 887
80887 887
80888 887
80889 887
80890 887
80891 887
80892 887
80893 887
80894 887
80895 887
80896 887
80897 887
80898 887
80899 887
80900 887
80901 887
80902 887
80903 887
80904 887
80905 887
80906 887
80907 887
80908 887
80909 887
80910 887
80911 887
80912 887
80913 887
80914 887
80915 887
80916 887
80917 887
80918 887
80919 887
80920 887
80921 887
80922 887
80923 887
80924 888
80925 888
80926 888
80927 888
80928 888
80929 888
80930 888
80931 888
80932 888
80933 888
80934 888
80935 888
80936 888
80937 888
80938 888
80939 888
80940 888
80941 888
80942 888
80943 888
80944 888
80945 888
80946 888
80947 888
80948 888
80949 888
80950 888
80951 888
80952 888
80953 888
80954 888
80955 888
80956 888
80957 888
80958 888
80959 888
80960 888
80961 888
80962 888
80963 888
80964 888
80965 888
80966 888
80967 888
80968 888
80969 888
80970 888
80971 888
80972 888
80973 888
80974 888
80975 888
80976 888
80977 888
80978 888
80979 888
80980 888
80981 888
80982 888
80983 888
80984 888
80985 888
80986 888
80987 888
80988 888
80989 888
80990 888
80991 888
80992 888
80993 888
80994 888
80995 888
80996 888
80997 888
80998 888
80999 888
81000 888
81001 888
81002 888
81003 888
81004 888
81005 888
81006 888
81007 888
81008 888
81009 888
81010 888
81011 888
81012 888
81013 888
81014 888
81015 888
81016 888
81017 888
81018 888
81019 888
81020 888
81021 888
81022 888
81023 888
81024 888
81025 888
81026 888
81027 888
81028 888
81029 888
81030 888
81031 888
81032 888
81033 888
81034 888
81035 888
81036 888
81037 888
81038 888
81039 888
81040 888
81041 888
81042 888
81043 888
81044 888
81045 888
81046 888
81047 888
81048 888
81049 889
81050 889
81051 889
81052 889
81053 889
81054 889
81055 889
81056 889
81057 889
81058 889
81059 889
81060 889
81061 889
81062 889
81063 889
81064 889
81065 889
81066 889
81067 889
81068 889
81069 889
81070 889
81071 889
81072 889
81073 889
81074 889
81075 889
81076 889
81077 889
81078 889
81079 889
81080 889
81081 889
81082 889
81083 889
81084 889
81085 889
81086 889
81087 889
81088 889
81089 889
81090 889
81091 889
81092 889
81093 889
81094 889
81095 889
81096 889
81097 889
81098 889
81099 889
81100 889
81101 889
81102 889
81103 889
81104 889
81105 889
81106 889
81107 889
81108 889
81109 889
81110 889
81111 889
81112 889
81113 889
81114 889
81115 889
81116 889
81117 889
81118 889
81119 889
81120 889
81121 889
81122 889
81123 889
81124 889
81125 889
81126 889
81127 889
81128 889
81129 889
81130 889
81131 889
81132 889
81133 889
81134 889
81135 889
81136 889
81137 889
81138 889
81139 889
81140 889
81141 889
81142 889
81143 889
81144 889
81145 889
81146 889
81147 889
81148 889
81149 889
81150 889
81151 889
81152 889
81153 889
81154 889
81155 889
81156 889
81157 889
81158 889
81159 889
81160 889
81161 889
81162 889
81163 889
81164 889
81165 889
81166 889
81167 889
81168 889
81169 889
81170 889
81171 889
81172 889
81173 889
81174 889
81175 889
81176 889
81177 889
81178 889
81179 889
81180 889
81181 889
81182 889
81183 889
81184 889
81185 889
81186 889
81187 889
81188 889
81189 889
81190 889
81191 889
81192 889
81193 889
81194 889
81195 889
81196 889
81197 889
81198 889
81199 889
81200 889
81201 889
81202 889
81203 889
81204 889
81205 889
81206 889
81207 889
81208 889
81209 889
81210 889
81211 889
81212 889
81213 889
81214 889
81215 889
81216 889
81217 889
81218 889
81219 889
81220 889
81221 889
81222 889
81223 889
81224 889
81225 889
81226 889
81227 889
81228 889
81229 889
81230 889
81231 889
81232 889
81233 889
81234 889
81235 889
81236 889
81237 889
81238 889
81239 889
81240 889
81241 889
81242 889
81243 889
81244 889
81245 889
81246 889
81247 889
81248 889
81249 889
81250 889
81251 889
81252 889
81253 889
81254 889
81255 889
81256 889
81257 889
81258 889
81259 889
81260 889
81261 889
81262 889
81263 889
81264 889
81265 889
81266 889
81267 889
81268 889
81269 889
81270 889
81271 889
81272 889
81273 889
81274 889
81275 889
81276 889
81277 889
81278 889
81279 889
81280 889
81281 889
81282 889
81283 889
81284 889
81285 889
81286 889
81287 889
81288 889
81289 889
81290 889
81291 889
81292 889
81293 889
81294 889
81295 889
81296 889
81297 889
81298 889
81299 889
81300 889
81301 889
81302 890
81303 890
81304 890
81305 890
81306 890
81307 890
81308 890
81309 890
81310 890
81311 890
81312 890
81313 890
81314 890
81315 890
81316 890
81317 890
81318 890
81319 890
81320 890
81321 890
81322 890
81323 890
81324 890
81325 890
81326 890
81327 890
81328 890
81329 890
81330 890
81331 890
81332 890
81333 890
81334 890
81335 890
81336 890
81337 890
81338 890
81339 890
81340 890
81341 890
81342 890
81343 890
81344 890
81345 890
81346 890
81347 890
81348 890
81349 890
81350 890
81351 890
81352 890
81353 890
81354 890
81355 890
81356 890
81357 890
81358 890
81359 890
81360 890
81361 890
81362 890
81363 890
81364 890
81365 890
81366 890
81367 890
81368 890
81369 890
81370 890
81371 890
81372 890
81373 890
81374 890
81375 890
81376 890
81377 890
81378 890
81379 890
81380 890
81381 890
81382 890
81383 890
81384 890
81385 890
81386 890
81387 890
81388 890
81389 890
81390 890
81391 890
81392 890
81393 890
81394 890
81395 890
81396 890
81397 890
81398 890
81399 890
81400 890
81401 890
81402 890
81403 890
81404 890
81405 890
81406 890
81407 890
81408 890
81409 890
81410 890
81411 890
81412 890
81413 890
81414 890
81415 890
81416 890
81417 890
81418 890
81419 890
81420 890
81421 890
81422 890
81423 890
81424 890
81425 890
81426 890
81427 890
81428 890
81429 890
81430 890
81431 890
81432 890
81433 890
81434 890
81435 890
81436 890
81437 890
81438 890
81439 890
81440 890
81441 890
81442 890
81443 890
81444 890
81445 890
81446 890
81447 890
81448 890
81449 890
81450 890
81451 890
81452 890
81453 890
81454 890
81455 890
81456 890
81457 890
81458 890
81459 890
81460 890
81461 890
81462 890
81463 890
81464 890
81465 890
81466 890
81467 890
81468 890
81469 890
81470 890
81471 890
81472 890
81473 890
81474 890
81475 890
81476 890
81477 890
81478 890
81479 890
81480 890
81481 890
81482 890
81483 891
81484 891
81485 891
81486 891
81487 891
81488 891
81489 891
81490 891
81491 891
81492 891
81493 891
81494 891
81495 891
81496 891
81497 891
81498 891
81499 891
81500 891
81501 891
81502 891
81503 891
81504 891
81505 891
81506 891
81507 891
81508 891
81509 891
81510 891
81511 891
81512 891
81513 891
81514 891
81515 891
81516 891
81517 891
81518 891
81519 891
81520 891
81521 891
81522 891
81523 891
81524 891
81525 891
81526 891
81527 891
81528 891
81529 891
81530 891
81531 891
81532 891
81533 891
81534 891
81535 891
81536 891
81537 891
81538 891
81539 891
81540 891
81541 891
81542 891
81543 891
81544 891
81545 891
81546 891
81547 891
81548 891
81549 891
81550 891
81551 891
81552 891
81553 891
81554 891
81555 891
81556 891
81557 891
81558 891
81559 891
81560 891
81561 891
81562 891
81563 891
81564 891
81565 891
81566 891
81567 891
81568 891
81569 891
81570 891
81571 891
81572 891
81573 891
81574 891
81575 891
81576 891
81577 891
81578 891
81579 891
81580 891
81581 891
81582 891
81583 891
81584 891
81585 891
81586 891
81587 891
81588 891
81589 891
81590 891
81591 891
81592 891
81593 891
81594 891
81595 891
81596 891
81597 891
81598 891
81599 891
81600 891
81601 891
81602 891
81603 891
81604 891
81605 891
81606 891
81607 891
81608 891
81609 891
81610 891
81611 891
81612 891
81613 891
81614 891
81615 891
81616 891
81617 891
81618 891
81619 891
81620 891
81621 891
81622 891
81623 891
81624 891
81625 891
81626 891
81627 891
81628 891
81629 891
81630 891
81631 891
81632 891
81633 891
81634 891
81635 891
81636 891
81637 891
81638 891
81639 891
81640 891
81641 891
81642 891
81643 891
81644 891
81645 891
81646 891
81647 891
81648 891
81649 891
81650 892
81651 892
81652 892
81653 892
81654 892
81655 892
81656 892
81657 892
81658 892
81659 892
81660 892
81661 892
81662 892
81663 892
81664 892
81665 892
81666 892
81667 892
81668 892
81669 892
81670 892
81671 892
81672 892
81673 892
81674 892
81675 892
81676 892
81677 892
81678 892
81679 892
81680 892
81681 892
81682 892
81683 892
81684 892
81685 892
81686 892
81687 892
81688 892
81689 892
81690 892
81691 892
81692 892
81693 892
81694 892
81695 892
81696 892
81697 892
81698 892
81699 892
81700 892
81701 892
81702 892
81703 892
81704 892
81705 892
81706 892
81707 892
81708 892
81709 892
81710 892
81711 892
81712 892
81713 892
81714 892
81715 892
81716 892
81717 892
81718 892
81719 892
81720 892
81721 892
81722 892
81723 892
81724 892
81725 892
81726 892
81727 892
81728 892
81729 892
81730 892
81731 892
81732 892
81733 892
81734 892
81735 892
81736 892
81737 892
81738 892
81739 892
81740 892
81741 892
81742 892
81743 892
81744 892
81745 892
81746 892
81747 892
81748 892
81749 892
81750 892
81751 892
81752 892
81753 892
81754 892
81755 892
81756 892
81757 892
81758 892
81759 892
81760 892
81761 892
81762 892
81763 892
81764 892
81765 892
81766 892
81767 892
81768 892
81769 892
81770 892
81771 892
81772 893
81773 893
81774 893
81775 893
81776 893
81777 893
81778 893
81779 893
81780 893
81781 893
81782 893
81783 893
81784 893
81785 893
81786 893
81787 893
81788 893
81789 893
81790 893
81791 893
81792 893
81793 893
81794 893
81795 893
81796 893
81797 893
81798 893
81799 893
81800 893
81801 893
81802 893
81803 893
81804 893
81805 893
81806 893
81807 893
81808 893
81809 893
81810 893
81811 893
81812 893
81813 893
81814 893
81815 893
81816 893
81817 893
81818 893
81819 893
81820 893
81821 893
81822 893
81823 893
81824 893
81825 893
81826 893
81827 893
81828 893
81829 893
81830 893
81831 893
81832 893
81833 893
81834 893
81835 893
81836 893
81837 893
81838 893
81839 893
81840 893
81841 893
81842 893
81843 893
81844 893
81845 893
81846 893
81847 893
81848 893
81849 893
81850 893
81851 893
81852 893
81853 893
81854 893
81855 893
81856 893
81857 893
81858 893
81859 893
81860 893
81861 893
81862 893
81863 893
81864 893
81865 893
81866 893
81867 893
81868 893
81869 893
81870 893
81871 893
81872 893
81873 893
81874 893
81875 893
81876 893
81877 893
81878 893
81879 893
81880 893
81881 894
81882 894
81883 894
81884 894
81885 894
81886 894
81887 894
81888 894
81889 894
81890 894
81891 894
81892 894
81893 894
81894 894
81895 894
81896 894
81897 894
81898 894
81899 894
81900 894
81901 894
81902 894
81903 894
81904 894
81905 894
81906 894
81907 894
81908 894
81909 894
81910 894
81911 894
81912 894
81913 894
81914 894
81915 894
81916 894
81917 894
81918 894
81919 894
81920 894
81921 894
81922 894
81923 894
81924 894
81925 894
81926 894
81927 894
81928 894
81929 894
81930 894
81931 894
81932 894
81933 894
81934 894
81935 894
81936 894
81937 894
81938 894
81939 894
81940 894
81941 894
81942 894
81943 894
81944 894
81945 894
81946 894
81947 894
81948 894
81949 894
81950 894
81951 894
81952 894
81953 894
81954 894
81955 894
81956 894
81957 894
81958 894
81959 894
81960 894
81961 894
81962 894
81963 894
81964 894
81965 894
81966 894
81967 894
81968 894
81969 894
81970 894
81971 894
81972 894
81973 894
81974 894
81975 894
81976 894
81977 894
81978 894
81979 894
81980 894
81981 894
81982 894
81983 894
81984 894
81985 894
81986 894
81987 894
81988 894
81989 894
81990 894
81991 894
81992 894
81993 894
81994 894
81995 894
81996 894
81997 894
81998 894
81999 894
82000 894
82001 894
82002 895
82003 895
82004 895
82005 895
82006 895
82007 895
82008 895
82009 895
82010 895
82011 895
82012 895
82013 895
82014 895
82015 895
82016 895
82017 895
82018 895
82019 895
82020 895
82021 895
82022 895
82023 895
82024 895
82025 895
82026 895
82027 895
82028 895
82029 895
82030 895
82031 895
82032 895
82033 895
82034 895
82035 895
82036 895
82037 895
82038 895
82039 895
82040 895
82041 895
82042 895
82043 895
82044 895
82045 895
82046 895
82047 895
82048 895
82049 895
82050 895
82051 895
82052 895
82053 895
82054 895
82055 895
82056 895
82057 895
82058 895
82059 895
82060 895
82061 895
82062 895
82063 895
82064 895
82065 895
82066 895
82067 895
82068 895
82069 895
82070 895
82071 895
82072 895
82073 895
82074 895
82075 895
82076 895
82077 895
82078 895
82079 896
82080 896
82081 896
82082 896
82083 896
82084 896
82085 896
82086 896
82087 896
82088 896
82089 896
82090 896
82091 896
82092 896
82093 896
82094 896
82095 896
82096 896
82097 896
82098 896
82099 896
82100 896
82101 896
82102 896
82103 896
82104 896
82105 896
82106 896
82107 896
82108 896
82109 896
82110 896
82111 896
82112 896
82113 896
82114 896
82115 896
82116 896
82117 896
82118 896
82119 896
82120 896
82121 896
82122 896
82123 896
82124 896
82125 896
82126 896
82127 896
82128 896
82129 896
82130 896
82131 896
82132 896
82133 896
82134 896
82135 896
82136 896
82137 896
82138 896
82139 896
82140 896
82141 896
82142 896
82143 896
82144 896
82145 896
82146 896
82147 896
82148 896
82149 896
82150 896
82151 896
82152 896
82153 896
82154 896
82155 896
82156 896
82157 896
82158 896
82159 896
82160 896
82161 896
82162 896
82163 896
82164 896
82165 896
82166 896
82167 896
82168 896
82169 896
82170 896
82171 896
82172 896
82173 896
82174 896
82175 896
82176 896
82177 896
82178 896
82179 896
82180 896
82181 896
82182 896
82183 896
82184 896
82185 896
82186 896
82187 896
82188 896
82189 896
82190 896
82191 896
82192 896
82193 896
82194 896
82195 896
82196 896
82197 896
82198 896
82199 896
82200 896
82201 896
82202 896
82203 896
82204 896
82205 896
82206 896
82207 896
82208 896
82209 896
82210 896
82211 896
82212 896
82213 896
82214 896
82215 896
82216 896
82217 896
82218 896
82219 896
82220 896
82221 896
82222 896
82223 896
82224 896
82225 896
82226 896
82227 896
82228 896
82229 896
82230 896
82231 896
82232 896
82233 896
82234 896
82235 896
82236 896
82237 896
82238 896
82239 896
82240 896
82241 896
82242 896
82243 896
82244 896
82245 896
82246 896
82247 896
82248 896
82249 896
82250 896
82251 896
82252 896
82253 896
82254 896
82255 896
82256 896
82257 896
82258 896
82259 896
82260 896
82261 896
82262 896
82263 896
82264 896
82265 896
82266 896
82267 896
82268 896
82269 896
82270 896
82271 896
82272 896
82273 896
82274 896
82275 896
82276 896
82277 896
82278 896
82279 896
82280 896
82281 896
82282 896
82283 896
82284 897
82285 897
82286 897
82287 897
82288 897
82289 897
82290 897
82291 897
82292 897
82293 897
82294 897
82295 897
82296 897
82297 897
82298 897
82299 897
82300 897
82301 897
82302 897
82303 897
82304 897
82305 897
82306 897
82307 897
82308 897
82309 897
82310 897
82311 897
82312 897
82313 897
82314 897
82315 897
82316 897
82317 897
82318 897
82319 897
82320 897
82321 897
82322 897
82323 897
82324 897
82325 897
82326 897
82327 897
82328 897
82329 897
82330 897
82331 897
82332 897
82333 897
82334 897
82335 897
82336 897
82337 897
82338 897
82339 897
82340 897
82341 897
82342 897
82343 897
82344 897
82345 897
82346 897
82347 897
82348 897
82349 897
82350 897
82351 897
82352 897
82353 897
82354 897
82355 897
82356 897
82357 897
82358 897
82359 897
82360 897
82361 897
82362 897
82363 897
82364 897
82365 897
82366 897
82367 897
82368 897
82369 897
82370 897
82371 897
82372 897
82373 897
82374 897
82375 897
82376 897
82377 897
82378 897
82379 897
82380 897
82381 897
82382 897
82383 897
82384 897
82385 897
82386 897
82387 897
82388 897
82389 897
82390 897
82391 897
82392 897
82393 897
82394 897
82395 897
82396 897
82397 897
82398 897
82399 897
82400 897
82401 897
82402 897
82403 897
82404 897
82405 897
82406 897
82407 897
82408 897
82409 897
82410 897
82411 897
82412 897
82413 897
82414 897
82415 897
82416 897
82417 897
82418 897
82419 897
82420 897
82421 897
82422 897
82423 897
82424 897
82425 897
82426 897
82427 897
82428 897
82429 897
82430 897
82431 897
82432 897
82433 897
82434 897
82435 897
82436 897
82437 897
82438 897
82439 897
82440 897
82441 897
82442 897
82443 897
82444 897
82445 897
82446 897
82447 897
82448 897
82449 897
82450 897
82451 897
82452 897
82453 897
82454 897
82455 897
82456 897
82457 897
82458 897
82459 897
82460 897
82461 897
82462 897
82463 897
82464 897
82465 897
82466 897
82467 897
82468 897
82469 897
82470 897
82471 897
82472 897
82473 897
82474 897
82475 897
82476 897
82477 897
82478 897
82479 897
82480 897
82481 897
82482 897
82483 897
82484 897
82485 897
82486 897
82487 897
82488 897
82489 897
82490 897
82491 897
82492 897
82493 897
82494 897
82495 897
82496 897
82497 897
82498 897
82499 897
82500 897
82501 897
82502 897
82503 897
82504 897
82505 897
82506 897
82507 897
82508 897
82509 897
82510 897
82511 897
82512 897
82513 897
82514 897
82515 897
82516 897
82517 897
82518 897
82519 897
82520 897
82521 897
82522 897
82523 897
82524 897
82525 897
82526 897
82527 897
82528 897
82529 897
82530 897
82531 897
82532 897
82533 897
82534 897
82535 897
82536 897
82537 897
82538 897
82539 897
82540 897
82541 897
82542 897
82543 897
82544 897
82545 897
82546 897
82547 897
82548 897
82549 897
82550 897
82551 898
82552 898
82553 898
82554 898
82555 898
82556 898
82557 898
82558 898
82559 898
82560 898
82561 898
82562 898
82563 898
82564 898
82565 898
82566 898
82567 898
82568 898
82569 898
82570 898
82571 898
82572 898
82573 898
82574 898
82575 898
82576 898
82577 898
82578 898
82579 898
82580 898
82581 898
82582 898
82583 898
82584 898
82585 898
82586 898
82587 898
82588 898
82589 898
82590 898
82591 898
82592 898
82593 898
82594 899
82595 899
82596 899
82597 899
82598 899
82599 899
82600 899
82601 899
82602 899
82603 899
82604 899
82605 899
82606 899
82607 899
82608 899
82609 899
82610 899
82611 899
82612 899
82613 899
82614 899
82615 899
82616 899
82617 899
82618 899
82619 899
82620 899
82621 899
82622 899
82623 899
82624 899
82625 899
82626 899
82627 899
82628 899
82629 899
82630 899
82631 899
82632 899
82633 899
82634 899
82635 899
82636 899
82637 899
82638 899
82639 899
82640 899
82641 899
82642 899
82643 899
82644 899
82645 899
82646 899
82647 899
82648 899
82649 899
82650 899
82651 899
82652 899
82653 899
82654 899
82655 899
82656 899
82657 899
82658 899
82659 899
82660 899
82661 899
82662 899
82663 899
82664 899
82665 899
82666 899
82667 899
82668 899
82669 899
82670 899
82671 899
82672 899
82673 899
82674 899
82675 899
82676 899
82677 899
82678 899
82679 899
82680 899
82681 899
82682 899
82683 899
82684 899
82685 899
82686 899
82687 899
82688 899
82689 899
82690 899
82691 899
82692 899
82693 899
82694 899
82695 899
82696 899
82697 899
82698 899
82699 899
82700 899
82701 899
82702 899
82703 899
82704 899
82705 899
82706 899
82707 899
82708 899
82709 899
82710 899
82711 899
82712 899
82713 899
82714 899
82715 899
82716 899
82717 899
82718 899
82719 899
82720 899
82721 899
82722 899
82723 899
82724 899
82725 899
82726 899
82727 899
82728 899
82729 899
82730 899
82731 899
82732 899
82733 899
82734 899
82735 899
82736 899
82737 899
82738 899
82739 899
82740 899
82741 899
82742 899
82743 899
82744 899
82745 899
82746 899
82747 899
82748 899
82749 899
82750 899
82751 899
82752 899
82753 899
82754 899
82755 899
82756 899
82757 899
82758 899
82759 899
82760 899
82761 899
82762 899
82763 899
82764 899
82765 899
82766 899
82767 899
82768 899
82769 899
82770 899
82771 899
82772 899
82773 899
82774 899
82775 899
82776 899
82777 899
82778 899
82779 899
82780 899
82781 899
82782 900
82783 900
82784 900
82785 900
82786 900
82787 900
82788 900
82789 900
82790 900
82791 900
82792 900
82793 900
82794 900
82795 900
82796 900
82797 900
82798 900
82799 900
82800 900
82801 900
82802 900
82803 900
82804 900
82805 900
82806 900
82807 900
82808 900
82809 900
82810 900
82811 900
82812 900
82813 900
82814 900
82815 900
82816 900
82817 900
82818 900
82819 900
82820 900
82821 900
82822 900
82823 900
82824 900
82825 900
82826 900
82827 900
82828 900
82829 900
82830 900
82831 900
82832 900
82833 900
82834 900
82835 900
82836 900
82837 900
82838 900
82839 900
82840 900
82841 900
82842 900
82843 900
82844 900
82845 900
82846 900
82847 900
82848 900
82849 900
82850 900
82851 900
82852 900
82853 900
82854 900
82855 900
82856 900
82857 900
82858 900
82859 900
82860 900
82861 900
82862 900
82863 900
82864 900
82865 900
82866 900
82867 900
82868 900
82869 900
82870 900
82871 900
82872 900
82873 900
82874 900
82875 900
82876 900
82877 900
82878 900
82879 900
82880 900
82881 900
82882 900
82883 900
82884 900
82885 900
82886 900
82887 900
82888 900
82889 900
82890 900
82891 900
82892 900
82893 900
82894 900
82895 900
82896 900
82897 900
82898 900
82899 900
82900 900
82901 900
82902 900
82903 900
82904 900
82905 900
82906 900
82907 900
82908 900
82909 900
82910 900
82911 900
82912 900
82913 900
82914 900
82915 900
82916 900
82917 900
82918 900
82919 900
82920 900
82921 900
82922 900
82923 900
82924 900
82925 900
82926 900
82927 900
82928 900
82929 900
82930 900
82931 900
82932 900
82933 900
82934 900
82935 900
82936 900
82937 900
82938 900
82939 900
82940 900
82941 900
82942 900
82943 900
82944 900
82945 900
82946 900
82947 900
82948 900
82949 900
82950 900
82951 900
82952 900
82953 900
82954 900
82955 900
82956 900
82957 900
82958 900
82959 900
82960 900
82961 900
82962 900
82963 900
82964 900
82965 900
82966 900
82967 901
82968 901
82969 901
82970 901
82971 901
82972 901
82973 901
82974 901
82975 901
82976 901
82977 901
82978 901
82979 901
82980 901
82981 901
82982 901
82983 901
82984 901
82985 901
82986 901
82987 901
82988 901
82989 901
82990 901
82991 901
82992 901
82993 901
82994 901
82995 901
82996 901
82997 901
82998 901
82999 901
83000 901
83001 901
83002 901
83003 901
83004 901
83005 901
83006 901
83007 901
83008 901
83009 901
83010 901
83011 901
83012 901
83013 901
83014 901
83015 901
83016 901
83017 901
83018 901
83019 901
83020 901
83021 901
83022 901
83023 901
83024 901
83025 901
83026 901
83027 901
83028 901
83029 901
83030 901
83031 901
83032 901
83033 901
83034 901
83035 901
83036 901
83037 901
83038 901
83039 901
83040 901
83041 901
83042 901
83043 901
83044 901
83045 901
83046 901
83047 901
83048 901
83049 901
83050 901
83051 901
83052 901
83053 901
83054 901
83055 901
83056 901
83057 901
83058 901
83059 901
83060 901
83061 901
83062 901
83063 901
83064 901
83065 901
83066 901
83067 901
83068 901
83069 901
83070 901
83071 901
83072 901
83073 901
83074 901
83075 901
83076 901
83077 901
83078 901
83079 901
83080 901
83081 901
83082 901
83083 901
83084 901
83085 901
83086 901
83087 901
83088 901
83089 902
83090 902
83091 902
83092 902
83093 902
83094 902
83095 902
83096 902
83097 902
83098 902
83099 902
83100 902
83101 902
83102 902
83103 902
83104 902
83105 902
83106 902
83107 902
83108 902
83109 902
83110 902
83111 902
83112 902
83113 902
83114 902
83115 902
83116 902
83117 902
83118 902
83119 902
83120 902
83121 902
83122 902
83123 902
83124 902
83125 902
83126 902
83127 902
83128 902
83129 902
83130 902
83131 902
83132 902
83133 902
83134 902
83135 902
83136 902
83137 902
83138 902
83139 902
83140 902
83141 902
83142 902
83143 902
83144 902
83145 902
83146 902
83147 902
83148 902
83149 902
83150 902
83151 902
83152 902
83153 902
83154 902
83155 902
83156 902
83157 902
83158 902
83159 902
83160 902
83161 902
83162 902
83163 902
83164 902
83165 902
83166 902
83167 902
83168 902
83169 902
83170 902
83171 902
83172 902
83173 902
83174 902
83175 902
83176 902
83177 902
83178 902
83179 902
83180 902
83181 902
83182 902
83183 902
83184 902
83185 902
83186 902
83187 902
83188 902
83189 902
83190 902
83191 902
83192 902
83193 902
83194 902
83195 902
83196 902
83197 902
83198 902
83199 902
83200 902
83201 902
83202 902
83203 902
83204 902
83205 902
83206 902
83207 902
83208 902
83209 902
83210 902
83211 902
83212 902
83213 902
83214 902
83215 902
83216 902
83217 902
83218 902
83219 902
83220 902
83221 902
83222 902
83223 902
83224 902
83225 902
83226 902
83227 902
83228 902
83229 902
83230 902
83231 902
83232 902
83233 902
83234 902
83235 902
83236 902
83237 902
83238 902
83239 902
83240 902
83241 902
83242 902
83243 902
83244 902
83245 902
83246 902
83247 902
83248 902
83249 902
83250 902
83251 902
83252 902
83253 902
83254 902
83255 902
83256 902
83257 902
83258 902
83259 902
83260 903
83261 903
83262 903
83263 903
83264 903
83265 903
83266 903
83267 903
83268 903
83269 903
83270 903
83271 903
83272 903
83273 903
83274 903
83275 903
83276 903
83277 903
83278 903
83279 903
83280 903
83281 903
83282 903
83283 903
83284 903
83285 903
83286 903
83287 903
83288 903
83289 903
83290 903
83291 903
83292 903
83293 903
83294 903
83295 903
83296 903
83297 903
83298 903
83299 903
83300 903
83301 903
83302 903
83303 903
83304 903
83305 903
83306 903
83307 903
83308 903
83309 903
83310 903
83311 903
83312 903
83313 903
83314 903
83315 903
83316 903
83317 903
83318 903
83319 903
83320 903
83321 903
83322 903
83323 903
83324 903
83325 903
83326 903
83327 903
83328 903
83329 903
83330 903
83331 903
83332 903
83333 903
83334 903
83335 903
83336 903
83337 903
83338 903
83339 903
83340 903
83341 903
83342 903
83343 903
83344 903
83345 903
83346 903
83347 903
83348 903
83349 903
83350 907
83351 907
83352 907
83353 907
83354 907
83355 907
83356 907
83357 907
83358 907
83359 907
83360 907
83361 907
83362 907
83363 907
83364 907
83365 907
83366 907
83367 907
83368 907
83369 907
83370 907
83371 907
83372 907
83373 907
83374 907
83375 907
83376 907
83377 907
83378 907
83379 907
83380 907
83381 907
83382 907
83383 907
83384 907
83385 907
83386 907
83387 907
83388 907
83389 907
83390 907
83391 907
83392 907
83393 907
83394 907
83395 907
83396 907
83397 907
83398 907
83399 907
83400 907
83401 907
83402 907
83403 907
83404 907
83405 907
83406 907
83407 907
83408 907
83409 907
83410 907
83411 907
83412 907
83413 907
83414 907
83415 907
83416 907
83417 907
83418 907
83419 907
83420 907
83421 907
83422 907
83423 907
83424 907
83425 907
83426 907
83427 907
83428 907
83429 907
83430 907
83431 907
83432 907
83433 907
83434 907
83435 907
83436 907
83437 907
83438 907
83439 907
83440 907
83441 907
83442 907
83443 907
83444 907
83445 907
83446 907
83447 907
83448 907
83449 907
83450 907
83451 907
83452 907
83453 907
83454 907
83455 907
83456 907
83457 907
83458 907
83459 907
83460 907
83461 907
83462 907
83463 907
83464 907
83465 907
83466 907
83467 907
83468 907
83469 908
83470 908
83471 908
83472 908
83473 908
83474 908
83475 908
83476 908
83477 908
83478 908
83479 908
83480 908
83481 908
83482 908
83483 908
83484 908
83485 908
83486 908
83487 908
83488 908
83489 908
83490 908
83491 908
83492 908
83493 908
83494 908
83495 908
83496 908
83497 908
83498 908
83499 908
83500 908
83501 908
83502 908
83503 908
83504 908
83505 908
83506 908
83507 908
83508 908
83509 908
83510 908
83511 908
83512 908
83513 908
83514 908
83515 908
83516 908
83517 908
83518 908
83519 908
83520 908
83521 908
83522 908
83523 908
83524 908
83525 908
83526 908
83527 908
83528 908
83529 908
83530 908
83531 908
83532 908
83533 908
83534 908
83535 908
83536 908
83537 908
83538 908
83539 908
83540 908
83541 908
83542 908
83543 908
83544 908
83545 908
83546 908
83547 908
83548 908
83549 908
83550 908
83551 908
83552 908
83553 908
83554 908
83555 908
83556 908
83557 908
83558 908
83559 908
83560 908
83561 908
83562 908
83563 908
83564 908
83565 908
83566 908
83567 909
83568 909
83569 909
83570 909
83571 909
83572 909
83573 909
83574 909
83575 909
83576 909
83577 909
83578 909
83579 909
83580 909
83581 909
83582 909
83583 909
83584 909
83585 909
83586 909
83587 909
83588 909
83589 909
83590 909
83591 909
83592 909
83593 909
83594 909
83595 909
83596 909
83597 909
83598 909
83599 909
83600 909
83601 909
83602 909
83603 909
83604 909
83605 909
83606 909
83607 909
83608 909
83609 909
83610 909
83611 909
83612 909
83613 909
83614 909
83615 909
83616 909
83617 909
83618 909
83619 909
83620 909
83621 909
83622 909
83623 909
83624 909
83625 909
83626 909
83627 909
83628 909
83629 909
83630 909
83631 909
83632 909
83633 909
83634 909
83635 909
83636 909
83637 909
83638 909
83639 909
83640 909
83641 909
83642 909
83643 909
83644 909
83645 909
83646 909
83647 909
83648 909
83649 909
83650 909
83651 909
83652 909
83653 909
83654 909
83655 909
83656 909
83657 909
83658 909
83659 909
83660 909
83661 909
83662 909
83663 909
83664 910
83665 910
83666 910
83667 910
83668 910
83669 910
83670 910
83671 910
83672 910
83673 910
83674 910
83675 910
83676 910
83677 910
83678 910
83679 910
83680 910
83681 910
83682 910
83683 910
83684 910
83685 910
83686 910
83687 910
83688 910
83689 910
83690 910
83691 910
83692 910
83693 910
83694 910
83695 910
83696 910
83697 910
83698 910
83699 910
83700 910
83701 910
83702 910
83703 910
83704 910
83705 910
83706 910
83707 910
83708 910
83709 910
83710 910
83711 910
83712 910
83713 910
83714 910
83715 910
83716 910
83717 910
83718 910
83719 910
83720 910
83721 910
83722 910
83723 910
83724 910
83725 910
83726 910
83727 910
83728 910
83729 910
83730 910
83731 910
83732 910
83733 910
83734 910
83735 910
83736 910
83737 910
83738 910
83739 910
83740 910
83741 910
83742 910
83743 910
83744 910
83745 910
83746 910
83747 910
83748 910
83749 910
83750 910
83751 910
83752 910
83753 910
83754 910
83755 910
83756 910
83757 910
83758 910
83759 910
83760 910
83761 910
83762 910
83763 910
83764 910
83765 910
83766 910
83767 910
83768 910
83769 910
83770 910
83771 910
83772 910
83773 910
83774 910
83775 910
83776 910
83777 910
83778 910
83779 910
83780 910
83781 910
83782 910
83783 910
83784 910
83785 910
83786 910
83787 910
83788 910
83789 910
83790 910
83791 910
83792 910
83793 910
83794 910
83795 910
83796 910
83797 910
83798 910
83799 910
83800 910
83801 910
83802 910
83803 910
83804 910
83805 910
83806 910
83807 910
83808 910
83809 910
83810 910
83811 910
83812 910
83813 911
83814 911
83815 911
83816 911
83817 911
83818 911
83819 911
83820 911
83821 911
83822 911
83823 911
83824 911
83825 911
83826 911
83827 911
83828 911
83829 911
83830 911
83831 911
83832 911
83833 911
83834 911
83835 911
83836 911
83837 911
83838 911
83839 911
83840 911
83841 911
83842 911
83843 911
83844 911
83845 911
83846 911
83847 911
83848 911
83849 911
83850 911
83851 911
83852 911
83853 911
83854 911
83855 911
83856 911
83857 911
83858 911
83859 911
83860 911
83861 911
83862 911
83863 911
83864 911
83865 911
83866 911
83867 911
83868 911
83869 911
83870 911
83871 911
83872 911
83873 911
83874 911
83875 911
83876 911
83877 911
83878 911
83879 911
83880 911
83881 911
83882 911
83883 911
83884 911
83885 911
83886 911
83887 911
83888 911
83889 911
83890 911
83891 911
83892 911
83893 911
83894 911
83895 911
83896 911
83897 911
83898 911
83899 911
83900 911
83901 911
83902 911
83903 911
83904 911
83905 911
83906 911
83907 911
83908 911
83909 911
83910 911
83911 911
83912 911
83913 911
83914 911
83915 911
83916 911
83917 911
83918 911
83919 911
83920 911
83921 911
83922 911
83923 911
83924 911
83925 911
83926 911
83927 911
83928 911
83929 911
83930 911
83931 911
83932 911
83933 911
83934 912
83935 912
83936 912
83937 912
83938 912
83939 912
83940 912
83941 912
83942 912
83943 912
83944 912
83945 912
83946 912
83947 912
83948 912
83949 912
83950 912
83951 912
83952 912
83953 912
83954 912
83955 912
83956 912
83957 912
83958 912
83959 912
83960 912
83961 912
83962 912
83963 912
83964 912
83965 912
83966 912
83967 912
83968 912
83969 912
83970 912
83971 912
83972 912
83973 912
83974 912
83975 912
83976 912
83977 912
83978 912
83979 912
83980 912
83981 912
83982 912
83983 912
83984 912
83985 912
83986 912
83987 912
83988 912
83989 912
83990 912
83991 912
83992 912
83993 912
83994 912
83995 912
83996 912
83997 912
83998 912
83999 912
84000 912
84001 912
84002 912
84003 912
84004 912
84005 912
84006 912
84007 912
84008 912
84009 912
84010 912
84011 912
84012 912
84013 912
84014 912
84015 912
84016 912
84017 912
84018 912
84019 912
84020 912
84021 912
84022 912
84023 912
84024 912
84025 912
84026 912
84027 912
84028 912
84029 912
84030 912
84031 912
84032 912
84033 912
84034 912
84035 912
84036 912
84037 912
84038 912
84039 912
84040 912
84041 912
84042 912
84043 912
84044 912
84045 912
84046 912
84047 912
84048 912
84049 912
84050 912
84051 912
84052 912
84053 913
84054 913
84055 913
84056 913
84057 913
84058 913
84059 913
84060 913
84061 913
84062 913
84063 913
84064 913
84065 913
84066 913
84067 913
84068 913
84069 913
84070 913
84071 913
84072 913
84073 913
84074 913
84075 913
84076 913
84077 913
84078 913
84079 913
84080 913
84081 913
84082 913
84083 913
84084 913
84085 913
84086 913
84087 913
84088 913
84089 913
84090 913
84091 913
84092 913
84093 913
84094 913
84095 913
84096 913
84097 913
84098 913
84099 913
84100 913
84101 913
84102 913
84103 913
84104 913
84105 913
84106 913
84107 913
84108 913
84109 913
84110 913
84111 913
84112 913
84113 913
84114 913
84115 913
84116 913
84117 913
84118 913
84119 913
84120 913
84121 913
84122 913
84123 913
84124 913
84125 913
84126 913
84127 913
84128 913
84129 913
84130 913
84131 913
84132 913
84133 913
84134 913
84135 913
84136 913
84137 913
84138 913
84139 913
84140 913
84141 913
84142 913
84143 913
84144 913
84145 913
84146 913
84147 913
84148 913
84149 913
84150 913
84151 913
84152 913
84153 913
84154 913
84155 913
84156 913
84157 913
84158 913
84159 913
84160 913
84161 913
84162 913
84163 913
84164 913
84165 913
84166 913
84167 913
84168 913
84169 913
84170 913
84171 913
84172 913
84173 913
84174 913
84175 913
84176 913
84177 913
84178 913
84179 913
84180 913
84181 913
84182 913
84183 913
84184 913
84185 913
84186 913
84187 913
84188 913
84189 913
84190 913
84191 913
84192 913
84193 913
84194 913
84195 913
84196 913
84197 913
84198 913
84199 913
84200 913
84201 913
84202 913
84203 913
84204 913
84205 913
84206 913
84207 913
84208 913
84209 913
84210 913
84211 913
84212 913
84213 913
84214 913
84215 913
84216 913
84217 913
84218 913
84219 913
84220 913
84221 913
84222 913
84223 913
84224 913
84225 913
84226 913
84227 913
84228 913
84229 913
84230 913
84231 913
84232 913
84233 913
84234 913
84235 913
84236 913
84237 913
84238 913
84239 913
84240 913
84241 913
84242 913
84243 913
84244 913
84245 913
84246 913
84247 913
84248 913
84249 913
84250 913
84251 913
84252 913
84253 913
84254 913
84255 913
84256 913
84257 913
84258 913
84259 913
84260 913
84261 913
84262 913
84263 913
84264 913
84265 913
84266 913
84267 913
84268 913
84269 913
84270 913
84271 913
84272 913
84273 913
84274 913
84275 913
84276 913
84277 913
84278 913
84279 913
84280 913
84281 913
84282 913
84283 913
84284 913
84285 913
84286 913
84287 913
84288 913
84289 913
84290 913
84291 913
84292 913
84293 913
84294 913
84295 913
84296 913
84297 913
84298 913
84299 913
84300 913
84301 913
84302 913
84303 914
84304 914
84305 914
84306 914
84307 914
84308 914
84309 914
84310 914
84311 914
84312 914
84313 914
84314 914
84315 914
84316 914
84317 914
84318 914
84319 914
84320 914
84321 914
84322 914
84323 914
84324 914
84325 914
84326 914
84327 914
84328 914
84329 914
84330 914
84331 914
84332 914
84333 914
84334 914
84335 914
84336 914
84337 914
84338 914
84339 914
84340 914
84341 914
84342 914
84343 914
84344 914
84345 914
84346 914
84347 914
84348 914
84349 914
84350 914
84351 914
84352 914
84353 914
84354 914
84355 914
84356 914
84357 914
84358 914
84359 914
84360 914
84361 914
84362 914
84363 914
84364 914
84365 914
84366 914
84367 914
84368 914
84369 914
84370 914
84371 914
84372 914
84373 914
84374 914
84375 914
84376 914
84377 914
84378 914
84379 914
84380 914
84381 914
84382 914
84383 914
84384 914
84385 914
84386 914
84387 914
84388 914
84389 914
84390 914
84391 914
84392 914
84393 914
84394 914
84395 914
84396 914
84397 914
84398 914
84399 914
84400 914
84401 914
84402 915
84403 915
84404 915
84405 915
84406 915
84407 915
84408 915
84409 915
84410 915
84411 915
84412 915
84413 915
84414 915
84415 915
84416 915
84417 915
84418 915
84419 915
84420 915
84421 915
84422 915
84423 915
84424 915
84425 915
84426 915
84427 915
84428 915
84429 915
84430 915
84431 915
84432 915
84433 915
84434 915
84435 915
84436 915
84437 915
84438 915
84439 915
84440 915
84441 915
84442 915
84443 915
84444 915
84445 915
84446 915
84447 915
84448 915
84449 915
84450 915
84451 915
84452 915
84453 915
84454 915
84455 915
84456 915
84457 915
84458 915
84459 915
84460 915
84461 915
84462 915
84463 915
84464 915
84465 915
84466 915
84467 915
84468 915
84469 915
84470 915
84471 915
84472 915
84473 915
84474 915
84475 915
84476 915
84477 915
84478 915
84479 915
84480 915
84481 915
84482 915
84483 915
84484 915
84485 915
84486 915
84487 915
84488 915
84489 915
84490 915
84491 915
84492 915
84493 915
84494 915
84495 915
84496 915
84497 915
84498 915
84499 915
84500 915
84501 915
84502 915
84503 915
84504 915
84505 915
84506 915
84507 915
84508 915
84509 915
84510 915
84511 915
84512 915
84513 915
84514 915
84515 915
84516 915
84517 915
84518 915
84519 915
84520 915
84521 915
84522 915
84523 915
84524 915
84525 915
84526 915
84527 915
84528 915
84529 915
84530 915
84531 915
84532 915
84533 915
84534 915
84535 915
84536 915
84537 915
84538 915
84539 915
84540 915
84541 915
84542 915
84543 915
84544 915
84545 915
84546 915
84547 915
84548 915
84549 915
84550 915
84551 915
84552 915
84553 915
84554 915
84555 915
84556 915
84557 915
84558 915
84559 915
84560 915
84561 915
84562 915
84563 915
84564 915
84565 915
84566 915
84567 915
84568 915
84569 915
84570 915
84571 915
84572 915
84573 915
84574 915
84575 915
84576 915
84577 915
84578 915
84579 915
84580 915
84581 915
84582 915
84583 915
84584 915
84585 915
84586 915
84587 915
84588 915
84589 915
84590 915
84591 915
84592 915
84593 915
84594 915
84595 915
84596 915
84597 915
84598 915
84599 915
84600 915
84601 915
84602 915
84603 915
84604 915
84605 915
84606 915
84607 915
84608 915
84609 915
84610 915
84611 915
84612 915
84613 915
84614 915
84615 915
84616 915
84617 915
84618 915
84619 915
84620 915
84621 915
84622 915
84623 915
84624 915
84625 915
84626 915
84627 915
84628 915
84629 915
84630 915
84631 915
84632 915
84633 915
84634 915
84635 915
84636 915
84637 915
84638 915
84639 915
84640 915
84641 915
84642 915
84643 915
84644 915
84645 915
84646 915
84647 915
84648 915
84649 915
84650 915
84651 915
84652 915
84653 915
84654 915
84655 915
84656 915
84657 915
84658 915
84659 915
84660 915
84661 915
84662 915
84663 915
84664 915
84665 915
84666 915
84667 915
84668 915
84669 915
84670 915
84671 915
84672 915
84673 915
84674 915
84675 915
84676 915
84677 915
84678 915
84679 915
84680 915
84681 915
84682 915
84683 915
84684 915
84685 915
84686 915
84687 915
84688 915
84689 915
84690 915
84691 915
84692 915
84693 915
84694 915
84695 915
84696 915
84697 915
84698 915
84699 915
84700 915
84701 915
84702 915
84703 915
84704 915
84705 915
84706 915
84707 915
84708 915
84709 915
84710 915
84711 915
84712 915
84713 915
84714 915
84715 915
84716 915
84717 915
84718 915
84719 915
84720 915
84721 915
84722 915
84723 915
84724 915
84725 915
84726 915
84727 915
84728 915
84729 915
84730 915
84731 915
84732 915
84733 915
84734 915
84735 915
84736 915
84737 915
84738 915
84739 915
84740 915
84741 915
84742 915
84743 915
84744 915
84745 915
84746 915
84747 915
84748 915
84749 915
84750 915
84751 915
84752 915
84753 915
84754 915
84755 915
84756 915
84757 915
84758 915
84759 915
84760 915
84761 915
84762 915
84763 915
84764 915
84765 915
84766 915
84767 915
84768 915
84769 915
84770 915
84771 915
84772 915
84773 915
84774 915
84775 915
84776 915
84777 915
84778 915
84779 915
84780 915
84781 915
84782 915
84783 915
84784 916
84785 916
84786 916
84787 916
84788 916
84789 916
84790 916
84791 916
84792 916
84793 916
84794 916
84795 916
84796 916
84797 916
84798 916
84799 916
84800 916
84801 916
84802 916
84803 916
84804 916
84805 916
84806 916
84807 916
84808 916
84809 916
84810 916
84811 916
84812 916
84813 916
84814 916
84815 916
84816 916
84817 916
84818 916
84819 916
84820 916
84821 916
84822 916
84823 916
84824 916
84825 916
84826 916
84827 916
84828 916
84829 916
84830 916
84831 916
84832 916
84833 916
84834 916
84835 916
84836 916
84837 916
84838 916
84839 916
84840 916
84841 916
84842 916
84843 916
84844 916
84845 916
84846 916
84847 916
84848 916
84849 916
84850 916
84851 916
84852 916
84853 916
84854 916
84855 916
84856 916
84857 916
84858 916
84859 916
84860 916
84861 916
84862 916
84863 916
84864 916
84865 916
84866 916
84867 916
84868 916
84869 916
84870 916
84871 916
84872 916
84873 916
84874 916
84875 916
84876 916
84877 916
84878 916
84879 916
84880 916
84881 916
84882 916
84883 916
84884 916
84885 916
84886 916
84887 916
84888 916
84889 916
84890 916
84891 916
84892 916
84893 916
84894 916
84895 916
84896 916
84897 916
84898 916
84899 916
84900 916
84901 916
84902 916
84903 916
84904 916
84905 917
84906 917
84907 917
84908 917
84909 917
84910 917
84911 917
84912 917
84913 917
84914 917
84915 917
84916 917
84917 917
84918 917
84919 917
84920 917
84921 917
84922 917
84923 917
84924 917
84925 917
84926 917
84927 917
84928 917
84929 917
84930 917
84931 917
84932 917
84933 917
84934 917
84935 917
84936 917
84937 917
84938 917
84939 917
84940 917
84941 917
84942 917
84943 917
84944 917
84945 917
84946 917
84947 917
84948 917
84949 917
84950 917
84951 917
84952 917
84953 917
84954 917
84955 917
84956 917
84957 917
84958 917
84959 917
84960 917
84961 917
84962 917
84963 917
84964 917
84965 917
84966 917
84967 917
84968 917
84969 917
84970 917
84971 917
84972 917
84973 917
84974 917
84975 917
84976 917
84977 917
84978 917
84979 917
84980 917
84981 917
84982 917
84983 917
84984 917
84985 917
84986 917
84987 917
84988 917
84989 918
84990 918
84991 918
84992 918
84993 918
84994 918
84995 918
84996 918
84997 918
84998 918
84999 918
85000 918
85001 918
85002 918
85003 918
85004 918
85005 918
85006 918
85007 918
85008 918
85009 918
85010 918
85011 918
85012 918
85013 918
85014 918
85015 918
85016 918
85017 918
85018 918
85019 918
85020 918
85021 918
85022 918
85023 918
85024 918
85025 918
85026 918
85027 918
85028 918
85029 918
85030 918
85031 918
85032 918
85033 918
85034 918
85035 918
85036 918
85037 918
85038 918
85039 918
85040 918
85041 918
85042 918
85043 918
85044 918
85045 918
85046 918
85047 918
85048 918
85049 918
85050 918
85051 918
85052 918
85053 918
85054 918
85055 918
85056 918
85057 918
85058 918
85059 918
85060 918
85061 918
85062 918
85063 918
85064 918
85065 918
85066 918
85067 918
85068 918
85069 918
85070 918
85071 918
85072 918
85073 918
85074 918
85075 918
85076 918
85077 918
85078 918
85079 918
85080 918
85081 918
85082 918
85083 918
85084 918
85085 918
85086 918
85087 918
85088 918
85089 918
85090 918
85091 918
85092 918
85093 918
85094 918
85095 918
85096 918
85097 918
85098 918
85099 918
85100 918
85101 918
85102 918
85103 918
85104 918
85105 918
85106 918
85107 918
85108 919
85109 919
85110 919
85111 919
85112 919
85113 919
85114 919
85115 919
85116 919
85117 919
85118 919
85119 919
85120 919
85121 919
85122 919
85123 919
85124 919
85125 919
85126 919
85127 919
85128 919
85129 919
85130 919
85131 919
85132 919
85133 919
85134 919
85135 919
85136 919
85137 919
85138 919
85139 919
85140 919
85141 919
85142 919
85143 919
85144 919
85145 919
85146 919
85147 919
85148 919
85149 919
85150 919
85151 919
85152 919
85153 919
85154 919
85155 919
85156 919
85157 919
85158 919
85159 919
85160 919
85161 919
85162 919
85163 919
85164 919
85165 919
85166 919
85167 919
85168 919
85169 919
85170 919
85171 919
85172 919
85173 919
85174 919
85175 919
85176 919
85177 919
85178 919
85179 919
85180 919
85181 919
85182 919
85183 919
85184 919
85185 919
85186 919
85187 919
85188 919
85189 919
85190 919
85191 919
85192 919
85193 919
85194 919
85195 919
85196 919
85197 919
85198 919
85199 919
85200 919
85201 919
85202 919
85203 919
85204 919
85205 919
85206 919
85207 919
85208 919
85209 919
85210 919
85211 919
85212 919
85213 919
85214 919
85215 919
85216 919
85217 919
85218 919
85219 919
85220 919
85221 919
85222 919
85223 919
85224 919
85225 919
85226 919
85227 919
85228 919
85229 919
85230 919
85231 919
85232 919
85233 919
85234 919
85235 919
85236 919
85237 919
85238 919
85239 919
85240 919
85241 919
85242 919
85243 919
85244 919
85245 919
85246 919
85247 920
85248 920
85249 920
85250 920
85251 920
85252 920
85253 920
85254 920
85255 920
85256 920
85257 920
85258 920
85259 920
85260 920
85261 920
85262 920
85263 920
85264 920
85265 920
85266 920
85267 920
85268 920
85269 920
85270 920
85271 920
85272 920
85273 920
85274 920
85275 920
85276 920
85277 920
85278 920
85279 920
85280 920
85281 920
85282 920
85283 920
85284 920
85285 920
85286 920
85287 920
85288 920
85289 920
85290 920
85291 920
85292 920
85293 920
85294 920
85295 920
85296 920
85297 920
85298 920
85299 920
85300 920
85301 920
85302 920
85303 920
85304 920
85305 920
85306 920
85307 920
85308 920
85309 920
85310 920
85311 920
85312 920
85313 920
85314 920
85315 920
85316 920
85317 920
85318 920
85319 920
85320 920
85321 920
85322 920
85323 920
85324 920
85325 920
85326 920
85327 920
85328 920
85329 920
85330 920
85331 920
85332 920
85333 920
85334 920
85335 920
85336 920
85337 920
85338 920
85339 920
85340 920
85341 920
85342 920
85343 920
85344 920
85345 920
85346 920
85347 920
85348 920
85349 920
85350 920
85351 920
85352 920
85353 920
85354 920
85355 920
85356 920
85357 920
85358 920
85359 920
85360 920
85361 920
85362 920
85363 920
85364 920
85365 920
85366 920
85367 920
85368 920
85369 920
85370 920
85371 920
85372 920
85373 920
85374 920
85375 920
85376 920
85377 920
85378 920
85379 920
85380 920
85381 920
85382 920
85383 920
85384 920
85385 920
85386 920
85387 920
85388 920
85389 920
85390 920
85391 920
85392 920
85393 920
85394 920
85395 920
85396 920
85397 920
85398 920
85399 920
85400 920
85401 920
85402 920
85403 920
85404 920
85405 921
85406 921
85407 921
85408 921
85409 921
85410 921
85411 921
85412 921
85413 921
85414 921
85415 921
85416 921
85417 921
85418 921
85419 921
85420 921
85421 921
85422 921
85423 921
85424 921
85425 921
85426 921
85427 921
85428 921
85429 921
85430 921
85431 921
85432 921
85433 921
85434 921
85435 921
85436 921
85437 921
85438 921
85439 921
85440 921
85441 921
85442 921
85443 921
85444 921
85445 921
85446 921
85447 921
85448 921
85449 921
85450 921
85451 921
85452 921
85453 921
85454 921
85455 921
85456 921
85457 921
85458 921
85459 921
85460 921
85461 921
85462 921
85463 921
85464 921
85465 921
85466 921
85467 921
85468 921
85469 921
85470 921
85471 921
85472 921
85473 921
85474 921
85475 921
85476 921
85477 921
85478 921
85479 921
85480 921
85481 921
85482 921
85483 921
85484 921
85485 921
85486 921
85487 921
85488 921
85489 921
85490 921
85491 921
85492 921
85493 921
85494 921
85495 921
85496 921
85497 921
85498 921
85499 921
85500 921
85501 921
85502 921
85503 921
85504 921
85505 921
85506 921
85507 921
85508 921
85509 921
85510 921
85511 921
85512 921
85513 921
85514 921
85515 921
85516 921
85517 921
85518 921
85519 921
85520 921
85521 921
85522 921
85523 921
85524 921
85525 921
85526 921
85527 921
85528 921
85529 921
85530 921
85531 921
85532 921
85533 921
85534 921
85535 921
85536 921
85537 921
85538 921
85539 921
85540 921
85541 921
85542 921
85543 921
85544 921
85545 921
85546 921
85547 921
85548 921
85549 921
85550 921
85551 921
85552 921
85553 921
85554 921
85555 921
85556 921
85557 921
85558 922
85559 922
85560 922
85561 922
85562 922
85563 922
85564 922
85565 922
85566 922
85567 922
85568 922
85569 922
85570 922
85571 922
85572 922
85573 922
85574 922
85575 922
85576 922
85577 922
85578 922
85579 922
85580 922
85581 922
85582 922
85583 922
85584 922
85585 922
85586 922
85587 922
85588 922
85589 922
85590 922
85591 922
85592 922
85593 922
85594 922
85595 922
85596 922
85597 922
85598 922
85599 922
85600 922
85601 922
85602 922
85603 922
85604 922
85605 922
85606 922
85607 922
85608 922
85609 922
85610 922
85611 922
85612 922
85613 922
85614 922
85615 922
85616 922
85617 922
85618 922
85619 922
85620 922
85621 922
85622 922
85623 922
85624 922
85625 922
85626 922
85627 922
85628 922
85629 922
85630 922
85631 922
85632 922
85633 922
85634 922
85635 922
85636 922
85637 922
85638 922
85639 922
85640 922
85641 922
85642 922
85643 922
85644 922
85645 922
85646 922
85647 922
85648 922
85649 922
85650 922
85651 922
85652 922
85653 922
85654 922
85655 922
85656 922
85657 922
85658 922
85659 922
85660 922
85661 922
85662 922
85663 922
85664 922
85665 922
85666 922
85667 922
85668 922
85669 922
85670 922
85671 922
85672 922
85673 922
85674 922
85675 922
85676 922
85677 922
85678 922
85679 922
85680 922
85681 922
85682 922
85683 922
85684 922
85685 922
85686 922
85687 922
85688 922
85689 922
85690 922
85691 922
85692 922
85693 922
85694 922
85695 922
85696 922
85697 922
85698 922
85699 922
85700 922
85701 922
85702 922
85703 922
85704 922
85705 922
85706 922
85707 922
85708 922
85709 922
85710 922
85711 922
85712 922
85713 922
85714 922
85715 922
85716 922
85717 922
85718 922
85719 922
85720 923
85721 923
85722 923
85723 923
85724 923
85725 923
85726 923
85727 923
85728 923
85729 923
85730 923
85731 923
85732 923
85733 923
85734 923
85735 923
85736 923
85737 923
85738 923
85739 923
85740 923
85741 923
85742 923
85743 923
85744 923
85745 923
85746 923
85747 923
85748 923
85749 923
85750 923
85751 923
85752 923
85753 923
85754 923
85755 923
85756 923
85757 923
85758 923
85759 923
85760 923
85761 923
85762 923
85763 923
85764 923
85765 923
85766 923
85767 923
85768 923
85769 923
85770 923
85771 923
85772 923
85773 923
85774 923
85775 923
85776 923
85777 923
85778 923
85779 923
85780 923
85781 923
85782 923
85783 923
85784 923
85785 923
85786 923
85787 923
85788 923
85789 923
85790 923
85791 923
85792 923
85793 923
85794 923
85795 923
85796 923
85797 923
85798 923
85799 923
85800 923
85801 923
85802 923
85803 923
85804 923
85805 923
85806 923
85807 923
85808 923
85809 923
85810 923
85811 923
85812 923
85813 923
85814 923
85815 923
85816 923
85817 923
85818 923
85819 923
85820 923
85821 923
85822 923
85823 923
85824 923
85825 923
85826 923
85827 923
85828 923
85829 923
85830 923
85831 923
85832 923
85833 923
85834 923
85835 923
85836 923
85837 923
85838 923
85839 923
85840 923
85841 923
85842 923
85843 923
85844 923
85845 923
85846 923
85847 923
85848 923
85849 923
85850 923
85851 923
85852 923
85853 923
85854 923
85855 923
85856 924
85857 924
85858 924
85859 924
85860 924
85861 924
85862 924
85863 924
85864 924
85865 924
85866 924
85867 924
85868 924
85869 924
85870 924
85871 924
85872 924
85873 924
85874 924
85875 924
85876 924
85877 924
85878 924
85879 924
85880 924
85881 924
85882 924
85883 924
85884 924
85885 924
85886 924
85887 924
85888 924
85889 924
85890 924
85891 924
85892 924
85893 924
85894 924
85895 924
85896 924
85897 924
85898 924
85899 924
85900 924
85901 924
85902 924
85903 924
85904 924
85905 924
85906 924
85907 924
85908 924
85909 924
85910 924
85911 924
85912 924
85913 924
85914 924
85915 924
85916 924
85917 924
85918 924
85919 924
85920 924
85921 924
85922 924
85923 924
85924 924
85925 924
85926 924
85927 924
85928 924
85929 924
85930 924
85931 924
85932 924
85933 924
85934 924
85935 924
85936 924
85937 924
85938 924
85939 924
85940 924
85941 924
85942 924
85943 924
85944 924
85945 924
85946 924
85947 924
85948 924
85949 924
85950 924
85951 924
85952 924
85953 924
85954 924
85955 924
85956 924
85957 924
85958 924
85959 924
85960 924
85961 924
85962 924
85963 924
85964 924
85965 924
85966 924
85967 924
85968 924
85969 924
85970 924
85971 924
85972 924
85973 924
85974 924
85975 924
85976 924
85977 924
85978 924
85979 924
85980 924
85981 924
85982 924
85983 924
85984 924
85985 924
85986 924
85987 924
85988 924
85989 924
85990 924
85991 924
85992 924
85993 924
85994 924
85995 924
85996 924
85997 924
85998 924
85999 924
86000 924
86001 924
86002 924
86003 924
86004 924
86005 924
86006 924
86007 924
86008 924
86009 924
86010 924
86011 924
86012 924
86013 924
86014 924
86015 924
86016 924
86017 924
86018 924
86019 924
86020 924
86021 924
86022 924
86023 924
86024 924
86025 924
86026 924
86027 924
86028 924
86029 924
86030 924
86031 924
86032 924
86033 924
86034 924
86035 924
86036 924
86037 924
86038 925
86039 925
86040 925
86041 925
86042 925
86043 925
86044 925
86045 925
86046 925
86047 925
86048 925
86049 925
86050 925
86051 925
86052 925
86053 925
86054 925
86055 925
86056 925
86057 925
86058 925
86059 925
86060 925
86061 925
86062 925
86063 925
86064 925
86065 925
86066 925
86067 925
86068 925
86069 925
86070 925
86071 925
86072 925
86073 925
86074 925
86075 925
86076 925
86077 925
86078 925
86079 925
86080 925
86081 925
86082 925
86083 925
86084 925
86085 925
86086 925
86087 925
86088 925
86089 925
86090 925
86091 925
86092 925
86093 925
86094 925
86095 925
86096 925
86097 925
86098 925
86099 925
86100 925
86101 925
86102 925
86103 925
86104 925
86105 925
86106 925
86107 925
86108 925
86109 925
86110 925
86111 925
86112 925
86113 925
86114 925
86115 925
86116 925
86117 925
86118 925
86119 925
86120 925
86121 925
86122 925
86123 925
86124 925
86125 925
86126 925
86127 925
86128 925
86129 925
86130 925
86131 925
86132 925
86133 925
86134 925
86135 925
86136 925
86137 925
86138 925
86139 925
86140 925
86141 925
86142 925
86143 925
86144 925
86145 925
86146 925
86147 925
86148 925
86149 925
86150 925
86151 925
86152 925
86153 925
86154 925
86155 925
86156 925
86157 925
86158 925
86159 925
86160 925
86161 925
86162 925
86163 925
86164 925
86165 925
86166 925
86167 925
86168 925
86169 925
86170 925
86171 925
86172 925
86173 925
86174 925
86175 925
86176 925
86177 925
86178 925
86179 925
86180 925
86181 925
86182 925
86183 925
86184 925
86185 925
86186 925
86187 925
86188 925
86189 925
86190 925
86191 925
86192 925
86193 925
86194 925
86195 925
86196 925
86197 925
86198 925
86199 925
86200 925
86201 925
86202 925
86203 925
86204 925
86205 925
86206 925
86207 925
86208 925
86209 925
86210 925
86211 925
86212 926
86213 926
86214 926
86215 926
86216 926
86217 926
86218 926
86219 926
86220 926
86221 926
86222 926
86223 926
86224 926
86225 926
86226 926
86227 926
86228 926
86229 926
86230 926
86231 926
86232 926
86233 926
86234 926
86235 926
86236 926
86237 926
86238 926
86239 926
86240 926
86241 926
86242 926
86243 926
86244 926
86245 926
86246 926
86247 926
86248 926
86249 926
86250 926
86251 926
86252 926
86253 926
86254 926
86255 926
86256 926
86257 926
86258 926
86259 926
86260 926
86261 926
86262 926
86263 926
86264 926
86265 926
86266 926
86267 926
86268 926
86269 926
86270 926
86271 926
86272 926
86273 926
86274 926
86275 926
86276 926
86277 926
86278 926
86279 926
86280 926
86281 926
86282 926
86283 926
86284 926
86285 926
86286 926
86287 926
86288 926
86289 926
86290 926
86291 926
86292 926
86293 926
86294 926
86295 926
86296 926
86297 926
86298 926
86299 926
86300 926
86301 926
86302 926
86303 926
86304 926
86305 926
86306 926
86307 926
86308 926
86309 926
86310 926
86311 926
86312 926
86313 926
86314 926
86315 926
86316 926
86317 926
86318 926
86319 926
86320 926
86321 926
86322 926
86323 926
86324 926
86325 926
86326 926
86327 926
86328 926
86329 926
86330 926
86331 926
86332 926
86333 926
86334 926
86335 926
86336 926
86337 926
86338 926
86339 926
86340 926
86341 926
86342 926
86343 926
86344 926
86345 926
86346 926
86347 926
86348 926
86349 926
86350 926
86351 926
86352 926
86353 926
86354 926
86355 926
86356 926
86357 926
86358 926
86359 926
86360 926
86361 926
86362 926
86363 926
86364 926
86365 926
86366 926
86367 926
86368 926
86369 926
86370 926
86371 926
86372 926
86373 926
86374 926
86375 926
86376 926
86377 926
86378 926
86379 926
86380 926
86381 926
86382 926
86383 926
86384 926
86385 926
86386 926
86387 926
86388 926
86389 926
86390 926
86391 926
86392 926
86393 927
86394 927
86395 927
86396 927
86397 927
86398 927
86399 927
86400 927
86401 927
86402 927
86403 927
86404 927
86405 927
86406 927
86407 927
86408 927
86409 927
86410 927
86411 927
86412 927
86413 927
86414 927
86415 927
86416 927
86417 927
86418 927
86419 927
86420 927
86421 927
86422 927
86423 927
86424 927
86425 927
86426 927
86427 927
86428 927
86429 927
86430 927
86431 927
86432 927
86433 927
86434 927
86435 927
86436 927
86437 927
86438 927
86439 927
86440 927
86441 927
86442 927
86443 927
86444 927
86445 927
86446 927
86447 927
86448 927
86449 927
86450 927
86451 927
86452 927
86453 927
86454 927
86455 927
86456 927
86457 927
86458 927
86459 927
86460 927
86461 927
86462 927
86463 927
86464 927
86465 927
86466 927
86467 927
86468 927
86469 927
86470 927
86471 927
86472 927
86473 927
86474 927
86475 927
86476 930
86477 930
86478 930
86479 930
86480 930
86481 930
86482 930
86483 930
86484 930
86485 930
86486 930
86487 930
86488 930
86489 930
86490 930
86491 930
86492 930
86493 930
86494 930
86495 930
86496 930
86497 930
86498 930
86499 930
86500 930
86501 930
86502 930
86503 930
86504 930
86505 930
86506 930
86507 930
86508 930
86509 930
86510 930
86511 930
86512 930
86513 930
86514 930
86515 930
86516 930
86517 930
86518 930
86519 930
86520 930
86521 930
86522 930
86523 930
86524 930
86525 930
86526 930
86527 930
86528 930
86529 930
86530 930
86531 930
86532 930
86533 930
86534 930
86535 930
86536 930
86537 930
86538 930
86539 930
86540 930
86541 930
86542 930
86543 930
86544 930
86545 930
86546 930
86547 930
86548 930
86549 930
86550 930
86551 930
86552 930
86553 930
86554 930
86555 930
86556 930
86557 930
86558 930
86559 930
86560 930
86561 930
86562 930
86563 930
86564 930
86565 930
86566 930
86567 930
86568 930
86569 930
86570 930
86571 930
86572 930
86573 930
86574 930
86575 930
86576 930
86577 930
86578 930
86579 930
86580 930
86581 930
86582 930
86583 930
86584 930
86585 930
86586 930
86587 930
86588 930
86589 930
86590 930
86591 930
86592 930
86593 930
86594 930
86595 930
86596 930
86597 930
86598 930
86599 930
86600 930
86601 930
86602 930
86603 930
86604 930
86605 930
86606 930
86607 930
86608 930
86609 930
86610 930
86611 930
86612 930
86613 930
86614 930
86615 930
86616 930
86617 930
86618 930
86619 930
86620 930
86621 930
86622 930
86623 930
86624 930
86625 930
86626 930
86627 930
86628 930
86629 930
86630 930
86631 930
86632 930
86633 930
86634 930
86635 930
86636 930
86637 931
86638 931
86639 931
86640 931
86641 931
86642 931
86643 931
86644 931
86645 931
86646 931
86647 931
86648 931
86649 931
86650 931
86651 931
86652 931
86653 931
86654 931
86655 931
86656 931
86657 931
86658 931
86659 931
86660 931
86661 931
86662 931
86663 931
86664 931
86665 931
86666 931
86667 931
86668 931
86669 931
86670 931
86671 931
86672 931
86673 931
86674 931
86675 931
86676 931
86677 931
86678 931
86679 931
86680 931
86681 931
86682 931
86683 931
86684 931
86685 931
86686 931
86687 931
86688 931
86689 931
86690 931
86691 931
86692 931
86693 931
86694 931
86695 931
86696 931
86697 931
86698 931
86699 931
86700 931
86701 931
86702 931
86703 931
86704 931
86705 931
86706 931
86707 931
86708 931
86709 931
86710 931
86711 931
86712 931
86713 931
86714 931
86715 931
86716 931
86717 931
86718 931
86719 931
86720 931
86721 931
86722 931
86723 931
86724 931
86725 931
86726 931
86727 931
86728 931
86729 931
86730 931
86731 931
86732 931
86733 931
86734 931
86735 931
86736 931
86737 931
86738 931
86739 931
86740 931
86741 931
86742 931
86743 931
86744 931
86745 931
86746 931
86747 931
86748 931
86749 931
86750 931
86751 931
86752 931
86753 931
86754 931
86755 931
86756 931
86757 931
86758 931
86759 931
86760 931
86761 931
86762 931
86763 931
86764 931
86765 931
86766 931
86767 931
86768 931
86769 931
86770 931
86771 931
86772 931
86773 931
86774 931
86775 931
86776 931
86777 931
86778 931
86779 931
86780 931
86781 931
86782 931
86783 931
86784 931
86785 931
86786 931
86787 931
86788 931
86789 931
86790 931
86791 931
86792 931
86793 931
86794 931
86795 931
86796 931
86797 931
86798 931
86799 931
86800 931
86801 931
86802 931
86803 931
86804 932
86805 932
86806 932
86807 932
86808 932
86809 932
86810 932
86811 932
86812 932
86813 932
86814 932
86815 932
86816 932
86817 932
86818 932
86819 932
86820 932
86821 932
86822 932
86823 932
86824 932
86825 932
86826 932
86827 932
86828 932
86829 932
86830 932
86831 932
86832 932
86833 932
86834 932
86835 932
86836 932
86837 932
86838 932
86839 932
86840 932
86841 932
86842 932
86843 932
86844 932
86845 932
86846 932
86847 932
86848 932
86849 932
86850 932
86851 932
86852 932
86853 932
86854 932
86855 932
86856 932
86857 932
86858 932
86859 932
86860 932
86861 932
86862 932
86863 932
86864 932
86865 932
86866 932
86867 932
86868 932
86869 932
86870 932
86871 932
86872 932
86873 932
86874 932
86875 932
86876 932
86877 932
86878 932
86879 932
86880 932
86881 932
86882 932
86883 932
86884 932
86885 932
86886 932
86887 932
86888 932
86889 932
86890 932
86891 932
86892 932
86893 932
86894 932
86895 932
86896 932
86897 932
86898 932
86899 932
86900 932
86901 932
86902 932
86903 932
86904 932
86905 932
86906 932
86907 932
86908 932
86909 932
86910 932
86911 932
86912 932
86913 932
86914 932
86915 932
86916 932
86917 932
86918 932
86919 932
86920 932
86921 932
86922 932
86923 932
86924 932
86925 932
86926 932
86927 932
86928 932
86929 932
86930 932
86931 932
86932 932
86933 932
86934 932
86935 932
86936 932
86937 932
86938 932
86939 932
86940 932
86941 932
86942 932
86943 932
86944 932
86945 932
86946 932
86947 932
86948 932
86949 932
86950 932
86951 932
86952 932
86953 932
86954 932
86955 932
86956 932
86957 932
86958 932
86959 932
86960 932
86961 932
86962 932
86963 932
86964 932
86965 932
86966 932
86967 932
86968 932
86969 932
86970 932
86971 932
86972 932
86973 932
86974 932
86975 932
86976 932
86977 932
86978 932
86979 932
86980 932
86981 932
86982 932
86983 932
86984 932
86985 932
86986 932
86987 932
86988 932
86989 932
86990 932
86991 932
86992 932
86993 932
86994 932
86995 932
86996 932
86997 932
86998 932
86999 932
87000 932
87001 932
87002 932
87003 932
87004 932
87005 932
87006 932
87007 932
87008 932
87009 932
87010 932
87011 932
87012 932
87013 932
87014 932
87015 932
87016 932
87017 932
87018 932
87019 932
87020 932
87021 932
87022 932
87023 932
87024 932
87025 932
87026 932
87027 932
87028 932
87029 932
87030 932
87031 932
87032 932
87033 932
87034 932
87035 932
87036 932
87037 932
87038 932
87039 932
87040 932
87041 932
87042 932
87043 933
87044 933
87045 933
87046 933
87047 933
87048 933
87049 933
87050 933
87051 933
87052 933
87053 933
87054 933
87055 933
87056 933
87057 933
87058 933
87059 933
87060 933
87061 933
87062 933
87063 933
87064 933
87065 933
87066 933
87067 933
87068 933
87069 933
87070 933
87071 933
87072 933
87073 933
87074 933
87075 933
87076 933
87077 933
87078 933
87079 933
87080 933
87081 933
87082 933
87083 933
87084 933
87085 933
87086 933
87087 933
87088 933
87089 933
87090 933
87091 933
87092 933
87093 933
87094 933
87095 933
87096 933
87097 933
87098 933
87099 933
87100 933
87101 933
87102 933
87103 933
87104 933
87105 933
87106 933
87107 933
87108 933
87109 933
87110 933
87111 933
87112 933
87113 933
87114 933
87115 933
87116 933
87117 933
87118 933
87119 933
87120 933
87121 933
87122 933
87123 933
87124 933
87125 933
87126 933
87127 933
87128 933
87129 933
87130 933
87131 933
87132 933
87133 933
87134 933
87135 933
87136 933
87137 933
87138 933
87139 933
87140 933
87141 933
87142 933
87143 933
87144 933
87145 933
87146 933
87147 933
87148 933
87149 933
87150 933
87151 933
87152 933
87153 933
87154 933
87155 933
87156 933
87157 933
87158 933
87159 933
87160 933
87161 933
87162 933
87163 933
87164 933
87165 933
87166 933
87167 933
87168 933
87169 933
87170 933
87171 933
87172 933
87173 933
87174 933
87175 933
87176 933
87177 933
87178 933
87179 933
87180 933
87181 933
87182 933
87183 933
87184 933
87185 933
87186 933
87187 933
87188 934
87189 934
87190 934
87191 934
87192 934
87193 934
87194 934
87195 934
87196 934
87197 934
87198 934
87199 934
87200 934
87201 934
87202 934
87203 934
87204 934
87205 934
87206 934
87207 934
87208 934
87209 934
87210 934
87211 934
87212 934
87213 934
87214 934
87215 934
87216 934
87217 934
87218 934
87219 934
87220 934
87221 934
87222 934
87223 934
87224 934
87225 934
87226 934
87227 934
87228 934
87229 934
87230 934
87231 934
87232 934
87233 934
87234 934
87235 934
87236 934
87237 934
87238 934
87239 934
87240 934
87241 934
87242 934
87243 934
87244 934
87245 934
87246 934
87247 934
87248 934
87249 934
87250 934
87251 934
87252 934
87253 934
87254 934
87255 934
87256 934
87257 934
87258 934
87259 934
87260 934
87261 934
87262 934
87263 934
87264 934
87265 934
87266 934
87267 934
87268 934
87269 934
87270 934
87271 934
87272 934
87273 935
87274 935
87275 935
87276 935
87277 935
87278 935
87279 935
87280 935
87281 935
87282 935
87283 935
87284 935
87285 935
87286 935
87287 935
87288 935
87289 935
87290 935
87291 935
87292 935
87293 935
87294 935
87295 935
87296 935
87297 935
87298 935
87299 935
87300 935
87301 935
87302 935
87303 935
87304 935
87305 935
87306 935
87307 935
87308 935
87309 935
87310 935
87311 935
87312 935
87313 935
87314 935
87315 935
87316 935
87317 935
87318 935
87319 935
87320 935
87321 935
87322 935
87323 935
87324 935
87325 935
87326 935
87327 935
87328 935
87329 935
87330 935
87331 935
87332 935
87333 935
87334 935
87335 935
87336 935
87337 935
87338 935
87339 935
87340 935
87341 935
87342 935
87343 935
87344 935
87345 935
87346 935
87347 935
87348 935
87349 935
87350 935
87351 935
87352 935
87353 935
87354 935
87355 935
87356 935
87357 935
87358 935
87359 935
87360 935
87361 935
87362 935
87363 935
87364 935
87365 935
87366 935
87367 935
87368 935
87369 935
87370 935
87371 935
87372 935
87373 935
87374 935
87375 935
87376 935
87377 935
87378 935
87379 935
87380 935
87381 935
87382 935
87383 935
87384 935
87385 935
87386 935
87387 935
87388 935
87389 935
87390 935
87391 935
87392 935
87393 935
87394 935
87395 935
87396 935
87397 935
87398 935
87399 935
87400 935
87401 935
87402 935
87403 935
87404 935
87405 935
87406 935
87407 935
87408 935
87409 935
87410 935
87411 935
87412 935
87413 935
87414 935
87415 935
87416 935
87417 935
87418 935
87419 935
87420 935
87421 935
87422 935
87423 935
87424 935
87425 935
87426 935
87427 935
87428 935
87429 935
87430 935
87431 935
87432 935
87433 935
87434 935
87435 935
87436 935
87437 935
87438 935
87439 935
87440 935
87441 935
87442 935
87443 935
87444 935
87445 935
87446 935
87447 935
87448 935
87449 935
87450 935
87451 935
87452 935
87453 935
87454 935
87455 935
87456 935
87457 935
87458 935
87459 935
87460 935
87461 935
87462 935
87463 935
87464 935
87465 935
87466 935
87467 935
87468 935
87469 935
87470 935
87471 935
87472 935
87473 935
87474 935
87475 935
87476 935
87477 935
87478 935
87479 935
87480 935
87481 935
87482 935
87483 935
87484 935
87485 935
87486 935
87487 935
87488 935
87489 935
87490 935
87491 935
87492 935
87493 935
87494 935
87495 935
87496 935
87497 935
87498 935
87499 935
87500 935
87501 935
87502 935
87503 935
87504 935
87505 935
87506 935
87507 935
87508 935
87509 935
87510 935
87511 935
87512 935
87513 935
87514 935
87515 935
87516 935
87517 935
87518 935
87519 935
87520 935
87521 935
87522 935
87523 935
87524 935
87525 935
87526 935
87527 935
87528 935
87529 935
87530 935
87531 935
87532 935
87533 935
87534 935
87535 935
87536 935
87537 935
87538 935
87539 935
87540 935
87541 935
87542 935
87543 935
87544 935
87545 935
87546 935
87547 935
87548 935
87549 935
87550 935
87551 935
87552 935
87553 935
87554 935
87555 935
87556 935
87557 935
87558 935
87559 935
87560 936
87561 936
87562 936
87563 936
87564 936
87565 936
87566 936
87567 936
87568 936
87569 936
87570 936
87571 936
87572 936
87573 936
87574 936
87575 936
87576 936
87577 936
87578 936
87579 936
87580 936
87581 936
87582 936
87583 936
87584 936
87585 936
87586 936
87587 936
87588 936
87589 936
87590 936
87591 936
87592 936
87593 936
87594 936
87595 936
87596 936
87597 936
87598 936
87599 936
87600 936
87601 936
87602 936
87603 936
87604 936
87605 936
87606 936
87607 936
87608 936
87609 936
87610 936
87611 936
87612 936
87613 936
87614 936
87615 936
87616 936
87617 936
87618 936
87619 936
87620 936
87621 936
87622 936
87623 936
87624 936
87625 936
87626 936
87627 936
87628 936
87629 936
87630 936
87631 936
87632 936
87633 936
87634 936
87635 936
87636 936
87637 936
87638 936
87639 936
87640 936
87641 936
87642 936
87643 936
87644 936
87645 936
87646 936
87647 936
87648 936
87649 936
87650 936
87651 936
87652 936
87653 936
87654 936
87655 936
87656 936
87657 936
87658 936
87659 936
87660 936
87661 936
87662 936
87663 936
87664 936
87665 936
87666 936
87667 936
87668 936
87669 936
87670 936
87671 936
87672 936
87673 936
87674 936
87675 936
87676 936
87677 936
87678 936
87679 936
87680 936
87681 936
87682 936
87683 936
87684 936
87685 936
87686 936
87687 936
87688 936
87689 936
87690 936
87691 936
87692 936
87693 936
87694 936
87695 936
87696 936
87697 936
87698 936
87699 937
87700 937
87701 937
87702 937
87703 937
87704 937
87705 937
87706 937
87707 937
87708 937
87709 937
87710 937
87711 937
87712 937
87713 937
87714 937
87715 937
87716 937
87717 937
87718 937
87719 937
87720 937
87721 937
87722 937
87723 937
87724 937
87725 937
87726 937
87727 937
87728 937
87729 937
87730 937
87731 937
87732 937
87733 937
87734 937
87735 937
87736 937
87737 937
87738 937
87739 937
87740 937
87741 937
87742 937
87743 937
87744 937
87745 937
87746 937
87747 937
87748 937
87749 937
87750 937
87751 937
87752 937
87753 937
87754 937
87755 937
87756 937
87757 937
87758 937
87759 937
87760 937
87761 937
87762 937
87763 937
87764 937
87765 937
87766 937
87767 937
87768 937
87769 937
87770 937
87771 937
87772 937
87773 937
87774 937
87775 937
87776 937
87777 937
87778 937
87779 937
87780 937
87781 937
87782 937
87783 937
87784 937
87785 937
87786 937
87787 937
87788 937
87789 937
87790 937
87791 937
87792 937
87793 937
87794 937
87795 937
87796 937
87797 937
87798 937
87799 937
87800 937
87801 937
87802 937
87803 937
87804 937
87805 937
87806 937
87807 937
87808 937
87809 937
87810 937
87811 937
87812 937
87813 937
87814 937
87815 937
87816 937
87817 937
87818 937
87819 937
87820 937
87821 937
87822 937
87823 937
87824 937
87825 937
87826 937
87827 937
87828 937
87829 937
87830 937
87831 937
87832 937
87833 937
87834 937
87835 937
87836 937
87837 937
87838 937
87839 938
87840 938
87841 938
87842 938
87843 938
87844 938
87845 938
87846 938
87847 938
87848 938
87849 938
87850 938
87851 938
87852 938
87853 938
87854 938
87855 938
87856 938
87857 938
87858 938
87859 938
87860 938
87861 938
87862 938
87863 938
87864 938
87865 938
87866 938
87867 938
87868 938
87869 938
87870 938
87871 938
87872 938
87873 938
87874 938
87875 938
87876 938
87877 938
87878 938
87879 938
87880 938
87881 938
87882 938
87883 938
87884 938
87885 938
87886 938
87887 938
87888 938
87889 938
87890 938
87891 938
87892 938
87893 938
87894 938
87895 938
87896 938
87897 938
87898 938
87899 938
87900 938
87901 938
87902 938
87903 938
87904 938
87905 938
87906 938
87907 938
87908 938
87909 938
87910 938
87911 938
87912 938
87913 938
87914 938
87915 938
87916 938
87917 938
87918 938
87919 938
87920 938
87921 938
87922 938
87923 938
87924 938
87925 938
87926 938
87927 938
87928 938
87929 938
87930 938
87931 938
87932 938
87933 938
87934 938
87935 938
87936 938
87937 938
87938 938
87939 938
87940 938
87941 938
87942 938
87943 938
87944 938
87945 938
87946 938
87947 938
87948 938
87949 938
87950 938
87951 938
87952 938
87953 938
87954 938
87955 938
87956 938
87957 938
87958 938
87959 938
87960 938
87961 938
87962 938
87963 938
87964 938
87965 938
87966 938
87967 938
87968 938
87969 938
87970 938
87971 938
87972 938
87973 938
87974 938
87975 938
87976 938
87977 938
87978 938
87979 938
87980 938
87981 938
87982 938
87983 938
87984 938
87985 938
87986 938
87987 938
87988 938
87989 938
87990 938
87991 938
87992 938
87993 938
87994 938
87995 938
87996 938
87997 938
87998 938
87999 938
88000 938
88001 938
88002 938
88003 938
88004 938
88005 938
88006 938
88007 938
88008 938
88009 938
88010 938
88011 938
88012 938
88013 938
88014 938
88015 938
88016 938
88017 938
88018 938
88019 938
88020 939
88021 939
88022 939
88023 939
88024 939
88025 939
88026 939
88027 939
88028 939
88029 939
88030 939
88031 939
88032 939
88033 939
88034 939
88035 939
88036 939
88037 939
88038 939
88039 939
88040 939
88041 939
88042 939
88043 939
88044 939
88045 939
88046 939
88047 939
88048 939
88049 939
88050 939
88051 939
88052 939
88053 939
88054 939
88055 939
88056 939
88057 939
88058 939
88059 939
88060 939
88061 939
88062 939
88063 939
88064 939
88065 939
88066 939
88067 939
88068 939
88069 939
88070 939
88071 939
88072 939
88073 939
88074 939
88075 939
88076 939
88077 939
88078 939
88079 939
88080 939
88081 939
88082 939
88083 939
88084 939
88085 939
88086 939
88087 939
88088 939
88089 939
88090 939
88091 939
88092 939
88093 939
88094 939
88095 939
88096 939
88097 939
88098 939
88099 939
88100 939
88101 939
88102 939
88103 939
88104 939
88105 939
88106 939
88107 939
88108 939
88109 939
88110 939
88111 939
88112 939
88113 939
88114 939
88115 939
88116 939
88117 939
88118 939
88119 939
88120 939
88121 939
88122 939
88123 939
88124 939
88125 939
88126 939
88127 939
88128 939
88129 939
88130 939
88131 939
88132 939
88133 939
88134 939
88135 939
88136 939
88137 939
88138 939
88139 939
88140 939
88141 939
88142 939
88143 939
88144 939
88145 939
88146 939
88147 939
88148 939
88149 939
88150 939
88151 939
88152 939
88153 939
88154 939
88155 939
88156 939
88157 939
88158 939
88159 939
88160 939
88161 939
88162 939
88163 939
88164 939
88165 939
88166 939
88167 939
88168 939
88169 939
88170 939
88171 939
88172 939
88173 939
88174 939
88175 939
88176 939
88177 939
88178 939
88179 940
88180 940
88181 940
88182 940
88183 940
88184 940
88185 940
88186 940
88187 940
88188 940
88189 940
88190 940
88191 940
88192 940
88193 940
88194 940
88195 940
88196 940
88197 940
88198 940
88199 940
88200 940
88201 940
88202 940
88203 940
88204 940
88205 940
88206 940
88207 940
88208 940
88209 940
88210 940
88211 940
88212 940
88213 940
88214 940
88215 940
88216 940
88217 940
88218 940
88219 940
88220 940
88221 940
88222 940
88223 940
88224 940
88225 940
88226 940
88227 940
88228 940
88229 940
88230 940
88231 940
88232 940
88233 940
88234 940
88235 940
88236 940
88237 940
88238 940
88239 940
88240 940
88241 940
88242 940
88243 940
88244 940
88245 940
88246 940
88247 940
88248 940
88249 940
88250 940
88251 940
88252 940
88253 940
88254 940
88255 940
88256 940
88257 940
88258 940
88259 940
88260 940
88261 940
88262 940
88263 940
88264 940
88265 940
88266 940
88267 940
88268 940
88269 940
88270 940
88271 940
88272 940
88273 940
88274 940
88275 940
88276 940
88277 940
88278 940
88279 940
88280 940
88281 940
88282 940
88283 940
88284 940
88285 940
88286 940
88287 940
88288 940
88289 940
88290 940
88291 940
88292 940
88293 940
88294 940
88295 940
88296 940
88297 940
88298 940
88299 940
88300 940
88301 940
88302 940
88303 940
88304 940
88305 940
88306 940
88307 940
88308 940
88309 940
88310 940
88311 940
88312 940
88313 940
88314 940
88315 940
88316 940
88317 940
88318 940
88319 940
88320 940
88321 941
88322 941
88323 941
88324 941
88325 941
88326 941
88327 941
88328 941
88329 941
88330 941
88331 941
88332 941
88333 941
88334 941
88335 941
88336 941
88337 941
88338 941
88339 941
88340 941
88341 941
88342 941
88343 941
88344 941
88345 941
88346 941
88347 941
88348 941
88349 941
88350 941
88351 941
88352 941
88353 941
88354 941
88355 941
88356 941
88357 941
88358 941
88359 941
88360 941
88361 941
88362 941
88363 941
88364 941
88365 941
88366 941
88367 941
88368 941
88369 941
88370 941
88371 941
88372 941
88373 941
88374 941
88375 941
88376 941
88377 941
88378 941
88379 941
88380 941
88381 941
88382 941
88383 941
88384 941
88385 941
88386 941
88387 941
88388 941
88389 941
88390 941
88391 941
88392 941
88393 941
88394 941
88395 941
88396 941
88397 941
88398 941
88399 941
88400 941
88401 941
88402 941
88403 941
88404 941
88405 941
88406 941
88407 941
88408 941
88409 941
88410 941
88411 941
88412 941
88413 941
88414 941
88415 941
88416 941
88417 941
88418 941
88419 941
88420 941
88421 941
88422 941
88423 941
88424 941
88425 941
88426 941
88427 941
88428 941
88429 941
88430 941
88431 941
88432 941
88433 941
88434 941
88435 941
88436 941
88437 941
88438 941
88439 941
88440 941
88441 941
88442 941
88443 941
88444 941
88445 941
88446 941
88447 941
88448 941
88449 941
88450 941
88451 941
88452 941
88453 941
88454 941
88455 941
88456 941
88457 941
88458 941
88459 941
88460 941
88461 941
88462 941
88463 941
88464 941
88465 941
88466 941
88467 941
88468 941
88469 941
88470 941
88471 941
88472 941
88473 942
88474 942
88475 942
88476 942
88477 942
88478 942
88479 942
88480 942
88481 942
88482 942
88483 942
88484 942
88485 942
88486 942
88487 942
88488 942
88489 942
88490 942
88491 942
88492 942
88493 942
88494 942
88495 942
88496 942
88497 942
88498 942
88499 942
88500 942
88501 942
88502 942
88503 942
88504 942
88505 942
88506 942
88507 942
88508 942
88509 942
88510 942
88511 942
88512 942
88513 942
88514 942
88515 942
88516 942
88517 942
88518 942
88519 942
88520 942
88521 942
88522 942
88523 942
88524 942
88525 942
88526 942
88527 942
88528 942
88529 942
88530 942
88531 942
88532 942
88533 942
88534 942
88535 942
88536 942
88537 942
88538 942
88539 942
88540 942
88541 942
88542 942
88543 942
88544 942
88545 942
88546 942
88547 942
88548 942
88549 942
88550 942
88551 942
88552 942
88553 942
88554 942
88555 942
88556 942
88557 942
88558 942
88559 942
88560 942
88561 942
88562 942
88563 942
88564 942
88565 942
88566 942
88567 942
88568 942
88569 942
88570 942
88571 942
88572 942
88573 942
88574 942
88575 942
88576 942
88577 942
88578 942
88579 942
88580 942
88581 942
88582 942
88583 942
88584 942
88585 942
88586 942
88587 942
88588 942
88589 942
88590 942
88591 942
88592 942
88593 942
88594 942
88595 942
88596 942
88597 942
88598 942
88599 942
88600 942
88601 942
88602 942
88603 942
88604 942
88605 942
88606 942
88607 942
88608 942
88609 942
88610 942
88611 942
88612 942
88613 942
88614 942
88615 942
88616 942
88617 942
88618 942
88619 942
88620 942
88621 942
88622 942
88623 942
88624 942
88625 942
88626 942
88627 942
88628 943
88629 943
88630 943
88631 943
88632 943
88633 943
88634 943
88635 943
88636 943
88637 943
88638 943
88639 943
88640 943
88641 943
88642 943
88643 943
88644 943
88645 943
88646 943
88647 943
88648 943
88649 943
88650 943
88651 943
88652 943
88653 943
88654 943
88655 943
88656 943
88657 943
88658 943
88659 943
88660 943
88661 943
88662 943
88663 943
88664 943
88665 943
88666 943
88667 943
88668 943
88669 943
88670 943
88671 943
88672 943
88673 943
88674 943
88675 943
88676 943
88677 943
88678 943
88679 943
88680 943
88681 943
88682 943
88683 943
88684 943
88685 943
88686 943
88687 943
88688 943
88689 943
88690 943
88691 943
88692 943
88693 943
88694 943
88695 943
88696 943
88697 943
88698 943
88699 943
88700 943
88701 943
88702 943
88703 943
88704 943
88705 943
88706 943
88707 943
88708 943
88709 943
88710 943
88711 943
88712 943
88713 943
88714 943
88715 943
88716 943
88717 943
88718 943
88719 943
88720 943
88721 943
88722 943
88723 943
88724 943
88725 943
88726 943
88727 943
88728 943
88729 943
88730 943
88731 943
88732 943
88733 943
88734 943
88735 943
88736 943
88737 943
88738 943
88739 943
88740 943
88741 943
88742 943
88743 943
88744 943
88745 943
88746 943
88747 943
88748 943
88749 943
88750 943
88751 943
88752 943
88753 943
88754 943
88755 943
88756 943
88757 943
88758 943
88759 943
88760 943
88761 943
88762 943
88763 943
88764 943
88765 943
88766 943
88767 943
88768 943
88769 943
88770 944
88771 944
88772 944
88773 944
88774 944
88775 944
88776 944
88777 944
88778 944
88779 944
88780 944
88781 944
88782 944
88783 944
88784 944
88785 944
88786 944
88787 944
88788 944
88789 944
88790 944
88791 944
88792 944
88793 944
88794 944
88795 944
88796 944
88797 944
88798 944
88799 944
88800 944
88801 944
88802 944
88803 944
88804 944
88805 944
88806 944
88807 944
88808 944
88809 944
88810 944
88811 944
88812 944
88813 944
88814 944
88815 944
88816 944
88817 944
88818 944
88819 944
88820 944
88821 944
88822 944
88823 944
88824 944
88825 944
88826 944
88827 944
88828 944
88829 944
88830 944
88831 944
88832 944
88833 944
88834 944
88835 944
88836 944
88837 944
88838 944
88839 944
88840 944
88841 944
88842 944
88843 944
88844 944
88845 944
88846 944
88847 944
88848 944
88849 944
88850 944
88851 944
88852 944
88853 944
88854 944
88855 944
88856 944
88857 944
88858 944
88859 944
88860 944
88861 944
88862 944
88863 944
88864 944
88865 944
88866 944
88867 944
88868 944
88869 944
88870 944
88871 944
88872 944
88873 944
88874 944
88875 944
88876 944
88877 944
88878 944
88879 944
88880 944
88881 944
88882 944
88883 944
88884 944
88885 944
88886 944
88887 944
88888 944
88889 944
88890 944
88891 944
88892 944
88893 944
88894 944
88895 944
88896 944
88897 944
88898 944
88899 944
88900 944
88901 944
88902 944
88903 944
88904 944
88905 944
88906 944
88907 944
88908 944
88909 944
88910 944
88911 944
88912 944
88913 944
88914 944
88915 944
88916 944
88917 944
88918 944
88919 944
88920 944
88921 944
88922 944
88923 944
88924 944
88925 944
88926 944
88927 944
88928 944
88929 944
88930 944
88931 944
88932 944
88933 944
88934 944
88935 944
88936 944
88937 944
88938 944
88939 944
88940 944
88941 944
88942 944
88943 944
88944 944
88945 944
88946 944
88947 944
88948 944
88949 944
88950 944
88951 944
88952 944
88953 944
88954 944
88955 944
88956 944
88957 944
88958 944
88959 944
88960 944
88961 944
88962 944
88963 944
88964 944
88965 944
88966 944
88967 944
88968 944
88969 944
88970 944
88971 944
88972 944
88973 944
88974 944
88975 944
88976 944
88977 944
88978 944
88979 944
88980 944
88981 944
88982 944
88983 944
88984 944
88985 944
88986 944
88987 944
88988 944
88989 944
88990 944
88991 944
88992 944
88993 944
88994 944
88995 944
88996 944
88997 944
88998 944
88999 944
89000 944
89001 944
89002 944
89003 944
89004 944
89005 944
89006 944
89007 944
89008 944
89009 944
89010 944
89011 944
89012 944
89013 944
89014 944
89015 944
89016 944
89017 944
89018 944
89019 945
89020 945
89021 945
89022 945
89023 945
89024 945
89025 945
89026 945
89027 945
89028 945
89029 945
89030 945
89031 945
89032 945
89033 945
89034 945
89035 945
89036 945
89037 945
89038 945
89039 945
89040 945
89041 945
89042 945
89043 945
89044 945
89045 945
89046 945
89047 945
89048 945
89049 945
89050 945
89051 945
89052 945
89053 945
89054 945
89055 945
89056 945
89057 945
89058 945
89059 945
89060 945
89061 945
89062 945
89063 945
89064 945
89065 945
89066 945
89067 945
89068 945
89069 945
89070 945
89071 945
89072 945
89073 945
89074 945
89075 945
89076 945
89077 945
89078 945
89079 945
89080 945
89081 945
89082 945
89083 945
89084 945
89085 945
89086 945
89087 945
89088 945
89089 945
89090 945
89091 945
89092 945
89093 945
89094 945
89095 945
89096 945
89097 945
89098 945
89099 945
89100 945
89101 945
89102 945
89103 945
89104 945
89105 945
89106 945
89107 945
89108 945
89109 945
89110 945
89111 945
89112 945
89113 945
89114 945
89115 945
89116 945
89117 945
89118 945
89119 945
89120 945
89121 945
89122 945
89123 945
89124 945
89125 945
89126 945
89127 945
89128 945
89129 945
89130 945
89131 945
89132 945
89133 945
89134 945
89135 945
89136 945
89137 945
89138 945
89139 945
89140 945
89141 946
89142 946
89143 946
89144 946
89145 946
89146 946
89147 946
89148 946
89149 946
89150 946
89151 946
89152 946
89153 946
89154 946
89155 946
89156 946
89157 946
89158 946
89159 946
89160 946
89161 946
89162 946
89163 946
89164 946
89165 946
89166 946
89167 946
89168 946
89169 946
89170 946
89171 946
89172 946
89173 946
89174 946
89175 946
89176 946
89177 946
89178 946
89179 946
89180 946
89181 946
89182 946
89183 946
89184 946
89185 946
89186 946
89187 946
89188 946
89189 946
89190 946
89191 946
89192 946
89193 946
89194 946
89195 946
89196 946
89197 946
89198 946
89199 946
89200 946
89201 946
89202 946
89203 946
89204 946
89205 946
89206 946
89207 946
89208 946
89209 946
89210 946
89211 946
89212 946
89213 946
89214 946
89215 946
89216 946
89217 946
89218 946
89219 946
89220 946
89221 946
89222 946
89223 946
89224 946
89225 946
89226 946
89227 946
89228 946
89229 946
89230 946
89231 946
89232 946
89233 946
89234 946
89235 946
89236 946
89237 946
89238 946
89239 946
89240 946
89241 946
89242 946
89243 946
89244 946
89245 946
89246 946
89247 946
89248 946
89249 946
89250 946
89251 946
89252 946
89253 946
89254 946
89255 946
89256 946
89257 946
89258 946
89259 946
89260 946
89261 946
89262 946
89263 947
89264 947
89265 947
89266 947
89267 947
89268 947
89269 947
89270 947
89271 947
89272 947
89273 947
89274 947
89275 947
89276 947
89277 947
89278 947
89279 947
89280 947
89281 947
89282 947
89283 947
89284 947
89285 947
89286 947
89287 947
89288 947
89289 947
89290 947
89291 947
89292 947
89293 947
89294 947
89295 947
89296 947
89297 947
89298 947
89299 947
89300 947
89301 947
89302 947
89303 947
89304 947
89305 947
89306 947
89307 947
89308 947
89309 947
89310 947
89311 947
89312 947
89313 947
89314 947
89315 947
89316 947
89317 947
89318 947
89319 947
89320 947
89321 947
89322 947
89323 947
89324 947
89325 947
89326 947
89327 947
89328 947
89329 947
89330 947
89331 947
89332 947
89333 947
89334 947
89335 947
89336 947
89337 947
89338 947
89339 947
89340 947
89341 947
89342 947
89343 947
89344 947
89345 947
89346 947
89347 947
89348 947
89349 947
89350 947
89351 947
89352 947
89353 947
89354 947
89355 947
89356 947
89357 947
89358 947
89359 947
89360 947
89361 947
89362 947
89363 947
89364 947
89365 947
89366 947
89367 947
89368 947
89369 947
89370 947
89371 947
89372 947
89373 947
89374 947
89375 947
89376 947
89377 947
89378 947
89379 947
89380 947
89381 947
89382 947
89383 947
89384 947
89385 947
89386 947
89387 947
89388 947
89389 947
89390 947
89391 947
89392 947
89393 947
89394 947
89395 947
89396 947
89397 947
89398 947
89399 947
89400 947
89401 947
89402 947
89403 947
89404 947
89405 947
89406 947
89407 947
89408 947
89409 947
89410 947
89411 947
89412 947
89413 947
89414 947
89415 947
89416 947
89417 947
89418 947
89419 947
89420 947
89421 947
89422 947
89423 947
89424 947
89425 947
89426 947
89427 947
89428 947
89429 947
89430 947
89431 947
89432 947
89433 947
89434 947
89435 947
89436 947
89437 949
89438 949
89439 949
89440 949
89441 949
89442 949
89443 949
89444 949
89445 949
89446 949
89447 949
89448 949
89449 949
89450 949
89451 949
89452 949
89453 949
89454 949
89455 949
89456 949
89457 949
89458 949
89459 949
89460 949
89461 949
89462 949
89463 949
89464 949
89465 949
89466 949
89467 949
89468 949
89469 949
89470 949
89471 949
89472 949
89473 949
89474 949
89475 949
89476 949
89477 949
89478 949
89479 949
89480 949
89481 949
89482 949
89483 949
89484 949
89485 949
89486 949
89487 949
89488 949
89489 949
89490 949
89491 949
89492 949
89493 949
89494 949
89495 949
89496 949
89497 949
89498 949
89499 950
89500 950
89501 950
89502 950
89503 950
89504 950
89505 950
89506 950
89507 950
89508 950
89509 950
89510 950
89511 950
89512 950
89513 950
89514 950
89515 950
89516 950
89517 950
89518 950
89519 950
89520 950
89521 950
89522 950
89523 950
89524 950
89525 950
89526 950
89527 950
89528 950
89529 950
89530 950
89531 950
89532 950
89533 950
89534 950
89535 950
89536 950
89537 950
89538 950
89539 950
89540 950
89541 950
89542 950
89543 950
89544 950
89545 950
89546 950
89547 950
89548 950
89549 950
89550 950
89551 950
89552 950
89553 950
89554 950
89555 950
89556 950
89557 950
89558 950
89559 950
89560 950
89561 950
89562 950
89563 950
89564 950
89565 950
89566 950
89567 950
89568 950
89569 950
89570 950
89571 950
89572 950
89573 950
89574 950
89575 950
89576 950
89577 950
89578 950
89579 950
89580 950
89581 950
89582 950
89583 950
89584 950
89585 950
89586 950
89587 950
89588 950
89589 950
89590 950
89591 950
89592 950
89593 950
89594 950
89595 950
89596 950
89597 954
89598 954
89599 954
89600 954
89601 954
89602 954
89603 954
89604 954
89605 954
89606 954
89607 954
89608 954
89609 954
89610 954
89611 954
89612 954
89613 954
89614 954
89615 954
89616 954
89617 954
89618 954
89619 954
89620 954
89621 954
89622 954
89623 954
89624 954
89625 954
89626 954
89627 954
89628 954
89629 954
89630 954
89631 954
89632 954
89633 954
89634 954
89635 954
89636 954
89637 954
89638 954
89639 954
89640 954
89641 954
89642 954
89643 954
89644 954
89645 954
89646 954
89647 954
89648 954
89649 954
89650 954
89651 954
89652 954
89653 954
89654 954
89655 954
89656 954
89657 954
89658 954
89659 954
89660 954
89661 954
89662 954
89663 954
89664 954
89665 954
89666 954
89667 954
89668 954
89669 954
89670 954
89671 954
89672 954
89673 954
89674 954
89675 954
89676 954
89677 954
89678 954
89679 954
89680 954
89681 954
89682 954
89683 954
89684 954
89685 954
89686 954
89687 954
89688 954
89689 954
89690 954
89691 954
89692 954
89693 954
89694 954
89695 954
89696 954
89697 954
89698 954
89699 954
89700 954
89701 954
89702 954
89703 954
89704 954
89705 954
89706 954
89707 954
89708 954
89709 954
89710 954
89711 954
89712 954
89713 954
89714 954
89715 954
89716 954
89717 954
89718 954
89719 954
89720 955
89721 955
89722 955
89723 955
89724 955
89725 955
89726 955
89727 955
89728 955
89729 955
89730 955
89731 955
89732 955
89733 955
89734 955
89735 955
89736 955
89737 955
89738 955
89739 955
89740 955
89741 955
89742 955
89743 955
89744 955
89745 955
89746 955
89747 955
89748 955
89749 955
89750 955
89751 955
89752 955
89753 955
89754 955
89755 955
89756 955
89757 955
89758 955
89759 955
89760 955
89761 955
89762 955
89763 955
89764 955
89765 955
89766 955
89767 955
89768 955
89769 955
89770 955
89771 955
89772 955
89773 955
89774 955
89775 955
89776 955
89777 955
89778 955
89779 955
89780 955
89781 955
89782 955
89783 955
89784 955
89785 955
89786 955
89787 955
89788 955
89789 955
89790 955
89791 955
89792 955
89793 955
89794 955
89795 955
89796 955
89797 955
89798 955
89799 955
89800 955
89801 955
89802 955
89803 955
89804 955
89805 955
89806 955
89807 955
89808 955
89809 955
89810 955
89811 955
89812 955
89813 955
89814 955
89815 955
89816 955
89817 955
89818 955
89819 955
89820 955
89821 955
89822 955
89823 955
89824 955
89825 955
89826 956
89827 956
89828 956
89829 956
89830 956
89831 956
89832 956
89833 956
89834 956
89835 956
89836 956
89837 956
89838 956
89839 956
89840 956
89841 956
89842 956
89843 956
89844 956
89845 956
89846 956
89847 956
89848 956
89849 956
89850 956
89851 956
89852 956
89853 956
89854 956
89855 956
89856 956
89857 956
89858 956
89859 956
89860 956
89861 956
89862 956
89863 956
89864 956
89865 956
89866 956
89867 956
89868 956
89869 956
89870 956
89871 956
89872 956
89873 956
89874 956
89875 956
89876 956
89877 956
89878 956
89879 956
89880 956
89881 956
89882 956
89883 956
89884 956
89885 956
89886 956
89887 956
89888 956
89889 956
89890 956
89891 956
89892 956
89893 956
89894 956
89895 956
89896 956
89897 956
89898 956
89899 956
89900 956
89901 956
89902 956
89903 956
89904 956
89905 956
89906 956
89907 956
89908 956
89909 956
89910 956
89911 956
89912 956
89913 956
89914 956
89915 956
89916 956
89917 956
89918 956
89919 956
89920 956
89921 956
89922 956
89923 956
89924 956
89925 956
89926 956
89927 956
89928 956
89929 956
89930 956
89931 956
89932 956
89933 956
89934 956
89935 956
89936 956
89937 956
89938 956
89939 956
89940 956
89941 956
89942 956
89943 956
89944 956
89945 956
89946 956
89947 956
89948 956
89949 956
89950 956
89951 956
89952 956
89953 956
89954 957
89955 957
89956 957
89957 957
89958 957
89959 957
89960 957
89961 957
89962 957
89963 957
89964 957
89965 957
89966 957
89967 957
89968 957
89969 957
89970 957
89971 957
89972 957
89973 957
89974 957
89975 957
89976 957
89977 957
89978 957
89979 957
89980 957
89981 957
89982 957
89983 957
89984 957
89985 957
89986 957
89987 957
89988 957
89989 957
89990 957
89991 957
89992 957
89993 957
89994 957
89995 957
89996 957
89997 957
89998 957
89999 957
90000 957
90001 957
90002 957
90003 957
90004 957
90005 957
90006 957
90007 957
90008 957
90009 957
90010 957
90011 957
90012 957
90013 957
90014 957
90015 957
90016 957
90017 957
90018 957
90019 957
90020 957
90021 957
90022 957
90023 957
90024 957
90025 957
90026 957
90027 957
90028 957
90029 957
90030 957
90031 957
90032 957
90033 957
90034 957
90035 957
90036 957
90037 957
90038 957
90039 957
90040 957
90041 957
90042 957
90043 957
90044 957
90045 957
90046 957
90047 957
90048 957
90049 957
90050 957
90051 957
90052 957
90053 957
90054 957
90055 957
90056 957
90057 957
90058 957
90059 957
90060 957
90061 957
90062 957
90063 957
90064 957
90065 957
90066 957
90067 957
90068 957
90069 957
90070 957
90071 957
90072 957
90073 957
90074 957
90075 957
90076 957
90077 957
90078 957
90079 957
90080 957
90081 957
90082 957
90083 957
90084 957
90085 957
90086 957
90087 957
90088 957
90089 957
90090 957
90091 957
90092 957
90093 957
90094 958
90095 958
90096 958
90097 958
90098 958
90099 958
90100 958
90101 958
90102 958
90103 958
90104 958
90105 958
90106 958
90107 958
90108 958
90109 958
90110 958
90111 958
90112 958
90113 958
90114 958
90115 958
90116 958
90117 958
90118 958
90119 958
90120 958
90121 958
90122 958
90123 958
90124 958
90125 958
90126 958
90127 958
90128 958
90129 958
90130 958
90131 958
90132 958
90133 958
90134 958
90135 958
90136 958
90137 958
90138 958
90139 958
90140 958
90141 958
90142 958
90143 958
90144 958
90145 958
90146 958
90147 958
90148 958
90149 958
90150 958
90151 958
90152 958
90153 958
90154 958
90155 958
90156 958
90157 958
90158 958
90159 958
90160 958
90161 958
90162 958
90163 958
90164 958
90165 958
90166 958
90167 958
90168 958
90169 958
90170 958
90171 958
90172 958
90173 958
90174 958
90175 958
90176 958
90177 958
90178 958
90179 958
90180 958
90181 958
90182 958
90183 958
90184 958
90185 958
90186 958
90187 958
90188 958
90189 958
90190 958
90191 958
90192 958
90193 958
90194 959
90195 959
90196 959
90197 959
90198 959
90199 959
90200 959
90201 959
90202 959
90203 959
90204 959
90205 959
90206 959
90207 959
90208 959
90209 959
90210 959
90211 959
90212 959
90213 959
90214 959
90215 959
90216 959
90217 959
90218 959
90219 959
90220 959
90221 959
90222 959
90223 959
90224 959
90225 959
90226 959
90227 959
90228 959
90229 959
90230 959
90231 959
90232 959
90233 959
90234 959
90235 959
90236 959
90237 959
90238 959
90239 959
90240 959
90241 959
90242 961
90243 961
90244 961
90245 961
90246 961
90247 961
90248 961
90249 961
90250 961
90251 961
90252 961
90253 961
90254 961
90255 961
90256 961
90257 961
90258 961
90259 961
90260 961
90261 961
90262 961
90263 961
90264 961
90265 961
90266 961
90267 961
90268 961
90269 961
90270 961
90271 961
90272 961
90273 961
90274 961
90275 961
90276 961
90277 961
90278 961
90279 961
90280 961
90281 961
90282 961
90283 961
90284 961
90285 961
90286 961
90287 961
90288 961
90289 961
90290 961
90291 961
90292 961
90293 961
90294 961
90295 961
90296 961
90297 961
90298 961
90299 961
90300 961
90301 961
90302 961
90303 961
90304 961
90305 961
90306 961
90307 961
90308 961
90309 961
90310 961
90311 962
90312 962
90313 962
90314 962
90315 962
90316 962
90317 962
90318 962
90319 962
90320 962
90321 962
90322 962
90323 962
90324 962
90325 962
90326 962
90327 962
90328 962
90329 962
90330 962
90331 962
90332 962
90333 962
90334 962
90335 962
90336 962
90337 962
90338 962
90339 962
90340 962
90341 962
90342 962
90343 962
90344 962
90345 962
90346 962
90347 962
90348 962
90349 962
90350 962
90351 962
90352 962
90353 962
90354 962
90355 962
90356 962
90357 962
90358 962
90359 962
90360 962
90361 962
90362 962
90363 962
90364 962
90365 962
90366 962
90367 962
90368 962
90369 962
90370 962
90371 962
90372 962
90373 962
90374 962
90375 962
90376 962
90377 962
90378 962
90379 962
90380 962
90381 962
90382 962
90383 962
90384 962
90385 962
90386 962
90387 962
90388 962
90389 962
90390 962
90391 962
90392 962
90393 962
90394 962
90395 962
90396 962
90397 962
90398 962
90399 962
90400 962
90401 962
90402 962
90403 962
90404 962
90405 962
90406 962
90407 962
90408 962
90409 962
90410 962
90411 962
90412 962
90413 962
90414 963
90415 963
90416 963
90417 963
90418 963
90419 963
90420 963
90421 963
90422 963
90423 963
90424 963
90425 963
90426 963
90427 963
90428 963
90429 963
90430 963
90431 963
90432 963
90433 963
90434 963
90435 963
90436 963
90437 963
90438 963
90439 963
90440 963
90441 963
90442 963
90443 963
90444 963
90445 963
90446 963
90447 963
90448 963
90449 963
90450 963
90451 963
90452 963
90453 963
90454 963
90455 963
90456 963
90457 963
90458 963
90459 963
90460 963
90461 963
90462 963
90463 963
90464 963
90465 963
90466 963
90467 963
90468 963
90469 963
90470 963
90471 963
90472 963
90473 963
90474 963
90475 963
90476 963
90477 963
90478 963
90479 963
90480 963
90481 963
90482 963
90483 963
90484 963
90485 963
90486 963
90487 963
90488 963
90489 963
90490 963
90491 963
90492 963
90493 963
90494 963
90495 963
90496 963
90497 963
90498 963
90499 963
90500 963
90501 963
90502 963
90503 963
90504 963
90505 963
90506 963
90507 963
90508 963
90509 963
90510 963
90511 963
90512 963
90513 963
90514 963
90515 963
90516 963
90517 963
90518 963
90519 963
90520 963
90521 963
90522 963
90523 963
90524 963
90525 963
90526 963
90527 963
90528 963
90529 963
90530 963
90531 963
90532 963
90533 963
90534 963
90535 963
90536 963
90537 963
90538 963
90539 963
90540 963
90541 963
90542 963
90543 963
90544 963
90545 963
90546 963
90547 963
90548 963
90549 963
90550 963
90551 963
90552 963
90553 963
90554 963
90555 963
90556 963
90557 963
90558 963
90559 963
90560 963
90561 963
90562 963
90563 963
90564 963
90565 963
90566 963
90567 963
90568 963
90569 963
90570 963
90571 963
90572 963
90573 963
90574 963
90575 963
90576 963
90577 963
90578 963
90579 963
90580 963
90581 963
90582 963
90583 963
90584 963
90585 963
90586 963
90587 963
90588 963
90589 963
90590 963
90591 963
90592 963
90593 963
90594 963
90595 963
90596 963
90597 963
90598 963
90599 963
90600 963
90601 963
90602 963
90603 963
90604 963
90605 963
90606 963
90607 963
90608 963
90609 963
90610 963
90611 963
90612 963
90613 963
90614 963
90615 963
90616 963
90617 963
90618 963
90619 963
90620 963
90621 963
90622 963
90623 963
90624 963
90625 963
90626 963
90627 963
90628 963
90629 963
90630 963
90631 963
90632 963
90633 963
90634 963
90635 963
90636 963
90637 963
90638 963
90639 963
90640 963
90641 963
90642 963
90643 963
90644 963
90645 963
90646 963
90647 963
90648 963
90649 963
90650 963
90651 963
90652 963
90653 963
90654 963
90655 963
90656 963
90657 963
90658 963
90659 963
90660 963
90661 963
90662 963
90663 963
90664 963
90665 963
90666 963
90667 963
90668 963
90669 963
90670 963
90671 963
90672 963
90673 963
90674 963
90675 963
90676 963
90677 963
90678 963
90679 963
90680 963
90681 963
90682 964
90683 964
90684 964
90685 964
90686 964
90687 964
90688 964
90689 964
90690 964
90691 964
90692 964
90693 964
90694 964
90695 964
90696 964
90697 964
90698 964
90699 964
90700 964
90701 964
90702 964
90703 964
90704 964
90705 964
90706 964
90707 964
90708 964
90709 964
90710 964
90711 964
90712 964
90713 964
90714 964
90715 964
90716 964
90717 964
90718 964
90719 964
90720 964
90721 964
90722 964
90723 964
90724 964
90725 964
90726 964
90727 964
90728 964
90729 964
90730 964
90731 964
90732 964
90733 964
90734 964
90735 964
90736 964
90737 964
90738 964
90739 964
90740 964
90741 964
90742 964
90743 964
90744 964
90745 964
90746 964
90747 964
90748 964
90749 964
90750 964
90751 964
90752 964
90753 964
90754 964
90755 964
90756 964
90757 964
90758 964
90759 964
90760 964
90761 964
90762 964
90763 964
90764 964
90765 964
90766 964
90767 964
90768 964
90769 964
90770 964
90771 964
90772 964
90773 964
90774 964
90775 964
90776 964
90777 964
90778 964
90779 964
90780 964
90781 964
90782 964
90783 964
90784 964
90785 964
90786 964
90787 964
90788 964
90789 964
90790 964
90791 964
90792 964
90793 964
90794 964
90795 964
90796 964
90797 964
90798 964
90799 964
90800 964
90801 964
90802 964
90803 964
90804 964
90805 964
90806 964
90807 964
90808 964
90809 964
90810 964
90811 964
90812 964
90813 964
90814 964
90815 964
90816 964
90817 964
90818 964
90819 964
90820 964
90821 964
90822 964
90823 964
90824 964
90825 964
90826 964
90827 964
90828 964
90829 964
90830 964
90831 964
90832 964
90833 964
90834 964
90835 964
90836 964
90837 964
90838 964
90839 964
90840 964
90841 964
90842 964
90843 964
90844 964
90845 964
90846 964
90847 964
90848 964
90849 964
90850 964
90851 964
90852 964
90853 964
90854 964
90855 964
90856 964
90857 964
90858 964
90859 964
90860 964
90861 964
90862 964
90863 964
90864 964
90865 964
90866 964
90867 965
90868 965
90869 965
90870 965
90871 965
90872 965
90873 965
90874 965
90875 965
90876 965
90877 965
90878 965
90879 965
90880 965
90881 965
90882 965
90883 965
90884 965
90885 965
90886 965
90887 965
90888 965
90889 965
90890 965
90891 965
90892 965
90893 965
90894 965
90895 965
90896 965
90897 965
90898 965
90899 965
90900 965
90901 965
90902 965
90903 965
90904 965
90905 965
90906 965
90907 965
90908 965
90909 965
90910 965
90911 965
90912 965
90913 965
90914 965
90915 965
90916 965
90917 965
90918 965
90919 965
90920 965
90921 965
90922 965
90923 965
90924 965
90925 965
90926 965
90927 965
90928 965
90929 965
90930 965
90931 965
90932 965
90933 965
90934 965
90935 965
90936 965
90937 965
90938 965
90939 965
90940 965
90941 965
90942 965
90943 965
90944 965
90945 965
90946 965
90947 965
90948 965
90949 965
90950 965
90951 965
90952 965
90953 965
90954 965
90955 965
90956 965
90957 965
90958 965
90959 965
90960 965
90961 965
90962 965
90963 965
90964 965
90965 965
90966 965
90967 965
90968 965
90969 965
90970 965
90971 965
90972 965
90973 965
90974 965
90975 965
90976 965
90977 965
90978 965
90979 965
90980 965
90981 965
90982 965
90983 965
90984 965
90985 965
90986 965
90987 965
90988 965
90989 965
90990 965
90991 965
90992 965
90993 965
90994 965
90995 966
90996 966
90997 966
90998 966
90999 966
91000 966
91001 966
91002 966
91003 966
91004 966
91005 966
91006 966
91007 966
91008 966
91009 966
91010 966
91011 966
91012 966
91013 966
91014 966
91015 966
91016 966
91017 966
91018 966
91019 966
91020 966
91021 966
91022 966
91023 966
91024 966
91025 966
91026 966
91027 966
91028 966
91029 966
91030 966
91031 966
91032 966
91033 966
91034 966
91035 966
91036 966
91037 966
91038 966
91039 966
91040 966
91041 966
91042 966
91043 966
91044 966
91045 966
91046 966
91047 966
91048 966
91049 966
91050 966
91051 966
91052 966
91053 966
91054 966
91055 966
91056 966
91057 966
91058 966
91059 966
91060 966
91061 966
91062 966
91063 966
91064 966
91065 966
91066 966
91067 966
91068 966
91069 966
91070 966
91071 966
91072 966
91073 966
91074 966
91075 966
91076 966
91077 966
91078 966
91079 966
91080 966
91081 966
91082 966
91083 966
91084 966
91085 966
91086 966
91087 966
91088 966
91089 966
91090 966
91091 966
91092 966
91093 966
91094 966
91095 966
91096 966
91097 966
91098 966
91099 966
91100 966
91101 966
91102 966
91103 966
91104 966
91105 966
91106 966
91107 966
91108 966
91109 966
91110 966
91111 966
91112 966
91113 966
91114 966
91115 966
91116 966
91117 966
91118 966
91119 966
91120 966
91121 966
91122 966
91123 966
91124 966
91125 966
91126 966
91127 966
91128 966
91129 966
91130 966
91131 966
91132 966
91133 966
91134 966
91135 966
91136 966
91137 966
91138 966
91139 966
91140 966
91141 966
91142 966
91143 966
91144 966
91145 966
91146 966
91147 966
91148 966
91149 966
91150 966
91151 966
91152 966
91153 966
91154 966
91155 966
91156 966
91157 966
91158 966
91159 966
91160 966
91161 966
91162 967
91163 967
91164 967
91165 967
91166 967
91167 967
91168 967
91169 967
91170 967
91171 967
91172 967
91173 967
91174 967
91175 967
91176 967
91177 967
91178 967
91179 967
91180 967
91181 967
91182 967
91183 967
91184 967
91185 967
91186 967
91187 967
91188 967
91189 967
91190 967
91191 967
91192 967
91193 967
91194 967
91195 967
91196 967
91197 967
91198 967
91199 967
91200 967
91201 967
91202 967
91203 967
91204 967
91205 967
91206 967
91207 967
91208 967
91209 967
91210 967
91211 967
91212 967
91213 967
91214 967
91215 967
91216 967
91217 967
91218 967
91219 967
91220 967
91221 967
91222 967
91223 967
91224 967
91225 967
91226 967
91227 967
91228 967
91229 967
91230 967
91231 967
91232 967
91233 967
91234 967
91235 967
91236 967
91237 967
91238 967
91239 967
91240 967
91241 967
91242 967
91243 967
91244 967
91245 967
91246 967
91247 967
91248 967
91249 967
91250 967
91251 967
91252 967
91253 967
91254 967
91255 967
91256 967
91257 967
91258 967
91259 967
91260 967
91261 967
91262 967
91263 967
91264 967
91265 967
91266 967
91267 967
91268 967
91269 967
91270 967
91271 967
91272 977
91273 977
91274 977
91275 978
91276 978
91277 978
91278 978
91279 978
91280 978
91281 978
91282 978
91283 978
91284 978
91285 978
91286 978
91287 978
91288 978
91289 978
91290 978
91291 978
91292 978
91293 978
91294 978
91295 978
91296 978
91297 978
91298 978
91299 978
91300 978
91301 978
91302 978
91303 978
91304 978
91305 978
91306 978
91307 978
91308 978
91309 978
91310 978
91311 978
91312 978
91313 978
91314 978
91315 978
91316 978
91317 978
91318 978
91319 978
91320 978
91321 978
91322 978
91323 978
91324 978
91325 978
91326 978
91327 978
91328 978
91329 978
91330 978
91331 979
91332 979
91333 979
91334 979
91335 979
91336 979
91337 979
91338 979
91339 979
91340 979
91341 979
91342 979
91343 979
91344 979
91345 979
91346 979
91347 979
91348 979
91349 979
91350 979
91351 979
91352 979
91353 979
91354 979
91355 979
91356 979
91357 979
91358 979
91359 979
91360 979
91361 979
91362 979
91363 979
91364 979
91365 979
91366 979
91367 979
91368 979
91369 979
91370 979
91371 979
91372 979
91373 979
91374 979
91375 979
91376 979
91377 979
91378 979
91379 979
91380 979
91381 979
91382 979
91383 979
91384 979
91385 979
91386 979
91387 979
91388 979
91389 979
91390 979
91391 979
91392 979
91393 979
91394 979
91395 979
91396 979
91397 979
91398 979
91399 979
91400 979
91401 979
91402 979
91403 979
91404 979
91405 979
91406 979
91407 979
91408 979
91409 979
91410 979
91411 979
91412 979
91413 979
91414 979
91415 979
91416 979
91417 979
91418 979
91419 979
91420 979
91421 979
91422 979
91423 979
91424 979
91425 979
91426 979
91427 979
91428 979
91429 979
91430 979
91431 979
91432 979
91433 979
91434 979
91435 979
91436 979
91437 979
91438 979
91439 979
91440 979
91441 979
91442 979
91443 979
91444 979
91445 979
91446 979
91447 979
91448 979
91449 979
91450 979
91451 979
91452 979
91453 979
91454 979
91455 979
91456 979
91457 979
91458 979
91459 979
91460 979
91461 979
91462 979
91463 979
91464 979
91465 979
91466 979
91467 979
91468 979
91469 979
91470 979
91471 979
91472 979
91473 979
91474 979
91475 979
91476 979
91477 979
91478 979
91479 979
91480 979
91481 979
91482 979
91483 979
91484 979
91485 979
91486 979
91487 979
91488 979
91489 979
91490 979
91491 979
91492 979
91493 979
91494 979
91495 979
91496 979
91497 979
91498 979
91499 979
91500 979
91501 979
91502 979
91503 979
91504 979
91505 979
91506 979
91507 979
91508 979
91509 979
91510 979
91511 979
91512 979
91513 979
91514 979
91515 979
91516 979
91517 979
91518 979
91519 979
91520 979
91521 979
91522 979
91523 979
91524 979
91525 979
91526 979
91527 979
91528 979
91529 979
91530 980
91531 980
91532 980
91533 980
91534 980
91535 980
91536 980
91537 980
91538 980
91539 980
91540 980
91541 980
91542 980
91543 980
91544 980
91545 980
91546 980
91547 980
91548 980
91549 980
91550 980
91551 980
91552 980
91553 980
91554 980
91555 980
91556 980
91557 980
91558 980
91559 980
91560 980
91561 980
91562 980
91563 980
91564 980
91565 980
91566 980
91567 980
91568 980
91569 980
91570 980
91571 980
91572 980
91573 980
91574 980
91575 980
91576 980
91577 980
91578 980
91579 980
91580 980
91581 980
91582 980
91583 980
91584 980
91585 980
91586 980
91587 980
91588 980
91589 980
91590 980
91591 980
91592 980
91593 980
91594 980
91595 980
91596 980
91597 980
91598 980
91599 980
91600 980
91601 980
91602 980
91603 980
91604 980
91605 980
91606 980
91607 980
91608 980
91609 980
91610 980
91611 980
91612 980
91613 980
91614 980
91615 980
91616 980
91617 980
91618 980
91619 980
91620 980
91621 980
91622 980
91623 980
91624 980
91625 980
91626 980
91627 980
91628 980
91629 980
91630 980
91631 980
91632 980
91633 980
91634 980
91635 980
91636 980
91637 980
91638 980
91639 980
91640 980
91641 980
91642 980
91643 980
91644 980
91645 980
91646 980
91647 980
91648 980
91649 980
91650 980
91651 980
91652 980
91653 980
91654 980
91655 980
91656 980
91657 980
91658 980
91659 980
91660 980
91661 980
91662 980
91663 980
91664 980
91665 980
91666 980
91667 980
91668 980
91669 980
91670 980
91671 980
91672 980
91673 980
91674 980
91675 980
91676 980
91677 980
91678 980
91679 980
91680 980
91681 980
91682 980
91683 980
91684 980
91685 980
91686 980
91687 980
91688 980
91689 980
91690 980
91691 980
91692 980
91693 980
91694 980
91695 980
91696 980
91697 980
91698 980
91699 980
91700 980
91701 980
91702 980
91703 980
91704 980
91705 981
91706 981
91707 981
91708 981
91709 981
91710 981
91711 981
91712 981
91713 981
91714 981
91715 981
91716 981
91717 981
91718 981
91719 981
91720 981
91721 981
91722 981
91723 981
91724 981
91725 981
91726 981
91727 981
91728 981
91729 981
91730 981
91731 981
91732 981
91733 981
91734 981
91735 981
91736 981
91737 981
91738 981
91739 981
91740 981
91741 981
91742 981
91743 981
91744 981
91745 981
91746 981
91747 981
91748 981
91749 981
91750 981
91751 981
91752 981
91753 981
91754 981
91755 981
91756 981
91757 981
91758 981
91759 981
91760 981
91761 981
91762 981
91763 981
91764 981
91765 981
91766 981
91767 981
91768 981
91769 981
91770 981
91771 981
91772 981
91773 981
91774 981
91775 981
91776 981
91777 981
91778 981
91779 981
91780 981
91781 981
91782 981
91783 981
91784 981
91785 981
91786 981
91787 981
91788 981
91789 981
91790 981
91791 981
91792 981
91793 981
91794 981
91795 981
91796 981
91797 981
91798 981
91799 981
91800 981
91801 981
91802 981
91803 981
91804 981
91805 981
91806 981
91807 981
91808 981
91809 981
91810 981
91811 981
91812 981
91813 981
91814 981
91815 981
91816 981
91817 981
91818 981
91819 981
91820 981
91821 981
91822 981
91823 981
91824 981
91825 981
91826 981
91827 981
91828 981
91829 981
91830 981
91831 981
91832 981
91833 981
91834 981
91835 981
91836 981
91837 981
91838 981
91839 981
91840 981
91841 981
91842 981
91843 981
91844 981
91845 981
91846 981
91847 981
91848 981
91849 981
91850 981
91851 981
91852 981
91853 981
91854 981
91855 981
91856 981
91857 981
91858 981
91859 981
91860 981
91861 981
91862 981
91863 981
91864 981
91865 981
91866 981
91867 982
91868 982
91869 982
91870 982
91871 982
91872 982
91873 982
91874 982
91875 982
91876 982
91877 982
91878 982
91879 982
91880 982
91881 982
91882 982
91883 982
91884 982
91885 982
91886 982
91887 982
91888 982
91889 982
91890 982
91891 982
91892 982
91893 982
91894 982
91895 982
91896 982
91897 982
91898 982
91899 982
91900 982
91901 982
91902 982
91903 982
91904 982
91905 982
91906 982
91907 982
91908 982
91909 982
91910 982
91911 982
91912 982
91913 982
91914 982
91915 982
91916 982
91917 982
91918 982
91919 982
91920 982
91921 982
91922 982
91923 982
91924 982
91925 982
91926 982
91927 982
91928 982
91929 982
91930 982
91931 982
91932 982
91933 982
91934 982
91935 982
91936 982
91937 982
91938 982
91939 982
91940 982
91941 982
91942 982
91943 982
91944 982
91945 982
91946 982
91947 982
91948 982
91949 982
91950 982
91951 982
91952 982
91953 982
91954 982
91955 982
91956 982
91957 982
91958 982
91959 982
91960 982
91961 982
91962 982
91963 982
91964 982
91965 982
91966 982
91967 982
91968 982
91969 982
91970 982
91971 982
91972 982
91973 982
91974 982
91975 982
91976 982
91977 982
91978 982
91979 982
91980 982
91981 982
91982 982
91983 982
91984 982
91985 982
91986 982
91987 982
91988 982
91989 982
91990 982
91991 982
91992 982
91993 982
91994 982
91995 982
91996 982
91997 982
91998 982
91999 982
92000 982
92001 982
92002 982
92003 982
92004 982
92005 982
92006 982
92007 982
92008 982
92009 982
92010 982
92011 982
92012 982
92013 982
92014 982
92015 982
92016 982
92017 983
92018 983
92019 983
92020 983
92021 983
92022 983
92023 983
92024 983
92025 983
92026 983
92027 983
92028 983
92029 983
92030 983
92031 983
92032 983
92033 983
92034 983
92035 983
92036 983
92037 983
92038 983
92039 983
92040 983
92041 983
92042 983
92043 983
92044 983
92045 983
92046 983
92047 983
92048 983
92049 983
92050 983
92051 983
92052 983
92053 983
92054 983
92055 983
92056 983
92057 983
92058 983
92059 983
92060 983
92061 983
92062 983
92063 983
92064 983
92065 983
92066 983
92067 983
92068 983
92069 983
92070 983
92071 983
92072 983
92073 983
92074 983
92075 983
92076 983
92077 983
92078 983
92079 983
92080 983
92081 983
92082 983
92083 983
92084 983
92085 983
92086 983
92087 983
92088 983
92089 983
92090 983
92091 983
92092 983
92093 983
92094 983
92095 983
92096 983
92097 983
92098 983
92099 983
92100 983
92101 983
92102 983
92103 983
92104 983
92105 983
92106 983
92107 983
92108 983
92109 983
92110 983
92111 983
92112 983
92113 983
92114 983
92115 983
92116 983
92117 983
92118 983
92119 983
92120 983
92121 983
92122 983
92123 983
92124 983
92125 983
92126 983
92127 983
92128 983
92129 983
92130 983
92131 983
92132 983
92133 983
92134 983
92135 983
92136 983
92137 983
92138 983
92139 983
92140 983
92141 983
92142 983
92143 983
92144 983
92145 983
92146 983
92147 983
92148 983
92149 983
92150 983
92151 983
92152 984
92153 984
92154 984
92155 984
92156 984
92157 984
92158 984
92159 984
92160 984
92161 984
92162 984
92163 984
92164 984
92165 984
92166 984
92167 984
92168 984
92169 984
92170 984
92171 984
92172 984
92173 984
92174 984
92175 984
92176 984
92177 984
92178 984
92179 984
92180 984
92181 984
92182 984
92183 984
92184 984
92185 984
92186 984
92187 984
92188 984
92189 984
92190 984
92191 984
92192 984
92193 984
92194 984
92195 984
92196 984
92197 984
92198 984
92199 984
92200 984
92201 984
92202 984
92203 984
92204 984
92205 984
92206 984
92207 984
92208 984
92209 984
92210 984
92211 984
92212 984
92213 984
92214 984
92215 984
92216 984
92217 984
92218 984
92219 984
92220 984
92221 984
92222 984
92223 984
92224 984
92225 984
92226 984
92227 984
92228 984
92229 984
92230 984
92231 984
92232 984
92233 984
92234 984
92235 984
92236 984
92237 984
92238 984
92239 984
92240 984
92241 984
92242 984
92243 984
92244 984
92245 984
92246 984
92247 984
92248 984
92249 984
92250 984
92251 984
92252 984
92253 984
92254 984
92255 984
92256 984
92257 984
92258 984
92259 984
92260 985
92261 985
92262 985
92263 985
92264 985
92265 985
92266 985
92267 985
92268 985
92269 985
92270 985
92271 985
92272 985
92273 985
92274 985
92275 985
92276 985
92277 985
92278 985
92279 985
92280 985
92281 985
92282 985
92283 985
92284 985
92285 985
92286 985
92287 985
92288 985
92289 985
92290 985
92291 985
92292 985
92293 985
92294 985
92295 985
92296 985
92297 985
92298 985
92299 985
92300 985
92301 985
92302 985
92303 985
92304 985
92305 985
92306 985
92307 985
92308 985
92309 985
92310 985
92311 985
92312 985
92313 985
92314 985
92315 985
92316 985
92317 985
92318 985
92319 985
92320 985
92321 985
92322 985
92323 985
92324 985
92325 985
92326 985
92327 985
92328 985
92329 985
92330 985
92331 985
92332 985
92333 985
92334 985
92335 985
92336 985
92337 985
92338 985
92339 985
92340 985
92341 985
92342 985
92343 985
92344 985
92345 985
92346 985
92347 985
92348 985
92349 985
92350 985
92351 985
92352 985
92353 985
92354 985
92355 985
92356 985
92357 985
92358 985
92359 985
92360 985
92361 985
92362 985
92363 985
92364 985
92365 985
92366 985
92367 985
92368 985
92369 985
92370 985
92371 985
92372 985
92373 985
92374 985
92375 985
92376 985
92377 985
92378 985
92379 985
92380 985
92381 985
92382 985
92383 986
92384 986
92385 986
92386 986
92387 986
92388 986
92389 986
92390 986
92391 986
92392 986
92393 986
92394 986
92395 986
92396 986
92397 986
92398 986
92399 986
92400 986
92401 986
92402 986
92403 986
92404 986
92405 986
92406 986
92407 986
92408 986
92409 986
92410 986
92411 986
92412 986
92413 986
92414 986
92415 986
92416 986
92417 986
92418 986
92419 986
92420 986
92421 986
92422 986
92423 986
92424 986
92425 986
92426 986
92427 986
92428 986
92429 986
92430 986
92431 986
92432 986
92433 986
92434 986
92435 986
92436 986
92437 986
92438 986
92439 986
92440 986
92441 986
92442 986
92443 986
92444 986
92445 986
92446 986
92447 986
92448 986
92449 986
92450 986
92451 986
92452 986
92453 986
92454 986
92455 986
92456 986
92457 986
92458 986
92459 986
92460 986
92461 986
92462 986
92463 986
92464 986
92465 986
92466 986
92467 986
92468 986
92469 986
92470 986
92471 986
92472 986
92473 986
92474 986
92475 986
92476 986
92477 986
92478 986
92479 986
92480 986
92481 986
92482 986
92483 986
92484 986
92485 986
92486 986
92487 987
92488 987
92489 987
92490 987
92491 987
92492 987
92493 987
92494 987
92495 987
92496 987
92497 987
92498 987
92499 987
92500 987
92501 987
92502 987
92503 987
92504 987
92505 987
92506 987
92507 987
92508 987
92509 987
92510 987
92511 987
92512 987
92513 987
92514 987
92515 987
92516 987
92517 987
92518 987
92519 987
92520 987
92521 987
92522 987
92523 987
92524 987
92525 987
92526 987
92527 987
92528 987
92529 987
92530 987
92531 987
92532 987
92533 987
92534 987
92535 987
92536 987
92537 987
92538 987
92539 987
92540 987
92541 987
92542 987
92543 987
92544 987
92545 987
92546 987
92547 987
92548 987
92549 987
92550 987
92551 987
92552 987
92553 987
92554 987
92555 987
92556 987
92557 987
92558 987
92559 987
92560 987
92561 987
92562 987
92563 987
92564 987
92565 987
92566 987
92567 987
92568 987
92569 987
92570 987
92571 987
92572 987
92573 987
92574 987
92575 987
92576 987
92577 987
92578 987
92579 987
92580 987
92581 987
92582 987
92583 987
92584 987
92585 987
92586 987
92587 987
92588 987
92589 987
92590 987
92591 987
92592 987
92593 987
92594 987
92595 987
92596 987
92597 987
92598 987
92599 987
92600 987
92601 987
92602 987
92603 987
92604 987
92605 987
92606 987
92607 987
92608 987
92609 987
92610 987
92611 987
92612 987
92613 987
92614 987
92615 987
92616 987
92617 987
92618 987
92619 987
92620 987
92621 987
92622 987
92623 987
92624 987
92625 987
92626 987
92627 987
92628 987
92629 987
92630 987
92631 987
92632 987
92633 987
92634 987
92635 987
92636 987
92637 987
92638 987
92639 987
92640 987
92641 987
92642 987
92643 987
92644 987
92645 987
92646 987
92647 987
92648 987
92649 987
92650 987
92651 987
92652 987
92653 987
92654 987
92655 987
92656 987
92657 987
92658 987
92659 987
92660 987
92661 987
92662 987
92663 987
92664 987
92665 990
92666 990
92667 990
92668 990
92669 990
92670 990
92671 990
92672 990
92673 990
92674 990
92675 990
92676 990
92677 990
92678 990
92679 990
92680 990
92681 990
92682 990
92683 990
92684 990
92685 990
92686 990
92687 990
92688 990
92689 990
92690 990
92691 990
92692 990
92693 990
92694 990
92695 990
92696 990
92697 990
92698 990
92699 990
92700 990
92701 990
92702 990
92703 990
92704 990
92705 990
92706 990
92707 990
92708 990
92709 990
92710 990
92711 990
92712 990
92713 990
92714 990
92715 990
92716 990
92717 990
92718 990
92719 990
92720 990
92721 990
92722 990
92723 990
92724 990
92725 990
92726 990
92727 990
92728 990
92729 990
92730 990
92731 990
92732 990
92733 990
92734 990
92735 990
92736 990
92737 990
92738 990
92739 990
92740 990
92741 990
92742 990
92743 990
92744 990
92745 990
92746 990
92747 990
92748 990
92749 990
92750 990
92751 990
92752 990
92753 990
92754 990
92755 990
92756 990
92757 990
92758 990
92759 990
92760 990
92761 990
92762 990
92763 990
92764 990
92765 990
92766 990
92767 990
92768 990
92769 990
92770 990
92771 990
92772 990
92773 990
92774 991
92775 991
92776 991
92777 991
92778 991
92779 991
92780 991
92781 991
92782 991
92783 991
92784 991
92785 991
92786 991
92787 991
92788 991
92789 991
92790 991
92791 991
92792 991
92793 991
92794 991
92795 991
92796 991
92797 991
92798 991
92799 991
92800 991
92801 991
92802 991
92803 991
92804 991
92805 991
92806 991
92807 991
92808 991
92809 991
92810 991
92811 991
92812 991
92813 991
92814 991
92815 991
92816 991
92817 991
92818 991
92819 991
92820 991
92821 991
92822 991
92823 991
92824 991
92825 991
92826 991
92827 991
92828 991
92829 991
92830 991
92831 991
92832 991
92833 991
92834 991
92835 991
92836 991
92837 991
92838 991
92839 991
92840 991
92841 991
92842 991
92843 991
92844 991
92845 991
92846 991
92847 991
92848 991
92849 991
92850 991
92851 991
92852 991
92853 991
92854 991
92855 991
92856 991
92857 991
92858 991
92859 991
92860 991
92861 991
92862 991
92863 991
92864 991
92865 991
92866 991
92867 991
92868 991
92869 991
92870 991
92871 991
92872 991
92873 991
92874 991
92875 991
92876 991
92877 991
92878 991
92879 991
92880 991
92881 991
92882 991
92883 991
92884 991
92885 991
92886 991
92887 991
92888 991
92889 991
92890 991
92891 991
92892 991
92893 991
92894 991
92895 991
92896 991
92897 991
92898 991
92899 991
92900 991
92901 991
92902 991
92903 992
92904 992
92905 992
92906 992
92907 992
92908 992
92909 992
92910 992
92911 992
92912 992
92913 992
92914 992
92915 992
92916 992
92917 992
92918 992
92919 992
92920 992
92921 992
92922 992
92923 992
92924 992
92925 992
92926 992
92927 992
92928 992
92929 992
92930 992
92931 992
92932 992
92933 992
92934 992
92935 992
92936 992
92937 992
92938 992
92939 992
92940 992
92941 992
92942 992
92943 992
92944 992
92945 992
92946 992
92947 992
92948 992
92949 992
92950 992
92951 992
92952 992
92953 992
92954 992
92955 992
92956 992
92957 992
92958 992
92959 992
92960 992
92961 992
92962 992
92963 992
92964 992
92965 992
92966 992
92967 992
92968 992
92969 992
92970 992
92971 992
92972 992
92973 992
92974 992
92975 992
92976 992
92977 992
92978 992
92979 992
92980 992
92981 992
92982 992
92983 992
92984 992
92985 992
92986 992
92987 992
92988 992
92989 992
92990 992
92991 992
92992 992
92993 992
92994 992
92995 992
92996 992
92997 992
92998 992
92999 992
93000 992
93001 992
93002 992
93003 992
93004 992
93005 992
93006 992
93007 992
93008 992
93009 992
93010 992
93011 992
93012 992
93013 992
93014 992
93015 992
93016 992
93017 992
93018 992
93019 992
93020 992
93021 992
93022 992
93023 992
93024 992
93025 992
93026 992
93027 992
93028 992
93029 992
93030 992
93031 992
93032 992
93033 992
93034 992
93035 992
93036 992
93037 992
93038 992
93039 992
93040 992
93041 992
93042 992
93043 992
93044 992
93045 992
93046 992
93047 992
93048 992
93049 992
93050 992
93051 992
93052 992
93053 992
93054 992
93055 992
93056 992
93057 992
93058 992
93059 992
93060 993
93061 993
93062 993
93063 993
93064 993
93065 993
93066 993
93067 993
93068 993
93069 993
93070 993
93071 993
93072 993
93073 993
93074 993
93075 993
93076 993
93077 993
93078 993
93079 993
93080 993
93081 993
93082 993
93083 993
93084 993
93085 993
93086 993
93087 993
93088 993
93089 993
93090 993
93091 993
93092 993
93093 993
93094 993
93095 993
93096 993
93097 993
93098 993
93099 993
93100 993
93101 993
93102 993
93103 993
93104 993
93105 993
93106 993
93107 993
93108 993
93109 993
93110 993
93111 993
93112 993
93113 993
93114 993
93115 993
93116 993
93117 993
93118 993
93119 993
93120 993
93121 993
93122 993
93123 993
93124 993
93125 993
93126 993
93127 993
93128 993
93129 993
93130 993
93131 993
93132 993
93133 993
93134 993
93135 993
93136 993
93137 993
93138 993
93139 993
93140 993
93141 993
93142 993
93143 993
93144 993
93145 993
93146 993
93147 993
93148 993
93149 993
93150 993
93151 993
93152 993
93153 993
93154 993
93155 993
93156 993
93157 993
93158 993
93159 993
93160 993
93161 993
93162 993
93163 993
93164 993
93165 993
93166 993
93167 993
93168 993
93169 993
93170 993
93171 993
93172 993
93173 993
93174 993
93175 993
93176 993
93177 993
93178 993
93179 993
93180 993
93181 993
93182 993
93183 993
93184 993
93185 993
93186 993
93187 993
93188 993
93189 993
93190 993
93191 993
93192 993
93193 993
93194 993
93195 993
93196 993
93197 993
93198 993
93199 993
93200 993
93201 993
93202 993
93203 993
93204 993
93205 994
93206 994
93207 994
93208 994
93209 994
93210 994
93211 994
93212 994
93213 994
93214 994
93215 994
93216 994
93217 994
93218 994
93219 994
93220 994
93221 994
93222 994
93223 994
93224 994
93225 994
93226 994
93227 994
93228 994
93229 994
93230 994
93231 994
93232 994
93233 994
93234 994
93235 994
93236 994
93237 994
93238 994
93239 994
93240 994
93241 994
93242 994
93243 994
93244 994
93245 994
93246 994
93247 994
93248 994
93249 994
93250 994
93251 994
93252 994
93253 994
93254 994
93255 994
93256 994
93257 994
93258 994
93259 994
93260 994
93261 994
93262 994
93263 994
93264 994
93265 994
93266 994
93267 994
93268 994
93269 994
93270 994
93271 994
93272 994
93273 994
93274 994
93275 994
93276 994
93277 994
93278 994
93279 994
93280 994
93281 994
93282 994
93283 994
93284 994
93285 994
93286 994
93287 994
93288 994
93289 994
93290 994
93291 994
93292 994
93293 994
93294 994
93295 994
93296 994
93297 994
93298 994
93299 994
93300 994
93301 994
93302 994
93303 994
93304 994
93305 994
93306 994
93307 994
93308 994
93309 994
93310 994
93311 994
93312 994
93313 994
93314 994
93315 994
93316 994
93317 994
93318 994
93319 994
93320 994
93321 994
93322 994
93323 994
93324 994
93325 994
93326 994
93327 994
93328 994
93329 994
93330 994
93331 994
93332 994
93333 994
93334 994
93335 994
93336 994
93337 994
93338 994
93339 994
93340 994
93341 994
93342 994
93343 994
93344 994
93345 994
93346 994
93347 994
93348 994
93349 994
93350 994
93351 994
93352 994
93353 994
93354 994
93355 994
93356 994
93357 994
93358 994
93359 994
93360 994
93361 994
93362 994
93363 994
93364 994
93365 994
93366 994
93367 994
93368 994
93369 994
93370 994
93371 994
93372 994
93373 994
93374 994
93375 994
93376 994
93377 994
93378 994
93379 994
93380 994
93381 994
93382 994
93383 994
93384 994
93385 994
93386 994
93387 994
93388 994
93389 994
93390 994
93391 994
93392 994
93393 994
93394 994
93395 994
93396 994
93397 994
93398 994
93399 994
93400 994
93401 994
93402 994
93403 994
93404 994
93405 994
93406 994
93407 994
93408 994
93409 994
93410 994
93411 994
93412 994
93413 994
93414 994
93415 994
93416 994
93417 994
93418 994
93419 994
93420 994
93421 994
93422 994
93423 994
93424 994
93425 994
93426 994
93427 994
93428 994
93429 994
93430 994
93431 994
93432 994
93433 994
93434 994
93435 994
93436 994
93437 994
93438 994
93439 994
93440 994
93441 994
93442 994
93443 994
93444 994
93445 994
93446 994
93447 994
93448 994
93449 994
93450 994
93451 994
93452 994
93453 994
93454 994
93455 994
93456 994
93457 994
93458 994
93459 994
93460 994
93461 994
93462 994
93463 994
93464 994
93465 994
93466 994
93467 994
93468 994
93469 994
93470 994
93471 994
93472 994
93473 994
93474 994
93475 995
93476 995
93477 995
93478 995
93479 995
93480 995
93481 995
93482 995
93483 995
93484 995
93485 995
93486 995
93487 995
93488 995
93489 995
93490 995
93491 995
93492 995
93493 995
93494 995
93495 995
93496 995
93497 995
93498 995
93499 995
93500 995
93501 995
93502 995
93503 995
93504 995
93505 995
93506 995
93507 995
93508 995
93509 995
93510 995
93511 995
93512 995
93513 995
93514 995
93515 995
93516 995
93517 995
93518 995
93519 995
93520 995
93521 995
93522 995
93523 995
93524 995
93525 995
93526 995
93527 995
93528 995
93529 995
93530 995
93531 995
93532 995
93533 995
93534 995
93535 995
93536 995
93537 995
93538 995
93539 995
93540 995
93541 995
93542 995
93543 995
93544 995
93545 995
93546 995
93547 995
93548 995
93549 995
93550 995
93551 995
93552 995
93553 995
93554 995
93555 995
93556 995
93557 995
93558 995
93559 995
93560 995
93561 995
93562 995
93563 995
93564 995
93565 995
93566 995
93567 995
93568 995
93569 995
93570 995
93571 995
93572 995
93573 995
93574 996
93575 996
93576 996
93577 996
93578 996
93579 996
93580 996
93581 996
93582 996
93583 996
93584 996
93585 996
93586 996
93587 996
93588 996
93589 996
93590 996
93591 996
93592 996
93593 996
93594 996
93595 996
93596 996
93597 996
93598 996
93599 996
93600 996
93601 996
93602 996
93603 996
93604 996
93605 996
93606 996
93607 996
93608 996
93609 996
93610 996
93611 996
93612 996
93613 996
93614 996
93615 996
93616 996
93617 996
93618 996
93619 996
93620 996
93621 996
93622 996
93623 996
93624 996
93625 996
93626 996
93627 996
93628 996
93629 996
93630 996
93631 996
93632 996
93633 996
93634 996
93635 996
93636 996
93637 996
93638 996
93639 996
93640 996
93641 996
93642 996
93643 996
93644 996
93645 996
93646 996
93647 996
93648 996
93649 996
93650 996
93651 996
93652 996
93653 996
93654 996
93655 996
93656 996
93657 996
93658 996
93659 996
93660 996
93661 996
93662 996
93663 996
93664 996
93665 996
93666 996
93667 996
93668 996
93669 996
93670 996
93671 996
93672 996
93673 996
93674 996
93675 996
93676 996
93677 996
93678 996
93679 996
93680 996
93681 996
93682 996
93683 996
93684 996
93685 996
93686 996
93687 996
93688 996
93689 996
93690 997
93691 997
93692 997
93693 997
93694 997
93695 997
93696 997
93697 997
93698 997
93699 997
93700 997
93701 997
93702 997
93703 997
93704 997
93705 997
93706 997
93707 997
93708 997
93709 997
93710 997
93711 997
93712 997
93713 997
93714 997
93715 997
93716 997
93717 997
93718 997
93719 997
93720 997
93721 997
93722 997
93723 997
93724 997
93725 997
93726 997
93727 997
93728 997
93729 997
93730 997
93731 997
93732 997
93733 997
93734 997
93735 997
93736 997
93737 997
93738 997
93739 997
93740 997
93741 997
93742 997
93743 997
93744 997
93745 997
93746 997
93747 997
93748 997
93749 997
93750 997
93751 997
93752 997
93753 997
93754 997
93755 997
93756 997
93757 997
93758 997
93759 997
93760 997
93761 997
93762 997
93763 997
93764 997
93765 997
93766 997
93767 997
93768 997
93769 997
93770 997
93771 997
93772 997
93773 997
93774 997
93775 997
93776 997
93777 997
93778 997
93779 997
93780 997
93781 997
93782 997
93783 997
93784 997
93785 997
93786 997
93787 997
93788 997
93789 997
93790 997
93791 997
93792 997
93793 997
93794 997
93795 997
93796 997
93797 997
93798 997
93799 997
93800 997
93801 997
93802 997
93803 997
93804 997
93805 997
93806 997
93807 997
93808 997
93809 997
93810 997
93811 997
93812 997
93813 997
93814 997
93815 997
93816 997
93817 997
93818 997
93819 997
93820 997
93821 997
93822 997
93823 997
93824 997
93825 997
93826 998
93827 998
93828 998
93829 998
93830 998
93831 998
93832 998
93833 998
93834 998
93835 998
93836 998
93837 998
93838 998
93839 998
93840 998
93841 998
93842 998
93843 998
93844 998
93845 998
93846 998
93847 998
93848 998
93849 998
93850 998
93851 998
93852 998
93853 998
93854 998
93855 998
93856 998
93857 998
93858 998
93859 998
93860 998
93861 998
93862 998
93863 998
93864 998
93865 998
93866 998
93867 998
93868 998
93869 998
93870 998
93871 998
93872 998
93873 998
93874 998
93875 998
93876 998
93877 998
93878 998
93879 998
93880 998
93881 998
93882 998
93883 998
93884 998
93885 998
93886 998
93887 998
93888 998
93889 998
93890 998
93891 998
93892 998
93893 998
93894 998
93895 998
93896 998
93897 998
93898 998
93899 998
93900 998
93901 998
93902 998
93903 998
93904 998
93905 998
93906 998
93907 998
93908 998
93909 998
93910 998
93911 998
93912 998
93913 998
93914 998
93915 998
93916 998
93917 998
93918 998
93919 998
93920 998
93921 998
93922 998
93923 998
93924 998
93925 998
93926 998
93927 998
93928 998
93929 998
93930 998
93931 998
93932 998
93933 998
93934 998
93935 998
93936 998
93937 998
93938 998
93939 998
93940 998
93941 998
93942 998
93943 998
93944 998
93945 998
93946 998
93947 998
93948 998
93949 998
93950 998
93951 998
93952 998
93953 998
93954 998
93955 998
93956 998
93957 998
93958 998
93959 998
93960 998
93961 998
93962 998
93963 998
93964 998
93965 998
93966 998
93967 998
93968 998
93969 998
93970 998
93971 998
93972 998
93973 998
93974 998
93975 998
93976 998
93977 998
93978 998
93979 998
93980 998
93981 998
93982 998
93983 998
93984 998
93985 998
93986 998
93987 998
93988 998
93989 998
93990 998
93991 998
93992 998
93993 999
93994 999
93995 999
93996 999
93997 999
93998 999
93999 999
94000 999
94001 999
94002 999
94003 999
94004 999
94005 999
94006 999
94007 999
94008 999
94009 999
94010 999
94011 999
94012 999
94013 999
94014 999
94015 999
94016 999
94017 999
94018 999
94019 999
94020 999
94021 999
94022 999
94023 999
94024 999
94025 999
94026 999
94027 999
94028 999
94029 999
94030 999
94031 999
94032 999
94033 999
94034 999
94035 999
94036 999
94037 999
94038 999
94039 999
94040 999
94041 999
94042 999
94043 999
94044 999
94045 999
94046 999
94047 999
94048 999
94049 999
94050 999
94051 999
94052 999
94053 999
94054 999
94055 999
94056 999
94057 999
94058 999
94059 999
94060 999
94061 999
94062 999
94063 999
94064 999
94065 999
94066 999
94067 999
94068 999
94069 999
94070 999
94071 999
94072 999
94073 999
94074 999
94075 999
94076 999
94077 999
94078 999
94079 999
94080 999
94081 999
94082 999
94083 999
94084 999
94085 999
94086 999
94087 999
94088 999
94089 999
94090 999
94091 999
94092 999
94093 999
94094 999
94095 999
94096 999
94097 999
94098 999
94099 999
94100 999
94101 999
94102 999
94103 999
94104 999
94105 999
94106 999
94107 999
94108 999
94109 1000
94110 1000
94111 1000
94112 1000
94113 1000
94114 1000
94115 1000
94116 1000
94117 1000
94118 1000
94119 1000
94120 1000
94121 1000
94122 1000
94123 1000
94124 1000
94125 1000
94126 1000
94127 1000
94128 1000
94129 1000
94130 1000
94131 1000
94132 1000
94133 1000
94134 1000
94135 1000
94136 1000
94137 1000
94138 1000
94139 1000
94140 1000
94141 1000
94142 1000
94143 1000
94144 1000
94145 1000
94146 1000
94147 1000
94148 1000
94149 1000
94150 1000
94151 1000
94152 1000
94153 1000
94154 1000
94155 1000
94156 1000
94157 1000
94158 1000
94159 1000
94160 1000
94161 1000
94162 1000
94163 1000
94164 1000
94165 1000
94166 1000
94167 1000
94168 1000
94169 1000
94170 1000
94171 1000
94172 1000
94173 1000
94174 1000
94175 1000
94176 1000
94177 1000
94178 1000
94179 1000
94180 1000
94181 1000
94182 1000
94183 1000
94184 1000
94185 1000
94186 1000
94187 1000
94188 1000
94189 1000
94190 1000
94191 1000
94192 1000
94193 1000
94194 1000
94195 1000
94196 1000
94197 1000
94198 1000
94199 1000
94200 1000
94201 1000
94202 1001
94203 1001
94204 1001
94205 1001
94206 1001
94207 1001
94208 1001
94209 1001
94210 1001
94211 1001
94212 1001
94213 1001
94214 1001
94215 1001
94216 1001
94217 1001
94218 1001
94219 1001
94220 1001
94221 1001
94222 1001
94223 1001
94224 1001
94225 1001
94226 1001
94227 1001
94228 1001
94229 1001
94230 1001
94231 1001
94232 1001
94233 1001
94234 1001
94235 1001
94236 1001
94237 1001
94238 1001
94239 1001
94240 1001
94241 1001
94242 1001
94243 1001
94244 1001
94245 1001
94246 1001
94247 1001
94248 1001
94249 1001
94250 1001
94251 1001
94252 1001
94253 1001
94254 1001
94255 1001
94256 1001
94257 1001
94258 1001
94259 1001
94260 1001
94261 1001
94262 1001
94263 1001
94264 1001
94265 1001
94266 1001
94267 1001
94268 1001
94269 1001
94270 1001
94271 1001
94272 1001
94273 1001
94274 1001
94275 1001
94276 1001
94277 1001
94278 1001
94279 1001
94280 1001
94281 1001
94282 1001
94283 1001
94284 1001
94285 1001
94286 1001
94287 1001
94288 1001
94289 1001
94290 1001
94291 1001
94292 1001
94293 1001
94294 1001
94295 1001
94296 1001
94297 1001
94298 1001
94299 1001
94300 1001
94301 1001
94302 1001
94303 1001
94304 1001
94305 1001
94306 1001
94307 1001
94308 1001
94309 1001
94310 1001
94311 1001
94312 1001
94313 1001
94314 1001
94315 1002
94316 1002
94317 1002
94318 1002
94319 1002
94320 1002
94321 1002
94322 1002
94323 1002
94324 1002
94325 1002
94326 1002
94327 1002
94328 1002
94329 1002
94330 1002
94331 1002
94332 1002
94333 1002
94334 1002
94335 1002
94336 1002
94337 1002
94338 1002
94339 1002
94340 1002
94341 1002
94342 1002
94343 1002
94344 1002
94345 1002
94346 1002
94347 1002
94348 1002
94349 1002
94350 1002
94351 1002
94352 1002
94353 1002
94354 1002
94355 1002
94356 1002
94357 1002
94358 1002
94359 1002
94360 1002
94361 1002
94362 1002
94363 1002
94364 1002
94365 1002
94366 1002
94367 1002
94368 1002
94369 1002
94370 1002
94371 1002
94372 1002
94373 1002
94374 1002
94375 1002
94376 1002
94377 1002
94378 1002
94379 1002
94380 1002
94381 1002
94382 1002
94383 1002
94384 1002
94385 1002
94386 1002
94387 1002
94388 1002
94389 1002
94390 1002
94391 1002
94392 1002
94393 1002
94394 1002
94395 1002
94396 1002
94397 1002
94398 1002
94399 1002
94400 1002
94401 1002
94402 1002
94403 1002
94404 1002
94405 1002
94406 1002
94407 1002
94408 1002
94409 1002
94410 1002
94411 1002
94412 1002
94413 1002
94414 1002
94415 1002
94416 1002
94417 1002
94418 1002
94419 1002
94420 1002
94421 1002
94422 1002
94423 1002
94424 1002
94425 1002
94426 1002
94427 1002
94428 1002
94429 1002
94430 1002
94431 1002
94432 1002
94433 1002
94434 1002
94435 1002
94436 1002
94437 1002
94438 1002
94439 1002
94440 1002
94441 1003
94442 1003
94443 1003
94444 1003
94445 1003
94446 1003
94447 1003
94448 1003
94449 1003
94450 1003
94451 1003
94452 1003
94453 1003
94454 1003
94455 1003
94456 1003
94457 1003
94458 1003
94459 1003
94460 1003
94461 1003
94462 1003
94463 1003
94464 1003
94465 1003
94466 1003
94467 1003
94468 1003
94469 1003
94470 1003
94471 1003
94472 1003
94473 1003
94474 1003
94475 1003
94476 1003
94477 1003
94478 1003
94479 1003
94480 1003
94481 1003
94482 1003
94483 1003
94484 1003
94485 1003
94486 1003
94487 1003
94488 1003
94489 1003
94490 1003
94491 1003
94492 1003
94493 1003
94494 1003
94495 1003
94496 1003
94497 1003
94498 1003
94499 1003
94500 1003
94501 1003
94502 1003
94503 1003
94504 1003
94505 1003
94506 1003
94507 1003
94508 1003
94509 1003
94510 1003
94511 1003
94512 1003
94513 1003
94514 1003
94515 1003
94516 1003
94517 1003
94518 1003
94519 1003
94520 1003
94521 1003
94522 1003
94523 1003
94524 1003
94525 1003
94526 1003
94527 1003
94528 1003
94529 1003
94530 1003
94531 1003
94532 1003
94533 1003
94534 1003
94535 1003
94536 1003
94537 1003
94538 1003
94539 1003
94540 1003
94541 1003
94542 1003
94543 1003
94544 1003
94545 1003
94546 1003
94547 1003
94548 1003
94549 1003
94550 1003
94551 1003
94552 1003
94553 1003
94554 1003
94555 1003
94556 1004
94557 1004
94558 1004
94559 1004
94560 1004
94561 1004
94562 1004
94563 1004
94564 1004
94565 1004
94566 1004
94567 1004
94568 1004
94569 1004
94570 1004
94571 1004
94572 1004
94573 1004
94574 1004
94575 1004
94576 1004
94577 1004
94578 1004
94579 1004
94580 1004
94581 1004
94582 1004
94583 1004
94584 1004
94585 1004
94586 1004
94587 1004
94588 1004
94589 1004
94590 1004
94591 1004
94592 1004
94593 1004
94594 1004
94595 1004
94596 1004
94597 1004
94598 1004
94599 1004
94600 1004
94601 1004
94602 1004
94603 1004
94604 1004
94605 1004
94606 1004
94607 1004
94608 1004
94609 1004
94610 1004
94611 1004
94612 1004
94613 1004
94614 1004
94615 1004
94616 1004
94617 1004
94618 1004
94619 1004
94620 1004
94621 1004
94622 1004
94623 1004
94624 1004
94625 1004
94626 1004
94627 1004
94628 1004
94629 1004
94630 1004
94631 1004
94632 1004
94633 1004
94634 1004
94635 1004
94636 1004
94637 1004
94638 1004
94639 1004
94640 1004
94641 1004
94642 1004
94643 1004
94644 1004
94645 1004
94646 1004
94647 1004
94648 1004
94649 1004
94650 1004
94651 1004
94652 1004
94653 1004
94654 1004
94655 1004
94656 1004
94657 1004
94658 1004
94659 1004
94660 1004
94661 1004
94662 1004
94663 1004
94664 1004
94665 1004
94666 1004
94667 1004
94668 1004
94669 1004
94670 1004
94671 1004
94672 1004
94673 1004
94674 1004
94675 1004
94676 1004
94677 1004
94678 1004
94679 1004
94680 1004
94681 1004
94682 1004
94683 1004
94684 1004
94685 1004
94686 1004
94687 1004
94688 1004
94689 1004
94690 1004
94691 1004
94692 1004
94693 1004
94694 1004
94695 1004
94696 1004
94697 1004
94698 1005
94699 1005
94700 1005
94701 1005
94702 1005
94703 1005
94704 1005
94705 1005
94706 1005
94707 1005
94708 1005
94709 1005
94710 1005
94711 1005
94712 1005
94713 1005
94714 1005
94715 1005
94716 1005
94717 1005
94718 1005
94719 1005
94720 1005
94721 1005
94722 1005
94723 1005
94724 1005
94725 1005
94726 1005
94727 1005
94728 1005
94729 1005
94730 1005
94731 1005
94732 1005
94733 1005
94734 1005
94735 1005
94736 1005
94737 1005
94738 1005
94739 1005
94740 1005
94741 1005
94742 1005
94743 1005
94744 1005
94745 1005
94746 1005
94747 1005
94748 1005
94749 1005
94750 1005
94751 1005
94752 1005
94753 1005
94754 1005
94755 1005
94756 1005
94757 1005
94758 1005
94759 1005
94760 1005
94761 1005
94762 1005
94763 1005
94764 1005
94765 1005
94766 1005
94767 1005
94768 1005
94769 1005
94770 1005
94771 1005
94772 1005
94773 1005
94774 1005
94775 1005
94776 1005
94777 1005
94778 1005
94779 1005
94780 1005
94781 1005
94782 1005
94783 1005
94784 1005
94785 1005
94786 1005
94787 1005
94788 1005
94789 1005
94790 1005
94791 1005
94792 1005
94793 1005
94794 1005
94795 1005
94796 1005
94797 1005
94798 1005
94799 1005
94800 1005
94801 1005
94802 1005
94803 1005
94804 1005
94805 1005
94806 1005
94807 1005
94808 1005
94809 1005
94810 1005
94811 1005
94812 1005
94813 1005
94814 1005
94815 1005
94816 1005
94817 1005
94818 1005
94819 1005
94820 1005
94821 1005
94822 1005
94823 1005
94824 1005
94825 1005
94826 1005
94827 1005
94828 1005
94829 1005
94830 1005
94831 1005
94832 1005
94833 1005
94834 1005
94835 1005
94836 1005
94837 1005
94838 1005
94839 1005
94840 1005
94841 1005
94842 1005
94843 1005
94844 1005
94845 1005
94846 1005
94847 1005
94848 1005
94849 1005
94850 1005
94851 1005
94852 1005
94853 1005
94854 1005
94855 1005
94856 1005
94857 1005
94858 1005
94859 1005
94860 1005
94861 1005
94862 1005
94863 1005
94864 1005
94865 1005
94866 1005
94867 1005
94868 1005
94869 1005
94870 1005
94871 1005
94872 1005
94873 1005
94874 1005
94875 1005
94876 1005
94877 1005
94878 1005
94879 1005
94880 1005
94881 1005
94882 1005
94883 1005
94884 1005
94885 1005
94886 1005
94887 1005
94888 1005
94889 1005
94890 1005
94891 1005
94892 1005
94893 1005
94894 1005
94895 1005
94896 1005
94897 1005
94898 1005
94899 1005
94900 1005
94901 1005
94902 1005
94903 1005
94904 1005
94905 1005
94906 1005
94907 1005
94908 1005
94909 1005
94910 1005
94911 1006
94912 1006
94913 1006
94914 1006
94915 1006
94916 1006
94917 1006
94918 1006
94919 1006
94920 1006
94921 1006
94922 1006
94923 1006
94924 1006
94925 1006
94926 1006
94927 1006
94928 1006
94929 1006
94930 1006
94931 1006
94932 1006
94933 1006
94934 1006
94935 1006
94936 1006
94937 1006
94938 1006
94939 1006
94940 1006
94941 1006
94942 1006
94943 1006
94944 1006
94945 1006
94946 1006
94947 1006
94948 1006
94949 1006
94950 1006
94951 1006
94952 1006
94953 1006
94954 1006
94955 1006
94956 1006
94957 1006
94958 1006
94959 1006
94960 1006
94961 1006
94962 1006
94963 1006
94964 1006
94965 1006
94966 1006
94967 1006
94968 1006
94969 1006
94970 1006
94971 1006
94972 1006
94973 1006
94974 1006
94975 1006
94976 1006
94977 1006
94978 1006
94979 1006
94980 1006
94981 1006
94982 1006
94983 1006
94984 1006
94985 1006
94986 1006
94987 1006
94988 1006
94989 1006
94990 1006
94991 1006
94992 1006
94993 1006
94994 1006
94995 1006
94996 1006
94997 1006
94998 1006
94999 1006
95000 1006
95001 1006
95002 1006
95003 1006
95004 1006
95005 1006
95006 1006
95007 1006
95008 1006
95009 1006
95010 1006
95011 1006
95012 1006
95013 1006
95014 1006
95015 1006
95016 1006
95017 1006
95018 1006
95019 1006
95020 1006
95021 1006
95022 1006
95023 1006
95024 1006
95025 1006
95026 1006
95027 1006
95028 1006
95029 1006
95030 1006
95031 1006
95032 1006
95033 1006
95034 1006
95035 1006
95036 1007
95037 1007
95038 1007
95039 1007
95040 1007
95041 1007
95042 1007
95043 1007
95044 1007
95045 1007
95046 1007
95047 1007
95048 1007
95049 1007
95050 1007
95051 1007
95052 1007
95053 1007
95054 1007
95055 1007
95056 1007
95057 1007
95058 1007
95059 1007
95060 1007
95061 1007
95062 1007
95063 1007
95064 1007
95065 1007
95066 1007
95067 1007
95068 1007
95069 1007
95070 1007
95071 1007
95072 1007
95073 1007
95074 1007
95075 1007
95076 1007
95077 1007
95078 1007
95079 1007
95080 1007
95081 1007
95082 1007
95083 1007
95084 1007
95085 1007
95086 1007
95087 1007
95088 1007
95089 1007
95090 1007
95091 1007
95092 1007
95093 1007
95094 1007
95095 1007
95096 1007
95097 1007
95098 1007
95099 1007
95100 1007
95101 1007
95102 1007
95103 1007
95104 1007
95105 1007
95106 1007
95107 1007
95108 1007
95109 1007
95110 1007
95111 1007
95112 1007
95113 1007
95114 1007
95115 1007
95116 1007
95117 1007
95118 1007
95119 1007
95120 1007
95121 1007
95122 1007
95123 1007
95124 1007
95125 1007
95126 1007
95127 1007
95128 1007
95129 1007
95130 1007
95131 1007
95132 1007
95133 1007
95134 1007
95135 1007
95136 1007
95137 1007
95138 1007
95139 1007
95140 1007
95141 1007
95142 1007
95143 1007
95144 1007
95145 1007
95146 1007
95147 1007
95148 1007
95149 1007
95150 1007
95151 1007
95152 1007
95153 1007
95154 1007
95155 1007
95156 1007
95157 1007
95158 1007
95159 1007
95160 1007
95161 1007
95162 1007
95163 1007
95164 1007
95165 1007
95166 1007
95167 1007
95168 1007
95169 1007
95170 1007
95171 1007
95172 1007
95173 1007
95174 1007
95175 1007
95176 1007
95177 1007
95178 1007
95179 1007
95180 1007
95181 1007
95182 1007
95183 1007
95184 1007
95185 1007
95186 1007
95187 1007
95188 1007
95189 1007
95190 1007
95191 1007
95192 1007
95193 1007
95194 1007
95195 1007
95196 1007
95197 1007
95198 1007
95199 1007
95200 1007
95201 1007
95202 1007
95203 1007
95204 1007
95205 1007
95206 1007
95207 1007
95208 1007
95209 1007
95210 1007
95211 1007
95212 1007
95213 1007
95214 1007
95215 1007
95216 1007
95217 1007
95218 1007
95219 1007
95220 1007
95221 1007
95222 1007
95223 1007
95224 1007
95225 1007
95226 1007
95227 1007
95228 1007
95229 1007
95230 1007
95231 1007
95232 1007
95233 1007
95234 1007
95235 1007
95236 1007
95237 1007
95238 1007
95239 1007
95240 1007
95241 1007
95242 1007
95243 1007
95244 1007
95245 1007
95246 1007
95247 1007
95248 1007
95249 1007
95250 1007
95251 1007
95252 1007
95253 1007
95254 1007
95255 1007
95256 1007
95257 1007
95258 1007
95259 1007
95260 1007
95261 1007
95262 1007
95263 1007
95264 1007
95265 1007
95266 1007
95267 1007
95268 1007
95269 1007
95270 1007
95271 1007
95272 1007
95273 1007
95274 1007
95275 1007
95276 1007
95277 1007
95278 1007
95279 1007
95280 1007
95281 1007
95282 1007
95283 1007
95284 1007
95285 1007
95286 1007
95287 1007
95288 1007
95289 1007
95290 1007
95291 1007
95292 1007
95293 1007
95294 1007
95295 1007
95296 1007
95297 1007
95298 1007
95299 1007
95300 1007
95301 1007
95302 1007
95303 1007
95304 1007
95305 1007
95306 1007
95307 1007
95308 1007
95309 1007
95310 1007
95311 1007
95312 1008
95313 1008
95314 1008
95315 1008
95316 1008
95317 1008
95318 1008
95319 1008
95320 1008
95321 1008
95322 1008
95323 1008
95324 1008
95325 1008
95326 1008
95327 1008
95328 1008
95329 1008
95330 1008
95331 1008
95332 1008
95333 1008
95334 1008
95335 1008
95336 1008
95337 1008
95338 1008
95339 1008
95340 1008
95341 1008
95342 1008
95343 1008
95344 1008
95345 1008
95346 1008
95347 1008
95348 1008
95349 1008
95350 1008
95351 1008
95352 1008
95353 1008
95354 1008
95355 1008
95356 1008
95357 1008
95358 1008
95359 1008
95360 1008
95361 1008
95362 1008
95363 1008
95364 1008
95365 1008
95366 1008
95367 1008
95368 1008
95369 1008
95370 1008
95371 1008
95372 1008
95373 1008
95374 1008
95375 1008
95376 1008
95377 1008
95378 1008
95379 1008
95380 1008
95381 1008
95382 1008
95383 1008
95384 1008
95385 1008
95386 1008
95387 1008
95388 1008
95389 1008
95390 1008
95391 1008
95392 1008
95393 1008
95394 1008
95395 1008
95396 1008
95397 1008
95398 1008
95399 1008
95400 1008
95401 1008
95402 1008
95403 1008
95404 1008
95405 1008
95406 1008
95407 1008
95408 1008
95409 1008
95410 1008
95411 1008
95412 1008
95413 1008
95414 1008
95415 1008
95416 1008
95417 1008
95418 1008
95419 1008
95420 1008
95421 1008
95422 1008
95423 1008
95424 1008
95425 1008
95426 1008
95427 1008
95428 1008
95429 1008
95430 1008
95431 1008
95432 1008
95433 1008
95434 1008
95435 1008
95436 1008
95437 1008
95438 1008
95439 1008
95440 1008
95441 1008
95442 1008
95443 1008
95444 1008
95445 1008
95446 1008
95447 1008
95448 1008
95449 1008
95450 1008
95451 1008
95452 1008
95453 1008
95454 1008
95455 1008
95456 1008
95457 1008
95458 1008
95459 1008
95460 1008
95461 1008
95462 1008
95463 1008
95464 1008
95465 1008
95466 1008
95467 1008
95468 1008
95469 1008
95470 1008
95471 1008
95472 1008
95473 1008
95474 1008
95475 1008
95476 1008
95477 1008
95478 1008
95479 1008
95480 1008
95481 1008
95482 1008
95483 1008
95484 1008
95485 1008
95486 1008
95487 1008
95488 1008
95489 1008
95490 1008
95491 1008
95492 1008
95493 1008
95494 1008
95495 1008
95496 1008
95497 1008
95498 1008
95499 1008
95500 1008
95501 1008
95502 1008
95503 1008
95504 1008
95505 1008
95506 1008
95507 1008
95508 1008
95509 1008
95510 1008
95511 1008
95512 1008
95513 1008
95514 1008
95515 1008
95516 1008
95517 1008
95518 1008
95519 1008
95520 1008
95521 1008
95522 1008
95523 1008
95524 1008
95525 1008
95526 1008
95527 1008
95528 1008
95529 1008
95530 1008
95531 1008
95532 1008
95533 1008
95534 1008
95535 1008
95536 1008
95537 1008
95538 1008
95539 1008
95540 1008
95541 1008
95542 1008
95543 1008
95544 1008
95545 1008
95546 1008
95547 1008
95548 1008
95549 1008
95550 1008
95551 1008
95552 1008
95553 1008
95554 1008
95555 1008
95556 1008
95557 1008
95558 1008
95559 1008
95560 1008
95561 1008
95562 1008
95563 1008
95564 1008
95565 1008
95566 1008
95567 1008
95568 1008
95569 1008
95570 1008
95571 1008
95572 1008
95573 1008
95574 1008
95575 1008
95576 1008
95577 1008
95578 1008
95579 1008
95580 1008
95581 1008
95582 1008
95583 1008
95584 1008
95585 1008
95586 1008
95587 1008
95588 1008
95589 1008
95590 1008
95591 1008
95592 1008
95593 1008
95594 1008
95595 1008
95596 1008
95597 1008
95598 1008
95599 1008
95600 1008
95601 1008
95602 1008
95603 1008
95604 1008
95605 1008
95606 1008
95607 1008
95608 1008
95609 1008
95610 1008
95611 1008
95612 1008
95613 1008
95614 1008
95615 1008
95616 1008
95617 1008
95618 1008
95619 1008
95620 1008
95621 1008
95622 1008
95623 1008
95624 1008
95625 1008
95626 1008
95627 1008
95628 1008
95629 1008
95630 1008
95631 1008
95632 1008
95633 1008
95634 1008
95635 1008
95636 1008
95637 1008
95638 1008
95639 1008
95640 1008
95641 1008
95642 1008
95643 1008
95644 1008
95645 1008
95646 1008
95647 1008
95648 1008
95649 1008
95650 1008
95651 1008
95652 1008
95653 1008
95654 1008
95655 1008
95656 1008
95657 1008
95658 1008
95659 1008
95660 1008
95661 1008
95662 1008
95663 1008
95664 1008
95665 1008
95666 1008
95667 1008
95668 1008
95669 1008
95670 1008
95671 1008
95672 1008
95673 1008
95674 1008
95675 1008
95676 1008
95677 1008
95678 1008
95679 1008
95680 1008
95681 1008
95682 1008
95683 1008
95684 1008
95685 1008
95686 1008
95687 1008
95688 1008
95689 1008
95690 1008
95691 1008
95692 1008
95693 1008
95694 1008
95695 1008
95696 1008
95697 1008
95698 1008
95699 1008
95700 1008
95701 1008
95702 1008
95703 1008
95704 1008
95705 1008
95706 1008
95707 1008
95708 1008
95709 1008
95710 1008
95711 1008
95712 1008
95713 1008
95714 1008
95715 1008
95716 1008
95717 1008
95718 1008
95719 1008
95720 1008
95721 1008
95722 1008
95723 1008
95724 1008
95725 1008
95726 1008
95727 1008
95728 1008
95729 1008
95730 1008
95731 1008
95732 1008
95733 1008
95734 1008
95735 1008
95736 1008
95737 1008
95738 1008
95739 1008
95740 1008
95741 1008
95742 1008
95743 1008
95744 1008
95745 1008
95746 1008
95747 1008
95748 1008
95749 1008
95750 1008
95751 1008
95752 1008
95753 1008
95754 1008
95755 1008
95756 1008
95757 1008
95758 1008
95759 1008
95760 1008
95761 1008
95762 1008
95763 1008
95764 1008
95765 1008
95766 1008
95767 1008
95768 1008
95769 1008
95770 1008
95771 1008
95772 1008
95773 1008
95774 1008
95775 1008
95776 1008
95777 1008
95778 1008
95779 1008
95780 1008
95781 1008
95782 1008
95783 1008
95784 1008
95785 1008
95786 1008
95787 1008
95788 1008
95789 1008
95790 1008
95791 1008
95792 1012
95793 1012
95794 1012
95795 1012
95796 1012
95797 1012
95798 1012
95799 1012
95800 1012
95801 1012
95802 1012
95803 1012
95804 1012
95805 1012
95806 1012
95807 1012
95808 1012
95809 1012
95810 1012
95811 1012
95812 1012
95813 1012
95814 1012
95815 1012
95816 1012
95817 1012
95818 1012
95819 1012
95820 1012
95821 1012
95822 1012
95823 1012
95824 1012
95825 1012
95826 1012
95827 1012
95828 1012
95829 1012
95830 1012
95831 1012
95832 1012
95833 1012
95834 1012
95835 1012
95836 1012
95837 1012
95838 1012
95839 1012
95840 1012
95841 1012
95842 1012
95843 1012
95844 1012
95845 1012
95846 1012
95847 1012
95848 1012
95849 1012
95850 1012
95851 1012
95852 1012
95853 1012
95854 1012
95855 1012
95856 1012
95857 1012
95858 1012
95859 1012
95860 1012
95861 1012
95862 1013
95863 1013
95864 1013
95865 1013
95866 1013
95867 1013
95868 1013
95869 1013
95870 1013
95871 1013
95872 1013
95873 1013
95874 1013
95875 1013
95876 1013
95877 1013
95878 1013
95879 1013
95880 1013
95881 1013
95882 1013
95883 1013
95884 1013
95885 1013
95886 1013
95887 1013
95888 1013
95889 1013
95890 1013
95891 1013
95892 1013
95893 1013
95894 1013
95895 1013
95896 1013
95897 1013
95898 1013
95899 1013
95900 1013
95901 1013
95902 1013
95903 1013
95904 1013
95905 1013
95906 1013
95907 1013
95908 1013
95909 1013
95910 1013
95911 1013
95912 1013
95913 1013
95914 1013
95915 1013
95916 1013
95917 1013
95918 1014
95919 1014
95920 1014
95921 1014
95922 1014
95923 1014
95924 1014
95925 1014
95926 1014
95927 1014
95928 1014
95929 1014
95930 1014
95931 1014
95932 1014
95933 1014
95934 1014
95935 1014
95936 1014
95937 1014
95938 1014
95939 1014
95940 1014
95941 1014
95942 1014
95943 1014
95944 1014
95945 1014
95946 1014
95947 1014
95948 1014
95949 1014
95950 1014
95951 1014
95952 1014
95953 1014
95954 1014
95955 1014
95956 1014
95957 1014
95958 1014
95959 1014
95960 1014
95961 1014
95962 1014
95963 1014
95964 1014
95965 1014
95966 1014
95967 1014
95968 1014
95969 1014
95970 1014
95971 1014
95972 1014
95973 1014
95974 1014
95975 1014
95976 1014
95977 1014
95978 1014
95979 1014
95980 1014
95981 1014
95982 1014
95983 1014
95984 1014
95985 1014
95986 1014
95987 1014
95988 1014
95989 1014
95990 1014
95991 1014
95992 1014
95993 1014
95994 1014
95995 1014
95996 1014
95997 1014
95998 1014
95999 1014
96000 1014
96001 1014
96002 1014
96003 1014
96004 1014
96005 1014
96006 1014
96007 1014
96008 1014
96009 1014
96010 1014
96011 1014
96012 1014
96013 1014
96014 1014
96015 1014
96016 1014
96017 1014
96018 1014
96019 1014
96020 1014
96021 1014
96022 1014
96023 1014
96024 1014
96025 1014
96026 1014
96027 1014
96028 1014
96029 1014
96030 1014
96031 1014
96032 1014
96033 1014
96034 1015
96035 1015
96036 1015
96037 1015
96038 1015
96039 1015
96040 1015
96041 1015
96042 1015
96043 1015
96044 1015
96045 1015
96046 1015
96047 1015
96048 1015
96049 1015
96050 1015
96051 1015
96052 1015
96053 1015
96054 1015
96055 1015
96056 1015
96057 1015
96058 1015
96059 1015
96060 1015
96061 1015
96062 1015
96063 1015
96064 1015
96065 1015
96066 1015
96067 1015
96068 1015
96069 1015
96070 1015
96071 1015
96072 1015
96073 1015
96074 1015
96075 1015
96076 1015
96077 1015
96078 1015
96079 1015
96080 1015
96081 1015
96082 1015
96083 1015
96084 1015
96085 1015
96086 1015
96087 1015
96088 1015
96089 1015
96090 1015
96091 1015
96092 1015
96093 1015
96094 1015
96095 1015
96096 1015
96097 1015
96098 1015
96099 1015
96100 1015
96101 1015
96102 1015
96103 1015
96104 1015
96105 1015
96106 1015
96107 1015
96108 1015
96109 1015
96110 1015
96111 1015
96112 1015
96113 1015
96114 1015
96115 1015
96116 1015
96117 1015
96118 1015
96119 1015
96120 1015
96121 1015
96122 1015
96123 1015
96124 1015
96125 1015
96126 1015
96127 1015
96128 1015
96129 1015
96130 1015
96131 1015
96132 1015
96133 1015
96134 1015
96135 1015
96136 1015
96137 1015
96138 1015
96139 1015
96140 1015
96141 1015
96142 1015
96143 1015
96144 1015
96145 1015
96146 1015
96147 1015
96148 1015
96149 1015
96150 1015
96151 1015
96152 1015
96153 1015
96154 1015
96155 1015
96156 1015
96157 1015
96158 1015
96159 1015
96160 1015
96161 1015
96162 1015
96163 1015
96164 1015
96165 1015
96166 1015
96167 1015
96168 1015
96169 1015
96170 1015
96171 1015
96172 1015
96173 1015
96174 1015
96175 1015
96176 1016
96177 1016
96178 1016
96179 1016
96180 1016
96181 1016
96182 1016
96183 1016
96184 1016
96185 1016
96186 1016
96187 1016
96188 1016
96189 1016
96190 1016
96191 1016
96192 1016
96193 1016
96194 1016
96195 1016
96196 1016
96197 1016
96198 1016
96199 1016
96200 1016
96201 1016
96202 1016
96203 1016
96204 1016
96205 1016
96206 1016
96207 1016
96208 1016
96209 1016
96210 1016
96211 1016
96212 1016
96213 1016
96214 1016
96215 1016
96216 1016
96217 1016
96218 1016
96219 1016
96220 1016
96221 1016
96222 1016
96223 1016
96224 1016
96225 1016
96226 1016
96227 1016
96228 1016
96229 1016
96230 1016
96231 1016
96232 1016
96233 1016
96234 1016
96235 1016
96236 1016
96237 1016
96238 1016
96239 1016
96240 1016
96241 1016
96242 1016
96243 1016
96244 1016
96245 1016
96246 1016
96247 1016
96248 1016
96249 1016
96250 1016
96251 1016
96252 1016
96253 1016
96254 1016
96255 1016
96256 1016
96257 1016
96258 1016
96259 1016
96260 1016
96261 1016
96262 1016
96263 1016
96264 1016
96265 1016
96266 1016
96267 1016
96268 1016
96269 1016
96270 1016
96271 1016
96272 1016
96273 1016
96274 1016
96275 1016
96276 1016
96277 1016
96278 1016
96279 1016
96280 1016
96281 1016
96282 1016
96283 1016
96284 1016
96285 1016
96286 1016
96287 1016
96288 1016
96289 1016
96290 1016
96291 1016
96292 1016
96293 1016
96294 1016
96295 1016
96296 1016
96297 1016
96298 1016
96299 1016
96300 1016
96301 1016
96302 1016
96303 1016
96304 1016
96305 1016
96306 1016
96307 1016
96308 1016
96309 1016
96310 1016
96311 1017
96312 1017
96313 1017
96314 1017
96315 1017
96316 1017
96317 1017
96318 1017
96319 1017
96320 1017
96321 1017
96322 1017
96323 1017
96324 1017
96325 1017
96326 1017
96327 1017
96328 1017
96329 1017
96330 1017
96331 1017
96332 1017
96333 1017
96334 1017
96335 1017
96336 1017
96337 1017
96338 1017
96339 1017
96340 1017
96341 1017
96342 1017
96343 1017
96344 1017
96345 1017
96346 1017
96347 1017
96348 1017
96349 1017
96350 1017
96351 1017
96352 1017
96353 1017
96354 1017
96355 1017
96356 1017
96357 1017
96358 1017
96359 1017
96360 1017
96361 1017
96362 1017
96363 1017
96364 1017
96365 1017
96366 1017
96367 1017
96368 1017
96369 1017
96370 1017
96371 1017
96372 1017
96373 1017
96374 1017
96375 1017
96376 1017
96377 1017
96378 1017
96379 1017
96380 1017
96381 1017
96382 1017
96383 1017
96384 1017
96385 1017
96386 1017
96387 1017
96388 1017
96389 1017
96390 1017
96391 1017
96392 1017
96393 1017
96394 1017
96395 1017
96396 1017
96397 1017
96398 1017
96399 1017
96400 1017
96401 1017
96402 1017
96403 1017
96404 1017
96405 1017
96406 1017
96407 1017
96408 1017
96409 1017
96410 1017
96411 1017
96412 1017
96413 1017
96414 1017
96415 1017
96416 1017
96417 1017
96418 1017
96419 1017
96420 1017
96421 1017
96422 1017
96423 1017
96424 1017
96425 1017
96426 1017
96427 1017
96428 1017
96429 1017
96430 1017
96431 1017
96432 1017
96433 1017
96434 1017
96435 1017
96436 1017
96437 1017
96438 1017
96439 1017
96440 1017
96441 1017
96442 1017
96443 1017
96444 1017
96445 1017
96446 1017
96447 1017
96448 1017
96449 1017
96450 1017
96451 1017
96452 1017
96453 1017
96454 1017
96455 1017
96456 1017
96457 1017
96458 1017
96459 1018
96460 1018
96461 1018
96462 1018
96463 1018
96464 1018
96465 1018
96466 1018
96467 1018
96468 1018
96469 1018
96470 1018
96471 1018
96472 1018
96473 1018
96474 1018
96475 1018
96476 1018
96477 1018
96478 1018
96479 1018
96480 1018
96481 1018
96482 1018
96483 1018
96484 1018
96485 1018
96486 1018
96487 1018
96488 1018
96489 1018
96490 1018
96491 1018
96492 1018
96493 1018
96494 1018
96495 1018
96496 1018
96497 1018
96498 1018
96499 1018
96500 1018
96501 1018
96502 1018
96503 1018
96504 1018
96505 1018
96506 1018
96507 1018
96508 1018
96509 1018
96510 1018
96511 1018
96512 1018
96513 1018
96514 1018
96515 1018
96516 1018
96517 1018
96518 1018
96519 1018
96520 1018
96521 1018
96522 1018
96523 1018
96524 1018
96525 1018
96526 1018
96527 1018
96528 1018
96529 1018
96530 1018
96531 1018
96532 1018
96533 1018
96534 1018
96535 1018
96536 1018
96537 1018
96538 1018
96539 1018
96540 1018
96541 1018
96542 1018
96543 1018
96544 1018
96545 1018
96546 1018
96547 1018
96548 1018
96549 1018
96550 1018
96551 1018
96552 1018
96553 1018
96554 1018
96555 1018
96556 1018
96557 1018
96558 1018
96559 1018
96560 1018
96561 1018
96562 1018
96563 1018
96564 1018
96565 1018
96566 1019
96567 1019
96568 1019
96569 1019
96570 1019
96571 1019
96572 1019
96573 1019
96574 1019
96575 1019
96576 1019
96577 1019
96578 1019
96579 1019
96580 1019
96581 1019
96582 1019
96583 1019
96584 1019
96585 1019
96586 1019
96587 1019
96588 1019
96589 1019
96590 1019
96591 1019
96592 1019
96593 1019
96594 1019
96595 1019
96596 1019
96597 1019
96598 1019
96599 1019
96600 1019
96601 1019
96602 1019
96603 1019
96604 1019
96605 1019
96606 1019
96607 1019
96608 1019
96609 1019
96610 1019
96611 1019
96612 1019
96613 1019
96614 1019
96615 1019
96616 1019
96617 1019
96618 1019
96619 1019
96620 1019
96621 1019
96622 1019
96623 1019
96624 1019
96625 1019
96626 1019
96627 1019
96628 1019
96629 1019
96630 1019
96631 1019
96632 1019
96633 1019
96634 1019
96635 1019
96636 1019
96637 1019
96638 1019
96639 1019
96640 1019
96641 1019
96642 1019
96643 1019
96644 1019
96645 1019
96646 1019
96647 1019
96648 1019
96649 1019
96650 1019
96651 1019
96652 1019
96653 1019
96654 1019
96655 1019
96656 1019
96657 1019
96658 1019
96659 1019
96660 1019
96661 1019
96662 1019
96663 1019
96664 1019
96665 1019
96666 1019
96667 1019
96668 1019
96669 1019
96670 1019
96671 1019
96672 1019
96673 1019
96674 1019
96675 1019
96676 1019
96677 1019
96678 1019
96679 1019
96680 1019
96681 1019
96682 1019
96683 1019
96684 1019
96685 1019
96686 1019
96687 1019
96688 1019
96689 1019
96690 1019
96691 1019
96692 1019
96693 1019
96694 1019
96695 1019
96696 1019
96697 1019
96698 1019
96699 1019
96700 1020
96701 1020
96702 1020
96703 1020
96704 1020
96705 1020
96706 1020
96707 1020
96708 1020
96709 1020
96710 1020
96711 1020
96712 1020
96713 1020
96714 1020
96715 1020
96716 1020
96717 1020
96718 1020
96719 1020
96720 1020
96721 1020
96722 1020
96723 1020
96724 1020
96725 1020
96726 1020
96727 1020
96728 1020
96729 1020
96730 1020
96731 1020
96732 1020
96733 1020
96734 1020
96735 1020
96736 1020
96737 1020
96738 1020
96739 1020
96740 1020
96741 1020
96742 1020
96743 1020
96744 1020
96745 1020
96746 1020
96747 1020
96748 1020
96749 1020
96750 1020
96751 1020
96752 1020
96753 1020
96754 1020
96755 1020
96756 1020
96757 1020
96758 1020
96759 1020
96760 1020
96761 1020
96762 1020
96763 1020
96764 1020
96765 1020
96766 1020
96767 1020
96768 1020
96769 1020
96770 1020
96771 1020
96772 1020
96773 1020
96774 1020
96775 1020
96776 1020
96777 1020
96778 1020
96779 1020
96780 1020
96781 1020
96782 1020
96783 1020
96784 1020
96785 1020
96786 1020
96787 1020
96788 1020
96789 1020
96790 1020
96791 1020
96792 1020
96793 1020
96794 1020
96795 1020
96796 1020
96797 1020
96798 1020
96799 1020
96800 1020
96801 1020
96802 1020
96803 1020
96804 1020
96805 1020
96806 1020
96807 1020
96808 1020
96809 1020
96810 1020
96811 1020
96812 1020
96813 1020
96814 1020
96815 1020
96816 1020
96817 1020
96818 1020
96819 1020
96820 1020
96821 1020
96822 1020
96823 1020
96824 1020
96825 1020
96826 1020
96827 1020
96828 1020
96829 1020
96830 1020
96831 1020
96832 1020
96833 1020
96834 1020
96835 1021
96836 1021
96837 1021
96838 1021
96839 1021
96840 1021
96841 1021
96842 1021
96843 1021
96844 1021
96845 1021
96846 1021
96847 1021
96848 1021
96849 1021
96850 1021
96851 1021
96852 1021
96853 1021
96854 1021
96855 1021
96856 1021
96857 1021
96858 1021
96859 1021
96860 1021
96861 1021
96862 1021
96863 1021
96864 1021
96865 1021
96866 1021
96867 1021
96868 1021
96869 1021
96870 1021
96871 1021
96872 1021
96873 1021
96874 1021
96875 1021
96876 1021
96877 1021
96878 1021
96879 1021
96880 1021
96881 1021
96882 1021
96883 1021
96884 1021
96885 1021
96886 1021
96887 1021
96888 1021
96889 1021
96890 1021
96891 1021
96892 1021
96893 1021
96894 1021
96895 1021
96896 1021
96897 1021
96898 1021
96899 1021
96900 1021
96901 1021
96902 1021
96903 1021
96904 1021
96905 1021
96906 1021
96907 1021
96908 1021
96909 1021
96910 1021
96911 1021
96912 1021
96913 1021
96914 1021
96915 1021
96916 1021
96917 1021
96918 1021
96919 1021
96920 1021
96921 1021
96922 1021
96923 1021
96924 1021
96925 1021
96926 1021
96927 1021
96928 1021
96929 1021
96930 1021
96931 1021
96932 1021
96933 1021
96934 1021
96935 1021
96936 1021
96937 1021
96938 1021
96939 1021
96940 1021
96941 1021
96942 1021
96943 1021
96944 1021
96945 1021
96946 1021
96947 1021
96948 1021
96949 1021
96950 1021
96951 1021
96952 1021
96953 1021
96954 1021
96955 1021
96956 1021
96957 1021
96958 1021
96959 1021
96960 1021
96961 1021
96962 1021
96963 1021
96964 1022
96965 1022
96966 1022
96967 1022
96968 1022
96969 1022
96970 1022
96971 1022
96972 1022
96973 1022
96974 1022
96975 1022
96976 1022
96977 1022
96978 1022
96979 1022
96980 1022
96981 1022
96982 1022
96983 1022
96984 1022
96985 1022
96986 1022
96987 1022
96988 1022
96989 1022
96990 1022
96991 1022
96992 1022
96993 1022
96994 1022
96995 1022
96996 1022
96997 1022
96998 1022
96999 1022
97000 1022
97001 1022
97002 1022
97003 1022
97004 1022
97005 1022
97006 1022
97007 1022
97008 1022
97009 1022
97010 1022
97011 1022
97012 1022
97013 1022
97014 1022
97015 1022
97016 1022
97017 1022
97018 1022
97019 1022
97020 1022
97021 1022
97022 1022
97023 1022
97024 1022
97025 1022
97026 1022
97027 1022
97028 1022
97029 1022
97030 1022
97031 1022
97032 1022
97033 1022
97034 1022
97035 1022
97036 1022
97037 1022
97038 1022
97039 1022
97040 1022
97041 1022
97042 1022
97043 1022
97044 1022
97045 1022
97046 1022
97047 1022
97048 1022
97049 1022
97050 1022
97051 1022
97052 1022
97053 1022
97054 1022
97055 1022
97056 1022
97057 1022
97058 1022
97059 1022
97060 1022
97061 1022
97062 1022
97063 1022
97064 1022
97065 1022
97066 1022
97067 1022
97068 1022
97069 1022
97070 1022
97071 1022
97072 1022
97073 1022
97074 1022
97075 1022
97076 1022
97077 1022
97078 1022
97079 1022
97080 1022
97081 1022
97082 1022
97083 1022
97084 1022
97085 1022
97086 1022
97087 1022
97088 1022
97089 1022
97090 1022
97091 1022
97092 1022
97093 1022
97094 1022
97095 1022
97096 1022
97097 1022
97098 1022
97099 1022
97100 1022
97101 1022
97102 1022
97103 1022
97104 1022
97105 1022
97106 1022
97107 1022
97108 1022
97109 1022
97110 1022
97111 1022
97112 1023
97113 1023
97114 1023
97115 1023
97116 1023
97117 1023
97118 1023
97119 1023
97120 1023
97121 1023
97122 1023
97123 1023
97124 1023
97125 1023
97126 1023
97127 1023
97128 1023
97129 1023
97130 1023
97131 1023
97132 1023
97133 1023
97134 1023
97135 1023
97136 1023
97137 1023
97138 1023
97139 1023
97140 1023
97141 1023
97142 1023
97143 1023
97144 1023
97145 1023
97146 1023
97147 1023
97148 1023
97149 1023
97150 1023
97151 1023
97152 1023
97153 1023
97154 1023
97155 1023
97156 1023
97157 1023
97158 1023
97159 1023
97160 1023
97161 1023
97162 1023
97163 1023
97164 1023
97165 1023
97166 1023
97167 1023
97168 1023
97169 1023
97170 1023
97171 1023
97172 1023
97173 1023
97174 1023
97175 1023
97176 1023
97177 1023
97178 1023
97179 1023
97180 1023
97181 1023
97182 1023
97183 1023
97184 1023
97185 1023
97186 1023
97187 1023
97188 1023
97189 1023
97190 1023
97191 1023
97192 1023
97193 1023
97194 1023
97195 1023
97196 1023
97197 1023
97198 1023
97199 1023
97200 1023
97201 1023
97202 1023
97203 1023
97204 1023
97205 1023
97206 1023
97207 1023
97208 1023
97209 1023
97210 1023
97211 1023
97212 1023
97213 1023
97214 1023
97215 1023
97216 1023
97217 1023
97218 1023
97219 1023
97220 1024
97221 1024
97222 1024
97223 1024
97224 1024
97225 1024
97226 1024
97227 1024
97228 1024
97229 1024
97230 1024
97231 1024
97232 1024
97233 1024
97234 1024
97235 1024
97236 1024
97237 1024
97238 1024
97239 1024
97240 1024
97241 1024
97242 1024
97243 1024
97244 1024
97245 1024
97246 1024
97247 1024
97248 1024
97249 1024
97250 1024
97251 1024
97252 1024
97253 1024
97254 1024
97255 1024
97256 1024
97257 1024
97258 1024
97259 1024
97260 1024
97261 1024
97262 1024
97263 1024
97264 1024
97265 1024
97266 1024
97267 1024
97268 1024
97269 1024
97270 1024
97271 1024
97272 1024
97273 1024
97274 1024
97275 1024
97276 1024
97277 1024
97278 1024
97279 1024
97280 1024
97281 1024
97282 1024
97283 1024
97284 1024
97285 1024
97286 1024
97287 1024
97288 1024
97289 1024
97290 1024
97291 1024
97292 1024
97293 1024
97294 1024
97295 1024
97296 1024
97297 1024
97298 1024
97299 1024
97300 1024
97301 1024
97302 1024
97303 1024
97304 1024
97305 1024
97306 1024
97307 1024
97308 1024
97309 1024
97310 1024
97311 1024
97312 1024
97313 1024
97314 1024
97315 1024
97316 1024
97317 1024
97318 1024
97319 1024
97320 1024
97321 1024
97322 1024
97323 1024
97324 1024
97325 1024
97326 1024
97327 1024
97328 1024
97329 1024
97330 1024
97331 1024
97332 1024
97333 1024
97334 1024
97335 1024
97336 1024
97337 1024
97338 1024
97339 1024
97340 1024
97341 1024
97342 1024
97343 1024
97344 1024
97345 1024
97346 1024
97347 1024
97348 1024
97349 1024
97350 1024
97351 1024
97352 1024
97353 1024
97354 1024
97355 1024
97356 1024
97357 1024
97358 1024
97359 1024
97360 1024
97361 1024
97362 1024
97363 1024
97364 1024
97365 1024
97366 1024
97367 1024
97368 1024
97369 1024
97370 1024
97371 1024
97372 1024
97373 1024
97374 1024
97375 1024
97376 1024
97377 1024
97378 1024
97379 1024
97380 1024
97381 1024
97382 1024
97383 1024
97384 1024
97385 1024
97386 1024
97387 1024
97388 1024
97389 1024
97390 1024
97391 1024
97392 1024
97393 1024
97394 1024
97395 1024
97396 1024
97397 1024
97398 1024
97399 1024
97400 1024
97401 1024
97402 1024
97403 1024
97404 1024
97405 1024
97406 1024
97407 1024
97408 1024
97409 1024
97410 1024
97411 1024
97412 1024
97413 1024
97414 1024
97415 1024
97416 1024
97417 1024
97418 1024
97419 1024
97420 1024
97421 1024
97422 1024
97423 1024
97424 1024
97425 1024
97426 1024
97427 1024
97428 1024
97429 1024
97430 1024
97431 1024
97432 1025
97433 1025
97434 1025
97435 1025
97436 1025
97437 1025
97438 1025
97439 1025
97440 1025
97441 1025
97442 1025
97443 1025
97444 1025
97445 1025
97446 1025
97447 1025
97448 1025
97449 1025
97450 1025
97451 1025
97452 1025
97453 1025
97454 1025
97455 1025
97456 1025
97457 1025
97458 1025
97459 1025
97460 1025
97461 1025
97462 1025
97463 1025
97464 1025
97465 1025
97466 1025
97467 1025
97468 1025
97469 1025
97470 1025
97471 1025
97472 1025
97473 1025
97474 1025
97475 1025
97476 1025
97477 1025
97478 1025
97479 1025
97480 1025
97481 1025
97482 1025
97483 1025
97484 1025
97485 1025
97486 1025
97487 1025
97488 1025
97489 1025
97490 1025
97491 1025
97492 1025
97493 1025
97494 1025
97495 1025
97496 1025
97497 1025
97498 1025
97499 1025
97500 1025
97501 1025
97502 1025
97503 1025
97504 1025
97505 1025
97506 1025
97507 1025
97508 1025
97509 1025
97510 1025
97511 1025
97512 1025
97513 1025
97514 1025
97515 1025
97516 1025
97517 1025
97518 1025
97519 1025
97520 1025
97521 1025
97522 1025
97523 1025
97524 1025
97525 1025
97526 1025
97527 1025
97528 1025
97529 1025
97530 1025
97531 1025
97532 1025
97533 1025
97534 1025
97535 1025
97536 1025
97537 1025
97538 1025
97539 1025
97540 1025
97541 1025
97542 1025
97543 1025
97544 1025
97545 1025
97546 1025
97547 1025
97548 1025
97549 1025
97550 1025
97551 1025
97552 1025
97553 1025
97554 1025
97555 1025
97556 1025
97557 1025
97558 1025
97559 1025
97560 1025
97561 1025
97562 1025
97563 1025
97564 1025
97565 1025
97566 1025
97567 1025
97568 1025
97569 1025
97570 1025
97571 1025
97572 1025
97573 1025
97574 1025
97575 1026
97576 1026
97577 1026
97578 1026
97579 1026
97580 1026
97581 1026
97582 1026
97583 1026
97584 1026
97585 1026
97586 1026
97587 1026
97588 1026
97589 1026
97590 1026
97591 1026
97592 1026
97593 1026
97594 1026
97595 1026
97596 1026
97597 1026
97598 1026
97599 1026
97600 1026
97601 1026
97602 1026
97603 1026
97604 1026
97605 1026
97606 1026
97607 1026
97608 1026
97609 1026
97610 1026
97611 1026
97612 1026
97613 1026
97614 1026
97615 1026
97616 1026
97617 1026
97618 1026
97619 1026
97620 1026
97621 1026
97622 1026
97623 1026
97624 1026
97625 1026
97626 1026
97627 1026
97628 1026
97629 1026
97630 1026
97631 1026
97632 1026
97633 1026
97634 1026
97635 1026
97636 1026
97637 1026
97638 1026
97639 1026
97640 1026
97641 1026
97642 1026
97643 1026
97644 1026
97645 1026
97646 1026
97647 1026
97648 1026
97649 1026
97650 1026
97651 1026
97652 1026
97653 1026
97654 1026
97655 1026
97656 1026
97657 1026
97658 1026
97659 1026
97660 1026
97661 1026
97662 1026
97663 1026
97664 1026
97665 1026
97666 1026
97667 1026
97668 1026
97669 1026
97670 1026
97671 1026
97672 1026
97673 1026
97674 1026
97675 1026
97676 1026
97677 1026
97678 1026
97679 1026
97680 1026
97681 1026
97682 1026
97683 1026
97684 1026
97685 1026
97686 1026
97687 1026
97688 1026
97689 1026
97690 1026
97691 1026
97692 1026
97693 1026
97694 1026
97695 1026
97696 1026
97697 1026
97698 1026
97699 1026
97700 1026
97701 1026
97702 1026
97703 1026
97704 1026
97705 1026
97706 1026
97707 1026
97708 1026
97709 1026
97710 1026
97711 1027
97712 1027
97713 1027
97714 1027
97715 1027
97716 1027
97717 1027
97718 1027
97719 1027
97720 1027
97721 1027
97722 1027
97723 1027
97724 1027
97725 1027
97726 1027
97727 1027
97728 1027
97729 1027
97730 1027
97731 1027
97732 1027
97733 1027
97734 1027
97735 1027
97736 1027
97737 1027
97738 1027
97739 1027
97740 1027
97741 1027
97742 1027
97743 1027
97744 1027
97745 1027
97746 1027
97747 1027
97748 1027
97749 1027
97750 1027
97751 1027
97752 1027
97753 1027
97754 1027
97755 1027
97756 1027
97757 1027
97758 1027
97759 1027
97760 1027
97761 1027
97762 1027
97763 1027
97764 1027
97765 1027
97766 1027
97767 1027
97768 1027
97769 1027
97770 1027
97771 1027
97772 1027
97773 1027
97774 1027
97775 1027
97776 1027
97777 1027
97778 1027
97779 1027
97780 1027
97781 1027
97782 1027
97783 1027
97784 1027
97785 1027
97786 1027
97787 1027
97788 1027
97789 1027
97790 1027
97791 1027
97792 1027
97793 1027
97794 1027
97795 1027
97796 1027
97797 1027
97798 1027
97799 1027
97800 1027
97801 1027
97802 1027
97803 1027
97804 1027
97805 1027
97806 1027
97807 1027
97808 1027
97809 1027
97810 1027
97811 1027
97812 1027
97813 1027
97814 1027
97815 1027
97816 1027
97817 1027
97818 1027
97819 1027
97820 1027
97821 1027
97822 1027
97823 1027
97824 1027
97825 1027
97826 1027
97827 1027
97828 1027
97829 1027
97830 1027
97831 1027
97832 1027
97833 1027
97834 1027
97835 1027
97836 1027
97837 1027
97838 1027
97839 1027
97840 1027
97841 1027
97842 1027
97843 1027
97844 1027
97845 1027
97846 1027
97847 1027
97848 1027
97849 1027
97850 1027
97851 1028
97852 1028
97853 1028
97854 1028
97855 1028
97856 1028
97857 1028
97858 1028
97859 1028
97860 1028
97861 1028
97862 1028
97863 1028
97864 1028
97865 1028
97866 1028
97867 1028
97868 1028
97869 1028
97870 1028
97871 1028
97872 1028
97873 1028
97874 1028
97875 1028
97876 1028
97877 1028
97878 1028
97879 1028
97880 1028
97881 1028
97882 1028
97883 1028
97884 1028
97885 1028
97886 1028
97887 1028
97888 1028
97889 1028
97890 1028
97891 1028
97892 1028
97893 1028
97894 1028
97895 1028
97896 1028
97897 1028
97898 1028
97899 1028
97900 1028
97901 1028
97902 1028
97903 1028
97904 1028
97905 1028
97906 1028
97907 1028
97908 1028
97909 1028
97910 1028
97911 1028
97912 1028
97913 1028
97914 1028
97915 1028
97916 1028
97917 1028
97918 1028
97919 1028
97920 1028
97921 1028
97922 1028
97923 1028
97924 1028
97925 1028
97926 1028
97927 1028
97928 1028
97929 1028
97930 1028
97931 1028
97932 1028
97933 1028
97934 1028
97935 1028
97936 1028
97937 1028
97938 1028
97939 1028
97940 1028
97941 1028
97942 1028
97943 1028
97944 1028
97945 1028
97946 1028
97947 1028
97948 1028
97949 1028
97950 1028
97951 1028
97952 1028
97953 1028
97954 1028
97955 1028
97956 1028
97957 1028
97958 1028
97959 1028
97960 1028
97961 1028
97962 1028
97963 1028
97964 1028
97965 1028
97966 1028
97967 1028
97968 1028
97969 1028
97970 1028
97971 1028
97972 1028
97973 1028
97974 1028
97975 1028
97976 1028
97977 1028
97978 1028
97979 1028
97980 1028
97981 1028
97982 1028
97983 1028
97984 1028
97985 1028
97986 1028
97987 1028
97988 1028
97989 1028
97990 1028
97991 1028
97992 1028
97993 1028
97994 1028
97995 1028
97996 1028
97997 1029
97998 1029
97999 1029
98000 1029
98001 1029
98002 1029
98003 1029
98004 1029
98005 1029
98006 1029
98007 1029
98008 1029
98009 1029
98010 1029
98011 1029
98012 1029
98013 1029
98014 1029
98015 1029
98016 1029
98017 1029
98018 1029
98019 1029
98020 1029
98021 1029
98022 1029
98023 1029
98024 1029
98025 1029
98026 1029
98027 1029
98028 1029
98029 1029
98030 1029
98031 1029
98032 1029
98033 1029
98034 1029
98035 1029
98036 1029
98037 1029
98038 1029
98039 1029
98040 1029
98041 1029
98042 1029
98043 1029
98044 1029
98045 1029
98046 1029
98047 1029
98048 1029
98049 1029
98050 1029
98051 1029
98052 1029
98053 1029
98054 1029
98055 1029
98056 1029
98057 1029
98058 1029
98059 1029
98060 1029
98061 1029
98062 1029
98063 1029
98064 1029
98065 1029
98066 1029
98067 1029
98068 1029
98069 1029
98070 1029
98071 1029
98072 1029
98073 1029
98074 1029
98075 1029
98076 1029
98077 1029
98078 1029
98079 1029
98080 1029
98081 1029
98082 1029
98083 1029
98084 1029
98085 1029
98086 1029
98087 1029
98088 1029
98089 1029
98090 1029
98091 1029
98092 1029
98093 1029
98094 1029
98095 1029
98096 1029
98097 1029
98098 1029
98099 1029
98100 1029
98101 1029
98102 1029
98103 1029
98104 1029
98105 1029
98106 1029
98107 1029
98108 1029
98109 1029
98110 1029
98111 1029
98112 1029
98113 1029
98114 1029
98115 1029
98116 1029
98117 1029
98118 1029
98119 1029
98120 1030
98121 1030
98122 1030
98123 1030
98124 1030
98125 1030
98126 1030
98127 1030
98128 1030
98129 1030
98130 1030
98131 1030
98132 1030
98133 1030
98134 1030
98135 1030
98136 1030
98137 1030
98138 1030
98139 1030
98140 1030
98141 1030
98142 1030
98143 1030
98144 1030
98145 1030
98146 1030
98147 1030
98148 1030
98149 1030
98150 1030
98151 1030
98152 1030
98153 1030
98154 1030
98155 1030
98156 1030
98157 1030
98158 1030
98159 1030
98160 1030
98161 1030
98162 1030
98163 1030
98164 1030
98165 1030
98166 1030
98167 1030
98168 1030
98169 1030
98170 1030
98171 1030
98172 1030
98173 1030
98174 1030
98175 1030
98176 1030
98177 1030
98178 1030
98179 1030
98180 1030
98181 1030
98182 1030
98183 1030
98184 1030
98185 1030
98186 1030
98187 1030
98188 1030
98189 1030
98190 1030
98191 1030
98192 1030
98193 1030
98194 1030
98195 1030
98196 1030
98197 1030
98198 1030
98199 1030
98200 1030
98201 1030
98202 1030
98203 1030
98204 1030
98205 1030
98206 1030
98207 1030
98208 1030
98209 1030
98210 1030
98211 1030
98212 1030
98213 1030
98214 1030
98215 1030
98216 1030
98217 1030
98218 1030
98219 1030
98220 1030
98221 1030
98222 1030
98223 1030
98224 1030
98225 1030
98226 1030
98227 1030
98228 1030
98229 1030
98230 1030
98231 1030
98232 1031
98233 1031
98234 1031
98235 1031
98236 1031
98237 1031
98238 1031
98239 1031
98240 1031
98241 1031
98242 1031
98243 1031
98244 1031
98245 1031
98246 1031
98247 1031
98248 1031
98249 1031
98250 1031
98251 1031
98252 1031
98253 1031
98254 1031
98255 1031
98256 1031
98257 1031
98258 1031
98259 1031
98260 1031
98261 1031
98262 1031
98263 1031
98264 1031
98265 1031
98266 1031
98267 1031
98268 1031
98269 1031
98270 1031
98271 1031
98272 1031
98273 1031
98274 1031
98275 1031
98276 1031
98277 1031
98278 1031
98279 1031
98280 1031
98281 1031
98282 1031
98283 1031
98284 1031
98285 1031
98286 1031
98287 1031
98288 1031
98289 1031
98290 1031
98291 1031
98292 1031
98293 1031
98294 1031
98295 1031
98296 1031
98297 1031
98298 1031
98299 1031
98300 1031
98301 1031
98302 1031
98303 1031
98304 1031
98305 1031
98306 1031
98307 1031
98308 1031
98309 1031
98310 1031
98311 1031
98312 1031
98313 1031
98314 1031
98315 1031
98316 1031
98317 1031
98318 1031
98319 1031
98320 1031
98321 1031
98322 1031
98323 1031
98324 1031
98325 1031
98326 1031
98327 1031
98328 1031
98329 1031
98330 1031
98331 1031
98332 1031
98333 1031
98334 1031
98335 1031
98336 1031
98337 1031
98338 1031
98339 1031
98340 1031
98341 1031
98342 1031
98343 1031
98344 1031
98345 1031
98346 1031
98347 1031
98348 1031
98349 1031
98350 1031
98351 1031
98352 1031
98353 1031
98354 1031
98355 1031
98356 1031
98357 1031
98358 1031
98359 1031
98360 1031
98361 1031
98362 1031
98363 1031
98364 1031
98365 1031
98366 1031
98367 1031
98368 1031
98369 1031
98370 1031
98371 1031
98372 1031
98373 1031
98374 1031
98375 1031
98376 1031
98377 1031
98378 1031
98379 1031
98380 1031
98381 1031
98382 1031
98383 1031
98384 1031
98385 1031
98386 1031
98387 1031
98388 1031
98389 1031
98390 1032
98391 1032
98392 1032
98393 1032
98394 1032
98395 1032
98396 1032
98397 1032
98398 1032
98399 1032
98400 1032
98401 1032
98402 1032
98403 1032
98404 1032
98405 1032
98406 1032
98407 1032
98408 1032
98409 1032
98410 1032
98411 1032
98412 1032
98413 1032
98414 1032
98415 1032
98416 1032
98417 1032
98418 1032
98419 1032
98420 1032
98421 1032
98422 1032
98423 1032
98424 1032
98425 1032
98426 1032
98427 1032
98428 1032
98429 1032
98430 1032
98431 1032
98432 1032
98433 1032
98434 1032
98435 1032
98436 1032
98437 1032
98438 1032
98439 1032
98440 1032
98441 1032
98442 1032
98443 1032
98444 1032
98445 1032
98446 1032
98447 1032
98448 1032
98449 1032
98450 1032
98451 1032
98452 1032
98453 1032
98454 1032
98455 1032
98456 1032
98457 1032
98458 1032
98459 1032
98460 1032
98461 1032
98462 1032
98463 1032
98464 1032
98465 1032
98466 1032
98467 1032
98468 1032
98469 1032
98470 1032
98471 1032
98472 1032
98473 1032
98474 1032
98475 1032
98476 1032
98477 1032
98478 1032
98479 1032
98480 1032
98481 1032
98482 1032
98483 1032
98484 1032
98485 1032
98486 1032
98487 1032
98488 1032
98489 1032
98490 1032
98491 1032
98492 1032
98493 1032
98494 1032
98495 1032
98496 1032
98497 1032
98498 1032
98499 1032
98500 1032
98501 1032
98502 1033
98503 1033
98504 1033
98505 1033
98506 1033
98507 1033
98508 1033
98509 1033
98510 1033
98511 1033
98512 1033
98513 1033
98514 1033
98515 1033
98516 1033
98517 1033
98518 1033
98519 1033
98520 1033
98521 1033
98522 1033
98523 1033
98524 1033
98525 1033
98526 1033
98527 1033
98528 1033
98529 1033
98530 1033
98531 1033
98532 1033
98533 1033
98534 1033
98535 1033
98536 1033
98537 1033
98538 1033
98539 1033
98540 1033
98541 1033
98542 1033
98543 1033
98544 1033
98545 1033
98546 1033
98547 1033
98548 1033
98549 1033
98550 1033
98551 1033
98552 1033
98553 1033
98554 1033
98555 1033
98556 1033
98557 1033
98558 1033
98559 1033
98560 1033
98561 1033
98562 1033
98563 1033
98564 1033
98565 1033
98566 1033
98567 1033
98568 1033
98569 1033
98570 1033
98571 1033
98572 1033
98573 1033
98574 1033
98575 1033
98576 1033
98577 1033
98578 1033
98579 1033
98580 1033
98581 1033
98582 1033
98583 1033
98584 1033
98585 1033
98586 1033
98587 1033
98588 1033
98589 1033
98590 1033
98591 1033
98592 1033
98593 1033
98594 1033
98595 1033
98596 1033
98597 1033
98598 1033
98599 1033
98600 1033
98601 1033
98602 1033
98603 1033
98604 1033
98605 1033
98606 1033
98607 1033
98608 1033
98609 1033
98610 1033
98611 1033
98612 1033
98613 1033
98614 1033
98615 1033
98616 1033
98617 1033
98618 1033
98619 1033
98620 1033
98621 1033
98622 1033
98623 1033
98624 1033
98625 1033
98626 1033
98627 1033
98628 1033
98629 1033
98630 1033
98631 1033
98632 1033
98633 1033
98634 1033
98635 1033
98636 1034
98637 1034
98638 1034
98639 1034
98640 1034
98641 1034
98642 1034
98643 1034
98644 1034
98645 1034
98646 1034
98647 1034
98648 1034
98649 1034
98650 1034
98651 1034
98652 1034
98653 1034
98654 1034
98655 1034
98656 1034
98657 1034
98658 1034
98659 1034
98660 1034
98661 1034
98662 1034
98663 1034
98664 1034
98665 1034
98666 1034
98667 1034
98668 1034
98669 1034
98670 1034
98671 1034
98672 1034
98673 1034
98674 1034
98675 1034
98676 1034
98677 1034
98678 1034
98679 1034
98680 1034
98681 1034
98682 1034
98683 1034
98684 1034
98685 1034
98686 1034
98687 1034
98688 1034
98689 1034
98690 1034
98691 1034
98692 1034
98693 1034
98694 1034
98695 1034
98696 1034
98697 1034
98698 1034
98699 1034
98700 1034
98701 1034
98702 1034
98703 1034
98704 1034
98705 1034
98706 1034
98707 1034
98708 1034
98709 1034
98710 1034
98711 1034
98712 1034
98713 1034
98714 1034
98715 1034
98716 1034
98717 1034
98718 1034
98719 1034
98720 1034
98721 1034
98722 1034
98723 1034
98724 1034
98725 1034
98726 1034
98727 1034
98728 1034
98729 1034
98730 1034
98731 1035
98732 1035
98733 1035
98734 1035
98735 1035
98736 1035
98737 1035
98738 1035
98739 1035
98740 1035
98741 1035
98742 1035
98743 1035
98744 1035
98745 1035
98746 1035
98747 1035
98748 1035
98749 1035
98750 1035
98751 1035
98752 1035
98753 1035
98754 1035
98755 1035
98756 1035
98757 1035
98758 1035
98759 1035
98760 1035
98761 1035
98762 1035
98763 1035
98764 1035
98765 1035
98766 1035
98767 1035
98768 1035
98769 1035
98770 1035
98771 1035
98772 1035
98773 1035
98774 1035
98775 1035
98776 1035
98777 1035
98778 1035
98779 1035
98780 1035
98781 1035
98782 1035
98783 1035
98784 1035
98785 1035
98786 1035
98787 1035
98788 1035
98789 1035
98790 1035
98791 1035
98792 1035
98793 1035
98794 1035
98795 1035
98796 1035
98797 1035
98798 1035
98799 1035
98800 1035
98801 1035
98802 1035
98803 1035
98804 1035
98805 1035
98806 1035
98807 1035
98808 1035
98809 1035
98810 1035
98811 1035
98812 1035
98813 1035
98814 1035
98815 1035
98816 1035
98817 1035
98818 1035
98819 1035
98820 1035
98821 1035
98822 1035
98823 1035
98824 1035
98825 1035
98826 1035
98827 1035
98828 1035
98829 1035
98830 1035
98831 1035
98832 1035
98833 1035
98834 1035
98835 1035
98836 1035
98837 1035
98838 1035
98839 1035
98840 1035
98841 1035
98842 1035
98843 1035
98844 1035
98845 1035
98846 1035
98847 1035
98848 1035
98849 1035
98850 1035
98851 1035
98852 1035
98853 1035
98854 1035
98855 1035
98856 1035
98857 1035
98858 1035
98859 1035
98860 1035
98861 1035
98862 1035
98863 1035
98864 1035
98865 1035
98866 1035
98867 1035
98868 1035
98869 1035
98870 1035
98871 1035
98872 1035
98873 1035
98874 1035
98875 1035
98876 1035
98877 1035
98878 1035
98879 1035
98880 1035
98881 1035
98882 1035
98883 1035
98884 1035
98885 1035
98886 1035
98887 1035
98888 1035
98889 1035
98890 1035
98891 1035
98892 1035
98893 1035
98894 1035
98895 1035
98896 1035
98897 1035
98898 1035
98899 1035
98900 1035
98901 1035
98902 1035
98903 1035
98904 1035
98905 1035
98906 1035
98907 1035
98908 1035
98909 1035
98910 1035
98911 1035
98912 1035
98913 1035
98914 1035
98915 1035
98916 1035
98917 1035
98918 1035
98919 1035
98920 1035
98921 1035
98922 1035
98923 1035
98924 1035
98925 1035
98926 1035
98927 1035
98928 1035
98929 1035
98930 1035
98931 1035
98932 1035
98933 1035
98934 1035
98935 1035
98936 1035
98937 1035
98938 1035
98939 1035
98940 1035
98941 1035
98942 1035
98943 1035
98944 1035
98945 1035
98946 1035
98947 1035
98948 1035
98949 1035
98950 1035
98951 1035
98952 1035
98953 1035
98954 1035
98955 1035
98956 1035
98957 1035
98958 1035
98959 1035
98960 1035
98961 1035
98962 1035
98963 1035
98964 1035
98965 1035
98966 1035
98967 1035
98968 1035
98969 1035
98970 1035
98971 1035
98972 1035
98973 1035
98974 1035
98975 1035
98976 1035
98977 1035
98978 1035
98979 1035
98980 1035
98981 1039
98982 1039
98983 1039
98984 1039
98985 1039
98986 1039
98987 1039
98988 1039
98989 1039
98990 1039
98991 1039
98992 1039
98993 1039
98994 1039
98995 1039
98996 1039
98997 1039
98998 1039
98999 1039
99000 1039
99001 1039
99002 1039
99003 1039
99004 1039
99005 1039
99006 1039
99007 1039
99008 1039
99009 1039
99010 1039
99011 1039
99012 1039
99013 1039
99014 1039
99015 1039
99016 1039
99017 1039
99018 1039
99019 1039
99020 1039
99021 1039
99022 1039
99023 1039
99024 1039
99025 1039
99026 1039
99027 1039
99028 1039
99029 1039
99030 1039
99031 1039
99032 1039
99033 1039
99034 1039
99035 1039
99036 1039
99037 1039
99038 1039
99039 1039
99040 1039
99041 1039
99042 1039
99043 1039
99044 1039
99045 1039
99046 1039
99047 1039
99048 1039
99049 1039
99050 1039
99051 1039
99052 1039
99053 1039
99054 1039
99055 1039
99056 1039
99057 1039
99058 1039
99059 1039
99060 1039
99061 1039
99062 1039
99063 1039
99064 1039
99065 1039
99066 1039
99067 1039
99068 1039
99069 1039
99070 1039
99071 1039
99072 1039
99073 1039
99074 1039
99075 1039
99076 1039
99077 1039
99078 1039
99079 1039
99080 1039
99081 1039
99082 1039
99083 1039
99084 1039
99085 1039
99086 1039
99087 1039
99088 1039
99089 1039
99090 1039
99091 1039
99092 1039
99093 1039
99094 1039
99095 1039
99096 1039
99097 1039
99098 1039
99099 1039
99100 1039
99101 1039
99102 1039
99103 1039
99104 1039
99105 1039
99106 1039
99107 1039
99108 1039
99109 1039
99110 1039
99111 1039
99112 1039
99113 1039
99114 1039
99115 1039
99116 1039
99117 1040
99118 1040
99119 1040
99120 1040
99121 1040
99122 1040
99123 1040
99124 1040
99125 1040
99126 1040
99127 1040
99128 1040
99129 1040
99130 1040
99131 1040
99132 1040
99133 1040
99134 1040
99135 1040
99136 1040
99137 1040
99138 1040
99139 1040
99140 1040
99141 1040
99142 1040
99143 1040
99144 1040
99145 1040
99146 1040
99147 1040
99148 1040
99149 1040
99150 1040
99151 1040
99152 1040
99153 1040
99154 1040
99155 1040
99156 1040
99157 1040
99158 1040
99159 1040
99160 1040
99161 1040
99162 1040
99163 1040
99164 1040
99165 1040
99166 1040
99167 1040
99168 1040
99169 1040
99170 1040
99171 1040
99172 1040
99173 1040
99174 1040
99175 1040
99176 1040
99177 1040
99178 1040
99179 1040
99180 1040
99181 1040
99182 1040
99183 1040
99184 1040
99185 1040
99186 1040
99187 1040
99188 1040
99189 1040
99190 1040
99191 1040
99192 1040
99193 1040
99194 1040
99195 1040
99196 1040
99197 1040
99198 1040
99199 1040
99200 1040
99201 1040
99202 1040
99203 1040
99204 1040
99205 1040
99206 1040
99207 1040
99208 1040
99209 1040
99210 1040
99211 1040
99212 1040
99213 1040
99214 1040
99215 1040
99216 1040
99217 1040
99218 1040
99219 1040
99220 1040
99221 1040
99222 1040
99223 1040
99224 1040
99225 1040
99226 1040
99227 1040
99228 1040
99229 1040
99230 1040
99231 1040
99232 1040
99233 1040
99234 1040
99235 1040
99236 1040
99237 1040
99238 1040
99239 1040
99240 1040
99241 1040
99242 1040
99243 1040
99244 1040
99245 1040
99246 1040
99247 1040
99248 1040
99249 1040
99250 1040
99251 1040
99252 1040
99253 1040
99254 1040
99255 1040
99256 1040
99257 1040
99258 1040
99259 1040
99260 1040
99261 1040
99262 1040
99263 1040
99264 1040
99265 1040
99266 1040
99267 1040
99268 1040
99269 1040
99270 1040
99271 1040
99272 1040
99273 1040
99274 1040
99275 1040
99276 1040
99277 1040
99278 1040
99279 1040
99280 1040
99281 1040
99282 1040
99283 1040
99284 1040
99285 1040
99286 1040
99287 1040
99288 1040
99289 1040
99290 1040
99291 1040
99292 1040
99293 1040
99294 1040
99295 1040
99296 1040
99297 1040
99298 1040
99299 1040
99300 1040
99301 1040
99302 1040
99303 1040
99304 1040
99305 1040
99306 1040
99307 1040
99308 1040
99309 1040
99310 1040
99311 1040
99312 1040
99313 1040
99314 1040
99315 1040
99316 1040
99317 1040
99318 1040
99319 1040
99320 1040
99321 1040
99322 1040
99323 1040
99324 1040
99325 1040
99326 1040
99327 1040
99328 1040
99329 1040
99330 1040
99331 1040
99332 1040
99333 1040
99334 1040
99335 1040
99336 1040
99337 1040
99338 1040
99339 1040
99340 1040
99341 1040
99342 1040
99343 1040
99344 1040
99345 1040
99346 1040
99347 1040
99348 1040
99349 1040
99350 1040
99351 1040
99352 1040
99353 1040
99354 1040
99355 1040
99356 1040
99357 1040
99358 1040
99359 1040
99360 1040
99361 1040
99362 1040
99363 1040
99364 1040
99365 1040
99366 1040
99367 1040
99368 1040
99369 1040
99370 1040
99371 1040
99372 1040
99373 1040
99374 1040
99375 1040
99376 1040
99377 1040
99378 1040
99379 1040
99380 1040
99381 1040
99382 1040
99383 1040
99384 1040
99385 1040
99386 1040
99387 1040
99388 1040
99389 1040
99390 1040
99391 1040
99392 1040
99393 1040
99394 1040
99395 1040
99396 1040
99397 1040
99398 1040
99399 1041
99400 1041
99401 1041
99402 1041
99403 1041
99404 1041
99405 1041
99406 1041
99407 1041
99408 1041
99409 1041
99410 1041
99411 1041
99412 1041
99413 1041
99414 1041
99415 1041
99416 1041
99417 1041
99418 1041
99419 1041
99420 1041
99421 1041
99422 1041
99423 1041
99424 1041
99425 1041
99426 1041
99427 1041
99428 1041
99429 1041
99430 1041
99431 1041
99432 1041
99433 1041
99434 1041
99435 1041
99436 1041
99437 1041
99438 1041
99439 1041
99440 1041
99441 1041
99442 1041
99443 1041
99444 1041
99445 1041
99446 1041
99447 1041
99448 1041
99449 1041
99450 1041
99451 1041
99452 1041
99453 1041
99454 1041
99455 1041
99456 1041
99457 1041
99458 1041
99459 1041
99460 1041
99461 1041
99462 1041
99463 1041
99464 1041
99465 1041
99466 1041
99467 1041
99468 1041
99469 1041
99470 1041
99471 1041
99472 1041
99473 1041
99474 1041
99475 1041
99476 1041
99477 1041
99478 1041
99479 1041
99480 1041
99481 1041
99482 1041
99483 1041
99484 1041
99485 1041
99486 1041
99487 1041
99488 1041
99489 1041
99490 1041
99491 1041
99492 1041
99493 1041
99494 1041
99495 1041
99496 1041
99497 1041
99498 1041
99499 1041
99500 1041
99501 1041
99502 1041
99503 1041
99504 1041
99505 1041
99506 1041
99507 1041
99508 1041
99509 1041
99510 1041
99511 1041
99512 1041
99513 1041
99514 1041
99515 1041
99516 1041
99517 1041
99518 1041
99519 1041
99520 1041
99521 1041
99522 1041
99523 1041
99524 1041
99525 1041
99526 1041
99527 1041
99528 1041
99529 1041
99530 1041
99531 1041
99532 1041
99533 1041
99534 1041
99535 1041
99536 1041
99537 1041
99538 1041
99539 1041
99540 1041
99541 1041
99542 1041
99543 1041
99544 1041
99545 1042
99546 1042
99547 1042
99548 1042
99549 1042
99550 1042
99551 1042
99552 1042
99553 1042
99554 1042
99555 1042
99556 1042
99557 1042
99558 1042
99559 1042
99560 1042
99561 1042
99562 1042
99563 1042
99564 1042
99565 1042
99566 1042
99567 1042
99568 1042
99569 1042
99570 1042
99571 1042
99572 1042
99573 1042
99574 1042
99575 1042
99576 1042
99577 1042
99578 1042
99579 1042
99580 1042
99581 1042
99582 1042
99583 1042
99584 1042
99585 1042
99586 1042
99587 1042
99588 1042
99589 1042
99590 1042
99591 1042
99592 1042
99593 1042
99594 1042
99595 1042
99596 1042
99597 1042
99598 1042
99599 1042
99600 1042
99601 1042
99602 1042
99603 1042
99604 1042
99605 1042
99606 1042
99607 1042
99608 1042
99609 1042
99610 1042
99611 1042
99612 1042
99613 1042
99614 1042
99615 1042
99616 1042
99617 1042
99618 1042
99619 1042
99620 1042
99621 1042
99622 1042
99623 1042
99624 1042
99625 1042
99626 1042
99627 1042
99628 1042
99629 1042
99630 1042
99631 1042
99632 1042
99633 1042
99634 1042
99635 1042
99636 1042
99637 1042
99638 1042
99639 1042
99640 1042
99641 1042
99642 1042
99643 1042
99644 1042
99645 1042
99646 1042
99647 1042
99648 1042
99649 1042
99650 1042
99651 1042
99652 1042
99653 1042
99654 1042
99655 1042
99656 1042
99657 1042
99658 1042
99659 1042
99660 1042
99661 1042
99662 1042
99663 1042
99664 1042
99665 1042
99666 1042
99667 1042
99668 1043
99669 1043
99670 1043
99671 1043
99672 1043
99673 1043
99674 1043
99675 1043
99676 1043
99677 1043
99678 1043
99679 1043
99680 1043
99681 1043
99682 1043
99683 1043
99684 1043
99685 1043
99686 1043
99687 1043
99688 1043
99689 1043
99690 1043
99691 1043
99692 1043
99693 1043
99694 1043
99695 1043
99696 1043
99697 1043
99698 1043
99699 1043
99700 1043
99701 1043
99702 1043
99703 1043
99704 1043
99705 1043
99706 1043
99707 1043
99708 1043
99709 1043
99710 1043
99711 1043
99712 1043
99713 1043
99714 1043
99715 1043
99716 1043
99717 1043
99718 1043
99719 1043
99720 1043
99721 1043
99722 1043
99723 1043
99724 1043
99725 1043
99726 1043
99727 1043
99728 1043
99729 1043
99730 1043
99731 1043
99732 1043
99733 1043
99734 1043
99735 1043
99736 1043
99737 1043
99738 1043
99739 1043
99740 1043
99741 1043
99742 1043
99743 1043
99744 1043
99745 1043
99746 1043
99747 1043
99748 1043
99749 1043
99750 1043
99751 1043
99752 1043
99753 1043
99754 1043
99755 1043
99756 1043
99757 1043
99758 1043
99759 1043
99760 1043
99761 1043
99762 1043
99763 1043
99764 1043
99765 1043
99766 1043
99767 1043
99768 1043
99769 1043
99770 1043
99771 1043
99772 1043
99773 1043
99774 1043
99775 1043
99776 1043
99777 1043
99778 1044
99779 1044
99780 1044
99781 1044
99782 1044
99783 1044
99784 1044
99785 1044
99786 1044
99787 1044
99788 1044
99789 1044
99790 1044
99791 1044
99792 1044
99793 1044
99794 1044
99795 1044
99796 1044
99797 1044
99798 1044
99799 1044
99800 1044
99801 1044
99802 1044
99803 1044
99804 1044
99805 1044
99806 1044
99807 1044
99808 1044
99809 1044
99810 1044
99811 1044
99812 1044
99813 1044
99814 1044
99815 1044
99816 1044
99817 1044
99818 1044
99819 1044
99820 1044
99821 1044
99822 1044
99823 1044
99824 1044
99825 1044
99826 1044
99827 1044
99828 1044
99829 1044
99830 1044
99831 1044
99832 1044
99833 1044
99834 1044
99835 1044
99836 1044
99837 1044
99838 1044
99839 1044
99840 1044
99841 1044
99842 1044
99843 1044
99844 1044
99845 1044
99846 1044
99847 1044
99848 1044
99849 1044
99850 1044
99851 1044
99852 1044
99853 1044
99854 1044
99855 1044
99856 1044
99857 1044
99858 1044
99859 1044
99860 1044
99861 1044
99862 1044
99863 1044
99864 1044
99865 1044
99866 1044
99867 1044
99868 1044
99869 1044
99870 1044
99871 1044
99872 1044
99873 1044
99874 1044
99875 1044
99876 1044
99877 1044
99878 1044
99879 1044
99880 1044
99881 1044
99882 1044
99883 1044
99884 1044
99885 1044
99886 1044
99887 1044
99888 1044
99889 1044
99890 1044
99891 1044
99892 1044
99893 1044
99894 1044
99895 1044
99896 1044
99897 1044
99898 1044
99899 1044
99900 1044
99901 1044
99902 1044
99903 1044
99904 1044
99905 1044
99906 1044
99907 1044
99908 1044
99909 1044
99910 1044
99911 1044
99912 1044
99913 1044
99914 1044
99915 1044
99916 1044
99917 1044
99918 1044
99919 1044
99920 1044
99921 1044
99922 1044
99923 1044
99924 1044
99925 1044
99926 1044
99927 1044
99928 1044
99929 1044
99930 1044
99931 1044
99932 1045
99933 1045
99934 1045
99935 1045
99936 1045
99937 1045
99938 1045
99939 1045
99940 1045
99941 1045
99942 1045
99943 1045
99944 1045
99945 1045
99946 1045
99947 1045
99948 1045
99949 1045
99950 1045
99951 1045
99952 1045
99953 1045
99954 1045
99955 1045
99956 1045
99957 1045
99958 1045
99959 1045
99960 1045
99961 1045
99962 1045
99963 1045
99964 1045
99965 1045
99966 1045
99967 1045
99968 1045
99969 1045
99970 1045
99971 1045
99972 1045
99973 1045
99974 1045
99975 1045
99976 1045
99977 1045
99978 1045
99979 1045
99980 1045
99981 1045
99982 1045
99983 1045
99984 1045
99985 1045
99986 1045
99987 1045
99988 1045
99989 1045
99990 1045
99991 1045
99992 1045
99993 1045
99994 1045
99995 1045
99996 1045
99997 1045
99998 1045
99999 1045
100000 1045
100001 1045
100002 1045
100003 1045
100004 1045
100005 1045
100006 1045
100007 1045
100008 1045
100009 1045
